Copyright 1986-2022 Xilinx, Inc. All Rights Reserved. Copyright 2022-2024 Advanced Micro Devices, Inc. All Rights Reserved.
---------------------------------------------------------------------------------------------------------------------------------------------
| Tool Version : Vivado v.2024.1 (win64) Build 5076996 Wed May 22 18:37:14 MDT 2024
| Date         : Tue Jul 21 21:07:52 2026
| Host         : DESKTOP-63734QH running 64-bit major release  (build 9200)
| Command      : report_utilization -hierarchical -file F:/v/evalmul3_dma_overlay/routed_utilization.rpt
| Design       : d_wrapper
| Device       : xc7z020clg400-1
| Speed File   : -1
| Design State : Physopt postRoute
---------------------------------------------------------------------------------------------------------------------------------------------

Utilization Design Information

Table of Contents
-----------------
1. Utilization by Hierarchy

1. Utilization by Hierarchy
---------------------------

+-------------------------------------------------------------------------------------------------------+---------------------------------------------------------------+------------+------------+---------+------+------+--------+--------+------------+
|                                                Instance                                               |                             Module                            | Total LUTs | Logic LUTs | LUTRAMs | SRLs |  FFs | RAMB36 | RAMB18 | DSP Blocks |
+-------------------------------------------------------------------------------------------------------+---------------------------------------------------------------+------------+------------+---------+------+------+--------+--------+------------+
| d_wrapper                                                                                             |                                                         (top) |       7790 |       6728 |     348 |  714 | 7958 |      2 |      2 |        128 |
|   d_i                                                                                                 |                                                             d |       7790 |       6728 |     348 |  714 | 7958 |      2 |      2 |        128 |
|     (d_i)                                                                                             |                                                             d |          0 |          0 |       0 |    0 |    0 |      0 |      0 |          0 |
|     control_sc                                                                                        |                                                d_control_sc_0 |        372 |        371 |       0 |    1 |  518 |      0 |      0 |          0 |
|       inst                                                                                            |                                        d_control_sc_0_bd_c799 |        372 |        371 |       0 |    1 |  518 |      0 |      0 |          0 |
|         clk_map                                                                                       |                             d_control_sc_0_clk_map_imp_VRXK4W |         13 |         12 |       0 |    1 |   22 |      0 |      0 |          0 |
|           psr_aclk                                                                                    |                             d_control_sc_0_bd_c799_psr_aclk_0 |         13 |         12 |       0 |    1 |   22 |      0 |      0 |          0 |
|             U0                                                                                        |                                 d_control_sc_0_proc_sys_reset |         13 |         12 |       0 |    1 |   22 |      0 |      0 |          0 |
|               (U0)                                                                                    |                                 d_control_sc_0_proc_sys_reset |          0 |          0 |       0 |    0 |    1 |      0 |      0 |          0 |
|               EXT_LPF                                                                                 |                                            d_control_sc_0_lpf |          3 |          2 |       0 |    1 |    6 |      0 |      0 |          0 |
|                 (EXT_LPF)                                                                             |                                            d_control_sc_0_lpf |          2 |          1 |       0 |    1 |    2 |      0 |      0 |          0 |
|                 ACTIVE_LOW_AUX.ACT_LO_AUX                                                             |                                       d_control_sc_0_cdc_sync |          1 |          1 |       0 |    0 |    4 |      0 |      0 |          0 |
|               SEQ                                                                                     |                                   d_control_sc_0_sequence_psr |         10 |         10 |       0 |    0 |   15 |      0 |      0 |          0 |
|                 (SEQ)                                                                                 |                                   d_control_sc_0_sequence_psr |          5 |          5 |       0 |    0 |    9 |      0 |      0 |          0 |
|                 SEQ_COUNTER                                                                           |                                        d_control_sc_0_upcnt_n |          5 |          5 |       0 |    0 |    6 |      0 |      0 |          0 |
|         m00_exit_pipeline                                                                             |                  d_control_sc_0_m00_exit_pipeline_imp_12C3RAJ |         10 |         10 |       0 |    0 |    9 |      0 |      0 |          0 |
|           m00_exit                                                                                    |                                 d_control_sc_0_bd_c799_m00e_0 |         10 |         10 |       0 |    0 |    9 |      0 |      0 |          0 |
|             inst                                                                                      |                            d_control_sc_0_sc_exit_v1_0_15_top |         10 |         10 |       0 |    0 |    9 |      0 |      0 |          0 |
|               (inst)                                                                                  |                            d_control_sc_0_sc_exit_v1_0_15_top |          2 |          2 |       0 |    0 |    2 |      0 |      0 |          0 |
|               exit_inst                                                                               |                           d_control_sc_0_sc_exit_v1_0_15_exit |          7 |          7 |       0 |    0 |    4 |      0 |      0 |          0 |
|               xpm_cdc_async_rst_inst                                                                  |                           d_control_sc_0_xpm_cdc_async_rst__1 |          1 |          1 |       0 |    0 |    3 |      0 |      0 |          0 |
|         m00_sc2axi                                                                                    |                               d_control_sc_0_bd_c799_m00s2a_0 |          0 |          0 |       0 |    0 |    0 |      0 |      0 |          0 |
|           inst                                                                                        |                          d_control_sc_0_sc_sc2axi_v1_0_10_top |          0 |          0 |       0 |    0 |    0 |      0 |      0 |          0 |
|         s00_axi2sc                                                                                    |                               d_control_sc_0_bd_c799_s00a2s_0 |          0 |          0 |       0 |    0 |    0 |      0 |      0 |          0 |
|           inst                                                                                        |                          d_control_sc_0_sc_axi2sc_v1_0_10_top |          0 |          0 |       0 |    0 |    0 |      0 |      0 |          0 |
|         s00_entry_pipeline                                                                            |                  d_control_sc_0_s00_entry_pipeline_imp_2I16G8 |        306 |        306 |       0 |    0 |  356 |      0 |      0 |          0 |
|           s00_mmu                                                                                     |                               d_control_sc_0_bd_c799_s00mmu_0 |        154 |        154 |       0 |    0 |  167 |      0 |      0 |          0 |
|             inst                                                                                      |                             d_control_sc_0_sc_mmu_v1_0_13_top |        154 |        154 |       0 |    0 |  167 |      0 |      0 |          0 |
|               (inst)                                                                                  |                             d_control_sc_0_sc_mmu_v1_0_13_top |         24 |         24 |       0 |    0 |   15 |      0 |      0 |          0 |
|               ar_reg_stall                                                                            |   d_control_sc_0_sc_util_v1_0_4_axi_reg_stall__parameterized0 |         40 |         40 |       0 |    0 |   60 |      0 |      0 |          0 |
|               aw_reg_stall                                                                            | d_control_sc_0_sc_util_v1_0_4_axi_reg_stall__parameterized0_9 |         39 |         39 |       0 |    0 |   48 |      0 |      0 |          0 |
|               gen_endpoint.decerr_slave_inst                                                          |                    d_control_sc_0_sc_mmu_v1_0_13_decerr_slave |         52 |         52 |       0 |    0 |   41 |      0 |      0 |          0 |
|               xpm_cdc_async_rst_inst                                                                  |                           d_control_sc_0_xpm_cdc_async_rst__2 |          1 |          1 |       0 |    0 |    3 |      0 |      0 |          0 |
|           s00_si_converter                                                                            |                               d_control_sc_0_bd_c799_s00sic_0 |        145 |        145 |       0 |    0 |  157 |      0 |      0 |          0 |
|             inst                                                                                      |                    d_control_sc_0_sc_si_converter_v1_0_13_top |        145 |        145 |       0 |    0 |  157 |      0 |      0 |          0 |
|               (inst)                                                                                  |                    d_control_sc_0_sc_si_converter_v1_0_13_top |          1 |          1 |       0 |    0 |    1 |      0 |      0 |          0 |
|               gen_axilite_conv.axilite_conv_inst                                                      |           d_control_sc_0_sc_si_converter_v1_0_13_axilite_conv |        143 |        143 |       0 |    0 |  153 |      0 |      0 |          0 |
|               xpm_cdc_async_rst_inst                                                                  |                           d_control_sc_0_xpm_cdc_async_rst__3 |          1 |          1 |       0 |    0 |    3 |      0 |      0 |          0 |
|           s00_transaction_regulator                                                                   |                                d_control_sc_0_bd_c799_s00tr_0 |         10 |         10 |       0 |    0 |   32 |      0 |      0 |          0 |
|             inst                                                                                      |           d_control_sc_0_sc_transaction_regulator_v1_0_11_top |         10 |         10 |       0 |    0 |   32 |      0 |      0 |          0 |
|               (inst)                                                                                  |           d_control_sc_0_sc_transaction_regulator_v1_0_11_top |          1 |          1 |       0 |    0 |    1 |      0 |      0 |          0 |
|               gen_endpoint.gen_r_singleorder.r_singleorder                                            |   d_control_sc_0_sc_transaction_regulator_v1_0_11_singleorder |          4 |          4 |       0 |    0 |   13 |      0 |      0 |          0 |
|               gen_endpoint.gen_w_singleorder.w_singleorder                                            | d_control_sc_0_sc_transaction_regulator_v1_0_11_singleorder_8 |          4 |          4 |       0 |    0 |   15 |      0 |      0 |          0 |
|               xpm_cdc_async_rst_inst                                                                  |                           d_control_sc_0_xpm_cdc_async_rst__4 |          1 |          1 |       0 |    0 |    3 |      0 |      0 |          0 |
|         s00_nodes                                                                                     |                           d_control_sc_0_s00_nodes_imp_7YY8KY |         45 |         45 |       0 |    0 |  131 |      0 |      0 |          0 |
|           s00_ar_node                                                                                 |                                 d_control_sc_0_bd_c799_sarn_0 |          9 |          9 |       0 |    0 |   20 |      0 |      0 |          0 |
|             inst                                                                                      |                            d_control_sc_0_sc_node_v1_0_16_top |          9 |          9 |       0 |    0 |   20 |      0 |      0 |          0 |
|               (inst)                                                                                  |                            d_control_sc_0_sc_node_v1_0_16_top |          3 |          3 |       0 |    0 |    1 |      0 |      0 |          0 |
|               inst_mi_handler                                                                         |                     d_control_sc_0_sc_node_v1_0_16_mi_handler |          5 |          5 |       0 |    0 |   16 |      0 |      0 |          0 |
|                 (inst_mi_handler)                                                                     |                     d_control_sc_0_sc_node_v1_0_16_mi_handler |          0 |          0 |       0 |    0 |    2 |      0 |      0 |          0 |
|                 gen_normal_area.inst_fifo_node_payld                                                  |                         d_control_sc_0_sc_node_v1_0_16_fifo_5 |          5 |          5 |       0 |    0 |   14 |      0 |      0 |          0 |
|                   gen_reg_fifo.inst_reg_fifo                                                          |                     d_control_sc_0_sc_node_v1_0_16_reg_fifo_6 |          5 |          5 |       0 |    0 |   14 |      0 |      0 |          0 |
|                     (gen_reg_fifo.inst_reg_fifo)                                                      |                     d_control_sc_0_sc_node_v1_0_16_reg_fifo_6 |          0 |          0 |       0 |    0 |   12 |      0 |      0 |          0 |
|                     gen_single_rank.inst_cntr                                                         |                       d_control_sc_0_sc_util_v1_0_4_counter_7 |          5 |          5 |       0 |    0 |    2 |      0 |      0 |          0 |
|               s_sc_xpm_cdc_async_rst_inst                                                             |                           d_control_sc_0_xpm_cdc_async_rst__5 |          1 |          1 |       0 |    0 |    3 |      0 |      0 |          0 |
|           s00_aw_node                                                                                 |                                 d_control_sc_0_bd_c799_sawn_0 |          9 |          9 |       0 |    0 |   15 |      0 |      0 |          0 |
|             inst                                                                                      |            d_control_sc_0_sc_node_v1_0_16_top__parameterized0 |          9 |          9 |       0 |    0 |   15 |      0 |      0 |          0 |
|               (inst)                                                                                  |            d_control_sc_0_sc_node_v1_0_16_top__parameterized0 |          3 |          3 |       0 |    0 |    1 |      0 |      0 |          0 |
|               inst_mi_handler                                                                         |     d_control_sc_0_sc_node_v1_0_16_mi_handler__parameterized0 |          5 |          5 |       0 |    0 |   11 |      0 |      0 |          0 |
|                 (inst_mi_handler)                                                                     |     d_control_sc_0_sc_node_v1_0_16_mi_handler__parameterized0 |          0 |          0 |       0 |    0 |    2 |      0 |      0 |          0 |
|                 gen_normal_area.inst_fifo_node_payld                                                  |                           d_control_sc_0_sc_node_v1_0_16_fifo |          5 |          5 |       0 |    0 |    9 |      0 |      0 |          0 |
|                   gen_reg_fifo.inst_reg_fifo                                                          |                       d_control_sc_0_sc_node_v1_0_16_reg_fifo |          5 |          5 |       0 |    0 |    9 |      0 |      0 |          0 |
|                     (gen_reg_fifo.inst_reg_fifo)                                                      |                       d_control_sc_0_sc_node_v1_0_16_reg_fifo |          0 |          0 |       0 |    0 |    7 |      0 |      0 |          0 |
|                     gen_single_rank.inst_cntr                                                         |                       d_control_sc_0_sc_util_v1_0_4_counter_4 |          5 |          5 |       0 |    0 |    2 |      0 |      0 |          0 |
|               s_sc_xpm_cdc_async_rst_inst                                                             |                           d_control_sc_0_xpm_cdc_async_rst__7 |          1 |          1 |       0 |    0 |    3 |      0 |      0 |          0 |
|           s00_b_node                                                                                  |                                  d_control_sc_0_bd_c799_sbn_0 |         11 |         11 |       0 |    0 |   12 |      0 |      0 |          0 |
|             inst                                                                                      |            d_control_sc_0_sc_node_v1_0_16_top__parameterized1 |         11 |         11 |       0 |    0 |   12 |      0 |      0 |          0 |
|               (inst)                                                                                  |            d_control_sc_0_sc_node_v1_0_16_top__parameterized1 |          3 |          3 |       0 |    0 |    1 |      0 |      0 |          0 |
|               inst_mi_handler                                                                         |     d_control_sc_0_sc_node_v1_0_16_mi_handler__parameterized1 |          7 |          7 |       0 |    0 |    8 |      0 |      0 |          0 |
|                 (inst_mi_handler)                                                                     |     d_control_sc_0_sc_node_v1_0_16_mi_handler__parameterized1 |          0 |          0 |       0 |    0 |    2 |      0 |      0 |          0 |
|                 gen_normal_area.inst_fifo_node_payld                                                  |           d_control_sc_0_sc_node_v1_0_16_fifo__parameterized0 |          7 |          7 |       0 |    0 |    6 |      0 |      0 |          0 |
|                   gen_reg_fifo.inst_reg_fifo                                                          |       d_control_sc_0_sc_node_v1_0_16_reg_fifo__parameterized0 |          7 |          7 |       0 |    0 |    6 |      0 |      0 |          0 |
|                     (gen_reg_fifo.inst_reg_fifo)                                                      |       d_control_sc_0_sc_node_v1_0_16_reg_fifo__parameterized0 |          2 |          2 |       0 |    0 |    4 |      0 |      0 |          0 |
|                     gen_single_rank.inst_cntr                                                         |                       d_control_sc_0_sc_util_v1_0_4_counter_3 |          5 |          5 |       0 |    0 |    2 |      0 |      0 |          0 |
|               s_sc_xpm_cdc_async_rst_inst                                                             |                           d_control_sc_0_xpm_cdc_async_rst__9 |          1 |          1 |       0 |    0 |    3 |      0 |      0 |          0 |
|           s00_r_node                                                                                  |                                  d_control_sc_0_bd_c799_srn_0 |          9 |          9 |       0 |    0 |   42 |      0 |      0 |          0 |
|             inst                                                                                      |            d_control_sc_0_sc_node_v1_0_16_top__parameterized2 |          9 |          9 |       0 |    0 |   42 |      0 |      0 |          0 |
|               (inst)                                                                                  |            d_control_sc_0_sc_node_v1_0_16_top__parameterized2 |          3 |          3 |       0 |    0 |    1 |      0 |      0 |          0 |
|               inst_mi_handler                                                                         |     d_control_sc_0_sc_node_v1_0_16_mi_handler__parameterized2 |          5 |          5 |       0 |    0 |   38 |      0 |      0 |          0 |
|                 (inst_mi_handler)                                                                     |     d_control_sc_0_sc_node_v1_0_16_mi_handler__parameterized2 |          0 |          0 |       0 |    0 |    2 |      0 |      0 |          0 |
|                 gen_normal_area.inst_fifo_node_payld                                                  |         d_control_sc_0_sc_node_v1_0_16_fifo__parameterized1_0 |          5 |          5 |       0 |    0 |   36 |      0 |      0 |          0 |
|                   gen_reg_fifo.inst_reg_fifo                                                          |     d_control_sc_0_sc_node_v1_0_16_reg_fifo__parameterized1_1 |          5 |          5 |       0 |    0 |   36 |      0 |      0 |          0 |
|                     (gen_reg_fifo.inst_reg_fifo)                                                      |     d_control_sc_0_sc_node_v1_0_16_reg_fifo__parameterized1_1 |          0 |          0 |       0 |    0 |   34 |      0 |      0 |          0 |
|                     gen_single_rank.inst_cntr                                                         |                       d_control_sc_0_sc_util_v1_0_4_counter_2 |          5 |          5 |       0 |    0 |    2 |      0 |      0 |          0 |
|               s_sc_xpm_cdc_async_rst_inst                                                             |                          d_control_sc_0_xpm_cdc_async_rst__11 |          1 |          1 |       0 |    0 |    3 |      0 |      0 |          0 |
|           s00_w_node                                                                                  |                                  d_control_sc_0_bd_c799_swn_0 |          9 |          9 |       0 |    0 |   42 |      0 |      0 |          0 |
|             inst                                                                                      |            d_control_sc_0_sc_node_v1_0_16_top__parameterized3 |          9 |          9 |       0 |    0 |   42 |      0 |      0 |          0 |
|               (inst)                                                                                  |            d_control_sc_0_sc_node_v1_0_16_top__parameterized3 |          3 |          3 |       0 |    0 |    1 |      0 |      0 |          0 |
|               inst_mi_handler                                                                         |     d_control_sc_0_sc_node_v1_0_16_mi_handler__parameterized3 |          5 |          5 |       0 |    0 |   38 |      0 |      0 |          0 |
|                 (inst_mi_handler)                                                                     |     d_control_sc_0_sc_node_v1_0_16_mi_handler__parameterized3 |          0 |          0 |       0 |    0 |    2 |      0 |      0 |          0 |
|                 gen_normal_area.inst_fifo_node_payld                                                  |           d_control_sc_0_sc_node_v1_0_16_fifo__parameterized1 |          5 |          5 |       0 |    0 |   36 |      0 |      0 |          0 |
|                   gen_reg_fifo.inst_reg_fifo                                                          |       d_control_sc_0_sc_node_v1_0_16_reg_fifo__parameterized1 |          5 |          5 |       0 |    0 |   36 |      0 |      0 |          0 |
|                     (gen_reg_fifo.inst_reg_fifo)                                                      |       d_control_sc_0_sc_node_v1_0_16_reg_fifo__parameterized1 |          0 |          0 |       0 |    0 |   34 |      0 |      0 |          0 |
|                     gen_single_rank.inst_cntr                                                         |                         d_control_sc_0_sc_util_v1_0_4_counter |          5 |          5 |       0 |    0 |    2 |      0 |      0 |          0 |
|               s_sc_xpm_cdc_async_rst_inst                                                             |                          d_control_sc_0_xpm_cdc_async_rst__13 |          1 |          1 |       0 |    0 |    3 |      0 |      0 |          0 |
|     dma                                                                                               |                                                       d_dma_0 |       2257 |       2133 |       8 |  116 | 2901 |      2 |      2 |          0 |
|       (dma)                                                                                           |                                                       d_dma_0 |          0 |          0 |       0 |    0 |    0 |      0 |      0 |          0 |
|       U0                                                                                              |                                               d_dma_0_axi_dma |       2257 |       2133 |       8 |  116 | 2901 |      2 |      2 |          0 |
|         INCLUDE_MM2S_SOF_EOF_GENERATOR.I_MM2S_DMA_MNGR                                                |                                     d_dma_0_axi_dma_mm2s_mngr |         14 |         14 |       0 |    0 |   76 |      0 |      0 |          0 |
|           (INCLUDE_MM2S_SOF_EOF_GENERATOR.I_MM2S_DMA_MNGR)                                            |                                     d_dma_0_axi_dma_mm2s_mngr |          0 |          0 |       0 |    0 |    1 |      0 |      0 |          0 |
|           GEN_MM2S_DMA_CONTROL.GEN_SIMPLE_DMA_MODE.I_MM2S_SMPL_SM                                     |                                   d_dma_0_axi_dma_smple_sm_29 |         10 |         10 |       0 |    0 |   65 |      0 |      0 |          0 |
|           GEN_MM2S_DMA_CONTROL.I_MM2S_CMDSTS                                                          |                                d_dma_0_axi_dma_mm2s_cmdsts_if |          2 |          2 |       0 |    0 |    7 |      0 |      0 |          0 |
|           GEN_MM2S_DMA_CONTROL.I_MM2S_STS_MNGR                                                        |                                 d_dma_0_axi_dma_mm2s_sts_mngr |          2 |          2 |       0 |    0 |    3 |      0 |      0 |          0 |
|         INCLUDE_S2MM_SOF_EOF_GENERATOR.I_S2MM_DMA_MNGR                                                |                                     d_dma_0_axi_dma_s2mm_mngr |         29 |         29 |       0 |    0 |  104 |      0 |      0 |          0 |
|           (INCLUDE_S2MM_SOF_EOF_GENERATOR.I_S2MM_DMA_MNGR)                                            |                                     d_dma_0_axi_dma_s2mm_mngr |          0 |          0 |       0 |    0 |    1 |      0 |      0 |          0 |
|           GEN_S2MM_DMA_CONTROL.GEN_SIMPLE_DMA_MODE.I_S2MM_SMPL_SM                                     |                                      d_dma_0_axi_dma_smple_sm |         10 |         10 |       0 |    0 |   65 |      0 |      0 |          0 |
|           GEN_S2MM_DMA_CONTROL.I_S2MM_CMDSTS                                                          |                                d_dma_0_axi_dma_s2mm_cmdsts_if |         17 |         17 |       0 |    0 |   35 |      0 |      0 |          0 |
|           GEN_S2MM_DMA_CONTROL.I_S2MM_STS_MNGR                                                        |                                 d_dma_0_axi_dma_s2mm_sts_mngr |          2 |          2 |       0 |    0 |    3 |      0 |      0 |          0 |
|         I_AXI_DMA_REG_MODULE                                                                          |                                    d_dma_0_axi_dma_reg_module |        142 |        142 |       0 |    0 |  265 |      0 |      0 |          0 |
|           GEN_AXI_LITE_IF.AXI_LITE_IF_I                                                               |                                       d_dma_0_axi_dma_lite_if |        111 |        111 |       0 |    0 |   85 |      0 |      0 |          0 |
|           GEN_MM2S_REGISTERS.I_MM2S_DMA_REGISTER                                                      |                                      d_dma_0_axi_dma_register |         16 |         16 |       0 |    0 |   90 |      0 |      0 |          0 |
|           GEN_S2MM_REGISTERS.I_S2MM_DMA_REGISTER                                                      |                                 d_dma_0_axi_dma_register_s2mm |         15 |         15 |       0 |    0 |   90 |      0 |      0 |          0 |
|         I_PRMRY_DATAMOVER                                                                             |                                         d_dma_0_axi_datamover |       2055 |       1931 |       8 |  116 | 2418 |      2 |      2 |          0 |
|           (I_PRMRY_DATAMOVER)                                                                         |                                         d_dma_0_axi_datamover |         37 |         37 |       0 |    0 |    0 |      0 |      0 |          0 |
|           GEN_MM2S_FULL.I_MM2S_FULL_WRAPPER                                                           |                          d_dma_0_axi_datamover_mm2s_full_wrap |        747 |        706 |       0 |   41 |  809 |      1 |      1 |          0 |
|             ENABLE_AXIS_SKID.I_MM2S_SKID_BUF                                                          |                             d_dma_0_axi_datamover_skid_buf_12 |         80 |         80 |       0 |    0 |  152 |      0 |      0 |          0 |
|             GEN_INCLUDE_MM2S_DRE.I_DRE_16_to_64                                                       |                                d_dma_0_axi_datamover_mm2s_dre |        287 |        287 |       0 |    0 |  234 |      0 |      0 |          0 |
|             GEN_INCLUDE_MM2S_SF.I_RD_SF                                                               |                                   d_dma_0_axi_datamover_rd_sf |         97 |         93 |       0 |    4 |   66 |      1 |      1 |          0 |
|               (GEN_INCLUDE_MM2S_SF.I_RD_SF)                                                           |                                   d_dma_0_axi_datamover_rd_sf |          7 |          7 |       0 |    0 |   12 |      0 |      0 |          0 |
|               INCLUDE_DRE_CNTL.I_DRE_CNTL_FIFO                                                        |                    d_dma_0_axi_datamover_fifo__parameterized3 |         15 |         11 |       0 |    4 |    6 |      0 |      0 |          0 |
|                 (INCLUDE_DRE_CNTL.I_DRE_CNTL_FIFO)                                                    |                    d_dma_0_axi_datamover_fifo__parameterized3 |          1 |          1 |       0 |    0 |    2 |      0 |      0 |          0 |
|                 USE_SRL_FIFO.I_SYNC_FIFO                                                              |                            d_dma_0_srl_fifo_f__parameterized1 |         14 |         10 |       0 |    4 |    4 |      0 |      0 |          0 |
|                   I_SRL_FIFO_RBU_F                                                                    |                        d_dma_0_srl_fifo_rbu_f__parameterized1 |         14 |         10 |       0 |    4 |    4 |      0 |      0 |          0 |
|                     (I_SRL_FIFO_RBU_F)                                                                |                        d_dma_0_srl_fifo_rbu_f__parameterized1 |          0 |          0 |       0 |    0 |    1 |      0 |      0 |          0 |
|                     CNTR_INCR_DECR_ADDN_F_I                                                           |                              d_dma_0_cntr_incr_decr_addn_f_28 |          5 |          5 |       0 |    0 |    3 |      0 |      0 |          0 |
|                     DYNSHREG_F_I                                                                      |                            d_dma_0_dynshreg_f__parameterized1 |          9 |          5 |       0 |    4 |    0 |      0 |      0 |          0 |
|               I_DATA_FIFO                                                                             |                            d_dma_0_axi_datamover_sfifo_autord |         75 |         75 |       0 |    0 |   48 |      1 |      1 |          0 |
|                 BLK_MEM.I_SYNC_FIFOGEN_FIFO                                                           |                                          d_dma_0_sync_fifo_fg |         75 |         75 |       0 |    0 |   48 |      1 |      1 |          0 |
|                   (BLK_MEM.I_SYNC_FIFOGEN_FIFO)                                                       |                                          d_dma_0_sync_fifo_fg |         18 |         18 |       0 |    0 |    0 |      0 |      0 |          0 |
|                   xpm_fifo_instance.xpm_fifo_sync_inst                                                |                                         d_dma_0_xpm_fifo_sync |         58 |         58 |       0 |    0 |   48 |      1 |      1 |          0 |
|                     xpm_fifo_base_inst                                                                |                                         d_dma_0_xpm_fifo_base |         58 |         58 |       0 |    0 |   48 |      1 |      1 |          0 |
|                       (xpm_fifo_base_inst)                                                            |                                         d_dma_0_xpm_fifo_base |          3 |          3 |       0 |    0 |   10 |      0 |      0 |          0 |
|                       gen_fwft.rdpp1_inst                                                             |                   d_dma_0_xpm_counter_updn__parameterized1_21 |          5 |          5 |       0 |    0 |    2 |      0 |      0 |          0 |
|                       gen_sdpram.xpm_memory_base_inst                                                 |                                       d_dma_0_xpm_memory_base |          0 |          0 |       0 |    0 |    0 |      1 |      1 |          0 |
|                       rdp_inst                                                                        |                   d_dma_0_xpm_counter_updn__parameterized2_22 |         23 |         23 |       0 |    0 |    8 |      0 |      0 |          0 |
|                       rdpp1_inst                                                                      |                   d_dma_0_xpm_counter_updn__parameterized3_23 |          7 |          7 |       0 |    0 |    7 |      0 |      0 |          0 |
|                       rst_d1_inst                                                                     |                                   d_dma_0_xpm_fifo_reg_bit_24 |          0 |          0 |       0 |    0 |    1 |      0 |      0 |          0 |
|                       wrp_inst                                                                        |                   d_dma_0_xpm_counter_updn__parameterized2_25 |         17 |         17 |       0 |    0 |    8 |      0 |      0 |          0 |
|                       wrpp1_inst                                                                      |                   d_dma_0_xpm_counter_updn__parameterized3_26 |          6 |          6 |       0 |    0 |    7 |      0 |      0 |          0 |
|                       xpm_fifo_rst_inst                                                               |                                       d_dma_0_xpm_fifo_rst_27 |          2 |          2 |       0 |    0 |    5 |      0 |      0 |          0 |
|             I_ADDR_CNTL                                                                               |                               d_dma_0_axi_datamover_addr_cntl |         30 |          8 |       0 |   22 |   49 |      0 |      0 |          0 |
|               (I_ADDR_CNTL)                                                                           |                               d_dma_0_axi_datamover_addr_cntl |          2 |          2 |       0 |    0 |   43 |      0 |      0 |          0 |
|               GEN_ADDR_FIFO.I_ADDR_QUAL_FIFO                                                          |                 d_dma_0_axi_datamover_fifo__parameterized1_16 |         28 |          6 |       0 |   22 |    6 |      0 |      0 |          0 |
|                 (GEN_ADDR_FIFO.I_ADDR_QUAL_FIFO)                                                      |                 d_dma_0_axi_datamover_fifo__parameterized1_16 |          1 |          1 |       0 |    0 |    2 |      0 |      0 |          0 |
|                 USE_SRL_FIFO.I_SYNC_FIFO                                                              |                                         d_dma_0_srl_fifo_f_17 |         27 |          5 |       0 |   22 |    4 |      0 |      0 |          0 |
|                   I_SRL_FIFO_RBU_F                                                                    |                                     d_dma_0_srl_fifo_rbu_f_18 |         27 |          5 |       0 |   22 |    4 |      0 |      0 |          0 |
|                     (I_SRL_FIFO_RBU_F)                                                                |                                     d_dma_0_srl_fifo_rbu_f_18 |          0 |          0 |       0 |    0 |    1 |      0 |      0 |          0 |
|                     CNTR_INCR_DECR_ADDN_F_I                                                           |                              d_dma_0_cntr_incr_decr_addn_f_19 |          4 |          4 |       0 |    0 |    3 |      0 |      0 |          0 |
|                     DYNSHREG_F_I                                                                      |                                         d_dma_0_dynshreg_f_20 |         23 |          1 |       0 |   22 |    0 |      0 |      0 |          0 |
|             I_CMD_STATUS                                                                              |                              d_dma_0_axi_datamover_cmd_status |          8 |          8 |       0 |    0 |   70 |      0 |      0 |          0 |
|               GEN_INCLUDE_STATUS_FIFO.I_STS_FIFO                                                      |                    d_dma_0_axi_datamover_fifo__parameterized0 |          6 |          6 |       0 |    0 |    6 |      0 |      0 |          0 |
|               I_CMD_FIFO                                                                              |                                 d_dma_0_axi_datamover_fifo_15 |          2 |          2 |       0 |    0 |   64 |      0 |      0 |          0 |
|             I_MSTR_PCC                                                                                |                                     d_dma_0_axi_datamover_pcc |        179 |        179 |       0 |    0 |  179 |      0 |      0 |          0 |
|             I_RD_DATA_CNTL                                                                            |                             d_dma_0_axi_datamover_rddata_cntl |         61 |         46 |       0 |   15 |   51 |      0 |      0 |          0 |
|               (I_RD_DATA_CNTL)                                                                        |                             d_dma_0_axi_datamover_rddata_cntl |         26 |         26 |       0 |    0 |   45 |      0 |      0 |          0 |
|               GEN_DATA_CNTL_FIFO.I_DATA_CNTL_FIFO                                                     |                    d_dma_0_axi_datamover_fifo__parameterized2 |         35 |         20 |       0 |   15 |    6 |      0 |      0 |          0 |
|                 (GEN_DATA_CNTL_FIFO.I_DATA_CNTL_FIFO)                                                 |                    d_dma_0_axi_datamover_fifo__parameterized2 |          1 |          1 |       0 |    0 |    2 |      0 |      0 |          0 |
|                 USE_SRL_FIFO.I_SYNC_FIFO                                                              |                            d_dma_0_srl_fifo_f__parameterized0 |         34 |         19 |       0 |   15 |    4 |      0 |      0 |          0 |
|                   I_SRL_FIFO_RBU_F                                                                    |                        d_dma_0_srl_fifo_rbu_f__parameterized0 |         34 |         19 |       0 |   15 |    4 |      0 |      0 |          0 |
|                     (I_SRL_FIFO_RBU_F)                                                                |                        d_dma_0_srl_fifo_rbu_f__parameterized0 |          0 |          0 |       0 |    0 |    1 |      0 |      0 |          0 |
|                     CNTR_INCR_DECR_ADDN_F_I                                                           |                              d_dma_0_cntr_incr_decr_addn_f_14 |         14 |         14 |       0 |    0 |    3 |      0 |      0 |          0 |
|                     DYNSHREG_F_I                                                                      |                            d_dma_0_dynshreg_f__parameterized0 |         20 |          5 |       0 |   15 |    0 |      0 |      0 |          0 |
|             I_RD_STATUS_CNTLR                                                                         |                          d_dma_0_axi_datamover_rd_status_cntl |          3 |          3 |       0 |    0 |    5 |      0 |      0 |          0 |
|             I_RESET                                                                                   |                                d_dma_0_axi_datamover_reset_13 |          5 |          5 |       0 |    0 |    3 |      0 |      0 |          0 |
|           GEN_S2MM_FULL.I_S2MM_FULL_WRAPPER                                                           |                          d_dma_0_axi_datamover_s2mm_full_wrap |       1271 |       1188 |       8 |   75 | 1609 |      1 |      1 |          0 |
|             ENABLE_AXIS_SKID.I_S2MM_STRM_SKID_BUF                                                     |                                d_dma_0_axi_datamover_skid_buf |         79 |         79 |       0 |    0 |  152 |      0 |      0 |          0 |
|             GEN_ENABLE_INDET_BTT_SF.I_INDET_BTT                                                       |                               d_dma_0_axi_datamover_indet_btt |        215 |        207 |       8 |    0 |  270 |      1 |      1 |          0 |
|               (GEN_ENABLE_INDET_BTT_SF.I_INDET_BTT)                                                   |                               d_dma_0_axi_datamover_indet_btt |          2 |          2 |       0 |    0 |   15 |      0 |      0 |          0 |
|               ENABLE_AXIS_SKID.I_INDET_BTT_SKID_BUF                                                   |                d_dma_0_axi_datamover_skid_buf__parameterized0 |         86 |         86 |       0 |    0 |  160 |      0 |      0 |          0 |
|               I_DATA_FIFO                                                                             |            d_dma_0_axi_datamover_sfifo_autord__parameterized1 |         57 |         57 |       0 |    0 |   39 |      1 |      1 |          0 |
|                 BLK_MEM.I_SYNC_FIFOGEN_FIFO                                                           |                          d_dma_0_sync_fifo_fg__parameterized1 |         57 |         57 |       0 |    0 |   39 |      1 |      1 |          0 |
|                   (BLK_MEM.I_SYNC_FIFOGEN_FIFO)                                                       |                          d_dma_0_sync_fifo_fg__parameterized1 |         15 |         15 |       0 |    0 |    0 |      0 |      0 |          0 |
|                   xpm_fifo_instance.xpm_fifo_sync_inst                                                |                         d_dma_0_xpm_fifo_sync__parameterized3 |         42 |         42 |       0 |    0 |   39 |      1 |      1 |          0 |
|                     xpm_fifo_base_inst                                                                |                         d_dma_0_xpm_fifo_base__parameterized1 |         42 |         42 |       0 |    0 |   39 |      1 |      1 |          0 |
|                       (xpm_fifo_base_inst)                                                            |                         d_dma_0_xpm_fifo_base__parameterized1 |          3 |          3 |       0 |    0 |    5 |      0 |      0 |          0 |
|                       gen_sdpram.xpm_memory_base_inst                                                 |                       d_dma_0_xpm_memory_base__parameterized1 |          0 |          0 |       0 |    0 |    0 |      1 |      1 |          0 |
|                       rdp_inst                                                                        |                      d_dma_0_xpm_counter_updn__parameterized2 |         15 |         15 |       0 |    0 |    7 |      0 |      0 |          0 |
|                       rdpp1_inst                                                                      |                      d_dma_0_xpm_counter_updn__parameterized3 |          7 |          7 |       0 |    0 |    7 |      0 |      0 |          0 |
|                       rst_d1_inst                                                                     |                                    d_dma_0_xpm_fifo_reg_bit_8 |          0 |          0 |       0 |    0 |    1 |      0 |      0 |          0 |
|                       wrp_inst                                                                        |                    d_dma_0_xpm_counter_updn__parameterized2_9 |         10 |         10 |       0 |    0 |    7 |      0 |      0 |          0 |
|                       wrpp1_inst                                                                      |                   d_dma_0_xpm_counter_updn__parameterized3_10 |          6 |          6 |       0 |    0 |    7 |      0 |      0 |          0 |
|                       xpm_fifo_rst_inst                                                               |                                       d_dma_0_xpm_fifo_rst_11 |          2 |          2 |       0 |    0 |    5 |      0 |      0 |          0 |
|               I_XD_FIFO                                                                               |            d_dma_0_axi_datamover_sfifo_autord__parameterized0 |         71 |         63 |       8 |    0 |   56 |      0 |      0 |          0 |
|                 NON_BLK_MEM.I_SYNC_FIFOGEN_FIFO                                                       |                          d_dma_0_sync_fifo_fg__parameterized0 |         71 |         63 |       8 |    0 |   56 |      0 |      0 |          0 |
|                   (NON_BLK_MEM.I_SYNC_FIFOGEN_FIFO)                                                   |                          d_dma_0_sync_fifo_fg__parameterized0 |         26 |         26 |       0 |    0 |    0 |      0 |      0 |          0 |
|                   xpm_fifo_instance.xpm_fifo_sync_inst                                                |                         d_dma_0_xpm_fifo_sync__parameterized1 |         45 |         37 |       8 |    0 |   56 |      0 |      0 |          0 |
|                     xpm_fifo_base_inst                                                                |                         d_dma_0_xpm_fifo_base__parameterized0 |         45 |         37 |       8 |    0 |   56 |      0 |      0 |          0 |
|                       (xpm_fifo_base_inst)                                                            |                         d_dma_0_xpm_fifo_base__parameterized0 |          3 |          3 |       0 |    0 |   10 |      0 |      0 |          0 |
|                       gen_fwft.rdpp1_inst                                                             |                      d_dma_0_xpm_counter_updn__parameterized1 |          4 |          4 |       0 |    0 |    2 |      0 |      0 |          0 |
|                       gen_sdpram.xpm_memory_base_inst                                                 |                       d_dma_0_xpm_memory_base__parameterized0 |          8 |          0 |       8 |    0 |   20 |      0 |      0 |          0 |
|                       rdp_inst                                                                        |                      d_dma_0_xpm_counter_updn__parameterized6 |          9 |          9 |       0 |    0 |    5 |      0 |      0 |          0 |
|                       rdpp1_inst                                                                      |                      d_dma_0_xpm_counter_updn__parameterized7 |          3 |          3 |       0 |    0 |    4 |      0 |      0 |          0 |
|                       rst_d1_inst                                                                     |                                      d_dma_0_xpm_fifo_reg_bit |          0 |          0 |       0 |    0 |    1 |      0 |      0 |          0 |
|                       wrp_inst                                                                        |                    d_dma_0_xpm_counter_updn__parameterized6_6 |         13 |         13 |       0 |    0 |    5 |      0 |      0 |          0 |
|                       wrpp1_inst                                                                      |                    d_dma_0_xpm_counter_updn__parameterized7_7 |          3 |          3 |       0 |    0 |    4 |      0 |      0 |          0 |
|                       xpm_fifo_rst_inst                                                               |                                          d_dma_0_xpm_fifo_rst |          2 |          2 |       0 |    0 |    5 |      0 |      0 |          0 |
|             GEN_INCLUDE_IBTTCC.I_S2MM_MSTR_IBTTCC                                                     |                                  d_dma_0_axi_datamover_ibttcc |        162 |        162 |       0 |    0 |  254 |      0 |      0 |          0 |
|             GEN_INCLUDE_REALIGNER.I_S2MM_REALIGNER                                                    |                            d_dma_0_axi_datamover_s2mm_realign |        569 |        543 |       0 |   26 |  505 |      0 |      0 |          0 |
|               (GEN_INCLUDE_REALIGNER.I_S2MM_REALIGNER)                                                |                            d_dma_0_axi_datamover_s2mm_realign |          1 |          1 |       0 |    0 |    8 |      0 |      0 |          0 |
|               GEN_INCLUDE_DRE.I_S2MM_DRE_BLOCK                                                        |                                d_dma_0_axi_datamover_s2mm_dre |        278 |        278 |       0 |    0 |  233 |      0 |      0 |          0 |
|               GEN_INCLUDE_SCATTER.I_S2MM_SCATTER                                                      |                            d_dma_0_axi_datamover_s2mm_scatter |        258 |        250 |       0 |    8 |  258 |      0 |      0 |          0 |
|                 (GEN_INCLUDE_SCATTER.I_S2MM_SCATTER)                                                  |                            d_dma_0_axi_datamover_s2mm_scatter |         88 |         88 |       0 |    0 |   75 |      0 |      0 |          0 |
|                 I_MSSAI_SKID_BUF                                                                      |                          d_dma_0_axi_datamover_mssai_skid_buf |        114 |        114 |       0 |    0 |  156 |      0 |      0 |          0 |
|                 I_TSTRB_FIFO                                                                          |                    d_dma_0_axi_datamover_fifo__parameterized8 |         33 |         25 |       0 |    8 |   10 |      0 |      0 |          0 |
|                   (I_TSTRB_FIFO)                                                                      |                    d_dma_0_axi_datamover_fifo__parameterized8 |          2 |          2 |       0 |    0 |    4 |      0 |      0 |          0 |
|                   USE_SRL_FIFO.I_SYNC_FIFO                                                            |                            d_dma_0_srl_fifo_f__parameterized5 |         31 |         23 |       0 |    8 |    6 |      0 |      0 |          0 |
|                     I_SRL_FIFO_RBU_F                                                                  |                        d_dma_0_srl_fifo_rbu_f__parameterized5 |         31 |         23 |       0 |    8 |    6 |      0 |      0 |          0 |
|                       (I_SRL_FIFO_RBU_F)                                                              |                        d_dma_0_srl_fifo_rbu_f__parameterized5 |          0 |          0 |       0 |    0 |    1 |      0 |      0 |          0 |
|                       CNTR_INCR_DECR_ADDN_F_I                                                         |                 d_dma_0_cntr_incr_decr_addn_f__parameterized1 |         16 |         16 |       0 |    0 |    5 |      0 |      0 |          0 |
|                       DYNSHREG_F_I                                                                    |                            d_dma_0_dynshreg_f__parameterized5 |         15 |          7 |       0 |    8 |    0 |      0 |      0 |          0 |
|                 SLICE_INSERTION                                                                       |                                   d_dma_0_axi_datamover_slice |         25 |         25 |       0 |    0 |   17 |      0 |      0 |          0 |
|               I_DRE_CNTL_FIFO                                                                         |                    d_dma_0_axi_datamover_fifo__parameterized7 |         34 |         16 |       0 |   18 |    6 |      0 |      0 |          0 |
|                 (I_DRE_CNTL_FIFO)                                                                     |                    d_dma_0_axi_datamover_fifo__parameterized7 |          1 |          1 |       0 |    0 |    2 |      0 |      0 |          0 |
|                 USE_SRL_FIFO.I_SYNC_FIFO                                                              |                            d_dma_0_srl_fifo_f__parameterized4 |         33 |         15 |       0 |   18 |    4 |      0 |      0 |          0 |
|                   I_SRL_FIFO_RBU_F                                                                    |                        d_dma_0_srl_fifo_rbu_f__parameterized4 |         33 |         15 |       0 |   18 |    4 |      0 |      0 |          0 |
|                     (I_SRL_FIFO_RBU_F)                                                                |                        d_dma_0_srl_fifo_rbu_f__parameterized4 |          0 |          0 |       0 |    0 |    1 |      0 |      0 |          0 |
|                     CNTR_INCR_DECR_ADDN_F_I                                                           |                               d_dma_0_cntr_incr_decr_addn_f_5 |          5 |          5 |       0 |    0 |    3 |      0 |      0 |          0 |
|                     DYNSHREG_F_I                                                                      |                            d_dma_0_dynshreg_f__parameterized4 |         28 |         10 |       0 |   18 |    0 |      0 |      0 |          0 |
|             I_ADDR_CNTL                                                                               |               d_dma_0_axi_datamover_addr_cntl__parameterized0 |         31 |          8 |       0 |   23 |   50 |      0 |      0 |          0 |
|               (I_ADDR_CNTL)                                                                           |               d_dma_0_axi_datamover_addr_cntl__parameterized0 |          1 |          1 |       0 |    0 |   44 |      0 |      0 |          0 |
|               GEN_ADDR_FIFO.I_ADDR_QUAL_FIFO                                                          |                    d_dma_0_axi_datamover_fifo__parameterized1 |         30 |          7 |       0 |   23 |    6 |      0 |      0 |          0 |
|                 (GEN_ADDR_FIFO.I_ADDR_QUAL_FIFO)                                                      |                    d_dma_0_axi_datamover_fifo__parameterized1 |          1 |          1 |       0 |    0 |    2 |      0 |      0 |          0 |
|                 USE_SRL_FIFO.I_SYNC_FIFO                                                              |                                            d_dma_0_srl_fifo_f |         29 |          6 |       0 |   23 |    4 |      0 |      0 |          0 |
|                   I_SRL_FIFO_RBU_F                                                                    |                                        d_dma_0_srl_fifo_rbu_f |         29 |          6 |       0 |   23 |    4 |      0 |      0 |          0 |
|                     (I_SRL_FIFO_RBU_F)                                                                |                                        d_dma_0_srl_fifo_rbu_f |          0 |          0 |       0 |    0 |    1 |      0 |      0 |          0 |
|                     CNTR_INCR_DECR_ADDN_F_I                                                           |                               d_dma_0_cntr_incr_decr_addn_f_4 |          5 |          5 |       0 |    0 |    3 |      0 |      0 |          0 |
|                     DYNSHREG_F_I                                                                      |                                            d_dma_0_dynshreg_f |         24 |          1 |       0 |   23 |    0 |      0 |      0 |          0 |
|             I_CMD_STATUS                                                                              |              d_dma_0_axi_datamover_cmd_status__parameterized0 |         21 |         21 |       0 |    0 |   98 |      0 |      0 |          0 |
|               GEN_INCLUDE_STATUS_FIFO.I_STS_FIFO                                                      |                    d_dma_0_axi_datamover_fifo__parameterized4 |         17 |         17 |       0 |    0 |   34 |      0 |      0 |          0 |
|               I_CMD_FIFO                                                                              |                                    d_dma_0_axi_datamover_fifo |          4 |          4 |       0 |    0 |   64 |      0 |      0 |          0 |
|             I_RESET                                                                                   |                                   d_dma_0_axi_datamover_reset |          3 |          3 |       0 |    0 |    3 |      0 |      0 |          0 |
|             I_S2MM_MMAP_SKID_BUF                                                                      |                             d_dma_0_axi_datamover_skid2mm_buf |         67 |         67 |       0 |    0 |  150 |      0 |      0 |          0 |
|             I_WR_DATA_CNTL                                                                            |                             d_dma_0_axi_datamover_wrdata_cntl |         83 |         75 |       0 |    8 |   66 |      0 |      0 |          0 |
|               (I_WR_DATA_CNTL)                                                                        |                             d_dma_0_axi_datamover_wrdata_cntl |         51 |         51 |       0 |    0 |   60 |      0 |      0 |          0 |
|               GEN_DATA_CNTL_FIFO.I_DATA_CNTL_FIFO                                                     |                    d_dma_0_axi_datamover_fifo__parameterized9 |         29 |         21 |       0 |    8 |    6 |      0 |      0 |          0 |
|                 (GEN_DATA_CNTL_FIFO.I_DATA_CNTL_FIFO)                                                 |                    d_dma_0_axi_datamover_fifo__parameterized9 |          1 |          1 |       0 |    0 |    2 |      0 |      0 |          0 |
|                 USE_SRL_FIFO.I_SYNC_FIFO                                                              |                            d_dma_0_srl_fifo_f__parameterized6 |         28 |         20 |       0 |    8 |    4 |      0 |      0 |          0 |
|                   I_SRL_FIFO_RBU_F                                                                    |                        d_dma_0_srl_fifo_rbu_f__parameterized6 |         28 |         20 |       0 |    8 |    4 |      0 |      0 |          0 |
|                     (I_SRL_FIFO_RBU_F)                                                                |                        d_dma_0_srl_fifo_rbu_f__parameterized6 |          0 |          0 |       0 |    0 |    1 |      0 |      0 |          0 |
|                     CNTR_INCR_DECR_ADDN_F_I                                                           |                                 d_dma_0_cntr_incr_decr_addn_f |         12 |         12 |       0 |    0 |    3 |      0 |      0 |          0 |
|                     DYNSHREG_F_I                                                                      |                            d_dma_0_dynshreg_f__parameterized6 |         16 |          8 |       0 |    8 |    0 |      0 |      0 |          0 |
|               GEN_INDET_BTT.I_STRT_STRB_GEN                                                           |                               d_dma_0_axi_datamover_strb_gen2 |          3 |          3 |       0 |    0 |    0 |      0 |      0 |          0 |
|             I_WR_STATUS_CNTLR                                                                         |                          d_dma_0_axi_datamover_wr_status_cntl |         55 |         37 |       0 |   18 |   61 |      0 |      0 |          0 |
|               (I_WR_STATUS_CNTLR)                                                                     |                          d_dma_0_axi_datamover_wr_status_cntl |          7 |          7 |       0 |    0 |   46 |      0 |      0 |          0 |
|               GEN_ENABLE_INDET_BTT.I_SF_DATA_CNTL_STATUS_FIFO                                         |                    d_dma_0_axi_datamover_fifo__parameterized6 |         29 |         13 |       0 |   16 |    7 |      0 |      0 |          0 |
|                 (GEN_ENABLE_INDET_BTT.I_SF_DATA_CNTL_STATUS_FIFO)                                     |                    d_dma_0_axi_datamover_fifo__parameterized6 |          1 |          1 |       0 |    0 |    2 |      0 |      0 |          0 |
|                 USE_SRL_FIFO.I_SYNC_FIFO                                                              |                            d_dma_0_srl_fifo_f__parameterized3 |         28 |         12 |       0 |   16 |    5 |      0 |      0 |          0 |
|                   I_SRL_FIFO_RBU_F                                                                    |                        d_dma_0_srl_fifo_rbu_f__parameterized3 |         28 |         12 |       0 |   16 |    5 |      0 |      0 |          0 |
|                     (I_SRL_FIFO_RBU_F)                                                                |                        d_dma_0_srl_fifo_rbu_f__parameterized3 |          0 |          0 |       0 |    0 |    1 |      0 |      0 |          0 |
|                     CNTR_INCR_DECR_ADDN_F_I                                                           |               d_dma_0_cntr_incr_decr_addn_f__parameterized0_3 |         10 |         10 |       0 |    0 |    4 |      0 |      0 |          0 |
|                     DYNSHREG_F_I                                                                      |                            d_dma_0_dynshreg_f__parameterized3 |         18 |          2 |       0 |   16 |    0 |      0 |      0 |          0 |
|               I_WRESP_STATUS_FIFO                                                                     |                    d_dma_0_axi_datamover_fifo__parameterized5 |         19 |         17 |       0 |    2 |    8 |      0 |      0 |          0 |
|                 (I_WRESP_STATUS_FIFO)                                                                 |                    d_dma_0_axi_datamover_fifo__parameterized5 |          4 |          4 |       0 |    0 |    3 |      0 |      0 |          0 |
|                 USE_SRL_FIFO.I_SYNC_FIFO                                                              |                            d_dma_0_srl_fifo_f__parameterized2 |         15 |         13 |       0 |    2 |    5 |      0 |      0 |          0 |
|                   I_SRL_FIFO_RBU_F                                                                    |                        d_dma_0_srl_fifo_rbu_f__parameterized2 |         15 |         13 |       0 |    2 |    5 |      0 |      0 |          0 |
|                     (I_SRL_FIFO_RBU_F)                                                                |                        d_dma_0_srl_fifo_rbu_f__parameterized2 |          5 |          5 |       0 |    0 |    1 |      0 |      0 |          0 |
|                     CNTR_INCR_DECR_ADDN_F_I                                                           |                 d_dma_0_cntr_incr_decr_addn_f__parameterized0 |          7 |          7 |       0 |    0 |    4 |      0 |      0 |          0 |
|                     DYNSHREG_F_I                                                                      |                            d_dma_0_dynshreg_f__parameterized2 |          4 |          2 |       0 |    2 |    0 |      0 |      0 |          0 |
|         I_RST_MODULE                                                                                  |                                    d_dma_0_axi_dma_rst_module |         19 |         19 |       0 |    0 |   38 |      0 |      0 |          0 |
|           (I_RST_MODULE)                                                                              |                                    d_dma_0_axi_dma_rst_module |          3 |          3 |       0 |    0 |    2 |      0 |      0 |          0 |
|           GEN_RESET_FOR_MM2S.RESET_I                                                                  |                                         d_dma_0_axi_dma_reset |          9 |          9 |       0 |    0 |   15 |      0 |      0 |          0 |
|           GEN_RESET_FOR_S2MM.RESET_I                                                                  |                                       d_dma_0_axi_dma_reset_1 |          9 |          9 |       0 |    0 |   13 |      0 |      0 |          0 |
|           REG_HRD_RST                                                                                 |                                              d_dma_0_cdc_sync |          0 |          0 |       0 |    0 |    4 |      0 |      0 |          0 |
|           REG_HRD_RST_OUT                                                                             |                                            d_dma_0_cdc_sync_2 |          0 |          0 |       0 |    0 |    4 |      0 |      0 |          0 |
|     evalmul3                                                                                          |                                                  d_evalmul3_0 |       4164 |       3455 |     132 |  577 | 3668 |      0 |      0 |        128 |
|       inst                                                                                            |              d_evalmul3_0_evalmul3_two_tower_axis_dma_wrapper |       4164 |       3455 |     132 |  577 | 3668 |      0 |      0 |        128 |
|         (inst)                                                                                        |              d_evalmul3_0_evalmul3_two_tower_axis_dma_wrapper |          1 |          1 |       0 |    0 |    0 |      0 |      0 |          0 |
|         core                                                                                          |                     d_evalmul3_0_evalmul3_two_tower_axis_core |       4164 |       3455 |     132 |  577 | 3668 |      0 |      0 |        128 |
|           (core)                                                                                      |                     d_evalmul3_0_evalmul3_two_tower_axis_core |        647 |        515 |     132 |    0 |  281 |      0 |      0 |          0 |
|           multiplier_towers[0].multiplier_products[0].multiplier                                      |             d_evalmul3_0_modmul_barrett60_pipeline_split_core |        404 |        340 |       0 |   64 |  421 |      0 |      0 |         16 |
|           multiplier_towers[0].multiplier_products[1].multiplier                                      |           d_evalmul3_0_modmul_barrett60_pipeline_split_core_0 |        506 |        441 |       0 |   65 |  347 |      0 |      0 |         16 |
|           multiplier_towers[0].multiplier_products[2].multiplier                                      |           d_evalmul3_0_modmul_barrett60_pipeline_split_core_1 |        436 |        340 |       0 |   96 |  551 |      0 |      0 |         16 |
|           multiplier_towers[0].multiplier_products[3].multiplier                                      |           d_evalmul3_0_modmul_barrett60_pipeline_split_core_2 |        404 |        340 |       0 |   64 |  391 |      0 |      0 |         16 |
|           multiplier_towers[1].multiplier_products[0].multiplier                                      |           d_evalmul3_0_modmul_barrett60_pipeline_split_core_3 |        404 |        340 |       0 |   64 |  344 |      0 |      0 |         16 |
|           multiplier_towers[1].multiplier_products[1].multiplier                                      |           d_evalmul3_0_modmul_barrett60_pipeline_split_core_4 |        522 |        458 |       0 |   64 |  391 |      0 |      0 |         16 |
|           multiplier_towers[1].multiplier_products[2].multiplier                                      |           d_evalmul3_0_modmul_barrett60_pipeline_split_core_5 |        439 |        343 |       0 |   96 |  551 |      0 |      0 |         16 |
|           multiplier_towers[1].multiplier_products[3].multiplier                                      |           d_evalmul3_0_modmul_barrett60_pipeline_split_core_6 |        405 |        341 |       0 |   64 |  391 |      0 |      0 |         16 |
|     mm2s_sc                                                                                           |                                                   d_mm2s_sc_0 |        424 |        317 |     100 |    7 |  380 |      0 |      0 |          0 |
|       (mm2s_sc)                                                                                       |                                                   d_mm2s_sc_0 |          0 |          0 |       0 |    0 |    0 |      0 |      0 |          0 |
|       inst                                                                                            |                                           d_mm2s_sc_0_bd_d0b0 |        424 |        317 |     100 |    7 |  380 |      0 |      0 |          0 |
|         clk_map                                                                                       |                               d_mm2s_sc_0_clk_map_imp_1K7ADDJ |         13 |         12 |       0 |    1 |   22 |      0 |      0 |          0 |
|           psr_aclk                                                                                    |                                d_mm2s_sc_0_bd_d0b0_psr_aclk_0 |         13 |         12 |       0 |    1 |   22 |      0 |      0 |          0 |
|             U0                                                                                        |                                    d_mm2s_sc_0_proc_sys_reset |         13 |         12 |       0 |    1 |   22 |      0 |      0 |          0 |
|               (U0)                                                                                    |                                    d_mm2s_sc_0_proc_sys_reset |          0 |          0 |       0 |    0 |    1 |      0 |      0 |          0 |
|               EXT_LPF                                                                                 |                                               d_mm2s_sc_0_lpf |          3 |          2 |       0 |    1 |    6 |      0 |      0 |          0 |
|                 (EXT_LPF)                                                                             |                                               d_mm2s_sc_0_lpf |          2 |          1 |       0 |    1 |    2 |      0 |      0 |          0 |
|                 ACTIVE_LOW_AUX.ACT_LO_AUX                                                             |                                          d_mm2s_sc_0_cdc_sync |          1 |          1 |       0 |    0 |    4 |      0 |      0 |          0 |
|               SEQ                                                                                     |                                      d_mm2s_sc_0_sequence_psr |         10 |         10 |       0 |    0 |   15 |      0 |      0 |          0 |
|                 (SEQ)                                                                                 |                                      d_mm2s_sc_0_sequence_psr |          5 |          5 |       0 |    0 |    9 |      0 |      0 |          0 |
|                 SEQ_COUNTER                                                                           |                                           d_mm2s_sc_0_upcnt_n |          5 |          5 |       0 |    0 |    6 |      0 |      0 |          0 |
|         m00_exit_pipeline                                                                             |                      d_mm2s_sc_0_m00_exit_pipeline_imp_DWQRQK |        205 |        199 |       0 |    6 |  152 |      0 |      0 |          0 |
|           m00_exit                                                                                    |                                    d_mm2s_sc_0_bd_d0b0_m00e_0 |        205 |        199 |       0 |    6 |  152 |      0 |      0 |          0 |
|             inst                                                                                      |                               d_mm2s_sc_0_sc_exit_v1_0_15_top |        205 |        199 |       0 |    6 |  152 |      0 |      0 |          0 |
|               (inst)                                                                                  |                               d_mm2s_sc_0_sc_exit_v1_0_15_top |          1 |          1 |       0 |    0 |    2 |      0 |      0 |          0 |
|               exit_inst                                                                               |                              d_mm2s_sc_0_sc_exit_v1_0_15_exit |         19 |         14 |       0 |    5 |   13 |      0 |      0 |          0 |
|                 gen_r_cmd_fifo.r_cmd_fifo                                                             |  d_mm2s_sc_0_sc_util_v1_0_4_axic_reg_srl_fifo__parameterized2 |         19 |         14 |       0 |    5 |   13 |      0 |      0 |          0 |
|                   (gen_r_cmd_fifo.r_cmd_fifo)                                                         |  d_mm2s_sc_0_sc_util_v1_0_4_axic_reg_srl_fifo__parameterized2 |         14 |         14 |       0 |    0 |   13 |      0 |      0 |          0 |
|                   gen_srls[12].srl_nx1                                                                |                          d_mm2s_sc_0_sc_util_v1_0_4_srl_rtl_5 |          1 |          0 |       0 |    1 |    0 |      0 |      0 |          0 |
|                   gen_srls[13].srl_nx1                                                                |                          d_mm2s_sc_0_sc_util_v1_0_4_srl_rtl_6 |          1 |          0 |       0 |    1 |    0 |      0 |      0 |          0 |
|                   gen_srls[14].srl_nx1                                                                |                          d_mm2s_sc_0_sc_util_v1_0_4_srl_rtl_7 |          1 |          0 |       0 |    1 |    0 |      0 |      0 |          0 |
|                   gen_srls[15].srl_nx1                                                                |                          d_mm2s_sc_0_sc_util_v1_0_4_srl_rtl_8 |          1 |          0 |       0 |    1 |    0 |      0 |      0 |          0 |
|                   gen_srls[16].srl_nx1                                                                |                          d_mm2s_sc_0_sc_util_v1_0_4_srl_rtl_9 |          2 |          1 |       0 |    1 |    0 |      0 |      0 |          0 |
|               splitter_inst                                                                           |                          d_mm2s_sc_0_sc_exit_v1_0_15_splitter |        184 |        183 |       0 |    1 |  134 |      0 |      0 |          0 |
|                 (splitter_inst)                                                                       |                          d_mm2s_sc_0_sc_exit_v1_0_15_splitter |          1 |          1 |       0 |    0 |    0 |      0 |      0 |          0 |
|                 gen_axi3.splitter_inst                                                                |                         d_mm2s_sc_0_sc_exit_v1_0_15_axi3_conv |        183 |        182 |       0 |    1 |  134 |      0 |      0 |          0 |
|                   (gen_axi3.splitter_inst)                                                            |                         d_mm2s_sc_0_sc_exit_v1_0_15_axi3_conv |         52 |         52 |       0 |    0 |   60 |      0 |      0 |          0 |
|                   ar_cmd_reg                                                                          |                      d_mm2s_sc_0_sc_util_v1_0_4_axi_reg_stall |        117 |        117 |       0 |    0 |   65 |      0 |      0 |          0 |
|                   gen_rsplitter.gen_rthread_loop[0].r_split_fifo                                      |                  d_mm2s_sc_0_sc_util_v1_0_4_axic_reg_srl_fifo |         16 |         15 |       0 |    1 |    9 |      0 |      0 |          0 |
|                     (gen_rsplitter.gen_rthread_loop[0].r_split_fifo)                                  |                  d_mm2s_sc_0_sc_util_v1_0_4_axic_reg_srl_fifo |         13 |         13 |       0 |    0 |    9 |      0 |      0 |          0 |
|                     gen_srls[0].srl_nx1                                                               |                            d_mm2s_sc_0_sc_util_v1_0_4_srl_rtl |          3 |          2 |       0 |    1 |    0 |      0 |      0 |          0 |
|               xpm_cdc_async_rst_inst                                                                  |                              d_mm2s_sc_0_xpm_cdc_async_rst__1 |          1 |          1 |       0 |    0 |    3 |      0 |      0 |          0 |
|         m00_sc2axi                                                                                    |                                  d_mm2s_sc_0_bd_d0b0_m00s2a_0 |          0 |          0 |       0 |    0 |    0 |      0 |      0 |          0 |
|           inst                                                                                        |                             d_mm2s_sc_0_sc_sc2axi_v1_0_10_top |          0 |          0 |       0 |    0 |    0 |      0 |      0 |          0 |
|         s00_axi2sc                                                                                    |                                  d_mm2s_sc_0_bd_d0b0_s00a2s_0 |          0 |          0 |       0 |    0 |    0 |      0 |      0 |          0 |
|           inst                                                                                        |                             d_mm2s_sc_0_sc_axi2sc_v1_0_10_top |          0 |          0 |       0 |    0 |    0 |      0 |      0 |          0 |
|         s00_entry_pipeline                                                                            |                    d_mm2s_sc_0_s00_entry_pipeline_imp_1D4BWTR |         21 |         21 |       0 |    0 |   14 |      0 |      0 |          0 |
|           s00_mmu                                                                                     |                                  d_mm2s_sc_0_bd_d0b0_s00mmu_0 |         10 |         10 |       0 |    0 |   10 |      0 |      0 |          0 |
|             inst                                                                                      |                                d_mm2s_sc_0_sc_mmu_v1_0_13_top |         10 |         10 |       0 |    0 |   10 |      0 |      0 |          0 |
|               (inst)                                                                                  |                                d_mm2s_sc_0_sc_mmu_v1_0_13_top |          9 |          9 |       0 |    0 |    7 |      0 |      0 |          0 |
|               xpm_cdc_async_rst_inst                                                                  |                              d_mm2s_sc_0_xpm_cdc_async_rst__2 |          1 |          1 |       0 |    0 |    3 |      0 |      0 |          0 |
|           s00_si_converter                                                                            |                                  d_mm2s_sc_0_bd_d0b0_s00sic_0 |         11 |         11 |       0 |    0 |    4 |      0 |      0 |          0 |
|             inst                                                                                      |                       d_mm2s_sc_0_sc_si_converter_v1_0_13_top |         11 |         11 |       0 |    0 |    4 |      0 |      0 |          0 |
|               (inst)                                                                                  |                       d_mm2s_sc_0_sc_si_converter_v1_0_13_top |         10 |         10 |       0 |    0 |    1 |      0 |      0 |          0 |
|               xpm_cdc_async_rst_inst                                                                  |                              d_mm2s_sc_0_xpm_cdc_async_rst__3 |          1 |          1 |       0 |    0 |    3 |      0 |      0 |          0 |
|           s00_transaction_regulator                                                                   |                                   d_mm2s_sc_0_bd_d0b0_s00tr_0 |          0 |          0 |       0 |    0 |    0 |      0 |      0 |          0 |
|             inst                                                                                      |              d_mm2s_sc_0_sc_transaction_regulator_v1_0_11_top |          0 |          0 |       0 |    0 |    0 |      0 |      0 |          0 |
|         s00_nodes                                                                                     |                             d_mm2s_sc_0_s00_nodes_imp_19P2AR9 |        187 |         87 |     100 |    0 |  192 |      0 |      0 |          0 |
|           s00_ar_node                                                                                 |                                    d_mm2s_sc_0_bd_d0b0_sarn_0 |         96 |         44 |      52 |    0 |   96 |      0 |      0 |          0 |
|             inst                                                                                      |                               d_mm2s_sc_0_sc_node_v1_0_16_top |         96 |         44 |      52 |    0 |   96 |      0 |      0 |          0 |
|               (inst)                                                                                  |                               d_mm2s_sc_0_sc_node_v1_0_16_top |          3 |          3 |       0 |    0 |    1 |      0 |      0 |          0 |
|               inst_mi_handler                                                                         |                        d_mm2s_sc_0_sc_node_v1_0_16_mi_handler |         92 |         40 |      52 |    0 |   91 |      0 |      0 |          0 |
|                 (inst_mi_handler)                                                                     |                        d_mm2s_sc_0_sc_node_v1_0_16_mi_handler |          0 |          0 |       0 |    0 |    2 |      0 |      0 |          0 |
|                 gen_normal_area.inst_fifo_node_payld                                                  |                              d_mm2s_sc_0_sc_node_v1_0_16_fifo |         92 |         40 |      52 |    0 |   89 |      0 |      0 |          0 |
|                   gen_xpm_memory_fifo.inst_fifo                                                       |                    d_mm2s_sc_0_sc_util_v1_0_4_xpm_memory_fifo |         92 |         40 |      52 |    0 |   89 |      0 |      0 |          0 |
|                     (gen_xpm_memory_fifo.inst_fifo)                                                   |                    d_mm2s_sc_0_sc_util_v1_0_4_xpm_memory_fifo |          6 |          6 |       0 |    0 |    4 |      0 |      0 |          0 |
|                     gen_mem_rep[0].inst_rd_addrb                                                      |                          d_mm2s_sc_0_sc_util_v1_0_4_counter_2 |          6 |          6 |       0 |    0 |    6 |      0 |      0 |          0 |
|                     gen_mem_rep[0].inst_wr_addra                                                      |                          d_mm2s_sc_0_sc_util_v1_0_4_counter_3 |          5 |          5 |       0 |    0 |    6 |      0 |      0 |          0 |
|                     gen_mem_rep[0].inst_xpm_memory                                                    |                                 d_mm2s_sc_0_xpm_memory_sdpram |         52 |          0 |      52 |    0 |   67 |      0 |      0 |          0 |
|                       xpm_memory_base_inst                                                            |                                   d_mm2s_sc_0_xpm_memory_base |         52 |          0 |      52 |    0 |   67 |      0 |      0 |          0 |
|                     gen_wr.inst_wr_addra_p1                                                           |          d_mm2s_sc_0_sc_util_v1_0_4_counter__parameterized0_4 |         23 |         23 |       0 |    0 |    6 |      0 |      0 |          0 |
|               inst_si_handler                                                                         |                      d_mm2s_sc_0_sc_node_v1_0_16_si_handler_1 |          1 |          1 |       0 |    0 |    1 |      0 |      0 |          0 |
|               s_sc_xpm_cdc_async_rst_inst                                                             |                              d_mm2s_sc_0_xpm_cdc_async_rst__5 |          1 |          1 |       0 |    0 |    3 |      0 |      0 |          0 |
|           s00_r_node                                                                                  |                                     d_mm2s_sc_0_bd_d0b0_srn_0 |         91 |         43 |      48 |    0 |   96 |      0 |      0 |          0 |
|             inst                                                                                      |               d_mm2s_sc_0_sc_node_v1_0_16_top__parameterized0 |         91 |         43 |      48 |    0 |   96 |      0 |      0 |          0 |
|               (inst)                                                                                  |               d_mm2s_sc_0_sc_node_v1_0_16_top__parameterized0 |          3 |          3 |       0 |    0 |    1 |      0 |      0 |          0 |
|               inst_mi_handler                                                                         |        d_mm2s_sc_0_sc_node_v1_0_16_mi_handler__parameterized0 |         86 |         38 |      48 |    0 |   91 |      0 |      0 |          0 |
|                 (inst_mi_handler)                                                                     |        d_mm2s_sc_0_sc_node_v1_0_16_mi_handler__parameterized0 |          0 |          0 |       0 |    0 |    2 |      0 |      0 |          0 |
|                 gen_normal_area.inst_fifo_node_payld                                                  |              d_mm2s_sc_0_sc_node_v1_0_16_fifo__parameterized0 |         86 |         38 |      48 |    0 |   89 |      0 |      0 |          0 |
|                   gen_xpm_memory_fifo.inst_fifo                                                       |    d_mm2s_sc_0_sc_util_v1_0_4_xpm_memory_fifo__parameterized0 |         86 |         38 |      48 |    0 |   89 |      0 |      0 |          0 |
|                     (gen_xpm_memory_fifo.inst_fifo)                                                   |    d_mm2s_sc_0_sc_util_v1_0_4_xpm_memory_fifo__parameterized0 |          4 |          4 |       0 |    0 |    4 |      0 |      0 |          0 |
|                     gen_mem_rep[0].inst_rd_addrb                                                      |                            d_mm2s_sc_0_sc_util_v1_0_4_counter |          6 |          6 |       0 |    0 |    6 |      0 |      0 |          0 |
|                     gen_mem_rep[0].inst_wr_addra                                                      |                          d_mm2s_sc_0_sc_util_v1_0_4_counter_0 |          5 |          5 |       0 |    0 |    6 |      0 |      0 |          0 |
|                     gen_mem_rep[0].inst_xpm_memory                                                    |                 d_mm2s_sc_0_xpm_memory_sdpram__parameterized0 |         48 |          0 |      48 |    0 |   67 |      0 |      0 |          0 |
|                       xpm_memory_base_inst                                                            |                   d_mm2s_sc_0_xpm_memory_base__parameterized0 |         48 |          0 |      48 |    0 |   67 |      0 |      0 |          0 |
|                     gen_wr.inst_wr_addra_p1                                                           |            d_mm2s_sc_0_sc_util_v1_0_4_counter__parameterized0 |         23 |         23 |       0 |    0 |    6 |      0 |      0 |          0 |
|               inst_si_handler                                                                         |                        d_mm2s_sc_0_sc_node_v1_0_16_si_handler |          1 |          1 |       0 |    0 |    1 |      0 |      0 |          0 |
|               s_sc_xpm_cdc_async_rst_inst                                                             |                              d_mm2s_sc_0_xpm_cdc_async_rst__7 |          1 |          1 |       0 |    0 |    3 |      0 |      0 |          0 |
|     ps7                                                                                               |                                                       d_ps7_0 |          0 |          0 |       0 |    0 |    0 |      0 |      0 |          0 |
|       inst                                                                                            |            d_ps7_0_processing_system7_v5_5_processing_system7 |          0 |          0 |       0 |    0 |    0 |      0 |      0 |          0 |
|     reset_100m                                                                                        |                                                d_reset_100m_0 |         18 |         17 |       0 |    1 |   37 |      0 |      0 |          0 |
|       U0                                                                                              |                                 d_reset_100m_0_proc_sys_reset |         18 |         17 |       0 |    1 |   37 |      0 |      0 |          0 |
|         (U0)                                                                                          |                                 d_reset_100m_0_proc_sys_reset |          0 |          0 |       0 |    0 |    2 |      0 |      0 |          0 |
|         EXT_LPF                                                                                       |                                            d_reset_100m_0_lpf |          5 |          4 |       0 |    1 |   17 |      0 |      0 |          0 |
|           (EXT_LPF)                                                                                   |                                            d_reset_100m_0_lpf |          2 |          1 |       0 |    1 |    9 |      0 |      0 |          0 |
|           ACTIVE_LOW_AUX.ACT_LO_AUX                                                                   |                                       d_reset_100m_0_cdc_sync |          1 |          1 |       0 |    0 |    4 |      0 |      0 |          0 |
|           ACTIVE_LOW_EXT.ACT_LO_EXT                                                                   |                                     d_reset_100m_0_cdc_sync_0 |          2 |          2 |       0 |    0 |    4 |      0 |      0 |          0 |
|         SEQ                                                                                           |                                   d_reset_100m_0_sequence_psr |         13 |         13 |       0 |    0 |   18 |      0 |      0 |          0 |
|           (SEQ)                                                                                       |                                   d_reset_100m_0_sequence_psr |          8 |          8 |       0 |    0 |   12 |      0 |      0 |          0 |
|           SEQ_COUNTER                                                                                 |                                        d_reset_100m_0_upcnt_n |          5 |          5 |       0 |    0 |    6 |      0 |      0 |          0 |
|     s2mm_sc                                                                                           |                                                   d_s2mm_sc_0 |        557 |        437 |     108 |   12 |  454 |      0 |      0 |          0 |
|       (s2mm_sc)                                                                                       |                                                   d_s2mm_sc_0 |          0 |          0 |       0 |    0 |    0 |      0 |      0 |          0 |
|       inst                                                                                            |                                           d_s2mm_sc_0_bd_b7d8 |        557 |        437 |     108 |   12 |  454 |      0 |      0 |          0 |
|         clk_map                                                                                       |                               d_s2mm_sc_0_clk_map_imp_1DFP9LM |         13 |         12 |       0 |    1 |   22 |      0 |      0 |          0 |
|           psr_aclk                                                                                    |                                d_s2mm_sc_0_bd_b7d8_psr_aclk_0 |         13 |         12 |       0 |    1 |   22 |      0 |      0 |          0 |
|             U0                                                                                        |                                    d_s2mm_sc_0_proc_sys_reset |         13 |         12 |       0 |    1 |   22 |      0 |      0 |          0 |
|               (U0)                                                                                    |                                    d_s2mm_sc_0_proc_sys_reset |          0 |          0 |       0 |    0 |    1 |      0 |      0 |          0 |
|               EXT_LPF                                                                                 |                                               d_s2mm_sc_0_lpf |          3 |          2 |       0 |    1 |    6 |      0 |      0 |          0 |
|                 (EXT_LPF)                                                                             |                                               d_s2mm_sc_0_lpf |          2 |          1 |       0 |    1 |    2 |      0 |      0 |          0 |
|                 ACTIVE_LOW_AUX.ACT_LO_AUX                                                             |                                          d_s2mm_sc_0_cdc_sync |          1 |          1 |       0 |    0 |    4 |      0 |      0 |          0 |
|               SEQ                                                                                     |                                      d_s2mm_sc_0_sequence_psr |         10 |         10 |       0 |    0 |   15 |      0 |      0 |          0 |
|                 (SEQ)                                                                                 |                                      d_s2mm_sc_0_sequence_psr |          5 |          5 |       0 |    0 |    9 |      0 |      0 |          0 |
|                 SEQ_COUNTER                                                                           |                                           d_s2mm_sc_0_upcnt_n |          5 |          5 |       0 |    0 |    6 |      0 |      0 |          0 |
|         m00_exit_pipeline                                                                             |                      d_s2mm_sc_0_m00_exit_pipeline_imp_KOCMBL |        241 |        233 |       0 |    8 |  173 |      0 |      0 |          0 |
|           m00_exit                                                                                    |                                    d_s2mm_sc_0_bd_b7d8_m00e_0 |        241 |        233 |       0 |    8 |  173 |      0 |      0 |          0 |
|             inst                                                                                      |                               d_s2mm_sc_0_sc_exit_v1_0_15_top |        241 |        233 |       0 |    8 |  173 |      0 |      0 |          0 |
|               (inst)                                                                                  |                               d_s2mm_sc_0_sc_exit_v1_0_15_top |          1 |          1 |       0 |    0 |    2 |      0 |      0 |          0 |
|               exit_inst                                                                               |                              d_s2mm_sc_0_sc_exit_v1_0_15_exit |         16 |         14 |       0 |    2 |   10 |      0 |      0 |          0 |
|                 gen_w_cmd_fifo.w_cmd_fifo                                                             |  d_s2mm_sc_0_sc_util_v1_0_4_axic_reg_srl_fifo__parameterized3 |         16 |         14 |       0 |    2 |   10 |      0 |      0 |          0 |
|                   (gen_w_cmd_fifo.w_cmd_fifo)                                                         |  d_s2mm_sc_0_sc_util_v1_0_4_axic_reg_srl_fifo__parameterized3 |         13 |         13 |       0 |    0 |   10 |      0 |      0 |          0 |
|                   gen_srls[1].srl_nx1                                                                 |                         d_s2mm_sc_0_sc_util_v1_0_4_srl_rtl_17 |          1 |          0 |       0 |    1 |    0 |      0 |      0 |          0 |
|                   gen_srls[2].srl_nx1                                                                 |                         d_s2mm_sc_0_sc_util_v1_0_4_srl_rtl_18 |          2 |          1 |       0 |    1 |    0 |      0 |      0 |          0 |
|               splitter_inst                                                                           |                          d_s2mm_sc_0_sc_exit_v1_0_15_splitter |        224 |        218 |       0 |    6 |  158 |      0 |      0 |          0 |
|                 (splitter_inst)                                                                       |                          d_s2mm_sc_0_sc_exit_v1_0_15_splitter |          2 |          2 |       0 |    0 |    0 |      0 |      0 |          0 |
|                 gen_axi3.splitter_inst                                                                |                         d_s2mm_sc_0_sc_exit_v1_0_15_axi3_conv |        222 |        216 |       0 |    6 |  158 |      0 |      0 |          0 |
|                   (gen_axi3.splitter_inst)                                                            |                         d_s2mm_sc_0_sc_exit_v1_0_15_axi3_conv |         55 |         55 |       0 |    0 |   74 |      0 |      0 |          0 |
|                   aw_cmd_reg                                                                          |                      d_s2mm_sc_0_sc_util_v1_0_4_axi_reg_stall |        111 |        111 |       0 |    0 |   62 |      0 |      0 |          0 |
|                   gen_wsplitter.gen_wthread_loop[0].b_split_fifo                                      |                  d_s2mm_sc_0_sc_util_v1_0_4_axic_reg_srl_fifo |         24 |         23 |       0 |    1 |    9 |      0 |      0 |          0 |
|                     (gen_wsplitter.gen_wthread_loop[0].b_split_fifo)                                  |                  d_s2mm_sc_0_sc_util_v1_0_4_axic_reg_srl_fifo |         19 |         19 |       0 |    0 |    9 |      0 |      0 |          0 |
|                     gen_srls[0].srl_nx1                                                               |                         d_s2mm_sc_0_sc_util_v1_0_4_srl_rtl_16 |          5 |          4 |       0 |    1 |    0 |      0 |      0 |          0 |
|                   gen_wsplitter.w_split_fifo                                                          |  d_s2mm_sc_0_sc_util_v1_0_4_axic_reg_srl_fifo__parameterized0 |         36 |         31 |       0 |    5 |   13 |      0 |      0 |          0 |
|                     (gen_wsplitter.w_split_fifo)                                                      |  d_s2mm_sc_0_sc_util_v1_0_4_axic_reg_srl_fifo__parameterized0 |         25 |         25 |       0 |    0 |   13 |      0 |      0 |          0 |
|                     gen_srls[0].srl_nx1                                                               |                         d_s2mm_sc_0_sc_util_v1_0_4_srl_rtl_11 |          3 |          2 |       0 |    1 |    0 |      0 |      0 |          0 |
|                     gen_srls[1].srl_nx1                                                               |                         d_s2mm_sc_0_sc_util_v1_0_4_srl_rtl_12 |          2 |          1 |       0 |    1 |    0 |      0 |      0 |          0 |
|                     gen_srls[2].srl_nx1                                                               |                         d_s2mm_sc_0_sc_util_v1_0_4_srl_rtl_13 |          2 |          1 |       0 |    1 |    0 |      0 |      0 |          0 |
|                     gen_srls[3].srl_nx1                                                               |                         d_s2mm_sc_0_sc_util_v1_0_4_srl_rtl_14 |          2 |          1 |       0 |    1 |    0 |      0 |      0 |          0 |
|                     gen_srls[4].srl_nx1                                                               |                         d_s2mm_sc_0_sc_util_v1_0_4_srl_rtl_15 |          3 |          2 |       0 |    1 |    0 |      0 |      0 |          0 |
|               xpm_cdc_async_rst_inst                                                                  |                              d_s2mm_sc_0_xpm_cdc_async_rst__1 |          1 |          1 |       0 |    0 |    3 |      0 |      0 |          0 |
|         m00_sc2axi                                                                                    |                                  d_s2mm_sc_0_bd_b7d8_m00s2a_0 |          0 |          0 |       0 |    0 |    0 |      0 |      0 |          0 |
|           inst                                                                                        |                             d_s2mm_sc_0_sc_sc2axi_v1_0_10_top |          0 |          0 |       0 |    0 |    0 |      0 |      0 |          0 |
|         s00_axi2sc                                                                                    |                                  d_s2mm_sc_0_bd_b7d8_s00a2s_0 |          0 |          0 |       0 |    0 |    0 |      0 |      0 |          0 |
|           inst                                                                                        |                             d_s2mm_sc_0_sc_axi2sc_v1_0_10_top |          0 |          0 |       0 |    0 |    0 |      0 |      0 |          0 |
|         s00_entry_pipeline                                                                            |                    d_s2mm_sc_0_s00_entry_pipeline_imp_1JYHEYQ |         68 |         65 |       0 |    3 |   34 |      0 |      0 |          0 |
|           s00_mmu                                                                                     |                                  d_s2mm_sc_0_bd_b7d8_s00mmu_0 |         29 |         29 |       0 |    0 |   19 |      0 |      0 |          0 |
|             inst                                                                                      |                                d_s2mm_sc_0_sc_mmu_v1_0_13_top |         29 |         29 |       0 |    0 |   19 |      0 |      0 |          0 |
|               (inst)                                                                                  |                                d_s2mm_sc_0_sc_mmu_v1_0_13_top |         28 |         28 |       0 |    0 |   16 |      0 |      0 |          0 |
|               xpm_cdc_async_rst_inst                                                                  |                              d_s2mm_sc_0_xpm_cdc_async_rst__2 |          1 |          1 |       0 |    0 |    3 |      0 |      0 |          0 |
|           s00_si_converter                                                                            |                                  d_s2mm_sc_0_bd_b7d8_s00sic_0 |         39 |         36 |       0 |    3 |   15 |      0 |      0 |          0 |
|             inst                                                                                      |                       d_s2mm_sc_0_sc_si_converter_v1_0_13_top |         39 |         36 |       0 |    3 |   15 |      0 |      0 |          0 |
|               (inst)                                                                                  |                       d_s2mm_sc_0_sc_si_converter_v1_0_13_top |          1 |          1 |       0 |    0 |    1 |      0 |      0 |          0 |
|               gen_normal.splitter_inst                                                                |                  d_s2mm_sc_0_sc_si_converter_v1_0_13_splitter |         37 |         34 |       0 |    3 |   11 |      0 |      0 |          0 |
|                 gen_no_wsplitter.gen_endpoint_woffset.gen_wbypass_offset_fifo.wbypass_offset_fifo     |  d_s2mm_sc_0_sc_util_v1_0_4_axic_reg_srl_fifo__parameterized4 |         37 |         34 |       0 |    3 |   11 |      0 |      0 |          0 |
|                   (gen_no_wsplitter.gen_endpoint_woffset.gen_wbypass_offset_fifo.wbypass_offset_fifo) |  d_s2mm_sc_0_sc_util_v1_0_4_axic_reg_srl_fifo__parameterized4 |         23 |         23 |       0 |    0 |   11 |      0 |      0 |          0 |
|                   gen_srls[4].srl_nx1                                                                 |                            d_s2mm_sc_0_sc_util_v1_0_4_srl_rtl |          1 |          0 |       0 |    1 |    0 |      0 |      0 |          0 |
|                   gen_srls[5].srl_nx1                                                                 |                          d_s2mm_sc_0_sc_util_v1_0_4_srl_rtl_9 |          1 |          0 |       0 |    1 |    0 |      0 |      0 |          0 |
|                   gen_srls[6].srl_nx1                                                                 |                         d_s2mm_sc_0_sc_util_v1_0_4_srl_rtl_10 |         12 |         11 |       0 |    1 |    0 |      0 |      0 |          0 |
|               xpm_cdc_async_rst_inst                                                                  |                              d_s2mm_sc_0_xpm_cdc_async_rst__3 |          1 |          1 |       0 |    0 |    3 |      0 |      0 |          0 |
|           s00_transaction_regulator                                                                   |                                   d_s2mm_sc_0_bd_b7d8_s00tr_0 |          0 |          0 |       0 |    0 |    0 |      0 |      0 |          0 |
|             inst                                                                                      |              d_s2mm_sc_0_sc_transaction_regulator_v1_0_11_top |          0 |          0 |       0 |    0 |    0 |      0 |      0 |          0 |
|         s00_nodes                                                                                     |                             d_s2mm_sc_0_s00_nodes_imp_1P2B5ZS |        238 |        130 |     108 |    0 |  225 |      0 |      0 |          0 |
|           s00_aw_node                                                                                 |                                    d_s2mm_sc_0_bd_b7d8_sawn_0 |         96 |         44 |      52 |    0 |   93 |      0 |      0 |          0 |
|             inst                                                                                      |                               d_s2mm_sc_0_sc_node_v1_0_16_top |         96 |         44 |      52 |    0 |   93 |      0 |      0 |          0 |
|               (inst)                                                                                  |                               d_s2mm_sc_0_sc_node_v1_0_16_top |          3 |          3 |       0 |    0 |    1 |      0 |      0 |          0 |
|               inst_mi_handler                                                                         |                        d_s2mm_sc_0_sc_node_v1_0_16_mi_handler |         92 |         40 |      52 |    0 |   88 |      0 |      0 |          0 |
|                 (inst_mi_handler)                                                                     |                        d_s2mm_sc_0_sc_node_v1_0_16_mi_handler |          0 |          0 |       0 |    0 |    2 |      0 |      0 |          0 |
|                 gen_normal_area.inst_fifo_node_payld                                                  |                              d_s2mm_sc_0_sc_node_v1_0_16_fifo |         92 |         40 |      52 |    0 |   86 |      0 |      0 |          0 |
|                   gen_xpm_memory_fifo.inst_fifo                                                       |                    d_s2mm_sc_0_sc_util_v1_0_4_xpm_memory_fifo |         92 |         40 |      52 |    0 |   86 |      0 |      0 |          0 |
|                     (gen_xpm_memory_fifo.inst_fifo)                                                   |                    d_s2mm_sc_0_sc_util_v1_0_4_xpm_memory_fifo |          6 |          6 |       0 |    0 |    4 |      0 |      0 |          0 |
|                     gen_mem_rep[0].inst_rd_addrb                                                      |                          d_s2mm_sc_0_sc_util_v1_0_4_counter_6 |          6 |          6 |       0 |    0 |    6 |      0 |      0 |          0 |
|                     gen_mem_rep[0].inst_wr_addra                                                      |                          d_s2mm_sc_0_sc_util_v1_0_4_counter_7 |          5 |          5 |       0 |    0 |    6 |      0 |      0 |          0 |
|                     gen_mem_rep[0].inst_xpm_memory                                                    |                                 d_s2mm_sc_0_xpm_memory_sdpram |         52 |          0 |      52 |    0 |   64 |      0 |      0 |          0 |
|                       xpm_memory_base_inst                                                            |                                   d_s2mm_sc_0_xpm_memory_base |         52 |          0 |      52 |    0 |   64 |      0 |      0 |          0 |
|                     gen_wr.inst_wr_addra_p1                                                           |          d_s2mm_sc_0_sc_util_v1_0_4_counter__parameterized0_8 |         23 |         23 |       0 |    0 |    6 |      0 |      0 |          0 |
|               inst_si_handler                                                                         |                      d_s2mm_sc_0_sc_node_v1_0_16_si_handler_5 |          1 |          1 |       0 |    0 |    1 |      0 |      0 |          0 |
|               s_sc_xpm_cdc_async_rst_inst                                                             |                              d_s2mm_sc_0_xpm_cdc_async_rst__5 |          1 |          1 |       0 |    0 |    3 |      0 |      0 |          0 |
|           s00_b_node                                                                                  |                                     d_s2mm_sc_0_bd_b7d8_sbn_0 |         46 |         42 |       4 |    0 |   31 |      0 |      0 |          0 |
|             inst                                                                                      |               d_s2mm_sc_0_sc_node_v1_0_16_top__parameterized0 |         46 |         42 |       4 |    0 |   31 |      0 |      0 |          0 |
|               (inst)                                                                                  |               d_s2mm_sc_0_sc_node_v1_0_16_top__parameterized0 |          3 |          3 |       0 |    0 |    1 |      0 |      0 |          0 |
|               inst_mi_handler                                                                         |        d_s2mm_sc_0_sc_node_v1_0_16_mi_handler__parameterized0 |         42 |         38 |       4 |    0 |   26 |      0 |      0 |          0 |
|                 (inst_mi_handler)                                                                     |        d_s2mm_sc_0_sc_node_v1_0_16_mi_handler__parameterized0 |          0 |          0 |       0 |    0 |    2 |      0 |      0 |          0 |
|                 gen_normal_area.inst_fifo_node_payld                                                  |              d_s2mm_sc_0_sc_node_v1_0_16_fifo__parameterized0 |         42 |         38 |       4 |    0 |   24 |      0 |      0 |          0 |
|                   gen_xpm_memory_fifo.inst_fifo                                                       |    d_s2mm_sc_0_sc_util_v1_0_4_xpm_memory_fifo__parameterized0 |         42 |         38 |       4 |    0 |   24 |      0 |      0 |          0 |
|                     (gen_xpm_memory_fifo.inst_fifo)                                                   |    d_s2mm_sc_0_sc_util_v1_0_4_xpm_memory_fifo__parameterized0 |          4 |          4 |       0 |    0 |    4 |      0 |      0 |          0 |
|                     gen_mem_rep[0].inst_rd_addrb                                                      |                          d_s2mm_sc_0_sc_util_v1_0_4_counter_2 |          6 |          6 |       0 |    0 |    6 |      0 |      0 |          0 |
|                     gen_mem_rep[0].inst_wr_addra                                                      |                          d_s2mm_sc_0_sc_util_v1_0_4_counter_3 |          5 |          5 |       0 |    0 |    6 |      0 |      0 |          0 |
|                     gen_mem_rep[0].inst_xpm_memory                                                    |                 d_s2mm_sc_0_xpm_memory_sdpram__parameterized0 |          4 |          0 |       4 |    0 |    2 |      0 |      0 |          0 |
|                       xpm_memory_base_inst                                                            |                   d_s2mm_sc_0_xpm_memory_base__parameterized0 |          4 |          0 |       4 |    0 |    2 |      0 |      0 |          0 |
|                     gen_wr.inst_wr_addra_p1                                                           |          d_s2mm_sc_0_sc_util_v1_0_4_counter__parameterized0_4 |         23 |         23 |       0 |    0 |    6 |      0 |      0 |          0 |
|               inst_si_handler                                                                         |                      d_s2mm_sc_0_sc_node_v1_0_16_si_handler_1 |          1 |          1 |       0 |    0 |    1 |      0 |      0 |          0 |
|               s_sc_xpm_cdc_async_rst_inst                                                             |                              d_s2mm_sc_0_xpm_cdc_async_rst__7 |          1 |          1 |       0 |    0 |    3 |      0 |      0 |          0 |
|           s00_w_node                                                                                  |                                     d_s2mm_sc_0_bd_b7d8_swn_0 |         96 |         44 |      52 |    0 |  101 |      0 |      0 |          0 |
|             inst                                                                                      |               d_s2mm_sc_0_sc_node_v1_0_16_top__parameterized1 |         96 |         44 |      52 |    0 |  101 |      0 |      0 |          0 |
|               (inst)                                                                                  |               d_s2mm_sc_0_sc_node_v1_0_16_top__parameterized1 |          3 |          3 |       0 |    0 |    1 |      0 |      0 |          0 |
|               inst_mi_handler                                                                         |        d_s2mm_sc_0_sc_node_v1_0_16_mi_handler__parameterized1 |         92 |         40 |      52 |    0 |   96 |      0 |      0 |          0 |
|                 (inst_mi_handler)                                                                     |        d_s2mm_sc_0_sc_node_v1_0_16_mi_handler__parameterized1 |          0 |          0 |       0 |    0 |    2 |      0 |      0 |          0 |
|                 gen_normal_area.inst_fifo_node_payld                                                  |              d_s2mm_sc_0_sc_node_v1_0_16_fifo__parameterized1 |         92 |         40 |      52 |    0 |   94 |      0 |      0 |          0 |
|                   gen_xpm_memory_fifo.inst_fifo                                                       |    d_s2mm_sc_0_sc_util_v1_0_4_xpm_memory_fifo__parameterized1 |         92 |         40 |      52 |    0 |   94 |      0 |      0 |          0 |
|                     (gen_xpm_memory_fifo.inst_fifo)                                                   |    d_s2mm_sc_0_sc_util_v1_0_4_xpm_memory_fifo__parameterized1 |          6 |          6 |       0 |    0 |    4 |      0 |      0 |          0 |
|                     gen_mem_rep[0].inst_rd_addrb                                                      |                            d_s2mm_sc_0_sc_util_v1_0_4_counter |          6 |          6 |       0 |    0 |    6 |      0 |      0 |          0 |
|                     gen_mem_rep[0].inst_wr_addra                                                      |                          d_s2mm_sc_0_sc_util_v1_0_4_counter_0 |          5 |          5 |       0 |    0 |    6 |      0 |      0 |          0 |
|                     gen_mem_rep[0].inst_xpm_memory                                                    |                 d_s2mm_sc_0_xpm_memory_sdpram__parameterized1 |         52 |          0 |      52 |    0 |   72 |      0 |      0 |          0 |
|                       xpm_memory_base_inst                                                            |                   d_s2mm_sc_0_xpm_memory_base__parameterized1 |         52 |          0 |      52 |    0 |   72 |      0 |      0 |          0 |
|                     gen_wr.inst_wr_addra_p1                                                           |            d_s2mm_sc_0_sc_util_v1_0_4_counter__parameterized0 |         23 |         23 |       0 |    0 |    6 |      0 |      0 |          0 |
|               inst_si_handler                                                                         |                        d_s2mm_sc_0_sc_node_v1_0_16_si_handler |          1 |          1 |       0 |    0 |    1 |      0 |      0 |          0 |
|               s_sc_xpm_cdc_async_rst_inst                                                             |                              d_s2mm_sc_0_xpm_cdc_async_rst__9 |          1 |          1 |       0 |    0 |    3 |      0 |      0 |          0 |
+-------------------------------------------------------------------------------------------------------+---------------------------------------------------------------+------------+------------+---------+------+------+--------+--------+------------+
* Note: The sum of lower-level cells may be larger than their parent cells total, due to cross-hierarchy LUT combining
