Copyright 1986-2022 Xilinx, Inc. All Rights Reserved. Copyright 2022-2024 Advanced Micro Devices, Inc. All Rights Reserved.
---------------------------------------------------------------------------------------------------------------------------------------------
| Tool Version : Vivado v.2024.1 (win64) Build 5076996 Wed May 22 18:37:14 MDT 2024
| Date         : Tue Jul 21 21:07:56 2026
| Host         : DESKTOP-63734QH running 64-bit major release  (build 9200)
| Command      : report_timing_summary -delay_type max -max_paths 50 -file F:/v/evalmul3_dma_overlay/routed_timing_summary.rpt
| Design       : d_wrapper
| Device       : 7z020-clg400
| Speed File   : -1  PRODUCTION 1.12 2019-11-22
| Design State : Physopt postRoute
---------------------------------------------------------------------------------------------------------------------------------------------

Timing Summary Report

------------------------------------------------------------------------------------------------
| Timer Settings
| --------------
------------------------------------------------------------------------------------------------

  Enable Multi Corner Analysis               :  Yes
  Enable Pessimism Removal                   :  Yes
  Pessimism Removal Resolution               :  Nearest Common Node
  Enable Input Delay Default Clock           :  No
  Enable Preset / Clear Arcs                 :  No
  Disable Flight Delays                      :  No
  Ignore I/O Paths                           :  No
  Timing Early Launch at Borrowing Latches   :  No
  Borrow Time for Max Delay Exceptions       :  Yes
  Merge Timing Exceptions                    :  Yes
  Inter-SLR Compensation                     :  Conservative

  Corner  Analyze    Analyze
  Name    Max Paths  Min Paths
  ------  ---------  ---------
  Slow    Yes        Yes
  Fast    Yes        Yes


------------------------------------------------------------------------------------------------
| Report Methodology
| ------------------
------------------------------------------------------------------------------------------------

No report available as report_methodology has not been run prior. Run report_methodology on the current design for the summary of methodology violations.



check_timing report

Table of Contents
-----------------
1. checking no_clock (0)
2. checking constant_clock (0)
3. checking pulse_width_clock (0)
4. checking unconstrained_internal_endpoints (0)
5. checking no_input_delay (0)
6. checking no_output_delay (0)
7. checking multiple_clock (0)
8. checking generated_clocks (0)
9. checking loops (0)
10. checking partial_input_delay (0)
11. checking partial_output_delay (0)
12. checking latch_loops (0)

1. checking no_clock (0)
------------------------
 There are 0 register/latch pins with no clock.


2. checking constant_clock (0)
------------------------------
 There are 0 register/latch pins with constant_clock.


3. checking pulse_width_clock (0)
---------------------------------
 There are 0 register/latch pins which need pulse_width check


4. checking unconstrained_internal_endpoints (0)
------------------------------------------------
 There are 0 pins that are not constrained for maximum delay.

 There are 0 pins that are not constrained for maximum delay due to constant clock.


5. checking no_input_delay (0)
------------------------------
 There are 0 input ports with no input delay specified.

 There are 0 input ports with no input delay but user has a false path constraint.


6. checking no_output_delay (0)
-------------------------------
 There are 0 ports with no output delay specified.

 There are 0 ports with no output delay but user has a false path constraint

 There are 0 ports with no output delay but with a timing clock defined on it or propagating through it


7. checking multiple_clock (0)
------------------------------
 There are 0 register/latch pins with multiple clocks.


8. checking generated_clocks (0)
--------------------------------
 There are 0 generated clocks that are not connected to a clock source.


9. checking loops (0)
---------------------
 There are 0 combinational loops in the design.


10. checking partial_input_delay (0)
------------------------------------
 There are 0 input ports with partial input delay specified.


11. checking partial_output_delay (0)
-------------------------------------
 There are 0 ports with partial output delay specified.


12. checking latch_loops (0)
----------------------------
 There are 0 combinational latch loops in the design through latch input



------------------------------------------------------------------------------------------------
| Design Timing Summary
| ---------------------
------------------------------------------------------------------------------------------------

    WNS(ns)      TNS(ns)  TNS Failing Endpoints  TNS Total Endpoints     WPWS(ns)     TPWS(ns)  TPWS Failing Endpoints  TPWS Total Endpoints
    -------      -------  ---------------------  -------------------     --------     --------  ----------------------  --------------------
      0.257        0.000                      0                30330        3.750        0.000                       0                  9582


All user specified timing constraints are met.


------------------------------------------------------------------------------------------------
| Clock Summary
| -------------
------------------------------------------------------------------------------------------------

Clock       Waveform(ns)       Period(ns)      Frequency(MHz)
-----       ------------       ----------      --------------
clk_fpga_0  {0.000 5.000}      10.000          100.000


------------------------------------------------------------------------------------------------
| Intra Clock Table
| -----------------
------------------------------------------------------------------------------------------------

Clock             WNS(ns)      TNS(ns)  TNS Failing Endpoints  TNS Total Endpoints     WPWS(ns)     TPWS(ns)  TPWS Failing Endpoints  TPWS Total Endpoints
-----             -------      -------  ---------------------  -------------------     --------     --------  ----------------------  --------------------
clk_fpga_0          0.257        0.000                      0                30330        3.750        0.000                       0                  9582


------------------------------------------------------------------------------------------------
| Inter Clock Table
| -----------------
------------------------------------------------------------------------------------------------

From Clock    To Clock          WNS(ns)      TNS(ns)  TNS Failing Endpoints  TNS Total Endpoints
----------    --------          -------      -------  ---------------------  -------------------


------------------------------------------------------------------------------------------------
| Other Path Groups Table
| -----------------------
------------------------------------------------------------------------------------------------

Path Group    From Clock    To Clock          WNS(ns)      TNS(ns)  TNS Failing Endpoints  TNS Total Endpoints
----------    ----------    --------          -------      -------  ---------------------  -------------------


------------------------------------------------------------------------------------------------
| Timing Details
| --------------
------------------------------------------------------------------------------------------------


---------------------------------------------------------------------------------------------------
From Clock:  clk_fpga_0
  To Clock:  clk_fpga_0

Setup :            0  Failing Endpoints,  Worst Slack        0.257ns,  Total Violation        0.000ns
Hold  :           NA  Failing Endpoints,  Worst Slack           NA  ,  Total Violation           NA
PW    :            0  Failing Endpoints,  Worst Slack        3.750ns,  Total Violation        0.000ns
---------------------------------------------------------------------------------------------------


Max Delay Paths
--------------------------------------------------------------------------------------
Slack (MET) :             0.257ns  (required time - arrival time)
  Source:                 d_i/evalmul3/inst/core/multiplier_towers[0].multiplier_products[1].multiplier/product_stage1_reg__0/CLK
                            (rising edge-triggered cell DSP48E1 clocked by clk_fpga_0  {rise@0.000ns fall@5.000ns period=10.000ns})
  Destination:            d_i/evalmul3/inst/core/multiplier_towers[0].multiplier_products[1].multiplier/reciprocal_high_stage2_reg__0/PCIN[0]
                            (rising edge-triggered cell DSP48E1 clocked by clk_fpga_0  {rise@0.000ns fall@5.000ns period=10.000ns})
  Path Group:             clk_fpga_0
  Path Type:              Setup (Max at Slow Process Corner)
  Requirement:            10.000ns  (clk_fpga_0 rise@10.000ns - clk_fpga_0 rise@0.000ns)
  Data Path Delay:        8.159ns  (logic 6.209ns (76.101%)  route 1.950ns (23.899%))
  Logic Levels:           9  (CARRY4=7 DSP48E1=1 LUT2=1)
  Clock Path Skew:        -0.030ns (DCD - SCD + CPR)
    Destination Clock Delay (DCD):    2.869ns = ( 12.869 - 10.000 )
    Source Clock Delay      (SCD):    3.167ns
    Clock Pessimism Removal (CPR):    0.267ns
  Clock Uncertainty:      0.154ns  ((TSJ^2 + TIJ^2)^1/2 + DJ) / 2 + PE
    Total System Jitter     (TSJ):    0.071ns
    Total Input Jitter      (TIJ):    0.300ns
    Discrete Jitter          (DJ):    0.000ns
    Phase Error              (PE):    0.000ns

    Location             Delay type                Incr(ns)  Path(ns)    Netlist Resource(s)
  -------------------------------------------------------------------    -------------------
                         (clock clk_fpga_0 rise edge)
                                                      0.000     0.000 r
    PS7_X0Y0             PS7                          0.000     0.000 r  d_i/ps7/inst/PS7_i/FCLKCLK[0]
                         net (fo=1, routed)           1.193     1.193    d_i/ps7/inst/FCLK_CLK_unbuffered[0]
    BUFGCTRL_X0Y16       BUFG (Prop_bufg_I_O)         0.101     1.294 r  d_i/ps7/inst/buffer_fclk_clk_0.FCLK_CLK_0_BUFG/O
                         net (fo=9584, routed)        1.873     3.167    d_i/evalmul3/inst/core/multiplier_towers[0].multiplier_products[1].multiplier/aclk
    DSP48_X3Y21          DSP48E1                                      r  d_i/evalmul3/inst/core/multiplier_towers[0].multiplier_products[1].multiplier/product_stage1_reg__0/CLK
  -------------------------------------------------------------------    -------------------
    DSP48_X3Y21          DSP48E1 (Prop_dsp48e1_CLK_P[0])
                                                      0.434     3.601 r  d_i/evalmul3/inst/core/multiplier_towers[0].multiplier_products[1].multiplier/product_stage1_reg__0/P[0]
                         net (fo=2, routed)           0.936     4.537    d_i/evalmul3/inst/core/multiplier_towers[0].multiplier_products[1].multiplier/p_1_in[17]
    SLICE_X93Y48         LUT2 (Prop_lut2_I0_O)        0.124     4.661 r  d_i/evalmul3/inst/core/multiplier_towers[0].multiplier_products[1].multiplier/reciprocal_low_comb_i_14/O
                         net (fo=1, routed)           0.000     4.661    d_i/evalmul3/inst/core/multiplier_towers[0].multiplier_products[1].multiplier/reciprocal_low_comb_i_14_n_0
    SLICE_X93Y48         CARRY4 (Prop_carry4_S[1]_CO[3])
                                                      0.550     5.211 r  d_i/evalmul3/inst/core/multiplier_towers[0].multiplier_products[1].multiplier/reciprocal_low_comb_i_3/CO[3]
                         net (fo=1, routed)           0.000     5.211    d_i/evalmul3/inst/core/multiplier_towers[0].multiplier_products[1].multiplier/reciprocal_low_comb_i_3_n_0
    SLICE_X93Y49         CARRY4 (Prop_carry4_CI_CO[3])
                                                      0.114     5.325 r  d_i/evalmul3/inst/core/multiplier_towers[0].multiplier_products[1].multiplier/reciprocal_low_comb_i_2/CO[3]
                         net (fo=1, routed)           0.001     5.325    d_i/evalmul3/inst/core/multiplier_towers[0].multiplier_products[1].multiplier/reciprocal_low_comb_i_2_n_0
    SLICE_X93Y50         CARRY4 (Prop_carry4_CI_CO[3])
                                                      0.114     5.439 r  d_i/evalmul3/inst/core/multiplier_towers[0].multiplier_products[1].multiplier/reciprocal_low_comb_i_1/CO[3]
                         net (fo=1, routed)           0.000     5.439    d_i/evalmul3/inst/core/multiplier_towers[0].multiplier_products[1].multiplier/reciprocal_low_comb_i_1_n_0
    SLICE_X93Y51         CARRY4 (Prop_carry4_CI_CO[3])
                                                      0.114     5.553 r  d_i/evalmul3/inst/core/multiplier_towers[0].multiplier_products[1].multiplier/reciprocal_high_comb__0_i_4/CO[3]
                         net (fo=1, routed)           0.000     5.553    d_i/evalmul3/inst/core/multiplier_towers[0].multiplier_products[1].multiplier/reciprocal_high_comb__0_i_4_n_0
    SLICE_X93Y52         CARRY4 (Prop_carry4_CI_CO[3])
                                                      0.114     5.667 r  d_i/evalmul3/inst/core/multiplier_towers[0].multiplier_products[1].multiplier/reciprocal_high_comb__0_i_3/CO[3]
                         net (fo=1, routed)           0.000     5.667    d_i/evalmul3/inst/core/multiplier_towers[0].multiplier_products[1].multiplier/reciprocal_high_comb__0_i_3_n_0
    SLICE_X93Y53         CARRY4 (Prop_carry4_CI_CO[3])
                                                      0.114     5.781 r  d_i/evalmul3/inst/core/multiplier_towers[0].multiplier_products[1].multiplier/reciprocal_high_comb__0_i_2/CO[3]
                         net (fo=1, routed)           0.000     5.781    d_i/evalmul3/inst/core/multiplier_towers[0].multiplier_products[1].multiplier/reciprocal_high_comb__0_i_2_n_0
    SLICE_X93Y54         CARRY4 (Prop_carry4_CI_O[3])
                                                      0.313     6.094 r  d_i/evalmul3/inst/core/multiplier_towers[0].multiplier_products[1].multiplier/reciprocal_high_comb__0_i_1/O[3]
                         net (fo=3, routed)           1.011     7.105    d_i/evalmul3/inst/core/multiplier_towers[0].multiplier_products[1].multiplier/product_stage1_reg__1[43]
    DSP48_X3Y24          DSP48E1 (Prop_dsp48e1_A[13]_PCOUT[0])
                                                      4.218    11.323 r  d_i/evalmul3/inst/core/multiplier_towers[0].multiplier_products[1].multiplier/reciprocal_high_comb__0/PCOUT[0]
                         net (fo=1, routed)           0.002    11.325    d_i/evalmul3/inst/core/multiplier_towers[0].multiplier_products[1].multiplier/reciprocal_high_comb__0_n_153
    DSP48_X3Y25          DSP48E1                                      r  d_i/evalmul3/inst/core/multiplier_towers[0].multiplier_products[1].multiplier/reciprocal_high_stage2_reg__0/PCIN[0]
  -------------------------------------------------------------------    -------------------

                         (clock clk_fpga_0 rise edge)
                                                     10.000    10.000 r
    PS7_X0Y0             PS7                          0.000    10.000 r  d_i/ps7/inst/PS7_i/FCLKCLK[0]
                         net (fo=1, routed)           1.088    11.088    d_i/ps7/inst/FCLK_CLK_unbuffered[0]
    BUFGCTRL_X0Y16       BUFG (Prop_bufg_I_O)         0.091    11.179 r  d_i/ps7/inst/buffer_fclk_clk_0.FCLK_CLK_0_BUFG/O
                         net (fo=9584, routed)        1.690    12.869    d_i/evalmul3/inst/core/multiplier_towers[0].multiplier_products[1].multiplier/aclk
    DSP48_X3Y25          DSP48E1                                      r  d_i/evalmul3/inst/core/multiplier_towers[0].multiplier_products[1].multiplier/reciprocal_high_stage2_reg__0/CLK
                         clock pessimism              0.267    13.137
                         clock uncertainty           -0.154    12.982
    DSP48_X3Y25          DSP48E1 (Setup_dsp48e1_CLK_PCIN[0])
                                                     -1.400    11.582    d_i/evalmul3/inst/core/multiplier_towers[0].multiplier_products[1].multiplier/reciprocal_high_stage2_reg__0
  -------------------------------------------------------------------
                         required time                         11.582
                         arrival time                         -11.325
  -------------------------------------------------------------------
                         slack                                  0.257

Slack (MET) :             0.257ns  (required time - arrival time)
  Source:                 d_i/evalmul3/inst/core/multiplier_towers[0].multiplier_products[1].multiplier/product_stage1_reg__0/CLK
                            (rising edge-triggered cell DSP48E1 clocked by clk_fpga_0  {rise@0.000ns fall@5.000ns period=10.000ns})
  Destination:            d_i/evalmul3/inst/core/multiplier_towers[0].multiplier_products[1].multiplier/reciprocal_high_stage2_reg__0/PCIN[10]
                            (rising edge-triggered cell DSP48E1 clocked by clk_fpga_0  {rise@0.000ns fall@5.000ns period=10.000ns})
  Path Group:             clk_fpga_0
  Path Type:              Setup (Max at Slow Process Corner)
  Requirement:            10.000ns  (clk_fpga_0 rise@10.000ns - clk_fpga_0 rise@0.000ns)
  Data Path Delay:        8.159ns  (logic 6.209ns (76.101%)  route 1.950ns (23.899%))
  Logic Levels:           9  (CARRY4=7 DSP48E1=1 LUT2=1)
  Clock Path Skew:        -0.030ns (DCD - SCD + CPR)
    Destination Clock Delay (DCD):    2.869ns = ( 12.869 - 10.000 )
    Source Clock Delay      (SCD):    3.167ns
    Clock Pessimism Removal (CPR):    0.267ns
  Clock Uncertainty:      0.154ns  ((TSJ^2 + TIJ^2)^1/2 + DJ) / 2 + PE
    Total System Jitter     (TSJ):    0.071ns
    Total Input Jitter      (TIJ):    0.300ns
    Discrete Jitter          (DJ):    0.000ns
    Phase Error              (PE):    0.000ns

    Location             Delay type                Incr(ns)  Path(ns)    Netlist Resource(s)
  -------------------------------------------------------------------    -------------------
                         (clock clk_fpga_0 rise edge)
                                                      0.000     0.000 r
    PS7_X0Y0             PS7                          0.000     0.000 r  d_i/ps7/inst/PS7_i/FCLKCLK[0]
                         net (fo=1, routed)           1.193     1.193    d_i/ps7/inst/FCLK_CLK_unbuffered[0]
    BUFGCTRL_X0Y16       BUFG (Prop_bufg_I_O)         0.101     1.294 r  d_i/ps7/inst/buffer_fclk_clk_0.FCLK_CLK_0_BUFG/O
                         net (fo=9584, routed)        1.873     3.167    d_i/evalmul3/inst/core/multiplier_towers[0].multiplier_products[1].multiplier/aclk
    DSP48_X3Y21          DSP48E1                                      r  d_i/evalmul3/inst/core/multiplier_towers[0].multiplier_products[1].multiplier/product_stage1_reg__0/CLK
  -------------------------------------------------------------------    -------------------
    DSP48_X3Y21          DSP48E1 (Prop_dsp48e1_CLK_P[0])
                                                      0.434     3.601 r  d_i/evalmul3/inst/core/multiplier_towers[0].multiplier_products[1].multiplier/product_stage1_reg__0/P[0]
                         net (fo=2, routed)           0.936     4.537    d_i/evalmul3/inst/core/multiplier_towers[0].multiplier_products[1].multiplier/p_1_in[17]
    SLICE_X93Y48         LUT2 (Prop_lut2_I0_O)        0.124     4.661 r  d_i/evalmul3/inst/core/multiplier_towers[0].multiplier_products[1].multiplier/reciprocal_low_comb_i_14/O
                         net (fo=1, routed)           0.000     4.661    d_i/evalmul3/inst/core/multiplier_towers[0].multiplier_products[1].multiplier/reciprocal_low_comb_i_14_n_0
    SLICE_X93Y48         CARRY4 (Prop_carry4_S[1]_CO[3])
                                                      0.550     5.211 r  d_i/evalmul3/inst/core/multiplier_towers[0].multiplier_products[1].multiplier/reciprocal_low_comb_i_3/CO[3]
                         net (fo=1, routed)           0.000     5.211    d_i/evalmul3/inst/core/multiplier_towers[0].multiplier_products[1].multiplier/reciprocal_low_comb_i_3_n_0
    SLICE_X93Y49         CARRY4 (Prop_carry4_CI_CO[3])
                                                      0.114     5.325 r  d_i/evalmul3/inst/core/multiplier_towers[0].multiplier_products[1].multiplier/reciprocal_low_comb_i_2/CO[3]
                         net (fo=1, routed)           0.001     5.325    d_i/evalmul3/inst/core/multiplier_towers[0].multiplier_products[1].multiplier/reciprocal_low_comb_i_2_n_0
    SLICE_X93Y50         CARRY4 (Prop_carry4_CI_CO[3])
                                                      0.114     5.439 r  d_i/evalmul3/inst/core/multiplier_towers[0].multiplier_products[1].multiplier/reciprocal_low_comb_i_1/CO[3]
                         net (fo=1, routed)           0.000     5.439    d_i/evalmul3/inst/core/multiplier_towers[0].multiplier_products[1].multiplier/reciprocal_low_comb_i_1_n_0
    SLICE_X93Y51         CARRY4 (Prop_carry4_CI_CO[3])
                                                      0.114     5.553 r  d_i/evalmul3/inst/core/multiplier_towers[0].multiplier_products[1].multiplier/reciprocal_high_comb__0_i_4/CO[3]
                         net (fo=1, routed)           0.000     5.553    d_i/evalmul3/inst/core/multiplier_towers[0].multiplier_products[1].multiplier/reciprocal_high_comb__0_i_4_n_0
    SLICE_X93Y52         CARRY4 (Prop_carry4_CI_CO[3])
                                                      0.114     5.667 r  d_i/evalmul3/inst/core/multiplier_towers[0].multiplier_products[1].multiplier/reciprocal_high_comb__0_i_3/CO[3]
                         net (fo=1, routed)           0.000     5.667    d_i/evalmul3/inst/core/multiplier_towers[0].multiplier_products[1].multiplier/reciprocal_high_comb__0_i_3_n_0
    SLICE_X93Y53         CARRY4 (Prop_carry4_CI_CO[3])
                                                      0.114     5.781 r  d_i/evalmul3/inst/core/multiplier_towers[0].multiplier_products[1].multiplier/reciprocal_high_comb__0_i_2/CO[3]
                         net (fo=1, routed)           0.000     5.781    d_i/evalmul3/inst/core/multiplier_towers[0].multiplier_products[1].multiplier/reciprocal_high_comb__0_i_2_n_0
    SLICE_X93Y54         CARRY4 (Prop_carry4_CI_O[3])
                                                      0.313     6.094 r  d_i/evalmul3/inst/core/multiplier_towers[0].multiplier_products[1].multiplier/reciprocal_high_comb__0_i_1/O[3]
                         net (fo=3, routed)           1.011     7.105    d_i/evalmul3/inst/core/multiplier_towers[0].multiplier_products[1].multiplier/product_stage1_reg__1[43]
    DSP48_X3Y24          DSP48E1 (Prop_dsp48e1_A[13]_PCOUT[10])
                                                      4.218    11.323 r  d_i/evalmul3/inst/core/multiplier_towers[0].multiplier_products[1].multiplier/reciprocal_high_comb__0/PCOUT[10]
                         net (fo=1, routed)           0.002    11.325    d_i/evalmul3/inst/core/multiplier_towers[0].multiplier_products[1].multiplier/reciprocal_high_comb__0_n_143
    DSP48_X3Y25          DSP48E1                                      r  d_i/evalmul3/inst/core/multiplier_towers[0].multiplier_products[1].multiplier/reciprocal_high_stage2_reg__0/PCIN[10]
  -------------------------------------------------------------------    -------------------

                         (clock clk_fpga_0 rise edge)
                                                     10.000    10.000 r
    PS7_X0Y0             PS7                          0.000    10.000 r  d_i/ps7/inst/PS7_i/FCLKCLK[0]
                         net (fo=1, routed)           1.088    11.088    d_i/ps7/inst/FCLK_CLK_unbuffered[0]
    BUFGCTRL_X0Y16       BUFG (Prop_bufg_I_O)         0.091    11.179 r  d_i/ps7/inst/buffer_fclk_clk_0.FCLK_CLK_0_BUFG/O
                         net (fo=9584, routed)        1.690    12.869    d_i/evalmul3/inst/core/multiplier_towers[0].multiplier_products[1].multiplier/aclk
    DSP48_X3Y25          DSP48E1                                      r  d_i/evalmul3/inst/core/multiplier_towers[0].multiplier_products[1].multiplier/reciprocal_high_stage2_reg__0/CLK
                         clock pessimism              0.267    13.137
                         clock uncertainty           -0.154    12.982
    DSP48_X3Y25          DSP48E1 (Setup_dsp48e1_CLK_PCIN[10])
                                                     -1.400    11.582    d_i/evalmul3/inst/core/multiplier_towers[0].multiplier_products[1].multiplier/reciprocal_high_stage2_reg__0
  -------------------------------------------------------------------
                         required time                         11.582
                         arrival time                         -11.325
  -------------------------------------------------------------------
                         slack                                  0.257

Slack (MET) :             0.257ns  (required time - arrival time)
  Source:                 d_i/evalmul3/inst/core/multiplier_towers[0].multiplier_products[1].multiplier/product_stage1_reg__0/CLK
                            (rising edge-triggered cell DSP48E1 clocked by clk_fpga_0  {rise@0.000ns fall@5.000ns period=10.000ns})
  Destination:            d_i/evalmul3/inst/core/multiplier_towers[0].multiplier_products[1].multiplier/reciprocal_high_stage2_reg__0/PCIN[11]
                            (rising edge-triggered cell DSP48E1 clocked by clk_fpga_0  {rise@0.000ns fall@5.000ns period=10.000ns})
  Path Group:             clk_fpga_0
  Path Type:              Setup (Max at Slow Process Corner)
  Requirement:            10.000ns  (clk_fpga_0 rise@10.000ns - clk_fpga_0 rise@0.000ns)
  Data Path Delay:        8.159ns  (logic 6.209ns (76.101%)  route 1.950ns (23.899%))
  Logic Levels:           9  (CARRY4=7 DSP48E1=1 LUT2=1)
  Clock Path Skew:        -0.030ns (DCD - SCD + CPR)
    Destination Clock Delay (DCD):    2.869ns = ( 12.869 - 10.000 )
    Source Clock Delay      (SCD):    3.167ns
    Clock Pessimism Removal (CPR):    0.267ns
  Clock Uncertainty:      0.154ns  ((TSJ^2 + TIJ^2)^1/2 + DJ) / 2 + PE
    Total System Jitter     (TSJ):    0.071ns
    Total Input Jitter      (TIJ):    0.300ns
    Discrete Jitter          (DJ):    0.000ns
    Phase Error              (PE):    0.000ns

    Location             Delay type                Incr(ns)  Path(ns)    Netlist Resource(s)
  -------------------------------------------------------------------    -------------------
                         (clock clk_fpga_0 rise edge)
                                                      0.000     0.000 r
    PS7_X0Y0             PS7                          0.000     0.000 r  d_i/ps7/inst/PS7_i/FCLKCLK[0]
                         net (fo=1, routed)           1.193     1.193    d_i/ps7/inst/FCLK_CLK_unbuffered[0]
    BUFGCTRL_X0Y16       BUFG (Prop_bufg_I_O)         0.101     1.294 r  d_i/ps7/inst/buffer_fclk_clk_0.FCLK_CLK_0_BUFG/O
                         net (fo=9584, routed)        1.873     3.167    d_i/evalmul3/inst/core/multiplier_towers[0].multiplier_products[1].multiplier/aclk
    DSP48_X3Y21          DSP48E1                                      r  d_i/evalmul3/inst/core/multiplier_towers[0].multiplier_products[1].multiplier/product_stage1_reg__0/CLK
  -------------------------------------------------------------------    -------------------
    DSP48_X3Y21          DSP48E1 (Prop_dsp48e1_CLK_P[0])
                                                      0.434     3.601 r  d_i/evalmul3/inst/core/multiplier_towers[0].multiplier_products[1].multiplier/product_stage1_reg__0/P[0]
                         net (fo=2, routed)           0.936     4.537    d_i/evalmul3/inst/core/multiplier_towers[0].multiplier_products[1].multiplier/p_1_in[17]
    SLICE_X93Y48         LUT2 (Prop_lut2_I0_O)        0.124     4.661 r  d_i/evalmul3/inst/core/multiplier_towers[0].multiplier_products[1].multiplier/reciprocal_low_comb_i_14/O
                         net (fo=1, routed)           0.000     4.661    d_i/evalmul3/inst/core/multiplier_towers[0].multiplier_products[1].multiplier/reciprocal_low_comb_i_14_n_0
    SLICE_X93Y48         CARRY4 (Prop_carry4_S[1]_CO[3])
                                                      0.550     5.211 r  d_i/evalmul3/inst/core/multiplier_towers[0].multiplier_products[1].multiplier/reciprocal_low_comb_i_3/CO[3]
                         net (fo=1, routed)           0.000     5.211    d_i/evalmul3/inst/core/multiplier_towers[0].multiplier_products[1].multiplier/reciprocal_low_comb_i_3_n_0
    SLICE_X93Y49         CARRY4 (Prop_carry4_CI_CO[3])
                                                      0.114     5.325 r  d_i/evalmul3/inst/core/multiplier_towers[0].multiplier_products[1].multiplier/reciprocal_low_comb_i_2/CO[3]
                         net (fo=1, routed)           0.001     5.325    d_i/evalmul3/inst/core/multiplier_towers[0].multiplier_products[1].multiplier/reciprocal_low_comb_i_2_n_0
    SLICE_X93Y50         CARRY4 (Prop_carry4_CI_CO[3])
                                                      0.114     5.439 r  d_i/evalmul3/inst/core/multiplier_towers[0].multiplier_products[1].multiplier/reciprocal_low_comb_i_1/CO[3]
                         net (fo=1, routed)           0.000     5.439    d_i/evalmul3/inst/core/multiplier_towers[0].multiplier_products[1].multiplier/reciprocal_low_comb_i_1_n_0
    SLICE_X93Y51         CARRY4 (Prop_carry4_CI_CO[3])
                                                      0.114     5.553 r  d_i/evalmul3/inst/core/multiplier_towers[0].multiplier_products[1].multiplier/reciprocal_high_comb__0_i_4/CO[3]
                         net (fo=1, routed)           0.000     5.553    d_i/evalmul3/inst/core/multiplier_towers[0].multiplier_products[1].multiplier/reciprocal_high_comb__0_i_4_n_0
    SLICE_X93Y52         CARRY4 (Prop_carry4_CI_CO[3])
                                                      0.114     5.667 r  d_i/evalmul3/inst/core/multiplier_towers[0].multiplier_products[1].multiplier/reciprocal_high_comb__0_i_3/CO[3]
                         net (fo=1, routed)           0.000     5.667    d_i/evalmul3/inst/core/multiplier_towers[0].multiplier_products[1].multiplier/reciprocal_high_comb__0_i_3_n_0
    SLICE_X93Y53         CARRY4 (Prop_carry4_CI_CO[3])
                                                      0.114     5.781 r  d_i/evalmul3/inst/core/multiplier_towers[0].multiplier_products[1].multiplier/reciprocal_high_comb__0_i_2/CO[3]
                         net (fo=1, routed)           0.000     5.781    d_i/evalmul3/inst/core/multiplier_towers[0].multiplier_products[1].multiplier/reciprocal_high_comb__0_i_2_n_0
    SLICE_X93Y54         CARRY4 (Prop_carry4_CI_O[3])
                                                      0.313     6.094 r  d_i/evalmul3/inst/core/multiplier_towers[0].multiplier_products[1].multiplier/reciprocal_high_comb__0_i_1/O[3]
                         net (fo=3, routed)           1.011     7.105    d_i/evalmul3/inst/core/multiplier_towers[0].multiplier_products[1].multiplier/product_stage1_reg__1[43]
    DSP48_X3Y24          DSP48E1 (Prop_dsp48e1_A[13]_PCOUT[11])
                                                      4.218    11.323 r  d_i/evalmul3/inst/core/multiplier_towers[0].multiplier_products[1].multiplier/reciprocal_high_comb__0/PCOUT[11]
                         net (fo=1, routed)           0.002    11.325    d_i/evalmul3/inst/core/multiplier_towers[0].multiplier_products[1].multiplier/reciprocal_high_comb__0_n_142
    DSP48_X3Y25          DSP48E1                                      r  d_i/evalmul3/inst/core/multiplier_towers[0].multiplier_products[1].multiplier/reciprocal_high_stage2_reg__0/PCIN[11]
  -------------------------------------------------------------------    -------------------

                         (clock clk_fpga_0 rise edge)
                                                     10.000    10.000 r
    PS7_X0Y0             PS7                          0.000    10.000 r  d_i/ps7/inst/PS7_i/FCLKCLK[0]
                         net (fo=1, routed)           1.088    11.088    d_i/ps7/inst/FCLK_CLK_unbuffered[0]
    BUFGCTRL_X0Y16       BUFG (Prop_bufg_I_O)         0.091    11.179 r  d_i/ps7/inst/buffer_fclk_clk_0.FCLK_CLK_0_BUFG/O
                         net (fo=9584, routed)        1.690    12.869    d_i/evalmul3/inst/core/multiplier_towers[0].multiplier_products[1].multiplier/aclk
    DSP48_X3Y25          DSP48E1                                      r  d_i/evalmul3/inst/core/multiplier_towers[0].multiplier_products[1].multiplier/reciprocal_high_stage2_reg__0/CLK
                         clock pessimism              0.267    13.137
                         clock uncertainty           -0.154    12.982
    DSP48_X3Y25          DSP48E1 (Setup_dsp48e1_CLK_PCIN[11])
                                                     -1.400    11.582    d_i/evalmul3/inst/core/multiplier_towers[0].multiplier_products[1].multiplier/reciprocal_high_stage2_reg__0
  -------------------------------------------------------------------
                         required time                         11.582
                         arrival time                         -11.325
  -------------------------------------------------------------------
                         slack                                  0.257

Slack (MET) :             0.257ns  (required time - arrival time)
  Source:                 d_i/evalmul3/inst/core/multiplier_towers[0].multiplier_products[1].multiplier/product_stage1_reg__0/CLK
                            (rising edge-triggered cell DSP48E1 clocked by clk_fpga_0  {rise@0.000ns fall@5.000ns period=10.000ns})
  Destination:            d_i/evalmul3/inst/core/multiplier_towers[0].multiplier_products[1].multiplier/reciprocal_high_stage2_reg__0/PCIN[12]
                            (rising edge-triggered cell DSP48E1 clocked by clk_fpga_0  {rise@0.000ns fall@5.000ns period=10.000ns})
  Path Group:             clk_fpga_0
  Path Type:              Setup (Max at Slow Process Corner)
  Requirement:            10.000ns  (clk_fpga_0 rise@10.000ns - clk_fpga_0 rise@0.000ns)
  Data Path Delay:        8.159ns  (logic 6.209ns (76.101%)  route 1.950ns (23.899%))
  Logic Levels:           9  (CARRY4=7 DSP48E1=1 LUT2=1)
  Clock Path Skew:        -0.030ns (DCD - SCD + CPR)
    Destination Clock Delay (DCD):    2.869ns = ( 12.869 - 10.000 )
    Source Clock Delay      (SCD):    3.167ns
    Clock Pessimism Removal (CPR):    0.267ns
  Clock Uncertainty:      0.154ns  ((TSJ^2 + TIJ^2)^1/2 + DJ) / 2 + PE
    Total System Jitter     (TSJ):    0.071ns
    Total Input Jitter      (TIJ):    0.300ns
    Discrete Jitter          (DJ):    0.000ns
    Phase Error              (PE):    0.000ns

    Location             Delay type                Incr(ns)  Path(ns)    Netlist Resource(s)
  -------------------------------------------------------------------    -------------------
                         (clock clk_fpga_0 rise edge)
                                                      0.000     0.000 r
    PS7_X0Y0             PS7                          0.000     0.000 r  d_i/ps7/inst/PS7_i/FCLKCLK[0]
                         net (fo=1, routed)           1.193     1.193    d_i/ps7/inst/FCLK_CLK_unbuffered[0]
    BUFGCTRL_X0Y16       BUFG (Prop_bufg_I_O)         0.101     1.294 r  d_i/ps7/inst/buffer_fclk_clk_0.FCLK_CLK_0_BUFG/O
                         net (fo=9584, routed)        1.873     3.167    d_i/evalmul3/inst/core/multiplier_towers[0].multiplier_products[1].multiplier/aclk
    DSP48_X3Y21          DSP48E1                                      r  d_i/evalmul3/inst/core/multiplier_towers[0].multiplier_products[1].multiplier/product_stage1_reg__0/CLK
  -------------------------------------------------------------------    -------------------
    DSP48_X3Y21          DSP48E1 (Prop_dsp48e1_CLK_P[0])
                                                      0.434     3.601 r  d_i/evalmul3/inst/core/multiplier_towers[0].multiplier_products[1].multiplier/product_stage1_reg__0/P[0]
                         net (fo=2, routed)           0.936     4.537    d_i/evalmul3/inst/core/multiplier_towers[0].multiplier_products[1].multiplier/p_1_in[17]
    SLICE_X93Y48         LUT2 (Prop_lut2_I0_O)        0.124     4.661 r  d_i/evalmul3/inst/core/multiplier_towers[0].multiplier_products[1].multiplier/reciprocal_low_comb_i_14/O
                         net (fo=1, routed)           0.000     4.661    d_i/evalmul3/inst/core/multiplier_towers[0].multiplier_products[1].multiplier/reciprocal_low_comb_i_14_n_0
    SLICE_X93Y48         CARRY4 (Prop_carry4_S[1]_CO[3])
                                                      0.550     5.211 r  d_i/evalmul3/inst/core/multiplier_towers[0].multiplier_products[1].multiplier/reciprocal_low_comb_i_3/CO[3]
                         net (fo=1, routed)           0.000     5.211    d_i/evalmul3/inst/core/multiplier_towers[0].multiplier_products[1].multiplier/reciprocal_low_comb_i_3_n_0
    SLICE_X93Y49         CARRY4 (Prop_carry4_CI_CO[3])
                                                      0.114     5.325 r  d_i/evalmul3/inst/core/multiplier_towers[0].multiplier_products[1].multiplier/reciprocal_low_comb_i_2/CO[3]
                         net (fo=1, routed)           0.001     5.325    d_i/evalmul3/inst/core/multiplier_towers[0].multiplier_products[1].multiplier/reciprocal_low_comb_i_2_n_0
    SLICE_X93Y50         CARRY4 (Prop_carry4_CI_CO[3])
                                                      0.114     5.439 r  d_i/evalmul3/inst/core/multiplier_towers[0].multiplier_products[1].multiplier/reciprocal_low_comb_i_1/CO[3]
                         net (fo=1, routed)           0.000     5.439    d_i/evalmul3/inst/core/multiplier_towers[0].multiplier_products[1].multiplier/reciprocal_low_comb_i_1_n_0
    SLICE_X93Y51         CARRY4 (Prop_carry4_CI_CO[3])
                                                      0.114     5.553 r  d_i/evalmul3/inst/core/multiplier_towers[0].multiplier_products[1].multiplier/reciprocal_high_comb__0_i_4/CO[3]
                         net (fo=1, routed)           0.000     5.553    d_i/evalmul3/inst/core/multiplier_towers[0].multiplier_products[1].multiplier/reciprocal_high_comb__0_i_4_n_0
    SLICE_X93Y52         CARRY4 (Prop_carry4_CI_CO[3])
                                                      0.114     5.667 r  d_i/evalmul3/inst/core/multiplier_towers[0].multiplier_products[1].multiplier/reciprocal_high_comb__0_i_3/CO[3]
                         net (fo=1, routed)           0.000     5.667    d_i/evalmul3/inst/core/multiplier_towers[0].multiplier_products[1].multiplier/reciprocal_high_comb__0_i_3_n_0
    SLICE_X93Y53         CARRY4 (Prop_carry4_CI_CO[3])
                                                      0.114     5.781 r  d_i/evalmul3/inst/core/multiplier_towers[0].multiplier_products[1].multiplier/reciprocal_high_comb__0_i_2/CO[3]
                         net (fo=1, routed)           0.000     5.781    d_i/evalmul3/inst/core/multiplier_towers[0].multiplier_products[1].multiplier/reciprocal_high_comb__0_i_2_n_0
    SLICE_X93Y54         CARRY4 (Prop_carry4_CI_O[3])
                                                      0.313     6.094 r  d_i/evalmul3/inst/core/multiplier_towers[0].multiplier_products[1].multiplier/reciprocal_high_comb__0_i_1/O[3]
                         net (fo=3, routed)           1.011     7.105    d_i/evalmul3/inst/core/multiplier_towers[0].multiplier_products[1].multiplier/product_stage1_reg__1[43]
    DSP48_X3Y24          DSP48E1 (Prop_dsp48e1_A[13]_PCOUT[12])
                                                      4.218    11.323 r  d_i/evalmul3/inst/core/multiplier_towers[0].multiplier_products[1].multiplier/reciprocal_high_comb__0/PCOUT[12]
                         net (fo=1, routed)           0.002    11.325    d_i/evalmul3/inst/core/multiplier_towers[0].multiplier_products[1].multiplier/reciprocal_high_comb__0_n_141
    DSP48_X3Y25          DSP48E1                                      r  d_i/evalmul3/inst/core/multiplier_towers[0].multiplier_products[1].multiplier/reciprocal_high_stage2_reg__0/PCIN[12]
  -------------------------------------------------------------------    -------------------

                         (clock clk_fpga_0 rise edge)
                                                     10.000    10.000 r
    PS7_X0Y0             PS7                          0.000    10.000 r  d_i/ps7/inst/PS7_i/FCLKCLK[0]
                         net (fo=1, routed)           1.088    11.088    d_i/ps7/inst/FCLK_CLK_unbuffered[0]
    BUFGCTRL_X0Y16       BUFG (Prop_bufg_I_O)         0.091    11.179 r  d_i/ps7/inst/buffer_fclk_clk_0.FCLK_CLK_0_BUFG/O
                         net (fo=9584, routed)        1.690    12.869    d_i/evalmul3/inst/core/multiplier_towers[0].multiplier_products[1].multiplier/aclk
    DSP48_X3Y25          DSP48E1                                      r  d_i/evalmul3/inst/core/multiplier_towers[0].multiplier_products[1].multiplier/reciprocal_high_stage2_reg__0/CLK
                         clock pessimism              0.267    13.137
                         clock uncertainty           -0.154    12.982
    DSP48_X3Y25          DSP48E1 (Setup_dsp48e1_CLK_PCIN[12])
                                                     -1.400    11.582    d_i/evalmul3/inst/core/multiplier_towers[0].multiplier_products[1].multiplier/reciprocal_high_stage2_reg__0
  -------------------------------------------------------------------
                         required time                         11.582
                         arrival time                         -11.325
  -------------------------------------------------------------------
                         slack                                  0.257

Slack (MET) :             0.257ns  (required time - arrival time)
  Source:                 d_i/evalmul3/inst/core/multiplier_towers[0].multiplier_products[1].multiplier/product_stage1_reg__0/CLK
                            (rising edge-triggered cell DSP48E1 clocked by clk_fpga_0  {rise@0.000ns fall@5.000ns period=10.000ns})
  Destination:            d_i/evalmul3/inst/core/multiplier_towers[0].multiplier_products[1].multiplier/reciprocal_high_stage2_reg__0/PCIN[13]
                            (rising edge-triggered cell DSP48E1 clocked by clk_fpga_0  {rise@0.000ns fall@5.000ns period=10.000ns})
  Path Group:             clk_fpga_0
  Path Type:              Setup (Max at Slow Process Corner)
  Requirement:            10.000ns  (clk_fpga_0 rise@10.000ns - clk_fpga_0 rise@0.000ns)
  Data Path Delay:        8.159ns  (logic 6.209ns (76.101%)  route 1.950ns (23.899%))
  Logic Levels:           9  (CARRY4=7 DSP48E1=1 LUT2=1)
  Clock Path Skew:        -0.030ns (DCD - SCD + CPR)
    Destination Clock Delay (DCD):    2.869ns = ( 12.869 - 10.000 )
    Source Clock Delay      (SCD):    3.167ns
    Clock Pessimism Removal (CPR):    0.267ns
  Clock Uncertainty:      0.154ns  ((TSJ^2 + TIJ^2)^1/2 + DJ) / 2 + PE
    Total System Jitter     (TSJ):    0.071ns
    Total Input Jitter      (TIJ):    0.300ns
    Discrete Jitter          (DJ):    0.000ns
    Phase Error              (PE):    0.000ns

    Location             Delay type                Incr(ns)  Path(ns)    Netlist Resource(s)
  -------------------------------------------------------------------    -------------------
                         (clock clk_fpga_0 rise edge)
                                                      0.000     0.000 r
    PS7_X0Y0             PS7                          0.000     0.000 r  d_i/ps7/inst/PS7_i/FCLKCLK[0]
                         net (fo=1, routed)           1.193     1.193    d_i/ps7/inst/FCLK_CLK_unbuffered[0]
    BUFGCTRL_X0Y16       BUFG (Prop_bufg_I_O)         0.101     1.294 r  d_i/ps7/inst/buffer_fclk_clk_0.FCLK_CLK_0_BUFG/O
                         net (fo=9584, routed)        1.873     3.167    d_i/evalmul3/inst/core/multiplier_towers[0].multiplier_products[1].multiplier/aclk
    DSP48_X3Y21          DSP48E1                                      r  d_i/evalmul3/inst/core/multiplier_towers[0].multiplier_products[1].multiplier/product_stage1_reg__0/CLK
  -------------------------------------------------------------------    -------------------
    DSP48_X3Y21          DSP48E1 (Prop_dsp48e1_CLK_P[0])
                                                      0.434     3.601 r  d_i/evalmul3/inst/core/multiplier_towers[0].multiplier_products[1].multiplier/product_stage1_reg__0/P[0]
                         net (fo=2, routed)           0.936     4.537    d_i/evalmul3/inst/core/multiplier_towers[0].multiplier_products[1].multiplier/p_1_in[17]
    SLICE_X93Y48         LUT2 (Prop_lut2_I0_O)        0.124     4.661 r  d_i/evalmul3/inst/core/multiplier_towers[0].multiplier_products[1].multiplier/reciprocal_low_comb_i_14/O
                         net (fo=1, routed)           0.000     4.661    d_i/evalmul3/inst/core/multiplier_towers[0].multiplier_products[1].multiplier/reciprocal_low_comb_i_14_n_0
    SLICE_X93Y48         CARRY4 (Prop_carry4_S[1]_CO[3])
                                                      0.550     5.211 r  d_i/evalmul3/inst/core/multiplier_towers[0].multiplier_products[1].multiplier/reciprocal_low_comb_i_3/CO[3]
                         net (fo=1, routed)           0.000     5.211    d_i/evalmul3/inst/core/multiplier_towers[0].multiplier_products[1].multiplier/reciprocal_low_comb_i_3_n_0
    SLICE_X93Y49         CARRY4 (Prop_carry4_CI_CO[3])
                                                      0.114     5.325 r  d_i/evalmul3/inst/core/multiplier_towers[0].multiplier_products[1].multiplier/reciprocal_low_comb_i_2/CO[3]
                         net (fo=1, routed)           0.001     5.325    d_i/evalmul3/inst/core/multiplier_towers[0].multiplier_products[1].multiplier/reciprocal_low_comb_i_2_n_0
    SLICE_X93Y50         CARRY4 (Prop_carry4_CI_CO[3])
                                                      0.114     5.439 r  d_i/evalmul3/inst/core/multiplier_towers[0].multiplier_products[1].multiplier/reciprocal_low_comb_i_1/CO[3]
                         net (fo=1, routed)           0.000     5.439    d_i/evalmul3/inst/core/multiplier_towers[0].multiplier_products[1].multiplier/reciprocal_low_comb_i_1_n_0
    SLICE_X93Y51         CARRY4 (Prop_carry4_CI_CO[3])
                                                      0.114     5.553 r  d_i/evalmul3/inst/core/multiplier_towers[0].multiplier_products[1].multiplier/reciprocal_high_comb__0_i_4/CO[3]
                         net (fo=1, routed)           0.000     5.553    d_i/evalmul3/inst/core/multiplier_towers[0].multiplier_products[1].multiplier/reciprocal_high_comb__0_i_4_n_0
    SLICE_X93Y52         CARRY4 (Prop_carry4_CI_CO[3])
                                                      0.114     5.667 r  d_i/evalmul3/inst/core/multiplier_towers[0].multiplier_products[1].multiplier/reciprocal_high_comb__0_i_3/CO[3]
                         net (fo=1, routed)           0.000     5.667    d_i/evalmul3/inst/core/multiplier_towers[0].multiplier_products[1].multiplier/reciprocal_high_comb__0_i_3_n_0
    SLICE_X93Y53         CARRY4 (Prop_carry4_CI_CO[3])
                                                      0.114     5.781 r  d_i/evalmul3/inst/core/multiplier_towers[0].multiplier_products[1].multiplier/reciprocal_high_comb__0_i_2/CO[3]
                         net (fo=1, routed)           0.000     5.781    d_i/evalmul3/inst/core/multiplier_towers[0].multiplier_products[1].multiplier/reciprocal_high_comb__0_i_2_n_0
    SLICE_X93Y54         CARRY4 (Prop_carry4_CI_O[3])
                                                      0.313     6.094 r  d_i/evalmul3/inst/core/multiplier_towers[0].multiplier_products[1].multiplier/reciprocal_high_comb__0_i_1/O[3]
                         net (fo=3, routed)           1.011     7.105    d_i/evalmul3/inst/core/multiplier_towers[0].multiplier_products[1].multiplier/product_stage1_reg__1[43]
    DSP48_X3Y24          DSP48E1 (Prop_dsp48e1_A[13]_PCOUT[13])
                                                      4.218    11.323 r  d_i/evalmul3/inst/core/multiplier_towers[0].multiplier_products[1].multiplier/reciprocal_high_comb__0/PCOUT[13]
                         net (fo=1, routed)           0.002    11.325    d_i/evalmul3/inst/core/multiplier_towers[0].multiplier_products[1].multiplier/reciprocal_high_comb__0_n_140
    DSP48_X3Y25          DSP48E1                                      r  d_i/evalmul3/inst/core/multiplier_towers[0].multiplier_products[1].multiplier/reciprocal_high_stage2_reg__0/PCIN[13]
  -------------------------------------------------------------------    -------------------

                         (clock clk_fpga_0 rise edge)
                                                     10.000    10.000 r
    PS7_X0Y0             PS7                          0.000    10.000 r  d_i/ps7/inst/PS7_i/FCLKCLK[0]
                         net (fo=1, routed)           1.088    11.088    d_i/ps7/inst/FCLK_CLK_unbuffered[0]
    BUFGCTRL_X0Y16       BUFG (Prop_bufg_I_O)         0.091    11.179 r  d_i/ps7/inst/buffer_fclk_clk_0.FCLK_CLK_0_BUFG/O
                         net (fo=9584, routed)        1.690    12.869    d_i/evalmul3/inst/core/multiplier_towers[0].multiplier_products[1].multiplier/aclk
    DSP48_X3Y25          DSP48E1                                      r  d_i/evalmul3/inst/core/multiplier_towers[0].multiplier_products[1].multiplier/reciprocal_high_stage2_reg__0/CLK
                         clock pessimism              0.267    13.137
                         clock uncertainty           -0.154    12.982
    DSP48_X3Y25          DSP48E1 (Setup_dsp48e1_CLK_PCIN[13])
                                                     -1.400    11.582    d_i/evalmul3/inst/core/multiplier_towers[0].multiplier_products[1].multiplier/reciprocal_high_stage2_reg__0
  -------------------------------------------------------------------
                         required time                         11.582
                         arrival time                         -11.325
  -------------------------------------------------------------------
                         slack                                  0.257

Slack (MET) :             0.257ns  (required time - arrival time)
  Source:                 d_i/evalmul3/inst/core/multiplier_towers[0].multiplier_products[1].multiplier/product_stage1_reg__0/CLK
                            (rising edge-triggered cell DSP48E1 clocked by clk_fpga_0  {rise@0.000ns fall@5.000ns period=10.000ns})
  Destination:            d_i/evalmul3/inst/core/multiplier_towers[0].multiplier_products[1].multiplier/reciprocal_high_stage2_reg__0/PCIN[14]
                            (rising edge-triggered cell DSP48E1 clocked by clk_fpga_0  {rise@0.000ns fall@5.000ns period=10.000ns})
  Path Group:             clk_fpga_0
  Path Type:              Setup (Max at Slow Process Corner)
  Requirement:            10.000ns  (clk_fpga_0 rise@10.000ns - clk_fpga_0 rise@0.000ns)
  Data Path Delay:        8.159ns  (logic 6.209ns (76.101%)  route 1.950ns (23.899%))
  Logic Levels:           9  (CARRY4=7 DSP48E1=1 LUT2=1)
  Clock Path Skew:        -0.030ns (DCD - SCD + CPR)
    Destination Clock Delay (DCD):    2.869ns = ( 12.869 - 10.000 )
    Source Clock Delay      (SCD):    3.167ns
    Clock Pessimism Removal (CPR):    0.267ns
  Clock Uncertainty:      0.154ns  ((TSJ^2 + TIJ^2)^1/2 + DJ) / 2 + PE
    Total System Jitter     (TSJ):    0.071ns
    Total Input Jitter      (TIJ):    0.300ns
    Discrete Jitter          (DJ):    0.000ns
    Phase Error              (PE):    0.000ns

    Location             Delay type                Incr(ns)  Path(ns)    Netlist Resource(s)
  -------------------------------------------------------------------    -------------------
                         (clock clk_fpga_0 rise edge)
                                                      0.000     0.000 r
    PS7_X0Y0             PS7                          0.000     0.000 r  d_i/ps7/inst/PS7_i/FCLKCLK[0]
                         net (fo=1, routed)           1.193     1.193    d_i/ps7/inst/FCLK_CLK_unbuffered[0]
    BUFGCTRL_X0Y16       BUFG (Prop_bufg_I_O)         0.101     1.294 r  d_i/ps7/inst/buffer_fclk_clk_0.FCLK_CLK_0_BUFG/O
                         net (fo=9584, routed)        1.873     3.167    d_i/evalmul3/inst/core/multiplier_towers[0].multiplier_products[1].multiplier/aclk
    DSP48_X3Y21          DSP48E1                                      r  d_i/evalmul3/inst/core/multiplier_towers[0].multiplier_products[1].multiplier/product_stage1_reg__0/CLK
  -------------------------------------------------------------------    -------------------
    DSP48_X3Y21          DSP48E1 (Prop_dsp48e1_CLK_P[0])
                                                      0.434     3.601 r  d_i/evalmul3/inst/core/multiplier_towers[0].multiplier_products[1].multiplier/product_stage1_reg__0/P[0]
                         net (fo=2, routed)           0.936     4.537    d_i/evalmul3/inst/core/multiplier_towers[0].multiplier_products[1].multiplier/p_1_in[17]
    SLICE_X93Y48         LUT2 (Prop_lut2_I0_O)        0.124     4.661 r  d_i/evalmul3/inst/core/multiplier_towers[0].multiplier_products[1].multiplier/reciprocal_low_comb_i_14/O
                         net (fo=1, routed)           0.000     4.661    d_i/evalmul3/inst/core/multiplier_towers[0].multiplier_products[1].multiplier/reciprocal_low_comb_i_14_n_0
    SLICE_X93Y48         CARRY4 (Prop_carry4_S[1]_CO[3])
                                                      0.550     5.211 r  d_i/evalmul3/inst/core/multiplier_towers[0].multiplier_products[1].multiplier/reciprocal_low_comb_i_3/CO[3]
                         net (fo=1, routed)           0.000     5.211    d_i/evalmul3/inst/core/multiplier_towers[0].multiplier_products[1].multiplier/reciprocal_low_comb_i_3_n_0
    SLICE_X93Y49         CARRY4 (Prop_carry4_CI_CO[3])
                                                      0.114     5.325 r  d_i/evalmul3/inst/core/multiplier_towers[0].multiplier_products[1].multiplier/reciprocal_low_comb_i_2/CO[3]
                         net (fo=1, routed)           0.001     5.325    d_i/evalmul3/inst/core/multiplier_towers[0].multiplier_products[1].multiplier/reciprocal_low_comb_i_2_n_0
    SLICE_X93Y50         CARRY4 (Prop_carry4_CI_CO[3])
                                                      0.114     5.439 r  d_i/evalmul3/inst/core/multiplier_towers[0].multiplier_products[1].multiplier/reciprocal_low_comb_i_1/CO[3]
                         net (fo=1, routed)           0.000     5.439    d_i/evalmul3/inst/core/multiplier_towers[0].multiplier_products[1].multiplier/reciprocal_low_comb_i_1_n_0
    SLICE_X93Y51         CARRY4 (Prop_carry4_CI_CO[3])
                                                      0.114     5.553 r  d_i/evalmul3/inst/core/multiplier_towers[0].multiplier_products[1].multiplier/reciprocal_high_comb__0_i_4/CO[3]
                         net (fo=1, routed)           0.000     5.553    d_i/evalmul3/inst/core/multiplier_towers[0].multiplier_products[1].multiplier/reciprocal_high_comb__0_i_4_n_0
    SLICE_X93Y52         CARRY4 (Prop_carry4_CI_CO[3])
                                                      0.114     5.667 r  d_i/evalmul3/inst/core/multiplier_towers[0].multiplier_products[1].multiplier/reciprocal_high_comb__0_i_3/CO[3]
                         net (fo=1, routed)           0.000     5.667    d_i/evalmul3/inst/core/multiplier_towers[0].multiplier_products[1].multiplier/reciprocal_high_comb__0_i_3_n_0
    SLICE_X93Y53         CARRY4 (Prop_carry4_CI_CO[3])
                                                      0.114     5.781 r  d_i/evalmul3/inst/core/multiplier_towers[0].multiplier_products[1].multiplier/reciprocal_high_comb__0_i_2/CO[3]
                         net (fo=1, routed)           0.000     5.781    d_i/evalmul3/inst/core/multiplier_towers[0].multiplier_products[1].multiplier/reciprocal_high_comb__0_i_2_n_0
    SLICE_X93Y54         CARRY4 (Prop_carry4_CI_O[3])
                                                      0.313     6.094 r  d_i/evalmul3/inst/core/multiplier_towers[0].multiplier_products[1].multiplier/reciprocal_high_comb__0_i_1/O[3]
                         net (fo=3, routed)           1.011     7.105    d_i/evalmul3/inst/core/multiplier_towers[0].multiplier_products[1].multiplier/product_stage1_reg__1[43]
    DSP48_X3Y24          DSP48E1 (Prop_dsp48e1_A[13]_PCOUT[14])
                                                      4.218    11.323 r  d_i/evalmul3/inst/core/multiplier_towers[0].multiplier_products[1].multiplier/reciprocal_high_comb__0/PCOUT[14]
                         net (fo=1, routed)           0.002    11.325    d_i/evalmul3/inst/core/multiplier_towers[0].multiplier_products[1].multiplier/reciprocal_high_comb__0_n_139
    DSP48_X3Y25          DSP48E1                                      r  d_i/evalmul3/inst/core/multiplier_towers[0].multiplier_products[1].multiplier/reciprocal_high_stage2_reg__0/PCIN[14]
  -------------------------------------------------------------------    -------------------

                         (clock clk_fpga_0 rise edge)
                                                     10.000    10.000 r
    PS7_X0Y0             PS7                          0.000    10.000 r  d_i/ps7/inst/PS7_i/FCLKCLK[0]
                         net (fo=1, routed)           1.088    11.088    d_i/ps7/inst/FCLK_CLK_unbuffered[0]
    BUFGCTRL_X0Y16       BUFG (Prop_bufg_I_O)         0.091    11.179 r  d_i/ps7/inst/buffer_fclk_clk_0.FCLK_CLK_0_BUFG/O
                         net (fo=9584, routed)        1.690    12.869    d_i/evalmul3/inst/core/multiplier_towers[0].multiplier_products[1].multiplier/aclk
    DSP48_X3Y25          DSP48E1                                      r  d_i/evalmul3/inst/core/multiplier_towers[0].multiplier_products[1].multiplier/reciprocal_high_stage2_reg__0/CLK
                         clock pessimism              0.267    13.137
                         clock uncertainty           -0.154    12.982
    DSP48_X3Y25          DSP48E1 (Setup_dsp48e1_CLK_PCIN[14])
                                                     -1.400    11.582    d_i/evalmul3/inst/core/multiplier_towers[0].multiplier_products[1].multiplier/reciprocal_high_stage2_reg__0
  -------------------------------------------------------------------
                         required time                         11.582
                         arrival time                         -11.325
  -------------------------------------------------------------------
                         slack                                  0.257

Slack (MET) :             0.257ns  (required time - arrival time)
  Source:                 d_i/evalmul3/inst/core/multiplier_towers[0].multiplier_products[1].multiplier/product_stage1_reg__0/CLK
                            (rising edge-triggered cell DSP48E1 clocked by clk_fpga_0  {rise@0.000ns fall@5.000ns period=10.000ns})
  Destination:            d_i/evalmul3/inst/core/multiplier_towers[0].multiplier_products[1].multiplier/reciprocal_high_stage2_reg__0/PCIN[15]
                            (rising edge-triggered cell DSP48E1 clocked by clk_fpga_0  {rise@0.000ns fall@5.000ns period=10.000ns})
  Path Group:             clk_fpga_0
  Path Type:              Setup (Max at Slow Process Corner)
  Requirement:            10.000ns  (clk_fpga_0 rise@10.000ns - clk_fpga_0 rise@0.000ns)
  Data Path Delay:        8.159ns  (logic 6.209ns (76.101%)  route 1.950ns (23.899%))
  Logic Levels:           9  (CARRY4=7 DSP48E1=1 LUT2=1)
  Clock Path Skew:        -0.030ns (DCD - SCD + CPR)
    Destination Clock Delay (DCD):    2.869ns = ( 12.869 - 10.000 )
    Source Clock Delay      (SCD):    3.167ns
    Clock Pessimism Removal (CPR):    0.267ns
  Clock Uncertainty:      0.154ns  ((TSJ^2 + TIJ^2)^1/2 + DJ) / 2 + PE
    Total System Jitter     (TSJ):    0.071ns
    Total Input Jitter      (TIJ):    0.300ns
    Discrete Jitter          (DJ):    0.000ns
    Phase Error              (PE):    0.000ns

    Location             Delay type                Incr(ns)  Path(ns)    Netlist Resource(s)
  -------------------------------------------------------------------    -------------------
                         (clock clk_fpga_0 rise edge)
                                                      0.000     0.000 r
    PS7_X0Y0             PS7                          0.000     0.000 r  d_i/ps7/inst/PS7_i/FCLKCLK[0]
                         net (fo=1, routed)           1.193     1.193    d_i/ps7/inst/FCLK_CLK_unbuffered[0]
    BUFGCTRL_X0Y16       BUFG (Prop_bufg_I_O)         0.101     1.294 r  d_i/ps7/inst/buffer_fclk_clk_0.FCLK_CLK_0_BUFG/O
                         net (fo=9584, routed)        1.873     3.167    d_i/evalmul3/inst/core/multiplier_towers[0].multiplier_products[1].multiplier/aclk
    DSP48_X3Y21          DSP48E1                                      r  d_i/evalmul3/inst/core/multiplier_towers[0].multiplier_products[1].multiplier/product_stage1_reg__0/CLK
  -------------------------------------------------------------------    -------------------
    DSP48_X3Y21          DSP48E1 (Prop_dsp48e1_CLK_P[0])
                                                      0.434     3.601 r  d_i/evalmul3/inst/core/multiplier_towers[0].multiplier_products[1].multiplier/product_stage1_reg__0/P[0]
                         net (fo=2, routed)           0.936     4.537    d_i/evalmul3/inst/core/multiplier_towers[0].multiplier_products[1].multiplier/p_1_in[17]
    SLICE_X93Y48         LUT2 (Prop_lut2_I0_O)        0.124     4.661 r  d_i/evalmul3/inst/core/multiplier_towers[0].multiplier_products[1].multiplier/reciprocal_low_comb_i_14/O
                         net (fo=1, routed)           0.000     4.661    d_i/evalmul3/inst/core/multiplier_towers[0].multiplier_products[1].multiplier/reciprocal_low_comb_i_14_n_0
    SLICE_X93Y48         CARRY4 (Prop_carry4_S[1]_CO[3])
                                                      0.550     5.211 r  d_i/evalmul3/inst/core/multiplier_towers[0].multiplier_products[1].multiplier/reciprocal_low_comb_i_3/CO[3]
                         net (fo=1, routed)           0.000     5.211    d_i/evalmul3/inst/core/multiplier_towers[0].multiplier_products[1].multiplier/reciprocal_low_comb_i_3_n_0
    SLICE_X93Y49         CARRY4 (Prop_carry4_CI_CO[3])
                                                      0.114     5.325 r  d_i/evalmul3/inst/core/multiplier_towers[0].multiplier_products[1].multiplier/reciprocal_low_comb_i_2/CO[3]
                         net (fo=1, routed)           0.001     5.325    d_i/evalmul3/inst/core/multiplier_towers[0].multiplier_products[1].multiplier/reciprocal_low_comb_i_2_n_0
    SLICE_X93Y50         CARRY4 (Prop_carry4_CI_CO[3])
                                                      0.114     5.439 r  d_i/evalmul3/inst/core/multiplier_towers[0].multiplier_products[1].multiplier/reciprocal_low_comb_i_1/CO[3]
                         net (fo=1, routed)           0.000     5.439    d_i/evalmul3/inst/core/multiplier_towers[0].multiplier_products[1].multiplier/reciprocal_low_comb_i_1_n_0
    SLICE_X93Y51         CARRY4 (Prop_carry4_CI_CO[3])
                                                      0.114     5.553 r  d_i/evalmul3/inst/core/multiplier_towers[0].multiplier_products[1].multiplier/reciprocal_high_comb__0_i_4/CO[3]
                         net (fo=1, routed)           0.000     5.553    d_i/evalmul3/inst/core/multiplier_towers[0].multiplier_products[1].multiplier/reciprocal_high_comb__0_i_4_n_0
    SLICE_X93Y52         CARRY4 (Prop_carry4_CI_CO[3])
                                                      0.114     5.667 r  d_i/evalmul3/inst/core/multiplier_towers[0].multiplier_products[1].multiplier/reciprocal_high_comb__0_i_3/CO[3]
                         net (fo=1, routed)           0.000     5.667    d_i/evalmul3/inst/core/multiplier_towers[0].multiplier_products[1].multiplier/reciprocal_high_comb__0_i_3_n_0
    SLICE_X93Y53         CARRY4 (Prop_carry4_CI_CO[3])
                                                      0.114     5.781 r  d_i/evalmul3/inst/core/multiplier_towers[0].multiplier_products[1].multiplier/reciprocal_high_comb__0_i_2/CO[3]
                         net (fo=1, routed)           0.000     5.781    d_i/evalmul3/inst/core/multiplier_towers[0].multiplier_products[1].multiplier/reciprocal_high_comb__0_i_2_n_0
    SLICE_X93Y54         CARRY4 (Prop_carry4_CI_O[3])
                                                      0.313     6.094 r  d_i/evalmul3/inst/core/multiplier_towers[0].multiplier_products[1].multiplier/reciprocal_high_comb__0_i_1/O[3]
                         net (fo=3, routed)           1.011     7.105    d_i/evalmul3/inst/core/multiplier_towers[0].multiplier_products[1].multiplier/product_stage1_reg__1[43]
    DSP48_X3Y24          DSP48E1 (Prop_dsp48e1_A[13]_PCOUT[15])
                                                      4.218    11.323 r  d_i/evalmul3/inst/core/multiplier_towers[0].multiplier_products[1].multiplier/reciprocal_high_comb__0/PCOUT[15]
                         net (fo=1, routed)           0.002    11.325    d_i/evalmul3/inst/core/multiplier_towers[0].multiplier_products[1].multiplier/reciprocal_high_comb__0_n_138
    DSP48_X3Y25          DSP48E1                                      r  d_i/evalmul3/inst/core/multiplier_towers[0].multiplier_products[1].multiplier/reciprocal_high_stage2_reg__0/PCIN[15]
  -------------------------------------------------------------------    -------------------

                         (clock clk_fpga_0 rise edge)
                                                     10.000    10.000 r
    PS7_X0Y0             PS7                          0.000    10.000 r  d_i/ps7/inst/PS7_i/FCLKCLK[0]
                         net (fo=1, routed)           1.088    11.088    d_i/ps7/inst/FCLK_CLK_unbuffered[0]
    BUFGCTRL_X0Y16       BUFG (Prop_bufg_I_O)         0.091    11.179 r  d_i/ps7/inst/buffer_fclk_clk_0.FCLK_CLK_0_BUFG/O
                         net (fo=9584, routed)        1.690    12.869    d_i/evalmul3/inst/core/multiplier_towers[0].multiplier_products[1].multiplier/aclk
    DSP48_X3Y25          DSP48E1                                      r  d_i/evalmul3/inst/core/multiplier_towers[0].multiplier_products[1].multiplier/reciprocal_high_stage2_reg__0/CLK
                         clock pessimism              0.267    13.137
                         clock uncertainty           -0.154    12.982
    DSP48_X3Y25          DSP48E1 (Setup_dsp48e1_CLK_PCIN[15])
                                                     -1.400    11.582    d_i/evalmul3/inst/core/multiplier_towers[0].multiplier_products[1].multiplier/reciprocal_high_stage2_reg__0
  -------------------------------------------------------------------
                         required time                         11.582
                         arrival time                         -11.325
  -------------------------------------------------------------------
                         slack                                  0.257

Slack (MET) :             0.257ns  (required time - arrival time)
  Source:                 d_i/evalmul3/inst/core/multiplier_towers[0].multiplier_products[1].multiplier/product_stage1_reg__0/CLK
                            (rising edge-triggered cell DSP48E1 clocked by clk_fpga_0  {rise@0.000ns fall@5.000ns period=10.000ns})
  Destination:            d_i/evalmul3/inst/core/multiplier_towers[0].multiplier_products[1].multiplier/reciprocal_high_stage2_reg__0/PCIN[16]
                            (rising edge-triggered cell DSP48E1 clocked by clk_fpga_0  {rise@0.000ns fall@5.000ns period=10.000ns})
  Path Group:             clk_fpga_0
  Path Type:              Setup (Max at Slow Process Corner)
  Requirement:            10.000ns  (clk_fpga_0 rise@10.000ns - clk_fpga_0 rise@0.000ns)
  Data Path Delay:        8.159ns  (logic 6.209ns (76.101%)  route 1.950ns (23.899%))
  Logic Levels:           9  (CARRY4=7 DSP48E1=1 LUT2=1)
  Clock Path Skew:        -0.030ns (DCD - SCD + CPR)
    Destination Clock Delay (DCD):    2.869ns = ( 12.869 - 10.000 )
    Source Clock Delay      (SCD):    3.167ns
    Clock Pessimism Removal (CPR):    0.267ns
  Clock Uncertainty:      0.154ns  ((TSJ^2 + TIJ^2)^1/2 + DJ) / 2 + PE
    Total System Jitter     (TSJ):    0.071ns
    Total Input Jitter      (TIJ):    0.300ns
    Discrete Jitter          (DJ):    0.000ns
    Phase Error              (PE):    0.000ns

    Location             Delay type                Incr(ns)  Path(ns)    Netlist Resource(s)
  -------------------------------------------------------------------    -------------------
                         (clock clk_fpga_0 rise edge)
                                                      0.000     0.000 r
    PS7_X0Y0             PS7                          0.000     0.000 r  d_i/ps7/inst/PS7_i/FCLKCLK[0]
                         net (fo=1, routed)           1.193     1.193    d_i/ps7/inst/FCLK_CLK_unbuffered[0]
    BUFGCTRL_X0Y16       BUFG (Prop_bufg_I_O)         0.101     1.294 r  d_i/ps7/inst/buffer_fclk_clk_0.FCLK_CLK_0_BUFG/O
                         net (fo=9584, routed)        1.873     3.167    d_i/evalmul3/inst/core/multiplier_towers[0].multiplier_products[1].multiplier/aclk
    DSP48_X3Y21          DSP48E1                                      r  d_i/evalmul3/inst/core/multiplier_towers[0].multiplier_products[1].multiplier/product_stage1_reg__0/CLK
  -------------------------------------------------------------------    -------------------
    DSP48_X3Y21          DSP48E1 (Prop_dsp48e1_CLK_P[0])
                                                      0.434     3.601 r  d_i/evalmul3/inst/core/multiplier_towers[0].multiplier_products[1].multiplier/product_stage1_reg__0/P[0]
                         net (fo=2, routed)           0.936     4.537    d_i/evalmul3/inst/core/multiplier_towers[0].multiplier_products[1].multiplier/p_1_in[17]
    SLICE_X93Y48         LUT2 (Prop_lut2_I0_O)        0.124     4.661 r  d_i/evalmul3/inst/core/multiplier_towers[0].multiplier_products[1].multiplier/reciprocal_low_comb_i_14/O
                         net (fo=1, routed)           0.000     4.661    d_i/evalmul3/inst/core/multiplier_towers[0].multiplier_products[1].multiplier/reciprocal_low_comb_i_14_n_0
    SLICE_X93Y48         CARRY4 (Prop_carry4_S[1]_CO[3])
                                                      0.550     5.211 r  d_i/evalmul3/inst/core/multiplier_towers[0].multiplier_products[1].multiplier/reciprocal_low_comb_i_3/CO[3]
                         net (fo=1, routed)           0.000     5.211    d_i/evalmul3/inst/core/multiplier_towers[0].multiplier_products[1].multiplier/reciprocal_low_comb_i_3_n_0
    SLICE_X93Y49         CARRY4 (Prop_carry4_CI_CO[3])
                                                      0.114     5.325 r  d_i/evalmul3/inst/core/multiplier_towers[0].multiplier_products[1].multiplier/reciprocal_low_comb_i_2/CO[3]
                         net (fo=1, routed)           0.001     5.325    d_i/evalmul3/inst/core/multiplier_towers[0].multiplier_products[1].multiplier/reciprocal_low_comb_i_2_n_0
    SLICE_X93Y50         CARRY4 (Prop_carry4_CI_CO[3])
                                                      0.114     5.439 r  d_i/evalmul3/inst/core/multiplier_towers[0].multiplier_products[1].multiplier/reciprocal_low_comb_i_1/CO[3]
                         net (fo=1, routed)           0.000     5.439    d_i/evalmul3/inst/core/multiplier_towers[0].multiplier_products[1].multiplier/reciprocal_low_comb_i_1_n_0
    SLICE_X93Y51         CARRY4 (Prop_carry4_CI_CO[3])
                                                      0.114     5.553 r  d_i/evalmul3/inst/core/multiplier_towers[0].multiplier_products[1].multiplier/reciprocal_high_comb__0_i_4/CO[3]
                         net (fo=1, routed)           0.000     5.553    d_i/evalmul3/inst/core/multiplier_towers[0].multiplier_products[1].multiplier/reciprocal_high_comb__0_i_4_n_0
    SLICE_X93Y52         CARRY4 (Prop_carry4_CI_CO[3])
                                                      0.114     5.667 r  d_i/evalmul3/inst/core/multiplier_towers[0].multiplier_products[1].multiplier/reciprocal_high_comb__0_i_3/CO[3]
                         net (fo=1, routed)           0.000     5.667    d_i/evalmul3/inst/core/multiplier_towers[0].multiplier_products[1].multiplier/reciprocal_high_comb__0_i_3_n_0
    SLICE_X93Y53         CARRY4 (Prop_carry4_CI_CO[3])
                                                      0.114     5.781 r  d_i/evalmul3/inst/core/multiplier_towers[0].multiplier_products[1].multiplier/reciprocal_high_comb__0_i_2/CO[3]
                         net (fo=1, routed)           0.000     5.781    d_i/evalmul3/inst/core/multiplier_towers[0].multiplier_products[1].multiplier/reciprocal_high_comb__0_i_2_n_0
    SLICE_X93Y54         CARRY4 (Prop_carry4_CI_O[3])
                                                      0.313     6.094 r  d_i/evalmul3/inst/core/multiplier_towers[0].multiplier_products[1].multiplier/reciprocal_high_comb__0_i_1/O[3]
                         net (fo=3, routed)           1.011     7.105    d_i/evalmul3/inst/core/multiplier_towers[0].multiplier_products[1].multiplier/product_stage1_reg__1[43]
    DSP48_X3Y24          DSP48E1 (Prop_dsp48e1_A[13]_PCOUT[16])
                                                      4.218    11.323 r  d_i/evalmul3/inst/core/multiplier_towers[0].multiplier_products[1].multiplier/reciprocal_high_comb__0/PCOUT[16]
                         net (fo=1, routed)           0.002    11.325    d_i/evalmul3/inst/core/multiplier_towers[0].multiplier_products[1].multiplier/reciprocal_high_comb__0_n_137
    DSP48_X3Y25          DSP48E1                                      r  d_i/evalmul3/inst/core/multiplier_towers[0].multiplier_products[1].multiplier/reciprocal_high_stage2_reg__0/PCIN[16]
  -------------------------------------------------------------------    -------------------

                         (clock clk_fpga_0 rise edge)
                                                     10.000    10.000 r
    PS7_X0Y0             PS7                          0.000    10.000 r  d_i/ps7/inst/PS7_i/FCLKCLK[0]
                         net (fo=1, routed)           1.088    11.088    d_i/ps7/inst/FCLK_CLK_unbuffered[0]
    BUFGCTRL_X0Y16       BUFG (Prop_bufg_I_O)         0.091    11.179 r  d_i/ps7/inst/buffer_fclk_clk_0.FCLK_CLK_0_BUFG/O
                         net (fo=9584, routed)        1.690    12.869    d_i/evalmul3/inst/core/multiplier_towers[0].multiplier_products[1].multiplier/aclk
    DSP48_X3Y25          DSP48E1                                      r  d_i/evalmul3/inst/core/multiplier_towers[0].multiplier_products[1].multiplier/reciprocal_high_stage2_reg__0/CLK
                         clock pessimism              0.267    13.137
                         clock uncertainty           -0.154    12.982
    DSP48_X3Y25          DSP48E1 (Setup_dsp48e1_CLK_PCIN[16])
                                                     -1.400    11.582    d_i/evalmul3/inst/core/multiplier_towers[0].multiplier_products[1].multiplier/reciprocal_high_stage2_reg__0
  -------------------------------------------------------------------
                         required time                         11.582
                         arrival time                         -11.325
  -------------------------------------------------------------------
                         slack                                  0.257

Slack (MET) :             0.257ns  (required time - arrival time)
  Source:                 d_i/evalmul3/inst/core/multiplier_towers[0].multiplier_products[1].multiplier/product_stage1_reg__0/CLK
                            (rising edge-triggered cell DSP48E1 clocked by clk_fpga_0  {rise@0.000ns fall@5.000ns period=10.000ns})
  Destination:            d_i/evalmul3/inst/core/multiplier_towers[0].multiplier_products[1].multiplier/reciprocal_high_stage2_reg__0/PCIN[17]
                            (rising edge-triggered cell DSP48E1 clocked by clk_fpga_0  {rise@0.000ns fall@5.000ns period=10.000ns})
  Path Group:             clk_fpga_0
  Path Type:              Setup (Max at Slow Process Corner)
  Requirement:            10.000ns  (clk_fpga_0 rise@10.000ns - clk_fpga_0 rise@0.000ns)
  Data Path Delay:        8.159ns  (logic 6.209ns (76.101%)  route 1.950ns (23.899%))
  Logic Levels:           9  (CARRY4=7 DSP48E1=1 LUT2=1)
  Clock Path Skew:        -0.030ns (DCD - SCD + CPR)
    Destination Clock Delay (DCD):    2.869ns = ( 12.869 - 10.000 )
    Source Clock Delay      (SCD):    3.167ns
    Clock Pessimism Removal (CPR):    0.267ns
  Clock Uncertainty:      0.154ns  ((TSJ^2 + TIJ^2)^1/2 + DJ) / 2 + PE
    Total System Jitter     (TSJ):    0.071ns
    Total Input Jitter      (TIJ):    0.300ns
    Discrete Jitter          (DJ):    0.000ns
    Phase Error              (PE):    0.000ns

    Location             Delay type                Incr(ns)  Path(ns)    Netlist Resource(s)
  -------------------------------------------------------------------    -------------------
                         (clock clk_fpga_0 rise edge)
                                                      0.000     0.000 r
    PS7_X0Y0             PS7                          0.000     0.000 r  d_i/ps7/inst/PS7_i/FCLKCLK[0]
                         net (fo=1, routed)           1.193     1.193    d_i/ps7/inst/FCLK_CLK_unbuffered[0]
    BUFGCTRL_X0Y16       BUFG (Prop_bufg_I_O)         0.101     1.294 r  d_i/ps7/inst/buffer_fclk_clk_0.FCLK_CLK_0_BUFG/O
                         net (fo=9584, routed)        1.873     3.167    d_i/evalmul3/inst/core/multiplier_towers[0].multiplier_products[1].multiplier/aclk
    DSP48_X3Y21          DSP48E1                                      r  d_i/evalmul3/inst/core/multiplier_towers[0].multiplier_products[1].multiplier/product_stage1_reg__0/CLK
  -------------------------------------------------------------------    -------------------
    DSP48_X3Y21          DSP48E1 (Prop_dsp48e1_CLK_P[0])
                                                      0.434     3.601 r  d_i/evalmul3/inst/core/multiplier_towers[0].multiplier_products[1].multiplier/product_stage1_reg__0/P[0]
                         net (fo=2, routed)           0.936     4.537    d_i/evalmul3/inst/core/multiplier_towers[0].multiplier_products[1].multiplier/p_1_in[17]
    SLICE_X93Y48         LUT2 (Prop_lut2_I0_O)        0.124     4.661 r  d_i/evalmul3/inst/core/multiplier_towers[0].multiplier_products[1].multiplier/reciprocal_low_comb_i_14/O
                         net (fo=1, routed)           0.000     4.661    d_i/evalmul3/inst/core/multiplier_towers[0].multiplier_products[1].multiplier/reciprocal_low_comb_i_14_n_0
    SLICE_X93Y48         CARRY4 (Prop_carry4_S[1]_CO[3])
                                                      0.550     5.211 r  d_i/evalmul3/inst/core/multiplier_towers[0].multiplier_products[1].multiplier/reciprocal_low_comb_i_3/CO[3]
                         net (fo=1, routed)           0.000     5.211    d_i/evalmul3/inst/core/multiplier_towers[0].multiplier_products[1].multiplier/reciprocal_low_comb_i_3_n_0
    SLICE_X93Y49         CARRY4 (Prop_carry4_CI_CO[3])
                                                      0.114     5.325 r  d_i/evalmul3/inst/core/multiplier_towers[0].multiplier_products[1].multiplier/reciprocal_low_comb_i_2/CO[3]
                         net (fo=1, routed)           0.001     5.325    d_i/evalmul3/inst/core/multiplier_towers[0].multiplier_products[1].multiplier/reciprocal_low_comb_i_2_n_0
    SLICE_X93Y50         CARRY4 (Prop_carry4_CI_CO[3])
                                                      0.114     5.439 r  d_i/evalmul3/inst/core/multiplier_towers[0].multiplier_products[1].multiplier/reciprocal_low_comb_i_1/CO[3]
                         net (fo=1, routed)           0.000     5.439    d_i/evalmul3/inst/core/multiplier_towers[0].multiplier_products[1].multiplier/reciprocal_low_comb_i_1_n_0
    SLICE_X93Y51         CARRY4 (Prop_carry4_CI_CO[3])
                                                      0.114     5.553 r  d_i/evalmul3/inst/core/multiplier_towers[0].multiplier_products[1].multiplier/reciprocal_high_comb__0_i_4/CO[3]
                         net (fo=1, routed)           0.000     5.553    d_i/evalmul3/inst/core/multiplier_towers[0].multiplier_products[1].multiplier/reciprocal_high_comb__0_i_4_n_0
    SLICE_X93Y52         CARRY4 (Prop_carry4_CI_CO[3])
                                                      0.114     5.667 r  d_i/evalmul3/inst/core/multiplier_towers[0].multiplier_products[1].multiplier/reciprocal_high_comb__0_i_3/CO[3]
                         net (fo=1, routed)           0.000     5.667    d_i/evalmul3/inst/core/multiplier_towers[0].multiplier_products[1].multiplier/reciprocal_high_comb__0_i_3_n_0
    SLICE_X93Y53         CARRY4 (Prop_carry4_CI_CO[3])
                                                      0.114     5.781 r  d_i/evalmul3/inst/core/multiplier_towers[0].multiplier_products[1].multiplier/reciprocal_high_comb__0_i_2/CO[3]
                         net (fo=1, routed)           0.000     5.781    d_i/evalmul3/inst/core/multiplier_towers[0].multiplier_products[1].multiplier/reciprocal_high_comb__0_i_2_n_0
    SLICE_X93Y54         CARRY4 (Prop_carry4_CI_O[3])
                                                      0.313     6.094 r  d_i/evalmul3/inst/core/multiplier_towers[0].multiplier_products[1].multiplier/reciprocal_high_comb__0_i_1/O[3]
                         net (fo=3, routed)           1.011     7.105    d_i/evalmul3/inst/core/multiplier_towers[0].multiplier_products[1].multiplier/product_stage1_reg__1[43]
    DSP48_X3Y24          DSP48E1 (Prop_dsp48e1_A[13]_PCOUT[17])
                                                      4.218    11.323 r  d_i/evalmul3/inst/core/multiplier_towers[0].multiplier_products[1].multiplier/reciprocal_high_comb__0/PCOUT[17]
                         net (fo=1, routed)           0.002    11.325    d_i/evalmul3/inst/core/multiplier_towers[0].multiplier_products[1].multiplier/reciprocal_high_comb__0_n_136
    DSP48_X3Y25          DSP48E1                                      r  d_i/evalmul3/inst/core/multiplier_towers[0].multiplier_products[1].multiplier/reciprocal_high_stage2_reg__0/PCIN[17]
  -------------------------------------------------------------------    -------------------

                         (clock clk_fpga_0 rise edge)
                                                     10.000    10.000 r
    PS7_X0Y0             PS7                          0.000    10.000 r  d_i/ps7/inst/PS7_i/FCLKCLK[0]
                         net (fo=1, routed)           1.088    11.088    d_i/ps7/inst/FCLK_CLK_unbuffered[0]
    BUFGCTRL_X0Y16       BUFG (Prop_bufg_I_O)         0.091    11.179 r  d_i/ps7/inst/buffer_fclk_clk_0.FCLK_CLK_0_BUFG/O
                         net (fo=9584, routed)        1.690    12.869    d_i/evalmul3/inst/core/multiplier_towers[0].multiplier_products[1].multiplier/aclk
    DSP48_X3Y25          DSP48E1                                      r  d_i/evalmul3/inst/core/multiplier_towers[0].multiplier_products[1].multiplier/reciprocal_high_stage2_reg__0/CLK
                         clock pessimism              0.267    13.137
                         clock uncertainty           -0.154    12.982
    DSP48_X3Y25          DSP48E1 (Setup_dsp48e1_CLK_PCIN[17])
                                                     -1.400    11.582    d_i/evalmul3/inst/core/multiplier_towers[0].multiplier_products[1].multiplier/reciprocal_high_stage2_reg__0
  -------------------------------------------------------------------
                         required time                         11.582
                         arrival time                         -11.325
  -------------------------------------------------------------------
                         slack                                  0.257

Slack (MET) :             0.257ns  (required time - arrival time)
  Source:                 d_i/evalmul3/inst/core/multiplier_towers[0].multiplier_products[1].multiplier/product_stage1_reg__0/CLK
                            (rising edge-triggered cell DSP48E1 clocked by clk_fpga_0  {rise@0.000ns fall@5.000ns period=10.000ns})
  Destination:            d_i/evalmul3/inst/core/multiplier_towers[0].multiplier_products[1].multiplier/reciprocal_high_stage2_reg__0/PCIN[18]
                            (rising edge-triggered cell DSP48E1 clocked by clk_fpga_0  {rise@0.000ns fall@5.000ns period=10.000ns})
  Path Group:             clk_fpga_0
  Path Type:              Setup (Max at Slow Process Corner)
  Requirement:            10.000ns  (clk_fpga_0 rise@10.000ns - clk_fpga_0 rise@0.000ns)
  Data Path Delay:        8.159ns  (logic 6.209ns (76.101%)  route 1.950ns (23.899%))
  Logic Levels:           9  (CARRY4=7 DSP48E1=1 LUT2=1)
  Clock Path Skew:        -0.030ns (DCD - SCD + CPR)
    Destination Clock Delay (DCD):    2.869ns = ( 12.869 - 10.000 )
    Source Clock Delay      (SCD):    3.167ns
    Clock Pessimism Removal (CPR):    0.267ns
  Clock Uncertainty:      0.154ns  ((TSJ^2 + TIJ^2)^1/2 + DJ) / 2 + PE
    Total System Jitter     (TSJ):    0.071ns
    Total Input Jitter      (TIJ):    0.300ns
    Discrete Jitter          (DJ):    0.000ns
    Phase Error              (PE):    0.000ns

    Location             Delay type                Incr(ns)  Path(ns)    Netlist Resource(s)
  -------------------------------------------------------------------    -------------------
                         (clock clk_fpga_0 rise edge)
                                                      0.000     0.000 r
    PS7_X0Y0             PS7                          0.000     0.000 r  d_i/ps7/inst/PS7_i/FCLKCLK[0]
                         net (fo=1, routed)           1.193     1.193    d_i/ps7/inst/FCLK_CLK_unbuffered[0]
    BUFGCTRL_X0Y16       BUFG (Prop_bufg_I_O)         0.101     1.294 r  d_i/ps7/inst/buffer_fclk_clk_0.FCLK_CLK_0_BUFG/O
                         net (fo=9584, routed)        1.873     3.167    d_i/evalmul3/inst/core/multiplier_towers[0].multiplier_products[1].multiplier/aclk
    DSP48_X3Y21          DSP48E1                                      r  d_i/evalmul3/inst/core/multiplier_towers[0].multiplier_products[1].multiplier/product_stage1_reg__0/CLK
  -------------------------------------------------------------------    -------------------
    DSP48_X3Y21          DSP48E1 (Prop_dsp48e1_CLK_P[0])
                                                      0.434     3.601 r  d_i/evalmul3/inst/core/multiplier_towers[0].multiplier_products[1].multiplier/product_stage1_reg__0/P[0]
                         net (fo=2, routed)           0.936     4.537    d_i/evalmul3/inst/core/multiplier_towers[0].multiplier_products[1].multiplier/p_1_in[17]
    SLICE_X93Y48         LUT2 (Prop_lut2_I0_O)        0.124     4.661 r  d_i/evalmul3/inst/core/multiplier_towers[0].multiplier_products[1].multiplier/reciprocal_low_comb_i_14/O
                         net (fo=1, routed)           0.000     4.661    d_i/evalmul3/inst/core/multiplier_towers[0].multiplier_products[1].multiplier/reciprocal_low_comb_i_14_n_0
    SLICE_X93Y48         CARRY4 (Prop_carry4_S[1]_CO[3])
                                                      0.550     5.211 r  d_i/evalmul3/inst/core/multiplier_towers[0].multiplier_products[1].multiplier/reciprocal_low_comb_i_3/CO[3]
                         net (fo=1, routed)           0.000     5.211    d_i/evalmul3/inst/core/multiplier_towers[0].multiplier_products[1].multiplier/reciprocal_low_comb_i_3_n_0
    SLICE_X93Y49         CARRY4 (Prop_carry4_CI_CO[3])
                                                      0.114     5.325 r  d_i/evalmul3/inst/core/multiplier_towers[0].multiplier_products[1].multiplier/reciprocal_low_comb_i_2/CO[3]
                         net (fo=1, routed)           0.001     5.325    d_i/evalmul3/inst/core/multiplier_towers[0].multiplier_products[1].multiplier/reciprocal_low_comb_i_2_n_0
    SLICE_X93Y50         CARRY4 (Prop_carry4_CI_CO[3])
                                                      0.114     5.439 r  d_i/evalmul3/inst/core/multiplier_towers[0].multiplier_products[1].multiplier/reciprocal_low_comb_i_1/CO[3]
                         net (fo=1, routed)           0.000     5.439    d_i/evalmul3/inst/core/multiplier_towers[0].multiplier_products[1].multiplier/reciprocal_low_comb_i_1_n_0
    SLICE_X93Y51         CARRY4 (Prop_carry4_CI_CO[3])
                                                      0.114     5.553 r  d_i/evalmul3/inst/core/multiplier_towers[0].multiplier_products[1].multiplier/reciprocal_high_comb__0_i_4/CO[3]
                         net (fo=1, routed)           0.000     5.553    d_i/evalmul3/inst/core/multiplier_towers[0].multiplier_products[1].multiplier/reciprocal_high_comb__0_i_4_n_0
    SLICE_X93Y52         CARRY4 (Prop_carry4_CI_CO[3])
                                                      0.114     5.667 r  d_i/evalmul3/inst/core/multiplier_towers[0].multiplier_products[1].multiplier/reciprocal_high_comb__0_i_3/CO[3]
                         net (fo=1, routed)           0.000     5.667    d_i/evalmul3/inst/core/multiplier_towers[0].multiplier_products[1].multiplier/reciprocal_high_comb__0_i_3_n_0
    SLICE_X93Y53         CARRY4 (Prop_carry4_CI_CO[3])
                                                      0.114     5.781 r  d_i/evalmul3/inst/core/multiplier_towers[0].multiplier_products[1].multiplier/reciprocal_high_comb__0_i_2/CO[3]
                         net (fo=1, routed)           0.000     5.781    d_i/evalmul3/inst/core/multiplier_towers[0].multiplier_products[1].multiplier/reciprocal_high_comb__0_i_2_n_0
    SLICE_X93Y54         CARRY4 (Prop_carry4_CI_O[3])
                                                      0.313     6.094 r  d_i/evalmul3/inst/core/multiplier_towers[0].multiplier_products[1].multiplier/reciprocal_high_comb__0_i_1/O[3]
                         net (fo=3, routed)           1.011     7.105    d_i/evalmul3/inst/core/multiplier_towers[0].multiplier_products[1].multiplier/product_stage1_reg__1[43]
    DSP48_X3Y24          DSP48E1 (Prop_dsp48e1_A[13]_PCOUT[18])
                                                      4.218    11.323 r  d_i/evalmul3/inst/core/multiplier_towers[0].multiplier_products[1].multiplier/reciprocal_high_comb__0/PCOUT[18]
                         net (fo=1, routed)           0.002    11.325    d_i/evalmul3/inst/core/multiplier_towers[0].multiplier_products[1].multiplier/reciprocal_high_comb__0_n_135
    DSP48_X3Y25          DSP48E1                                      r  d_i/evalmul3/inst/core/multiplier_towers[0].multiplier_products[1].multiplier/reciprocal_high_stage2_reg__0/PCIN[18]
  -------------------------------------------------------------------    -------------------

                         (clock clk_fpga_0 rise edge)
                                                     10.000    10.000 r
    PS7_X0Y0             PS7                          0.000    10.000 r  d_i/ps7/inst/PS7_i/FCLKCLK[0]
                         net (fo=1, routed)           1.088    11.088    d_i/ps7/inst/FCLK_CLK_unbuffered[0]
    BUFGCTRL_X0Y16       BUFG (Prop_bufg_I_O)         0.091    11.179 r  d_i/ps7/inst/buffer_fclk_clk_0.FCLK_CLK_0_BUFG/O
                         net (fo=9584, routed)        1.690    12.869    d_i/evalmul3/inst/core/multiplier_towers[0].multiplier_products[1].multiplier/aclk
    DSP48_X3Y25          DSP48E1                                      r  d_i/evalmul3/inst/core/multiplier_towers[0].multiplier_products[1].multiplier/reciprocal_high_stage2_reg__0/CLK
                         clock pessimism              0.267    13.137
                         clock uncertainty           -0.154    12.982
    DSP48_X3Y25          DSP48E1 (Setup_dsp48e1_CLK_PCIN[18])
                                                     -1.400    11.582    d_i/evalmul3/inst/core/multiplier_towers[0].multiplier_products[1].multiplier/reciprocal_high_stage2_reg__0
  -------------------------------------------------------------------
                         required time                         11.582
                         arrival time                         -11.325
  -------------------------------------------------------------------
                         slack                                  0.257

Slack (MET) :             0.257ns  (required time - arrival time)
  Source:                 d_i/evalmul3/inst/core/multiplier_towers[0].multiplier_products[1].multiplier/product_stage1_reg__0/CLK
                            (rising edge-triggered cell DSP48E1 clocked by clk_fpga_0  {rise@0.000ns fall@5.000ns period=10.000ns})
  Destination:            d_i/evalmul3/inst/core/multiplier_towers[0].multiplier_products[1].multiplier/reciprocal_high_stage2_reg__0/PCIN[19]
                            (rising edge-triggered cell DSP48E1 clocked by clk_fpga_0  {rise@0.000ns fall@5.000ns period=10.000ns})
  Path Group:             clk_fpga_0
  Path Type:              Setup (Max at Slow Process Corner)
  Requirement:            10.000ns  (clk_fpga_0 rise@10.000ns - clk_fpga_0 rise@0.000ns)
  Data Path Delay:        8.159ns  (logic 6.209ns (76.101%)  route 1.950ns (23.899%))
  Logic Levels:           9  (CARRY4=7 DSP48E1=1 LUT2=1)
  Clock Path Skew:        -0.030ns (DCD - SCD + CPR)
    Destination Clock Delay (DCD):    2.869ns = ( 12.869 - 10.000 )
    Source Clock Delay      (SCD):    3.167ns
    Clock Pessimism Removal (CPR):    0.267ns
  Clock Uncertainty:      0.154ns  ((TSJ^2 + TIJ^2)^1/2 + DJ) / 2 + PE
    Total System Jitter     (TSJ):    0.071ns
    Total Input Jitter      (TIJ):    0.300ns
    Discrete Jitter          (DJ):    0.000ns
    Phase Error              (PE):    0.000ns

    Location             Delay type                Incr(ns)  Path(ns)    Netlist Resource(s)
  -------------------------------------------------------------------    -------------------
                         (clock clk_fpga_0 rise edge)
                                                      0.000     0.000 r
    PS7_X0Y0             PS7                          0.000     0.000 r  d_i/ps7/inst/PS7_i/FCLKCLK[0]
                         net (fo=1, routed)           1.193     1.193    d_i/ps7/inst/FCLK_CLK_unbuffered[0]
    BUFGCTRL_X0Y16       BUFG (Prop_bufg_I_O)         0.101     1.294 r  d_i/ps7/inst/buffer_fclk_clk_0.FCLK_CLK_0_BUFG/O
                         net (fo=9584, routed)        1.873     3.167    d_i/evalmul3/inst/core/multiplier_towers[0].multiplier_products[1].multiplier/aclk
    DSP48_X3Y21          DSP48E1                                      r  d_i/evalmul3/inst/core/multiplier_towers[0].multiplier_products[1].multiplier/product_stage1_reg__0/CLK
  -------------------------------------------------------------------    -------------------
    DSP48_X3Y21          DSP48E1 (Prop_dsp48e1_CLK_P[0])
                                                      0.434     3.601 r  d_i/evalmul3/inst/core/multiplier_towers[0].multiplier_products[1].multiplier/product_stage1_reg__0/P[0]
                         net (fo=2, routed)           0.936     4.537    d_i/evalmul3/inst/core/multiplier_towers[0].multiplier_products[1].multiplier/p_1_in[17]
    SLICE_X93Y48         LUT2 (Prop_lut2_I0_O)        0.124     4.661 r  d_i/evalmul3/inst/core/multiplier_towers[0].multiplier_products[1].multiplier/reciprocal_low_comb_i_14/O
                         net (fo=1, routed)           0.000     4.661    d_i/evalmul3/inst/core/multiplier_towers[0].multiplier_products[1].multiplier/reciprocal_low_comb_i_14_n_0
    SLICE_X93Y48         CARRY4 (Prop_carry4_S[1]_CO[3])
                                                      0.550     5.211 r  d_i/evalmul3/inst/core/multiplier_towers[0].multiplier_products[1].multiplier/reciprocal_low_comb_i_3/CO[3]
                         net (fo=1, routed)           0.000     5.211    d_i/evalmul3/inst/core/multiplier_towers[0].multiplier_products[1].multiplier/reciprocal_low_comb_i_3_n_0
    SLICE_X93Y49         CARRY4 (Prop_carry4_CI_CO[3])
                                                      0.114     5.325 r  d_i/evalmul3/inst/core/multiplier_towers[0].multiplier_products[1].multiplier/reciprocal_low_comb_i_2/CO[3]
                         net (fo=1, routed)           0.001     5.325    d_i/evalmul3/inst/core/multiplier_towers[0].multiplier_products[1].multiplier/reciprocal_low_comb_i_2_n_0
    SLICE_X93Y50         CARRY4 (Prop_carry4_CI_CO[3])
                                                      0.114     5.439 r  d_i/evalmul3/inst/core/multiplier_towers[0].multiplier_products[1].multiplier/reciprocal_low_comb_i_1/CO[3]
                         net (fo=1, routed)           0.000     5.439    d_i/evalmul3/inst/core/multiplier_towers[0].multiplier_products[1].multiplier/reciprocal_low_comb_i_1_n_0
    SLICE_X93Y51         CARRY4 (Prop_carry4_CI_CO[3])
                                                      0.114     5.553 r  d_i/evalmul3/inst/core/multiplier_towers[0].multiplier_products[1].multiplier/reciprocal_high_comb__0_i_4/CO[3]
                         net (fo=1, routed)           0.000     5.553    d_i/evalmul3/inst/core/multiplier_towers[0].multiplier_products[1].multiplier/reciprocal_high_comb__0_i_4_n_0
    SLICE_X93Y52         CARRY4 (Prop_carry4_CI_CO[3])
                                                      0.114     5.667 r  d_i/evalmul3/inst/core/multiplier_towers[0].multiplier_products[1].multiplier/reciprocal_high_comb__0_i_3/CO[3]
                         net (fo=1, routed)           0.000     5.667    d_i/evalmul3/inst/core/multiplier_towers[0].multiplier_products[1].multiplier/reciprocal_high_comb__0_i_3_n_0
    SLICE_X93Y53         CARRY4 (Prop_carry4_CI_CO[3])
                                                      0.114     5.781 r  d_i/evalmul3/inst/core/multiplier_towers[0].multiplier_products[1].multiplier/reciprocal_high_comb__0_i_2/CO[3]
                         net (fo=1, routed)           0.000     5.781    d_i/evalmul3/inst/core/multiplier_towers[0].multiplier_products[1].multiplier/reciprocal_high_comb__0_i_2_n_0
    SLICE_X93Y54         CARRY4 (Prop_carry4_CI_O[3])
                                                      0.313     6.094 r  d_i/evalmul3/inst/core/multiplier_towers[0].multiplier_products[1].multiplier/reciprocal_high_comb__0_i_1/O[3]
                         net (fo=3, routed)           1.011     7.105    d_i/evalmul3/inst/core/multiplier_towers[0].multiplier_products[1].multiplier/product_stage1_reg__1[43]
    DSP48_X3Y24          DSP48E1 (Prop_dsp48e1_A[13]_PCOUT[19])
                                                      4.218    11.323 r  d_i/evalmul3/inst/core/multiplier_towers[0].multiplier_products[1].multiplier/reciprocal_high_comb__0/PCOUT[19]
                         net (fo=1, routed)           0.002    11.325    d_i/evalmul3/inst/core/multiplier_towers[0].multiplier_products[1].multiplier/reciprocal_high_comb__0_n_134
    DSP48_X3Y25          DSP48E1                                      r  d_i/evalmul3/inst/core/multiplier_towers[0].multiplier_products[1].multiplier/reciprocal_high_stage2_reg__0/PCIN[19]
  -------------------------------------------------------------------    -------------------

                         (clock clk_fpga_0 rise edge)
                                                     10.000    10.000 r
    PS7_X0Y0             PS7                          0.000    10.000 r  d_i/ps7/inst/PS7_i/FCLKCLK[0]
                         net (fo=1, routed)           1.088    11.088    d_i/ps7/inst/FCLK_CLK_unbuffered[0]
    BUFGCTRL_X0Y16       BUFG (Prop_bufg_I_O)         0.091    11.179 r  d_i/ps7/inst/buffer_fclk_clk_0.FCLK_CLK_0_BUFG/O
                         net (fo=9584, routed)        1.690    12.869    d_i/evalmul3/inst/core/multiplier_towers[0].multiplier_products[1].multiplier/aclk
    DSP48_X3Y25          DSP48E1                                      r  d_i/evalmul3/inst/core/multiplier_towers[0].multiplier_products[1].multiplier/reciprocal_high_stage2_reg__0/CLK
                         clock pessimism              0.267    13.137
                         clock uncertainty           -0.154    12.982
    DSP48_X3Y25          DSP48E1 (Setup_dsp48e1_CLK_PCIN[19])
                                                     -1.400    11.582    d_i/evalmul3/inst/core/multiplier_towers[0].multiplier_products[1].multiplier/reciprocal_high_stage2_reg__0
  -------------------------------------------------------------------
                         required time                         11.582
                         arrival time                         -11.325
  -------------------------------------------------------------------
                         slack                                  0.257

Slack (MET) :             0.257ns  (required time - arrival time)
  Source:                 d_i/evalmul3/inst/core/multiplier_towers[0].multiplier_products[1].multiplier/product_stage1_reg__0/CLK
                            (rising edge-triggered cell DSP48E1 clocked by clk_fpga_0  {rise@0.000ns fall@5.000ns period=10.000ns})
  Destination:            d_i/evalmul3/inst/core/multiplier_towers[0].multiplier_products[1].multiplier/reciprocal_high_stage2_reg__0/PCIN[1]
                            (rising edge-triggered cell DSP48E1 clocked by clk_fpga_0  {rise@0.000ns fall@5.000ns period=10.000ns})
  Path Group:             clk_fpga_0
  Path Type:              Setup (Max at Slow Process Corner)
  Requirement:            10.000ns  (clk_fpga_0 rise@10.000ns - clk_fpga_0 rise@0.000ns)
  Data Path Delay:        8.159ns  (logic 6.209ns (76.101%)  route 1.950ns (23.899%))
  Logic Levels:           9  (CARRY4=7 DSP48E1=1 LUT2=1)
  Clock Path Skew:        -0.030ns (DCD - SCD + CPR)
    Destination Clock Delay (DCD):    2.869ns = ( 12.869 - 10.000 )
    Source Clock Delay      (SCD):    3.167ns
    Clock Pessimism Removal (CPR):    0.267ns
  Clock Uncertainty:      0.154ns  ((TSJ^2 + TIJ^2)^1/2 + DJ) / 2 + PE
    Total System Jitter     (TSJ):    0.071ns
    Total Input Jitter      (TIJ):    0.300ns
    Discrete Jitter          (DJ):    0.000ns
    Phase Error              (PE):    0.000ns

    Location             Delay type                Incr(ns)  Path(ns)    Netlist Resource(s)
  -------------------------------------------------------------------    -------------------
                         (clock clk_fpga_0 rise edge)
                                                      0.000     0.000 r
    PS7_X0Y0             PS7                          0.000     0.000 r  d_i/ps7/inst/PS7_i/FCLKCLK[0]
                         net (fo=1, routed)           1.193     1.193    d_i/ps7/inst/FCLK_CLK_unbuffered[0]
    BUFGCTRL_X0Y16       BUFG (Prop_bufg_I_O)         0.101     1.294 r  d_i/ps7/inst/buffer_fclk_clk_0.FCLK_CLK_0_BUFG/O
                         net (fo=9584, routed)        1.873     3.167    d_i/evalmul3/inst/core/multiplier_towers[0].multiplier_products[1].multiplier/aclk
    DSP48_X3Y21          DSP48E1                                      r  d_i/evalmul3/inst/core/multiplier_towers[0].multiplier_products[1].multiplier/product_stage1_reg__0/CLK
  -------------------------------------------------------------------    -------------------
    DSP48_X3Y21          DSP48E1 (Prop_dsp48e1_CLK_P[0])
                                                      0.434     3.601 r  d_i/evalmul3/inst/core/multiplier_towers[0].multiplier_products[1].multiplier/product_stage1_reg__0/P[0]
                         net (fo=2, routed)           0.936     4.537    d_i/evalmul3/inst/core/multiplier_towers[0].multiplier_products[1].multiplier/p_1_in[17]
    SLICE_X93Y48         LUT2 (Prop_lut2_I0_O)        0.124     4.661 r  d_i/evalmul3/inst/core/multiplier_towers[0].multiplier_products[1].multiplier/reciprocal_low_comb_i_14/O
                         net (fo=1, routed)           0.000     4.661    d_i/evalmul3/inst/core/multiplier_towers[0].multiplier_products[1].multiplier/reciprocal_low_comb_i_14_n_0
    SLICE_X93Y48         CARRY4 (Prop_carry4_S[1]_CO[3])
                                                      0.550     5.211 r  d_i/evalmul3/inst/core/multiplier_towers[0].multiplier_products[1].multiplier/reciprocal_low_comb_i_3/CO[3]
                         net (fo=1, routed)           0.000     5.211    d_i/evalmul3/inst/core/multiplier_towers[0].multiplier_products[1].multiplier/reciprocal_low_comb_i_3_n_0
    SLICE_X93Y49         CARRY4 (Prop_carry4_CI_CO[3])
                                                      0.114     5.325 r  d_i/evalmul3/inst/core/multiplier_towers[0].multiplier_products[1].multiplier/reciprocal_low_comb_i_2/CO[3]
                         net (fo=1, routed)           0.001     5.325    d_i/evalmul3/inst/core/multiplier_towers[0].multiplier_products[1].multiplier/reciprocal_low_comb_i_2_n_0
    SLICE_X93Y50         CARRY4 (Prop_carry4_CI_CO[3])
                                                      0.114     5.439 r  d_i/evalmul3/inst/core/multiplier_towers[0].multiplier_products[1].multiplier/reciprocal_low_comb_i_1/CO[3]
                         net (fo=1, routed)           0.000     5.439    d_i/evalmul3/inst/core/multiplier_towers[0].multiplier_products[1].multiplier/reciprocal_low_comb_i_1_n_0
    SLICE_X93Y51         CARRY4 (Prop_carry4_CI_CO[3])
                                                      0.114     5.553 r  d_i/evalmul3/inst/core/multiplier_towers[0].multiplier_products[1].multiplier/reciprocal_high_comb__0_i_4/CO[3]
                         net (fo=1, routed)           0.000     5.553    d_i/evalmul3/inst/core/multiplier_towers[0].multiplier_products[1].multiplier/reciprocal_high_comb__0_i_4_n_0
    SLICE_X93Y52         CARRY4 (Prop_carry4_CI_CO[3])
                                                      0.114     5.667 r  d_i/evalmul3/inst/core/multiplier_towers[0].multiplier_products[1].multiplier/reciprocal_high_comb__0_i_3/CO[3]
                         net (fo=1, routed)           0.000     5.667    d_i/evalmul3/inst/core/multiplier_towers[0].multiplier_products[1].multiplier/reciprocal_high_comb__0_i_3_n_0
    SLICE_X93Y53         CARRY4 (Prop_carry4_CI_CO[3])
                                                      0.114     5.781 r  d_i/evalmul3/inst/core/multiplier_towers[0].multiplier_products[1].multiplier/reciprocal_high_comb__0_i_2/CO[3]
                         net (fo=1, routed)           0.000     5.781    d_i/evalmul3/inst/core/multiplier_towers[0].multiplier_products[1].multiplier/reciprocal_high_comb__0_i_2_n_0
    SLICE_X93Y54         CARRY4 (Prop_carry4_CI_O[3])
                                                      0.313     6.094 r  d_i/evalmul3/inst/core/multiplier_towers[0].multiplier_products[1].multiplier/reciprocal_high_comb__0_i_1/O[3]
                         net (fo=3, routed)           1.011     7.105    d_i/evalmul3/inst/core/multiplier_towers[0].multiplier_products[1].multiplier/product_stage1_reg__1[43]
    DSP48_X3Y24          DSP48E1 (Prop_dsp48e1_A[13]_PCOUT[1])
                                                      4.218    11.323 r  d_i/evalmul3/inst/core/multiplier_towers[0].multiplier_products[1].multiplier/reciprocal_high_comb__0/PCOUT[1]
                         net (fo=1, routed)           0.002    11.325    d_i/evalmul3/inst/core/multiplier_towers[0].multiplier_products[1].multiplier/reciprocal_high_comb__0_n_152
    DSP48_X3Y25          DSP48E1                                      r  d_i/evalmul3/inst/core/multiplier_towers[0].multiplier_products[1].multiplier/reciprocal_high_stage2_reg__0/PCIN[1]
  -------------------------------------------------------------------    -------------------

                         (clock clk_fpga_0 rise edge)
                                                     10.000    10.000 r
    PS7_X0Y0             PS7                          0.000    10.000 r  d_i/ps7/inst/PS7_i/FCLKCLK[0]
                         net (fo=1, routed)           1.088    11.088    d_i/ps7/inst/FCLK_CLK_unbuffered[0]
    BUFGCTRL_X0Y16       BUFG (Prop_bufg_I_O)         0.091    11.179 r  d_i/ps7/inst/buffer_fclk_clk_0.FCLK_CLK_0_BUFG/O
                         net (fo=9584, routed)        1.690    12.869    d_i/evalmul3/inst/core/multiplier_towers[0].multiplier_products[1].multiplier/aclk
    DSP48_X3Y25          DSP48E1                                      r  d_i/evalmul3/inst/core/multiplier_towers[0].multiplier_products[1].multiplier/reciprocal_high_stage2_reg__0/CLK
                         clock pessimism              0.267    13.137
                         clock uncertainty           -0.154    12.982
    DSP48_X3Y25          DSP48E1 (Setup_dsp48e1_CLK_PCIN[1])
                                                     -1.400    11.582    d_i/evalmul3/inst/core/multiplier_towers[0].multiplier_products[1].multiplier/reciprocal_high_stage2_reg__0
  -------------------------------------------------------------------
                         required time                         11.582
                         arrival time                         -11.325
  -------------------------------------------------------------------
                         slack                                  0.257

Slack (MET) :             0.257ns  (required time - arrival time)
  Source:                 d_i/evalmul3/inst/core/multiplier_towers[0].multiplier_products[1].multiplier/product_stage1_reg__0/CLK
                            (rising edge-triggered cell DSP48E1 clocked by clk_fpga_0  {rise@0.000ns fall@5.000ns period=10.000ns})
  Destination:            d_i/evalmul3/inst/core/multiplier_towers[0].multiplier_products[1].multiplier/reciprocal_high_stage2_reg__0/PCIN[20]
                            (rising edge-triggered cell DSP48E1 clocked by clk_fpga_0  {rise@0.000ns fall@5.000ns period=10.000ns})
  Path Group:             clk_fpga_0
  Path Type:              Setup (Max at Slow Process Corner)
  Requirement:            10.000ns  (clk_fpga_0 rise@10.000ns - clk_fpga_0 rise@0.000ns)
  Data Path Delay:        8.159ns  (logic 6.209ns (76.101%)  route 1.950ns (23.899%))
  Logic Levels:           9  (CARRY4=7 DSP48E1=1 LUT2=1)
  Clock Path Skew:        -0.030ns (DCD - SCD + CPR)
    Destination Clock Delay (DCD):    2.869ns = ( 12.869 - 10.000 )
    Source Clock Delay      (SCD):    3.167ns
    Clock Pessimism Removal (CPR):    0.267ns
  Clock Uncertainty:      0.154ns  ((TSJ^2 + TIJ^2)^1/2 + DJ) / 2 + PE
    Total System Jitter     (TSJ):    0.071ns
    Total Input Jitter      (TIJ):    0.300ns
    Discrete Jitter          (DJ):    0.000ns
    Phase Error              (PE):    0.000ns

    Location             Delay type                Incr(ns)  Path(ns)    Netlist Resource(s)
  -------------------------------------------------------------------    -------------------
                         (clock clk_fpga_0 rise edge)
                                                      0.000     0.000 r
    PS7_X0Y0             PS7                          0.000     0.000 r  d_i/ps7/inst/PS7_i/FCLKCLK[0]
                         net (fo=1, routed)           1.193     1.193    d_i/ps7/inst/FCLK_CLK_unbuffered[0]
    BUFGCTRL_X0Y16       BUFG (Prop_bufg_I_O)         0.101     1.294 r  d_i/ps7/inst/buffer_fclk_clk_0.FCLK_CLK_0_BUFG/O
                         net (fo=9584, routed)        1.873     3.167    d_i/evalmul3/inst/core/multiplier_towers[0].multiplier_products[1].multiplier/aclk
    DSP48_X3Y21          DSP48E1                                      r  d_i/evalmul3/inst/core/multiplier_towers[0].multiplier_products[1].multiplier/product_stage1_reg__0/CLK
  -------------------------------------------------------------------    -------------------
    DSP48_X3Y21          DSP48E1 (Prop_dsp48e1_CLK_P[0])
                                                      0.434     3.601 r  d_i/evalmul3/inst/core/multiplier_towers[0].multiplier_products[1].multiplier/product_stage1_reg__0/P[0]
                         net (fo=2, routed)           0.936     4.537    d_i/evalmul3/inst/core/multiplier_towers[0].multiplier_products[1].multiplier/p_1_in[17]
    SLICE_X93Y48         LUT2 (Prop_lut2_I0_O)        0.124     4.661 r  d_i/evalmul3/inst/core/multiplier_towers[0].multiplier_products[1].multiplier/reciprocal_low_comb_i_14/O
                         net (fo=1, routed)           0.000     4.661    d_i/evalmul3/inst/core/multiplier_towers[0].multiplier_products[1].multiplier/reciprocal_low_comb_i_14_n_0
    SLICE_X93Y48         CARRY4 (Prop_carry4_S[1]_CO[3])
                                                      0.550     5.211 r  d_i/evalmul3/inst/core/multiplier_towers[0].multiplier_products[1].multiplier/reciprocal_low_comb_i_3/CO[3]
                         net (fo=1, routed)           0.000     5.211    d_i/evalmul3/inst/core/multiplier_towers[0].multiplier_products[1].multiplier/reciprocal_low_comb_i_3_n_0
    SLICE_X93Y49         CARRY4 (Prop_carry4_CI_CO[3])
                                                      0.114     5.325 r  d_i/evalmul3/inst/core/multiplier_towers[0].multiplier_products[1].multiplier/reciprocal_low_comb_i_2/CO[3]
                         net (fo=1, routed)           0.001     5.325    d_i/evalmul3/inst/core/multiplier_towers[0].multiplier_products[1].multiplier/reciprocal_low_comb_i_2_n_0
    SLICE_X93Y50         CARRY4 (Prop_carry4_CI_CO[3])
                                                      0.114     5.439 r  d_i/evalmul3/inst/core/multiplier_towers[0].multiplier_products[1].multiplier/reciprocal_low_comb_i_1/CO[3]
                         net (fo=1, routed)           0.000     5.439    d_i/evalmul3/inst/core/multiplier_towers[0].multiplier_products[1].multiplier/reciprocal_low_comb_i_1_n_0
    SLICE_X93Y51         CARRY4 (Prop_carry4_CI_CO[3])
                                                      0.114     5.553 r  d_i/evalmul3/inst/core/multiplier_towers[0].multiplier_products[1].multiplier/reciprocal_high_comb__0_i_4/CO[3]
                         net (fo=1, routed)           0.000     5.553    d_i/evalmul3/inst/core/multiplier_towers[0].multiplier_products[1].multiplier/reciprocal_high_comb__0_i_4_n_0
    SLICE_X93Y52         CARRY4 (Prop_carry4_CI_CO[3])
                                                      0.114     5.667 r  d_i/evalmul3/inst/core/multiplier_towers[0].multiplier_products[1].multiplier/reciprocal_high_comb__0_i_3/CO[3]
                         net (fo=1, routed)           0.000     5.667    d_i/evalmul3/inst/core/multiplier_towers[0].multiplier_products[1].multiplier/reciprocal_high_comb__0_i_3_n_0
    SLICE_X93Y53         CARRY4 (Prop_carry4_CI_CO[3])
                                                      0.114     5.781 r  d_i/evalmul3/inst/core/multiplier_towers[0].multiplier_products[1].multiplier/reciprocal_high_comb__0_i_2/CO[3]
                         net (fo=1, routed)           0.000     5.781    d_i/evalmul3/inst/core/multiplier_towers[0].multiplier_products[1].multiplier/reciprocal_high_comb__0_i_2_n_0
    SLICE_X93Y54         CARRY4 (Prop_carry4_CI_O[3])
                                                      0.313     6.094 r  d_i/evalmul3/inst/core/multiplier_towers[0].multiplier_products[1].multiplier/reciprocal_high_comb__0_i_1/O[3]
                         net (fo=3, routed)           1.011     7.105    d_i/evalmul3/inst/core/multiplier_towers[0].multiplier_products[1].multiplier/product_stage1_reg__1[43]
    DSP48_X3Y24          DSP48E1 (Prop_dsp48e1_A[13]_PCOUT[20])
                                                      4.218    11.323 r  d_i/evalmul3/inst/core/multiplier_towers[0].multiplier_products[1].multiplier/reciprocal_high_comb__0/PCOUT[20]
                         net (fo=1, routed)           0.002    11.325    d_i/evalmul3/inst/core/multiplier_towers[0].multiplier_products[1].multiplier/reciprocal_high_comb__0_n_133
    DSP48_X3Y25          DSP48E1                                      r  d_i/evalmul3/inst/core/multiplier_towers[0].multiplier_products[1].multiplier/reciprocal_high_stage2_reg__0/PCIN[20]
  -------------------------------------------------------------------    -------------------

                         (clock clk_fpga_0 rise edge)
                                                     10.000    10.000 r
    PS7_X0Y0             PS7                          0.000    10.000 r  d_i/ps7/inst/PS7_i/FCLKCLK[0]
                         net (fo=1, routed)           1.088    11.088    d_i/ps7/inst/FCLK_CLK_unbuffered[0]
    BUFGCTRL_X0Y16       BUFG (Prop_bufg_I_O)         0.091    11.179 r  d_i/ps7/inst/buffer_fclk_clk_0.FCLK_CLK_0_BUFG/O
                         net (fo=9584, routed)        1.690    12.869    d_i/evalmul3/inst/core/multiplier_towers[0].multiplier_products[1].multiplier/aclk
    DSP48_X3Y25          DSP48E1                                      r  d_i/evalmul3/inst/core/multiplier_towers[0].multiplier_products[1].multiplier/reciprocal_high_stage2_reg__0/CLK
                         clock pessimism              0.267    13.137
                         clock uncertainty           -0.154    12.982
    DSP48_X3Y25          DSP48E1 (Setup_dsp48e1_CLK_PCIN[20])
                                                     -1.400    11.582    d_i/evalmul3/inst/core/multiplier_towers[0].multiplier_products[1].multiplier/reciprocal_high_stage2_reg__0
  -------------------------------------------------------------------
                         required time                         11.582
                         arrival time                         -11.325
  -------------------------------------------------------------------
                         slack                                  0.257

Slack (MET) :             0.257ns  (required time - arrival time)
  Source:                 d_i/evalmul3/inst/core/multiplier_towers[0].multiplier_products[1].multiplier/product_stage1_reg__0/CLK
                            (rising edge-triggered cell DSP48E1 clocked by clk_fpga_0  {rise@0.000ns fall@5.000ns period=10.000ns})
  Destination:            d_i/evalmul3/inst/core/multiplier_towers[0].multiplier_products[1].multiplier/reciprocal_high_stage2_reg__0/PCIN[21]
                            (rising edge-triggered cell DSP48E1 clocked by clk_fpga_0  {rise@0.000ns fall@5.000ns period=10.000ns})
  Path Group:             clk_fpga_0
  Path Type:              Setup (Max at Slow Process Corner)
  Requirement:            10.000ns  (clk_fpga_0 rise@10.000ns - clk_fpga_0 rise@0.000ns)
  Data Path Delay:        8.159ns  (logic 6.209ns (76.101%)  route 1.950ns (23.899%))
  Logic Levels:           9  (CARRY4=7 DSP48E1=1 LUT2=1)
  Clock Path Skew:        -0.030ns (DCD - SCD + CPR)
    Destination Clock Delay (DCD):    2.869ns = ( 12.869 - 10.000 )
    Source Clock Delay      (SCD):    3.167ns
    Clock Pessimism Removal (CPR):    0.267ns
  Clock Uncertainty:      0.154ns  ((TSJ^2 + TIJ^2)^1/2 + DJ) / 2 + PE
    Total System Jitter     (TSJ):    0.071ns
    Total Input Jitter      (TIJ):    0.300ns
    Discrete Jitter          (DJ):    0.000ns
    Phase Error              (PE):    0.000ns

    Location             Delay type                Incr(ns)  Path(ns)    Netlist Resource(s)
  -------------------------------------------------------------------    -------------------
                         (clock clk_fpga_0 rise edge)
                                                      0.000     0.000 r
    PS7_X0Y0             PS7                          0.000     0.000 r  d_i/ps7/inst/PS7_i/FCLKCLK[0]
                         net (fo=1, routed)           1.193     1.193    d_i/ps7/inst/FCLK_CLK_unbuffered[0]
    BUFGCTRL_X0Y16       BUFG (Prop_bufg_I_O)         0.101     1.294 r  d_i/ps7/inst/buffer_fclk_clk_0.FCLK_CLK_0_BUFG/O
                         net (fo=9584, routed)        1.873     3.167    d_i/evalmul3/inst/core/multiplier_towers[0].multiplier_products[1].multiplier/aclk
    DSP48_X3Y21          DSP48E1                                      r  d_i/evalmul3/inst/core/multiplier_towers[0].multiplier_products[1].multiplier/product_stage1_reg__0/CLK
  -------------------------------------------------------------------    -------------------
    DSP48_X3Y21          DSP48E1 (Prop_dsp48e1_CLK_P[0])
                                                      0.434     3.601 r  d_i/evalmul3/inst/core/multiplier_towers[0].multiplier_products[1].multiplier/product_stage1_reg__0/P[0]
                         net (fo=2, routed)           0.936     4.537    d_i/evalmul3/inst/core/multiplier_towers[0].multiplier_products[1].multiplier/p_1_in[17]
    SLICE_X93Y48         LUT2 (Prop_lut2_I0_O)        0.124     4.661 r  d_i/evalmul3/inst/core/multiplier_towers[0].multiplier_products[1].multiplier/reciprocal_low_comb_i_14/O
                         net (fo=1, routed)           0.000     4.661    d_i/evalmul3/inst/core/multiplier_towers[0].multiplier_products[1].multiplier/reciprocal_low_comb_i_14_n_0
    SLICE_X93Y48         CARRY4 (Prop_carry4_S[1]_CO[3])
                                                      0.550     5.211 r  d_i/evalmul3/inst/core/multiplier_towers[0].multiplier_products[1].multiplier/reciprocal_low_comb_i_3/CO[3]
                         net (fo=1, routed)           0.000     5.211    d_i/evalmul3/inst/core/multiplier_towers[0].multiplier_products[1].multiplier/reciprocal_low_comb_i_3_n_0
    SLICE_X93Y49         CARRY4 (Prop_carry4_CI_CO[3])
                                                      0.114     5.325 r  d_i/evalmul3/inst/core/multiplier_towers[0].multiplier_products[1].multiplier/reciprocal_low_comb_i_2/CO[3]
                         net (fo=1, routed)           0.001     5.325    d_i/evalmul3/inst/core/multiplier_towers[0].multiplier_products[1].multiplier/reciprocal_low_comb_i_2_n_0
    SLICE_X93Y50         CARRY4 (Prop_carry4_CI_CO[3])
                                                      0.114     5.439 r  d_i/evalmul3/inst/core/multiplier_towers[0].multiplier_products[1].multiplier/reciprocal_low_comb_i_1/CO[3]
                         net (fo=1, routed)           0.000     5.439    d_i/evalmul3/inst/core/multiplier_towers[0].multiplier_products[1].multiplier/reciprocal_low_comb_i_1_n_0
    SLICE_X93Y51         CARRY4 (Prop_carry4_CI_CO[3])
                                                      0.114     5.553 r  d_i/evalmul3/inst/core/multiplier_towers[0].multiplier_products[1].multiplier/reciprocal_high_comb__0_i_4/CO[3]
                         net (fo=1, routed)           0.000     5.553    d_i/evalmul3/inst/core/multiplier_towers[0].multiplier_products[1].multiplier/reciprocal_high_comb__0_i_4_n_0
    SLICE_X93Y52         CARRY4 (Prop_carry4_CI_CO[3])
                                                      0.114     5.667 r  d_i/evalmul3/inst/core/multiplier_towers[0].multiplier_products[1].multiplier/reciprocal_high_comb__0_i_3/CO[3]
                         net (fo=1, routed)           0.000     5.667    d_i/evalmul3/inst/core/multiplier_towers[0].multiplier_products[1].multiplier/reciprocal_high_comb__0_i_3_n_0
    SLICE_X93Y53         CARRY4 (Prop_carry4_CI_CO[3])
                                                      0.114     5.781 r  d_i/evalmul3/inst/core/multiplier_towers[0].multiplier_products[1].multiplier/reciprocal_high_comb__0_i_2/CO[3]
                         net (fo=1, routed)           0.000     5.781    d_i/evalmul3/inst/core/multiplier_towers[0].multiplier_products[1].multiplier/reciprocal_high_comb__0_i_2_n_0
    SLICE_X93Y54         CARRY4 (Prop_carry4_CI_O[3])
                                                      0.313     6.094 r  d_i/evalmul3/inst/core/multiplier_towers[0].multiplier_products[1].multiplier/reciprocal_high_comb__0_i_1/O[3]
                         net (fo=3, routed)           1.011     7.105    d_i/evalmul3/inst/core/multiplier_towers[0].multiplier_products[1].multiplier/product_stage1_reg__1[43]
    DSP48_X3Y24          DSP48E1 (Prop_dsp48e1_A[13]_PCOUT[21])
                                                      4.218    11.323 r  d_i/evalmul3/inst/core/multiplier_towers[0].multiplier_products[1].multiplier/reciprocal_high_comb__0/PCOUT[21]
                         net (fo=1, routed)           0.002    11.325    d_i/evalmul3/inst/core/multiplier_towers[0].multiplier_products[1].multiplier/reciprocal_high_comb__0_n_132
    DSP48_X3Y25          DSP48E1                                      r  d_i/evalmul3/inst/core/multiplier_towers[0].multiplier_products[1].multiplier/reciprocal_high_stage2_reg__0/PCIN[21]
  -------------------------------------------------------------------    -------------------

                         (clock clk_fpga_0 rise edge)
                                                     10.000    10.000 r
    PS7_X0Y0             PS7                          0.000    10.000 r  d_i/ps7/inst/PS7_i/FCLKCLK[0]
                         net (fo=1, routed)           1.088    11.088    d_i/ps7/inst/FCLK_CLK_unbuffered[0]
    BUFGCTRL_X0Y16       BUFG (Prop_bufg_I_O)         0.091    11.179 r  d_i/ps7/inst/buffer_fclk_clk_0.FCLK_CLK_0_BUFG/O
                         net (fo=9584, routed)        1.690    12.869    d_i/evalmul3/inst/core/multiplier_towers[0].multiplier_products[1].multiplier/aclk
    DSP48_X3Y25          DSP48E1                                      r  d_i/evalmul3/inst/core/multiplier_towers[0].multiplier_products[1].multiplier/reciprocal_high_stage2_reg__0/CLK
                         clock pessimism              0.267    13.137
                         clock uncertainty           -0.154    12.982
    DSP48_X3Y25          DSP48E1 (Setup_dsp48e1_CLK_PCIN[21])
                                                     -1.400    11.582    d_i/evalmul3/inst/core/multiplier_towers[0].multiplier_products[1].multiplier/reciprocal_high_stage2_reg__0
  -------------------------------------------------------------------
                         required time                         11.582
                         arrival time                         -11.325
  -------------------------------------------------------------------
                         slack                                  0.257

Slack (MET) :             0.257ns  (required time - arrival time)
  Source:                 d_i/evalmul3/inst/core/multiplier_towers[0].multiplier_products[1].multiplier/product_stage1_reg__0/CLK
                            (rising edge-triggered cell DSP48E1 clocked by clk_fpga_0  {rise@0.000ns fall@5.000ns period=10.000ns})
  Destination:            d_i/evalmul3/inst/core/multiplier_towers[0].multiplier_products[1].multiplier/reciprocal_high_stage2_reg__0/PCIN[22]
                            (rising edge-triggered cell DSP48E1 clocked by clk_fpga_0  {rise@0.000ns fall@5.000ns period=10.000ns})
  Path Group:             clk_fpga_0
  Path Type:              Setup (Max at Slow Process Corner)
  Requirement:            10.000ns  (clk_fpga_0 rise@10.000ns - clk_fpga_0 rise@0.000ns)
  Data Path Delay:        8.159ns  (logic 6.209ns (76.101%)  route 1.950ns (23.899%))
  Logic Levels:           9  (CARRY4=7 DSP48E1=1 LUT2=1)
  Clock Path Skew:        -0.030ns (DCD - SCD + CPR)
    Destination Clock Delay (DCD):    2.869ns = ( 12.869 - 10.000 )
    Source Clock Delay      (SCD):    3.167ns
    Clock Pessimism Removal (CPR):    0.267ns
  Clock Uncertainty:      0.154ns  ((TSJ^2 + TIJ^2)^1/2 + DJ) / 2 + PE
    Total System Jitter     (TSJ):    0.071ns
    Total Input Jitter      (TIJ):    0.300ns
    Discrete Jitter          (DJ):    0.000ns
    Phase Error              (PE):    0.000ns

    Location             Delay type                Incr(ns)  Path(ns)    Netlist Resource(s)
  -------------------------------------------------------------------    -------------------
                         (clock clk_fpga_0 rise edge)
                                                      0.000     0.000 r
    PS7_X0Y0             PS7                          0.000     0.000 r  d_i/ps7/inst/PS7_i/FCLKCLK[0]
                         net (fo=1, routed)           1.193     1.193    d_i/ps7/inst/FCLK_CLK_unbuffered[0]
    BUFGCTRL_X0Y16       BUFG (Prop_bufg_I_O)         0.101     1.294 r  d_i/ps7/inst/buffer_fclk_clk_0.FCLK_CLK_0_BUFG/O
                         net (fo=9584, routed)        1.873     3.167    d_i/evalmul3/inst/core/multiplier_towers[0].multiplier_products[1].multiplier/aclk
    DSP48_X3Y21          DSP48E1                                      r  d_i/evalmul3/inst/core/multiplier_towers[0].multiplier_products[1].multiplier/product_stage1_reg__0/CLK
  -------------------------------------------------------------------    -------------------
    DSP48_X3Y21          DSP48E1 (Prop_dsp48e1_CLK_P[0])
                                                      0.434     3.601 r  d_i/evalmul3/inst/core/multiplier_towers[0].multiplier_products[1].multiplier/product_stage1_reg__0/P[0]
                         net (fo=2, routed)           0.936     4.537    d_i/evalmul3/inst/core/multiplier_towers[0].multiplier_products[1].multiplier/p_1_in[17]
    SLICE_X93Y48         LUT2 (Prop_lut2_I0_O)        0.124     4.661 r  d_i/evalmul3/inst/core/multiplier_towers[0].multiplier_products[1].multiplier/reciprocal_low_comb_i_14/O
                         net (fo=1, routed)           0.000     4.661    d_i/evalmul3/inst/core/multiplier_towers[0].multiplier_products[1].multiplier/reciprocal_low_comb_i_14_n_0
    SLICE_X93Y48         CARRY4 (Prop_carry4_S[1]_CO[3])
                                                      0.550     5.211 r  d_i/evalmul3/inst/core/multiplier_towers[0].multiplier_products[1].multiplier/reciprocal_low_comb_i_3/CO[3]
                         net (fo=1, routed)           0.000     5.211    d_i/evalmul3/inst/core/multiplier_towers[0].multiplier_products[1].multiplier/reciprocal_low_comb_i_3_n_0
    SLICE_X93Y49         CARRY4 (Prop_carry4_CI_CO[3])
                                                      0.114     5.325 r  d_i/evalmul3/inst/core/multiplier_towers[0].multiplier_products[1].multiplier/reciprocal_low_comb_i_2/CO[3]
                         net (fo=1, routed)           0.001     5.325    d_i/evalmul3/inst/core/multiplier_towers[0].multiplier_products[1].multiplier/reciprocal_low_comb_i_2_n_0
    SLICE_X93Y50         CARRY4 (Prop_carry4_CI_CO[3])
                                                      0.114     5.439 r  d_i/evalmul3/inst/core/multiplier_towers[0].multiplier_products[1].multiplier/reciprocal_low_comb_i_1/CO[3]
                         net (fo=1, routed)           0.000     5.439    d_i/evalmul3/inst/core/multiplier_towers[0].multiplier_products[1].multiplier/reciprocal_low_comb_i_1_n_0
    SLICE_X93Y51         CARRY4 (Prop_carry4_CI_CO[3])
                                                      0.114     5.553 r  d_i/evalmul3/inst/core/multiplier_towers[0].multiplier_products[1].multiplier/reciprocal_high_comb__0_i_4/CO[3]
                         net (fo=1, routed)           0.000     5.553    d_i/evalmul3/inst/core/multiplier_towers[0].multiplier_products[1].multiplier/reciprocal_high_comb__0_i_4_n_0
    SLICE_X93Y52         CARRY4 (Prop_carry4_CI_CO[3])
                                                      0.114     5.667 r  d_i/evalmul3/inst/core/multiplier_towers[0].multiplier_products[1].multiplier/reciprocal_high_comb__0_i_3/CO[3]
                         net (fo=1, routed)           0.000     5.667    d_i/evalmul3/inst/core/multiplier_towers[0].multiplier_products[1].multiplier/reciprocal_high_comb__0_i_3_n_0
    SLICE_X93Y53         CARRY4 (Prop_carry4_CI_CO[3])
                                                      0.114     5.781 r  d_i/evalmul3/inst/core/multiplier_towers[0].multiplier_products[1].multiplier/reciprocal_high_comb__0_i_2/CO[3]
                         net (fo=1, routed)           0.000     5.781    d_i/evalmul3/inst/core/multiplier_towers[0].multiplier_products[1].multiplier/reciprocal_high_comb__0_i_2_n_0
    SLICE_X93Y54         CARRY4 (Prop_carry4_CI_O[3])
                                                      0.313     6.094 r  d_i/evalmul3/inst/core/multiplier_towers[0].multiplier_products[1].multiplier/reciprocal_high_comb__0_i_1/O[3]
                         net (fo=3, routed)           1.011     7.105    d_i/evalmul3/inst/core/multiplier_towers[0].multiplier_products[1].multiplier/product_stage1_reg__1[43]
    DSP48_X3Y24          DSP48E1 (Prop_dsp48e1_A[13]_PCOUT[22])
                                                      4.218    11.323 r  d_i/evalmul3/inst/core/multiplier_towers[0].multiplier_products[1].multiplier/reciprocal_high_comb__0/PCOUT[22]
                         net (fo=1, routed)           0.002    11.325    d_i/evalmul3/inst/core/multiplier_towers[0].multiplier_products[1].multiplier/reciprocal_high_comb__0_n_131
    DSP48_X3Y25          DSP48E1                                      r  d_i/evalmul3/inst/core/multiplier_towers[0].multiplier_products[1].multiplier/reciprocal_high_stage2_reg__0/PCIN[22]
  -------------------------------------------------------------------    -------------------

                         (clock clk_fpga_0 rise edge)
                                                     10.000    10.000 r
    PS7_X0Y0             PS7                          0.000    10.000 r  d_i/ps7/inst/PS7_i/FCLKCLK[0]
                         net (fo=1, routed)           1.088    11.088    d_i/ps7/inst/FCLK_CLK_unbuffered[0]
    BUFGCTRL_X0Y16       BUFG (Prop_bufg_I_O)         0.091    11.179 r  d_i/ps7/inst/buffer_fclk_clk_0.FCLK_CLK_0_BUFG/O
                         net (fo=9584, routed)        1.690    12.869    d_i/evalmul3/inst/core/multiplier_towers[0].multiplier_products[1].multiplier/aclk
    DSP48_X3Y25          DSP48E1                                      r  d_i/evalmul3/inst/core/multiplier_towers[0].multiplier_products[1].multiplier/reciprocal_high_stage2_reg__0/CLK
                         clock pessimism              0.267    13.137
                         clock uncertainty           -0.154    12.982
    DSP48_X3Y25          DSP48E1 (Setup_dsp48e1_CLK_PCIN[22])
                                                     -1.400    11.582    d_i/evalmul3/inst/core/multiplier_towers[0].multiplier_products[1].multiplier/reciprocal_high_stage2_reg__0
  -------------------------------------------------------------------
                         required time                         11.582
                         arrival time                         -11.325
  -------------------------------------------------------------------
                         slack                                  0.257

Slack (MET) :             0.257ns  (required time - arrival time)
  Source:                 d_i/evalmul3/inst/core/multiplier_towers[0].multiplier_products[1].multiplier/product_stage1_reg__0/CLK
                            (rising edge-triggered cell DSP48E1 clocked by clk_fpga_0  {rise@0.000ns fall@5.000ns period=10.000ns})
  Destination:            d_i/evalmul3/inst/core/multiplier_towers[0].multiplier_products[1].multiplier/reciprocal_high_stage2_reg__0/PCIN[23]
                            (rising edge-triggered cell DSP48E1 clocked by clk_fpga_0  {rise@0.000ns fall@5.000ns period=10.000ns})
  Path Group:             clk_fpga_0
  Path Type:              Setup (Max at Slow Process Corner)
  Requirement:            10.000ns  (clk_fpga_0 rise@10.000ns - clk_fpga_0 rise@0.000ns)
  Data Path Delay:        8.159ns  (logic 6.209ns (76.101%)  route 1.950ns (23.899%))
  Logic Levels:           9  (CARRY4=7 DSP48E1=1 LUT2=1)
  Clock Path Skew:        -0.030ns (DCD - SCD + CPR)
    Destination Clock Delay (DCD):    2.869ns = ( 12.869 - 10.000 )
    Source Clock Delay      (SCD):    3.167ns
    Clock Pessimism Removal (CPR):    0.267ns
  Clock Uncertainty:      0.154ns  ((TSJ^2 + TIJ^2)^1/2 + DJ) / 2 + PE
    Total System Jitter     (TSJ):    0.071ns
    Total Input Jitter      (TIJ):    0.300ns
    Discrete Jitter          (DJ):    0.000ns
    Phase Error              (PE):    0.000ns

    Location             Delay type                Incr(ns)  Path(ns)    Netlist Resource(s)
  -------------------------------------------------------------------    -------------------
                         (clock clk_fpga_0 rise edge)
                                                      0.000     0.000 r
    PS7_X0Y0             PS7                          0.000     0.000 r  d_i/ps7/inst/PS7_i/FCLKCLK[0]
                         net (fo=1, routed)           1.193     1.193    d_i/ps7/inst/FCLK_CLK_unbuffered[0]
    BUFGCTRL_X0Y16       BUFG (Prop_bufg_I_O)         0.101     1.294 r  d_i/ps7/inst/buffer_fclk_clk_0.FCLK_CLK_0_BUFG/O
                         net (fo=9584, routed)        1.873     3.167    d_i/evalmul3/inst/core/multiplier_towers[0].multiplier_products[1].multiplier/aclk
    DSP48_X3Y21          DSP48E1                                      r  d_i/evalmul3/inst/core/multiplier_towers[0].multiplier_products[1].multiplier/product_stage1_reg__0/CLK
  -------------------------------------------------------------------    -------------------
    DSP48_X3Y21          DSP48E1 (Prop_dsp48e1_CLK_P[0])
                                                      0.434     3.601 r  d_i/evalmul3/inst/core/multiplier_towers[0].multiplier_products[1].multiplier/product_stage1_reg__0/P[0]
                         net (fo=2, routed)           0.936     4.537    d_i/evalmul3/inst/core/multiplier_towers[0].multiplier_products[1].multiplier/p_1_in[17]
    SLICE_X93Y48         LUT2 (Prop_lut2_I0_O)        0.124     4.661 r  d_i/evalmul3/inst/core/multiplier_towers[0].multiplier_products[1].multiplier/reciprocal_low_comb_i_14/O
                         net (fo=1, routed)           0.000     4.661    d_i/evalmul3/inst/core/multiplier_towers[0].multiplier_products[1].multiplier/reciprocal_low_comb_i_14_n_0
    SLICE_X93Y48         CARRY4 (Prop_carry4_S[1]_CO[3])
                                                      0.550     5.211 r  d_i/evalmul3/inst/core/multiplier_towers[0].multiplier_products[1].multiplier/reciprocal_low_comb_i_3/CO[3]
                         net (fo=1, routed)           0.000     5.211    d_i/evalmul3/inst/core/multiplier_towers[0].multiplier_products[1].multiplier/reciprocal_low_comb_i_3_n_0
    SLICE_X93Y49         CARRY4 (Prop_carry4_CI_CO[3])
                                                      0.114     5.325 r  d_i/evalmul3/inst/core/multiplier_towers[0].multiplier_products[1].multiplier/reciprocal_low_comb_i_2/CO[3]
                         net (fo=1, routed)           0.001     5.325    d_i/evalmul3/inst/core/multiplier_towers[0].multiplier_products[1].multiplier/reciprocal_low_comb_i_2_n_0
    SLICE_X93Y50         CARRY4 (Prop_carry4_CI_CO[3])
                                                      0.114     5.439 r  d_i/evalmul3/inst/core/multiplier_towers[0].multiplier_products[1].multiplier/reciprocal_low_comb_i_1/CO[3]
                         net (fo=1, routed)           0.000     5.439    d_i/evalmul3/inst/core/multiplier_towers[0].multiplier_products[1].multiplier/reciprocal_low_comb_i_1_n_0
    SLICE_X93Y51         CARRY4 (Prop_carry4_CI_CO[3])
                                                      0.114     5.553 r  d_i/evalmul3/inst/core/multiplier_towers[0].multiplier_products[1].multiplier/reciprocal_high_comb__0_i_4/CO[3]
                         net (fo=1, routed)           0.000     5.553    d_i/evalmul3/inst/core/multiplier_towers[0].multiplier_products[1].multiplier/reciprocal_high_comb__0_i_4_n_0
    SLICE_X93Y52         CARRY4 (Prop_carry4_CI_CO[3])
                                                      0.114     5.667 r  d_i/evalmul3/inst/core/multiplier_towers[0].multiplier_products[1].multiplier/reciprocal_high_comb__0_i_3/CO[3]
                         net (fo=1, routed)           0.000     5.667    d_i/evalmul3/inst/core/multiplier_towers[0].multiplier_products[1].multiplier/reciprocal_high_comb__0_i_3_n_0
    SLICE_X93Y53         CARRY4 (Prop_carry4_CI_CO[3])
                                                      0.114     5.781 r  d_i/evalmul3/inst/core/multiplier_towers[0].multiplier_products[1].multiplier/reciprocal_high_comb__0_i_2/CO[3]
                         net (fo=1, routed)           0.000     5.781    d_i/evalmul3/inst/core/multiplier_towers[0].multiplier_products[1].multiplier/reciprocal_high_comb__0_i_2_n_0
    SLICE_X93Y54         CARRY4 (Prop_carry4_CI_O[3])
                                                      0.313     6.094 r  d_i/evalmul3/inst/core/multiplier_towers[0].multiplier_products[1].multiplier/reciprocal_high_comb__0_i_1/O[3]
                         net (fo=3, routed)           1.011     7.105    d_i/evalmul3/inst/core/multiplier_towers[0].multiplier_products[1].multiplier/product_stage1_reg__1[43]
    DSP48_X3Y24          DSP48E1 (Prop_dsp48e1_A[13]_PCOUT[23])
                                                      4.218    11.323 r  d_i/evalmul3/inst/core/multiplier_towers[0].multiplier_products[1].multiplier/reciprocal_high_comb__0/PCOUT[23]
                         net (fo=1, routed)           0.002    11.325    d_i/evalmul3/inst/core/multiplier_towers[0].multiplier_products[1].multiplier/reciprocal_high_comb__0_n_130
    DSP48_X3Y25          DSP48E1                                      r  d_i/evalmul3/inst/core/multiplier_towers[0].multiplier_products[1].multiplier/reciprocal_high_stage2_reg__0/PCIN[23]
  -------------------------------------------------------------------    -------------------

                         (clock clk_fpga_0 rise edge)
                                                     10.000    10.000 r
    PS7_X0Y0             PS7                          0.000    10.000 r  d_i/ps7/inst/PS7_i/FCLKCLK[0]
                         net (fo=1, routed)           1.088    11.088    d_i/ps7/inst/FCLK_CLK_unbuffered[0]
    BUFGCTRL_X0Y16       BUFG (Prop_bufg_I_O)         0.091    11.179 r  d_i/ps7/inst/buffer_fclk_clk_0.FCLK_CLK_0_BUFG/O
                         net (fo=9584, routed)        1.690    12.869    d_i/evalmul3/inst/core/multiplier_towers[0].multiplier_products[1].multiplier/aclk
    DSP48_X3Y25          DSP48E1                                      r  d_i/evalmul3/inst/core/multiplier_towers[0].multiplier_products[1].multiplier/reciprocal_high_stage2_reg__0/CLK
                         clock pessimism              0.267    13.137
                         clock uncertainty           -0.154    12.982
    DSP48_X3Y25          DSP48E1 (Setup_dsp48e1_CLK_PCIN[23])
                                                     -1.400    11.582    d_i/evalmul3/inst/core/multiplier_towers[0].multiplier_products[1].multiplier/reciprocal_high_stage2_reg__0
  -------------------------------------------------------------------
                         required time                         11.582
                         arrival time                         -11.325
  -------------------------------------------------------------------
                         slack                                  0.257

Slack (MET) :             0.257ns  (required time - arrival time)
  Source:                 d_i/evalmul3/inst/core/multiplier_towers[0].multiplier_products[1].multiplier/product_stage1_reg__0/CLK
                            (rising edge-triggered cell DSP48E1 clocked by clk_fpga_0  {rise@0.000ns fall@5.000ns period=10.000ns})
  Destination:            d_i/evalmul3/inst/core/multiplier_towers[0].multiplier_products[1].multiplier/reciprocal_high_stage2_reg__0/PCIN[24]
                            (rising edge-triggered cell DSP48E1 clocked by clk_fpga_0  {rise@0.000ns fall@5.000ns period=10.000ns})
  Path Group:             clk_fpga_0
  Path Type:              Setup (Max at Slow Process Corner)
  Requirement:            10.000ns  (clk_fpga_0 rise@10.000ns - clk_fpga_0 rise@0.000ns)
  Data Path Delay:        8.159ns  (logic 6.209ns (76.101%)  route 1.950ns (23.899%))
  Logic Levels:           9  (CARRY4=7 DSP48E1=1 LUT2=1)
  Clock Path Skew:        -0.030ns (DCD - SCD + CPR)
    Destination Clock Delay (DCD):    2.869ns = ( 12.869 - 10.000 )
    Source Clock Delay      (SCD):    3.167ns
    Clock Pessimism Removal (CPR):    0.267ns
  Clock Uncertainty:      0.154ns  ((TSJ^2 + TIJ^2)^1/2 + DJ) / 2 + PE
    Total System Jitter     (TSJ):    0.071ns
    Total Input Jitter      (TIJ):    0.300ns
    Discrete Jitter          (DJ):    0.000ns
    Phase Error              (PE):    0.000ns

    Location             Delay type                Incr(ns)  Path(ns)    Netlist Resource(s)
  -------------------------------------------------------------------    -------------------
                         (clock clk_fpga_0 rise edge)
                                                      0.000     0.000 r
    PS7_X0Y0             PS7                          0.000     0.000 r  d_i/ps7/inst/PS7_i/FCLKCLK[0]
                         net (fo=1, routed)           1.193     1.193    d_i/ps7/inst/FCLK_CLK_unbuffered[0]
    BUFGCTRL_X0Y16       BUFG (Prop_bufg_I_O)         0.101     1.294 r  d_i/ps7/inst/buffer_fclk_clk_0.FCLK_CLK_0_BUFG/O
                         net (fo=9584, routed)        1.873     3.167    d_i/evalmul3/inst/core/multiplier_towers[0].multiplier_products[1].multiplier/aclk
    DSP48_X3Y21          DSP48E1                                      r  d_i/evalmul3/inst/core/multiplier_towers[0].multiplier_products[1].multiplier/product_stage1_reg__0/CLK
  -------------------------------------------------------------------    -------------------
    DSP48_X3Y21          DSP48E1 (Prop_dsp48e1_CLK_P[0])
                                                      0.434     3.601 r  d_i/evalmul3/inst/core/multiplier_towers[0].multiplier_products[1].multiplier/product_stage1_reg__0/P[0]
                         net (fo=2, routed)           0.936     4.537    d_i/evalmul3/inst/core/multiplier_towers[0].multiplier_products[1].multiplier/p_1_in[17]
    SLICE_X93Y48         LUT2 (Prop_lut2_I0_O)        0.124     4.661 r  d_i/evalmul3/inst/core/multiplier_towers[0].multiplier_products[1].multiplier/reciprocal_low_comb_i_14/O
                         net (fo=1, routed)           0.000     4.661    d_i/evalmul3/inst/core/multiplier_towers[0].multiplier_products[1].multiplier/reciprocal_low_comb_i_14_n_0
    SLICE_X93Y48         CARRY4 (Prop_carry4_S[1]_CO[3])
                                                      0.550     5.211 r  d_i/evalmul3/inst/core/multiplier_towers[0].multiplier_products[1].multiplier/reciprocal_low_comb_i_3/CO[3]
                         net (fo=1, routed)           0.000     5.211    d_i/evalmul3/inst/core/multiplier_towers[0].multiplier_products[1].multiplier/reciprocal_low_comb_i_3_n_0
    SLICE_X93Y49         CARRY4 (Prop_carry4_CI_CO[3])
                                                      0.114     5.325 r  d_i/evalmul3/inst/core/multiplier_towers[0].multiplier_products[1].multiplier/reciprocal_low_comb_i_2/CO[3]
                         net (fo=1, routed)           0.001     5.325    d_i/evalmul3/inst/core/multiplier_towers[0].multiplier_products[1].multiplier/reciprocal_low_comb_i_2_n_0
    SLICE_X93Y50         CARRY4 (Prop_carry4_CI_CO[3])
                                                      0.114     5.439 r  d_i/evalmul3/inst/core/multiplier_towers[0].multiplier_products[1].multiplier/reciprocal_low_comb_i_1/CO[3]
                         net (fo=1, routed)           0.000     5.439    d_i/evalmul3/inst/core/multiplier_towers[0].multiplier_products[1].multiplier/reciprocal_low_comb_i_1_n_0
    SLICE_X93Y51         CARRY4 (Prop_carry4_CI_CO[3])
                                                      0.114     5.553 r  d_i/evalmul3/inst/core/multiplier_towers[0].multiplier_products[1].multiplier/reciprocal_high_comb__0_i_4/CO[3]
                         net (fo=1, routed)           0.000     5.553    d_i/evalmul3/inst/core/multiplier_towers[0].multiplier_products[1].multiplier/reciprocal_high_comb__0_i_4_n_0
    SLICE_X93Y52         CARRY4 (Prop_carry4_CI_CO[3])
                                                      0.114     5.667 r  d_i/evalmul3/inst/core/multiplier_towers[0].multiplier_products[1].multiplier/reciprocal_high_comb__0_i_3/CO[3]
                         net (fo=1, routed)           0.000     5.667    d_i/evalmul3/inst/core/multiplier_towers[0].multiplier_products[1].multiplier/reciprocal_high_comb__0_i_3_n_0
    SLICE_X93Y53         CARRY4 (Prop_carry4_CI_CO[3])
                                                      0.114     5.781 r  d_i/evalmul3/inst/core/multiplier_towers[0].multiplier_products[1].multiplier/reciprocal_high_comb__0_i_2/CO[3]
                         net (fo=1, routed)           0.000     5.781    d_i/evalmul3/inst/core/multiplier_towers[0].multiplier_products[1].multiplier/reciprocal_high_comb__0_i_2_n_0
    SLICE_X93Y54         CARRY4 (Prop_carry4_CI_O[3])
                                                      0.313     6.094 r  d_i/evalmul3/inst/core/multiplier_towers[0].multiplier_products[1].multiplier/reciprocal_high_comb__0_i_1/O[3]
                         net (fo=3, routed)           1.011     7.105    d_i/evalmul3/inst/core/multiplier_towers[0].multiplier_products[1].multiplier/product_stage1_reg__1[43]
    DSP48_X3Y24          DSP48E1 (Prop_dsp48e1_A[13]_PCOUT[24])
                                                      4.218    11.323 r  d_i/evalmul3/inst/core/multiplier_towers[0].multiplier_products[1].multiplier/reciprocal_high_comb__0/PCOUT[24]
                         net (fo=1, routed)           0.002    11.325    d_i/evalmul3/inst/core/multiplier_towers[0].multiplier_products[1].multiplier/reciprocal_high_comb__0_n_129
    DSP48_X3Y25          DSP48E1                                      r  d_i/evalmul3/inst/core/multiplier_towers[0].multiplier_products[1].multiplier/reciprocal_high_stage2_reg__0/PCIN[24]
  -------------------------------------------------------------------    -------------------

                         (clock clk_fpga_0 rise edge)
                                                     10.000    10.000 r
    PS7_X0Y0             PS7                          0.000    10.000 r  d_i/ps7/inst/PS7_i/FCLKCLK[0]
                         net (fo=1, routed)           1.088    11.088    d_i/ps7/inst/FCLK_CLK_unbuffered[0]
    BUFGCTRL_X0Y16       BUFG (Prop_bufg_I_O)         0.091    11.179 r  d_i/ps7/inst/buffer_fclk_clk_0.FCLK_CLK_0_BUFG/O
                         net (fo=9584, routed)        1.690    12.869    d_i/evalmul3/inst/core/multiplier_towers[0].multiplier_products[1].multiplier/aclk
    DSP48_X3Y25          DSP48E1                                      r  d_i/evalmul3/inst/core/multiplier_towers[0].multiplier_products[1].multiplier/reciprocal_high_stage2_reg__0/CLK
                         clock pessimism              0.267    13.137
                         clock uncertainty           -0.154    12.982
    DSP48_X3Y25          DSP48E1 (Setup_dsp48e1_CLK_PCIN[24])
                                                     -1.400    11.582    d_i/evalmul3/inst/core/multiplier_towers[0].multiplier_products[1].multiplier/reciprocal_high_stage2_reg__0
  -------------------------------------------------------------------
                         required time                         11.582
                         arrival time                         -11.325
  -------------------------------------------------------------------
                         slack                                  0.257

Slack (MET) :             0.257ns  (required time - arrival time)
  Source:                 d_i/evalmul3/inst/core/multiplier_towers[0].multiplier_products[1].multiplier/product_stage1_reg__0/CLK
                            (rising edge-triggered cell DSP48E1 clocked by clk_fpga_0  {rise@0.000ns fall@5.000ns period=10.000ns})
  Destination:            d_i/evalmul3/inst/core/multiplier_towers[0].multiplier_products[1].multiplier/reciprocal_high_stage2_reg__0/PCIN[25]
                            (rising edge-triggered cell DSP48E1 clocked by clk_fpga_0  {rise@0.000ns fall@5.000ns period=10.000ns})
  Path Group:             clk_fpga_0
  Path Type:              Setup (Max at Slow Process Corner)
  Requirement:            10.000ns  (clk_fpga_0 rise@10.000ns - clk_fpga_0 rise@0.000ns)
  Data Path Delay:        8.159ns  (logic 6.209ns (76.101%)  route 1.950ns (23.899%))
  Logic Levels:           9  (CARRY4=7 DSP48E1=1 LUT2=1)
  Clock Path Skew:        -0.030ns (DCD - SCD + CPR)
    Destination Clock Delay (DCD):    2.869ns = ( 12.869 - 10.000 )
    Source Clock Delay      (SCD):    3.167ns
    Clock Pessimism Removal (CPR):    0.267ns
  Clock Uncertainty:      0.154ns  ((TSJ^2 + TIJ^2)^1/2 + DJ) / 2 + PE
    Total System Jitter     (TSJ):    0.071ns
    Total Input Jitter      (TIJ):    0.300ns
    Discrete Jitter          (DJ):    0.000ns
    Phase Error              (PE):    0.000ns

    Location             Delay type                Incr(ns)  Path(ns)    Netlist Resource(s)
  -------------------------------------------------------------------    -------------------
                         (clock clk_fpga_0 rise edge)
                                                      0.000     0.000 r
    PS7_X0Y0             PS7                          0.000     0.000 r  d_i/ps7/inst/PS7_i/FCLKCLK[0]
                         net (fo=1, routed)           1.193     1.193    d_i/ps7/inst/FCLK_CLK_unbuffered[0]
    BUFGCTRL_X0Y16       BUFG (Prop_bufg_I_O)         0.101     1.294 r  d_i/ps7/inst/buffer_fclk_clk_0.FCLK_CLK_0_BUFG/O
                         net (fo=9584, routed)        1.873     3.167    d_i/evalmul3/inst/core/multiplier_towers[0].multiplier_products[1].multiplier/aclk
    DSP48_X3Y21          DSP48E1                                      r  d_i/evalmul3/inst/core/multiplier_towers[0].multiplier_products[1].multiplier/product_stage1_reg__0/CLK
  -------------------------------------------------------------------    -------------------
    DSP48_X3Y21          DSP48E1 (Prop_dsp48e1_CLK_P[0])
                                                      0.434     3.601 r  d_i/evalmul3/inst/core/multiplier_towers[0].multiplier_products[1].multiplier/product_stage1_reg__0/P[0]
                         net (fo=2, routed)           0.936     4.537    d_i/evalmul3/inst/core/multiplier_towers[0].multiplier_products[1].multiplier/p_1_in[17]
    SLICE_X93Y48         LUT2 (Prop_lut2_I0_O)        0.124     4.661 r  d_i/evalmul3/inst/core/multiplier_towers[0].multiplier_products[1].multiplier/reciprocal_low_comb_i_14/O
                         net (fo=1, routed)           0.000     4.661    d_i/evalmul3/inst/core/multiplier_towers[0].multiplier_products[1].multiplier/reciprocal_low_comb_i_14_n_0
    SLICE_X93Y48         CARRY4 (Prop_carry4_S[1]_CO[3])
                                                      0.550     5.211 r  d_i/evalmul3/inst/core/multiplier_towers[0].multiplier_products[1].multiplier/reciprocal_low_comb_i_3/CO[3]
                         net (fo=1, routed)           0.000     5.211    d_i/evalmul3/inst/core/multiplier_towers[0].multiplier_products[1].multiplier/reciprocal_low_comb_i_3_n_0
    SLICE_X93Y49         CARRY4 (Prop_carry4_CI_CO[3])
                                                      0.114     5.325 r  d_i/evalmul3/inst/core/multiplier_towers[0].multiplier_products[1].multiplier/reciprocal_low_comb_i_2/CO[3]
                         net (fo=1, routed)           0.001     5.325    d_i/evalmul3/inst/core/multiplier_towers[0].multiplier_products[1].multiplier/reciprocal_low_comb_i_2_n_0
    SLICE_X93Y50         CARRY4 (Prop_carry4_CI_CO[3])
                                                      0.114     5.439 r  d_i/evalmul3/inst/core/multiplier_towers[0].multiplier_products[1].multiplier/reciprocal_low_comb_i_1/CO[3]
                         net (fo=1, routed)           0.000     5.439    d_i/evalmul3/inst/core/multiplier_towers[0].multiplier_products[1].multiplier/reciprocal_low_comb_i_1_n_0
    SLICE_X93Y51         CARRY4 (Prop_carry4_CI_CO[3])
                                                      0.114     5.553 r  d_i/evalmul3/inst/core/multiplier_towers[0].multiplier_products[1].multiplier/reciprocal_high_comb__0_i_4/CO[3]
                         net (fo=1, routed)           0.000     5.553    d_i/evalmul3/inst/core/multiplier_towers[0].multiplier_products[1].multiplier/reciprocal_high_comb__0_i_4_n_0
    SLICE_X93Y52         CARRY4 (Prop_carry4_CI_CO[3])
                                                      0.114     5.667 r  d_i/evalmul3/inst/core/multiplier_towers[0].multiplier_products[1].multiplier/reciprocal_high_comb__0_i_3/CO[3]
                         net (fo=1, routed)           0.000     5.667    d_i/evalmul3/inst/core/multiplier_towers[0].multiplier_products[1].multiplier/reciprocal_high_comb__0_i_3_n_0
    SLICE_X93Y53         CARRY4 (Prop_carry4_CI_CO[3])
                                                      0.114     5.781 r  d_i/evalmul3/inst/core/multiplier_towers[0].multiplier_products[1].multiplier/reciprocal_high_comb__0_i_2/CO[3]
                         net (fo=1, routed)           0.000     5.781    d_i/evalmul3/inst/core/multiplier_towers[0].multiplier_products[1].multiplier/reciprocal_high_comb__0_i_2_n_0
    SLICE_X93Y54         CARRY4 (Prop_carry4_CI_O[3])
                                                      0.313     6.094 r  d_i/evalmul3/inst/core/multiplier_towers[0].multiplier_products[1].multiplier/reciprocal_high_comb__0_i_1/O[3]
                         net (fo=3, routed)           1.011     7.105    d_i/evalmul3/inst/core/multiplier_towers[0].multiplier_products[1].multiplier/product_stage1_reg__1[43]
    DSP48_X3Y24          DSP48E1 (Prop_dsp48e1_A[13]_PCOUT[25])
                                                      4.218    11.323 r  d_i/evalmul3/inst/core/multiplier_towers[0].multiplier_products[1].multiplier/reciprocal_high_comb__0/PCOUT[25]
                         net (fo=1, routed)           0.002    11.325    d_i/evalmul3/inst/core/multiplier_towers[0].multiplier_products[1].multiplier/reciprocal_high_comb__0_n_128
    DSP48_X3Y25          DSP48E1                                      r  d_i/evalmul3/inst/core/multiplier_towers[0].multiplier_products[1].multiplier/reciprocal_high_stage2_reg__0/PCIN[25]
  -------------------------------------------------------------------    -------------------

                         (clock clk_fpga_0 rise edge)
                                                     10.000    10.000 r
    PS7_X0Y0             PS7                          0.000    10.000 r  d_i/ps7/inst/PS7_i/FCLKCLK[0]
                         net (fo=1, routed)           1.088    11.088    d_i/ps7/inst/FCLK_CLK_unbuffered[0]
    BUFGCTRL_X0Y16       BUFG (Prop_bufg_I_O)         0.091    11.179 r  d_i/ps7/inst/buffer_fclk_clk_0.FCLK_CLK_0_BUFG/O
                         net (fo=9584, routed)        1.690    12.869    d_i/evalmul3/inst/core/multiplier_towers[0].multiplier_products[1].multiplier/aclk
    DSP48_X3Y25          DSP48E1                                      r  d_i/evalmul3/inst/core/multiplier_towers[0].multiplier_products[1].multiplier/reciprocal_high_stage2_reg__0/CLK
                         clock pessimism              0.267    13.137
                         clock uncertainty           -0.154    12.982
    DSP48_X3Y25          DSP48E1 (Setup_dsp48e1_CLK_PCIN[25])
                                                     -1.400    11.582    d_i/evalmul3/inst/core/multiplier_towers[0].multiplier_products[1].multiplier/reciprocal_high_stage2_reg__0
  -------------------------------------------------------------------
                         required time                         11.582
                         arrival time                         -11.325
  -------------------------------------------------------------------
                         slack                                  0.257

Slack (MET) :             0.257ns  (required time - arrival time)
  Source:                 d_i/evalmul3/inst/core/multiplier_towers[0].multiplier_products[1].multiplier/product_stage1_reg__0/CLK
                            (rising edge-triggered cell DSP48E1 clocked by clk_fpga_0  {rise@0.000ns fall@5.000ns period=10.000ns})
  Destination:            d_i/evalmul3/inst/core/multiplier_towers[0].multiplier_products[1].multiplier/reciprocal_high_stage2_reg__0/PCIN[26]
                            (rising edge-triggered cell DSP48E1 clocked by clk_fpga_0  {rise@0.000ns fall@5.000ns period=10.000ns})
  Path Group:             clk_fpga_0
  Path Type:              Setup (Max at Slow Process Corner)
  Requirement:            10.000ns  (clk_fpga_0 rise@10.000ns - clk_fpga_0 rise@0.000ns)
  Data Path Delay:        8.159ns  (logic 6.209ns (76.101%)  route 1.950ns (23.899%))
  Logic Levels:           9  (CARRY4=7 DSP48E1=1 LUT2=1)
  Clock Path Skew:        -0.030ns (DCD - SCD + CPR)
    Destination Clock Delay (DCD):    2.869ns = ( 12.869 - 10.000 )
    Source Clock Delay      (SCD):    3.167ns
    Clock Pessimism Removal (CPR):    0.267ns
  Clock Uncertainty:      0.154ns  ((TSJ^2 + TIJ^2)^1/2 + DJ) / 2 + PE
    Total System Jitter     (TSJ):    0.071ns
    Total Input Jitter      (TIJ):    0.300ns
    Discrete Jitter          (DJ):    0.000ns
    Phase Error              (PE):    0.000ns

    Location             Delay type                Incr(ns)  Path(ns)    Netlist Resource(s)
  -------------------------------------------------------------------    -------------------
                         (clock clk_fpga_0 rise edge)
                                                      0.000     0.000 r
    PS7_X0Y0             PS7                          0.000     0.000 r  d_i/ps7/inst/PS7_i/FCLKCLK[0]
                         net (fo=1, routed)           1.193     1.193    d_i/ps7/inst/FCLK_CLK_unbuffered[0]
    BUFGCTRL_X0Y16       BUFG (Prop_bufg_I_O)         0.101     1.294 r  d_i/ps7/inst/buffer_fclk_clk_0.FCLK_CLK_0_BUFG/O
                         net (fo=9584, routed)        1.873     3.167    d_i/evalmul3/inst/core/multiplier_towers[0].multiplier_products[1].multiplier/aclk
    DSP48_X3Y21          DSP48E1                                      r  d_i/evalmul3/inst/core/multiplier_towers[0].multiplier_products[1].multiplier/product_stage1_reg__0/CLK
  -------------------------------------------------------------------    -------------------
    DSP48_X3Y21          DSP48E1 (Prop_dsp48e1_CLK_P[0])
                                                      0.434     3.601 r  d_i/evalmul3/inst/core/multiplier_towers[0].multiplier_products[1].multiplier/product_stage1_reg__0/P[0]
                         net (fo=2, routed)           0.936     4.537    d_i/evalmul3/inst/core/multiplier_towers[0].multiplier_products[1].multiplier/p_1_in[17]
    SLICE_X93Y48         LUT2 (Prop_lut2_I0_O)        0.124     4.661 r  d_i/evalmul3/inst/core/multiplier_towers[0].multiplier_products[1].multiplier/reciprocal_low_comb_i_14/O
                         net (fo=1, routed)           0.000     4.661    d_i/evalmul3/inst/core/multiplier_towers[0].multiplier_products[1].multiplier/reciprocal_low_comb_i_14_n_0
    SLICE_X93Y48         CARRY4 (Prop_carry4_S[1]_CO[3])
                                                      0.550     5.211 r  d_i/evalmul3/inst/core/multiplier_towers[0].multiplier_products[1].multiplier/reciprocal_low_comb_i_3/CO[3]
                         net (fo=1, routed)           0.000     5.211    d_i/evalmul3/inst/core/multiplier_towers[0].multiplier_products[1].multiplier/reciprocal_low_comb_i_3_n_0
    SLICE_X93Y49         CARRY4 (Prop_carry4_CI_CO[3])
                                                      0.114     5.325 r  d_i/evalmul3/inst/core/multiplier_towers[0].multiplier_products[1].multiplier/reciprocal_low_comb_i_2/CO[3]
                         net (fo=1, routed)           0.001     5.325    d_i/evalmul3/inst/core/multiplier_towers[0].multiplier_products[1].multiplier/reciprocal_low_comb_i_2_n_0
    SLICE_X93Y50         CARRY4 (Prop_carry4_CI_CO[3])
                                                      0.114     5.439 r  d_i/evalmul3/inst/core/multiplier_towers[0].multiplier_products[1].multiplier/reciprocal_low_comb_i_1/CO[3]
                         net (fo=1, routed)           0.000     5.439    d_i/evalmul3/inst/core/multiplier_towers[0].multiplier_products[1].multiplier/reciprocal_low_comb_i_1_n_0
    SLICE_X93Y51         CARRY4 (Prop_carry4_CI_CO[3])
                                                      0.114     5.553 r  d_i/evalmul3/inst/core/multiplier_towers[0].multiplier_products[1].multiplier/reciprocal_high_comb__0_i_4/CO[3]
                         net (fo=1, routed)           0.000     5.553    d_i/evalmul3/inst/core/multiplier_towers[0].multiplier_products[1].multiplier/reciprocal_high_comb__0_i_4_n_0
    SLICE_X93Y52         CARRY4 (Prop_carry4_CI_CO[3])
                                                      0.114     5.667 r  d_i/evalmul3/inst/core/multiplier_towers[0].multiplier_products[1].multiplier/reciprocal_high_comb__0_i_3/CO[3]
                         net (fo=1, routed)           0.000     5.667    d_i/evalmul3/inst/core/multiplier_towers[0].multiplier_products[1].multiplier/reciprocal_high_comb__0_i_3_n_0
    SLICE_X93Y53         CARRY4 (Prop_carry4_CI_CO[3])
                                                      0.114     5.781 r  d_i/evalmul3/inst/core/multiplier_towers[0].multiplier_products[1].multiplier/reciprocal_high_comb__0_i_2/CO[3]
                         net (fo=1, routed)           0.000     5.781    d_i/evalmul3/inst/core/multiplier_towers[0].multiplier_products[1].multiplier/reciprocal_high_comb__0_i_2_n_0
    SLICE_X93Y54         CARRY4 (Prop_carry4_CI_O[3])
                                                      0.313     6.094 r  d_i/evalmul3/inst/core/multiplier_towers[0].multiplier_products[1].multiplier/reciprocal_high_comb__0_i_1/O[3]
                         net (fo=3, routed)           1.011     7.105    d_i/evalmul3/inst/core/multiplier_towers[0].multiplier_products[1].multiplier/product_stage1_reg__1[43]
    DSP48_X3Y24          DSP48E1 (Prop_dsp48e1_A[13]_PCOUT[26])
                                                      4.218    11.323 r  d_i/evalmul3/inst/core/multiplier_towers[0].multiplier_products[1].multiplier/reciprocal_high_comb__0/PCOUT[26]
                         net (fo=1, routed)           0.002    11.325    d_i/evalmul3/inst/core/multiplier_towers[0].multiplier_products[1].multiplier/reciprocal_high_comb__0_n_127
    DSP48_X3Y25          DSP48E1                                      r  d_i/evalmul3/inst/core/multiplier_towers[0].multiplier_products[1].multiplier/reciprocal_high_stage2_reg__0/PCIN[26]
  -------------------------------------------------------------------    -------------------

                         (clock clk_fpga_0 rise edge)
                                                     10.000    10.000 r
    PS7_X0Y0             PS7                          0.000    10.000 r  d_i/ps7/inst/PS7_i/FCLKCLK[0]
                         net (fo=1, routed)           1.088    11.088    d_i/ps7/inst/FCLK_CLK_unbuffered[0]
    BUFGCTRL_X0Y16       BUFG (Prop_bufg_I_O)         0.091    11.179 r  d_i/ps7/inst/buffer_fclk_clk_0.FCLK_CLK_0_BUFG/O
                         net (fo=9584, routed)        1.690    12.869    d_i/evalmul3/inst/core/multiplier_towers[0].multiplier_products[1].multiplier/aclk
    DSP48_X3Y25          DSP48E1                                      r  d_i/evalmul3/inst/core/multiplier_towers[0].multiplier_products[1].multiplier/reciprocal_high_stage2_reg__0/CLK
                         clock pessimism              0.267    13.137
                         clock uncertainty           -0.154    12.982
    DSP48_X3Y25          DSP48E1 (Setup_dsp48e1_CLK_PCIN[26])
                                                     -1.400    11.582    d_i/evalmul3/inst/core/multiplier_towers[0].multiplier_products[1].multiplier/reciprocal_high_stage2_reg__0
  -------------------------------------------------------------------
                         required time                         11.582
                         arrival time                         -11.325
  -------------------------------------------------------------------
                         slack                                  0.257

Slack (MET) :             0.257ns  (required time - arrival time)
  Source:                 d_i/evalmul3/inst/core/multiplier_towers[0].multiplier_products[1].multiplier/product_stage1_reg__0/CLK
                            (rising edge-triggered cell DSP48E1 clocked by clk_fpga_0  {rise@0.000ns fall@5.000ns period=10.000ns})
  Destination:            d_i/evalmul3/inst/core/multiplier_towers[0].multiplier_products[1].multiplier/reciprocal_high_stage2_reg__0/PCIN[27]
                            (rising edge-triggered cell DSP48E1 clocked by clk_fpga_0  {rise@0.000ns fall@5.000ns period=10.000ns})
  Path Group:             clk_fpga_0
  Path Type:              Setup (Max at Slow Process Corner)
  Requirement:            10.000ns  (clk_fpga_0 rise@10.000ns - clk_fpga_0 rise@0.000ns)
  Data Path Delay:        8.159ns  (logic 6.209ns (76.101%)  route 1.950ns (23.899%))
  Logic Levels:           9  (CARRY4=7 DSP48E1=1 LUT2=1)
  Clock Path Skew:        -0.030ns (DCD - SCD + CPR)
    Destination Clock Delay (DCD):    2.869ns = ( 12.869 - 10.000 )
    Source Clock Delay      (SCD):    3.167ns
    Clock Pessimism Removal (CPR):    0.267ns
  Clock Uncertainty:      0.154ns  ((TSJ^2 + TIJ^2)^1/2 + DJ) / 2 + PE
    Total System Jitter     (TSJ):    0.071ns
    Total Input Jitter      (TIJ):    0.300ns
    Discrete Jitter          (DJ):    0.000ns
    Phase Error              (PE):    0.000ns

    Location             Delay type                Incr(ns)  Path(ns)    Netlist Resource(s)
  -------------------------------------------------------------------    -------------------
                         (clock clk_fpga_0 rise edge)
                                                      0.000     0.000 r
    PS7_X0Y0             PS7                          0.000     0.000 r  d_i/ps7/inst/PS7_i/FCLKCLK[0]
                         net (fo=1, routed)           1.193     1.193    d_i/ps7/inst/FCLK_CLK_unbuffered[0]
    BUFGCTRL_X0Y16       BUFG (Prop_bufg_I_O)         0.101     1.294 r  d_i/ps7/inst/buffer_fclk_clk_0.FCLK_CLK_0_BUFG/O
                         net (fo=9584, routed)        1.873     3.167    d_i/evalmul3/inst/core/multiplier_towers[0].multiplier_products[1].multiplier/aclk
    DSP48_X3Y21          DSP48E1                                      r  d_i/evalmul3/inst/core/multiplier_towers[0].multiplier_products[1].multiplier/product_stage1_reg__0/CLK
  -------------------------------------------------------------------    -------------------
    DSP48_X3Y21          DSP48E1 (Prop_dsp48e1_CLK_P[0])
                                                      0.434     3.601 r  d_i/evalmul3/inst/core/multiplier_towers[0].multiplier_products[1].multiplier/product_stage1_reg__0/P[0]
                         net (fo=2, routed)           0.936     4.537    d_i/evalmul3/inst/core/multiplier_towers[0].multiplier_products[1].multiplier/p_1_in[17]
    SLICE_X93Y48         LUT2 (Prop_lut2_I0_O)        0.124     4.661 r  d_i/evalmul3/inst/core/multiplier_towers[0].multiplier_products[1].multiplier/reciprocal_low_comb_i_14/O
                         net (fo=1, routed)           0.000     4.661    d_i/evalmul3/inst/core/multiplier_towers[0].multiplier_products[1].multiplier/reciprocal_low_comb_i_14_n_0
    SLICE_X93Y48         CARRY4 (Prop_carry4_S[1]_CO[3])
                                                      0.550     5.211 r  d_i/evalmul3/inst/core/multiplier_towers[0].multiplier_products[1].multiplier/reciprocal_low_comb_i_3/CO[3]
                         net (fo=1, routed)           0.000     5.211    d_i/evalmul3/inst/core/multiplier_towers[0].multiplier_products[1].multiplier/reciprocal_low_comb_i_3_n_0
    SLICE_X93Y49         CARRY4 (Prop_carry4_CI_CO[3])
                                                      0.114     5.325 r  d_i/evalmul3/inst/core/multiplier_towers[0].multiplier_products[1].multiplier/reciprocal_low_comb_i_2/CO[3]
                         net (fo=1, routed)           0.001     5.325    d_i/evalmul3/inst/core/multiplier_towers[0].multiplier_products[1].multiplier/reciprocal_low_comb_i_2_n_0
    SLICE_X93Y50         CARRY4 (Prop_carry4_CI_CO[3])
                                                      0.114     5.439 r  d_i/evalmul3/inst/core/multiplier_towers[0].multiplier_products[1].multiplier/reciprocal_low_comb_i_1/CO[3]
                         net (fo=1, routed)           0.000     5.439    d_i/evalmul3/inst/core/multiplier_towers[0].multiplier_products[1].multiplier/reciprocal_low_comb_i_1_n_0
    SLICE_X93Y51         CARRY4 (Prop_carry4_CI_CO[3])
                                                      0.114     5.553 r  d_i/evalmul3/inst/core/multiplier_towers[0].multiplier_products[1].multiplier/reciprocal_high_comb__0_i_4/CO[3]
                         net (fo=1, routed)           0.000     5.553    d_i/evalmul3/inst/core/multiplier_towers[0].multiplier_products[1].multiplier/reciprocal_high_comb__0_i_4_n_0
    SLICE_X93Y52         CARRY4 (Prop_carry4_CI_CO[3])
                                                      0.114     5.667 r  d_i/evalmul3/inst/core/multiplier_towers[0].multiplier_products[1].multiplier/reciprocal_high_comb__0_i_3/CO[3]
                         net (fo=1, routed)           0.000     5.667    d_i/evalmul3/inst/core/multiplier_towers[0].multiplier_products[1].multiplier/reciprocal_high_comb__0_i_3_n_0
    SLICE_X93Y53         CARRY4 (Prop_carry4_CI_CO[3])
                                                      0.114     5.781 r  d_i/evalmul3/inst/core/multiplier_towers[0].multiplier_products[1].multiplier/reciprocal_high_comb__0_i_2/CO[3]
                         net (fo=1, routed)           0.000     5.781    d_i/evalmul3/inst/core/multiplier_towers[0].multiplier_products[1].multiplier/reciprocal_high_comb__0_i_2_n_0
    SLICE_X93Y54         CARRY4 (Prop_carry4_CI_O[3])
                                                      0.313     6.094 r  d_i/evalmul3/inst/core/multiplier_towers[0].multiplier_products[1].multiplier/reciprocal_high_comb__0_i_1/O[3]
                         net (fo=3, routed)           1.011     7.105    d_i/evalmul3/inst/core/multiplier_towers[0].multiplier_products[1].multiplier/product_stage1_reg__1[43]
    DSP48_X3Y24          DSP48E1 (Prop_dsp48e1_A[13]_PCOUT[27])
                                                      4.218    11.323 r  d_i/evalmul3/inst/core/multiplier_towers[0].multiplier_products[1].multiplier/reciprocal_high_comb__0/PCOUT[27]
                         net (fo=1, routed)           0.002    11.325    d_i/evalmul3/inst/core/multiplier_towers[0].multiplier_products[1].multiplier/reciprocal_high_comb__0_n_126
    DSP48_X3Y25          DSP48E1                                      r  d_i/evalmul3/inst/core/multiplier_towers[0].multiplier_products[1].multiplier/reciprocal_high_stage2_reg__0/PCIN[27]
  -------------------------------------------------------------------    -------------------

                         (clock clk_fpga_0 rise edge)
                                                     10.000    10.000 r
    PS7_X0Y0             PS7                          0.000    10.000 r  d_i/ps7/inst/PS7_i/FCLKCLK[0]
                         net (fo=1, routed)           1.088    11.088    d_i/ps7/inst/FCLK_CLK_unbuffered[0]
    BUFGCTRL_X0Y16       BUFG (Prop_bufg_I_O)         0.091    11.179 r  d_i/ps7/inst/buffer_fclk_clk_0.FCLK_CLK_0_BUFG/O
                         net (fo=9584, routed)        1.690    12.869    d_i/evalmul3/inst/core/multiplier_towers[0].multiplier_products[1].multiplier/aclk
    DSP48_X3Y25          DSP48E1                                      r  d_i/evalmul3/inst/core/multiplier_towers[0].multiplier_products[1].multiplier/reciprocal_high_stage2_reg__0/CLK
                         clock pessimism              0.267    13.137
                         clock uncertainty           -0.154    12.982
    DSP48_X3Y25          DSP48E1 (Setup_dsp48e1_CLK_PCIN[27])
                                                     -1.400    11.582    d_i/evalmul3/inst/core/multiplier_towers[0].multiplier_products[1].multiplier/reciprocal_high_stage2_reg__0
  -------------------------------------------------------------------
                         required time                         11.582
                         arrival time                         -11.325
  -------------------------------------------------------------------
                         slack                                  0.257

Slack (MET) :             0.257ns  (required time - arrival time)
  Source:                 d_i/evalmul3/inst/core/multiplier_towers[0].multiplier_products[1].multiplier/product_stage1_reg__0/CLK
                            (rising edge-triggered cell DSP48E1 clocked by clk_fpga_0  {rise@0.000ns fall@5.000ns period=10.000ns})
  Destination:            d_i/evalmul3/inst/core/multiplier_towers[0].multiplier_products[1].multiplier/reciprocal_high_stage2_reg__0/PCIN[28]
                            (rising edge-triggered cell DSP48E1 clocked by clk_fpga_0  {rise@0.000ns fall@5.000ns period=10.000ns})
  Path Group:             clk_fpga_0
  Path Type:              Setup (Max at Slow Process Corner)
  Requirement:            10.000ns  (clk_fpga_0 rise@10.000ns - clk_fpga_0 rise@0.000ns)
  Data Path Delay:        8.159ns  (logic 6.209ns (76.101%)  route 1.950ns (23.899%))
  Logic Levels:           9  (CARRY4=7 DSP48E1=1 LUT2=1)
  Clock Path Skew:        -0.030ns (DCD - SCD + CPR)
    Destination Clock Delay (DCD):    2.869ns = ( 12.869 - 10.000 )
    Source Clock Delay      (SCD):    3.167ns
    Clock Pessimism Removal (CPR):    0.267ns
  Clock Uncertainty:      0.154ns  ((TSJ^2 + TIJ^2)^1/2 + DJ) / 2 + PE
    Total System Jitter     (TSJ):    0.071ns
    Total Input Jitter      (TIJ):    0.300ns
    Discrete Jitter          (DJ):    0.000ns
    Phase Error              (PE):    0.000ns

    Location             Delay type                Incr(ns)  Path(ns)    Netlist Resource(s)
  -------------------------------------------------------------------    -------------------
                         (clock clk_fpga_0 rise edge)
                                                      0.000     0.000 r
    PS7_X0Y0             PS7                          0.000     0.000 r  d_i/ps7/inst/PS7_i/FCLKCLK[0]
                         net (fo=1, routed)           1.193     1.193    d_i/ps7/inst/FCLK_CLK_unbuffered[0]
    BUFGCTRL_X0Y16       BUFG (Prop_bufg_I_O)         0.101     1.294 r  d_i/ps7/inst/buffer_fclk_clk_0.FCLK_CLK_0_BUFG/O
                         net (fo=9584, routed)        1.873     3.167    d_i/evalmul3/inst/core/multiplier_towers[0].multiplier_products[1].multiplier/aclk
    DSP48_X3Y21          DSP48E1                                      r  d_i/evalmul3/inst/core/multiplier_towers[0].multiplier_products[1].multiplier/product_stage1_reg__0/CLK
  -------------------------------------------------------------------    -------------------
    DSP48_X3Y21          DSP48E1 (Prop_dsp48e1_CLK_P[0])
                                                      0.434     3.601 r  d_i/evalmul3/inst/core/multiplier_towers[0].multiplier_products[1].multiplier/product_stage1_reg__0/P[0]
                         net (fo=2, routed)           0.936     4.537    d_i/evalmul3/inst/core/multiplier_towers[0].multiplier_products[1].multiplier/p_1_in[17]
    SLICE_X93Y48         LUT2 (Prop_lut2_I0_O)        0.124     4.661 r  d_i/evalmul3/inst/core/multiplier_towers[0].multiplier_products[1].multiplier/reciprocal_low_comb_i_14/O
                         net (fo=1, routed)           0.000     4.661    d_i/evalmul3/inst/core/multiplier_towers[0].multiplier_products[1].multiplier/reciprocal_low_comb_i_14_n_0
    SLICE_X93Y48         CARRY4 (Prop_carry4_S[1]_CO[3])
                                                      0.550     5.211 r  d_i/evalmul3/inst/core/multiplier_towers[0].multiplier_products[1].multiplier/reciprocal_low_comb_i_3/CO[3]
                         net (fo=1, routed)           0.000     5.211    d_i/evalmul3/inst/core/multiplier_towers[0].multiplier_products[1].multiplier/reciprocal_low_comb_i_3_n_0
    SLICE_X93Y49         CARRY4 (Prop_carry4_CI_CO[3])
                                                      0.114     5.325 r  d_i/evalmul3/inst/core/multiplier_towers[0].multiplier_products[1].multiplier/reciprocal_low_comb_i_2/CO[3]
                         net (fo=1, routed)           0.001     5.325    d_i/evalmul3/inst/core/multiplier_towers[0].multiplier_products[1].multiplier/reciprocal_low_comb_i_2_n_0
    SLICE_X93Y50         CARRY4 (Prop_carry4_CI_CO[3])
                                                      0.114     5.439 r  d_i/evalmul3/inst/core/multiplier_towers[0].multiplier_products[1].multiplier/reciprocal_low_comb_i_1/CO[3]
                         net (fo=1, routed)           0.000     5.439    d_i/evalmul3/inst/core/multiplier_towers[0].multiplier_products[1].multiplier/reciprocal_low_comb_i_1_n_0
    SLICE_X93Y51         CARRY4 (Prop_carry4_CI_CO[3])
                                                      0.114     5.553 r  d_i/evalmul3/inst/core/multiplier_towers[0].multiplier_products[1].multiplier/reciprocal_high_comb__0_i_4/CO[3]
                         net (fo=1, routed)           0.000     5.553    d_i/evalmul3/inst/core/multiplier_towers[0].multiplier_products[1].multiplier/reciprocal_high_comb__0_i_4_n_0
    SLICE_X93Y52         CARRY4 (Prop_carry4_CI_CO[3])
                                                      0.114     5.667 r  d_i/evalmul3/inst/core/multiplier_towers[0].multiplier_products[1].multiplier/reciprocal_high_comb__0_i_3/CO[3]
                         net (fo=1, routed)           0.000     5.667    d_i/evalmul3/inst/core/multiplier_towers[0].multiplier_products[1].multiplier/reciprocal_high_comb__0_i_3_n_0
    SLICE_X93Y53         CARRY4 (Prop_carry4_CI_CO[3])
                                                      0.114     5.781 r  d_i/evalmul3/inst/core/multiplier_towers[0].multiplier_products[1].multiplier/reciprocal_high_comb__0_i_2/CO[3]
                         net (fo=1, routed)           0.000     5.781    d_i/evalmul3/inst/core/multiplier_towers[0].multiplier_products[1].multiplier/reciprocal_high_comb__0_i_2_n_0
    SLICE_X93Y54         CARRY4 (Prop_carry4_CI_O[3])
                                                      0.313     6.094 r  d_i/evalmul3/inst/core/multiplier_towers[0].multiplier_products[1].multiplier/reciprocal_high_comb__0_i_1/O[3]
                         net (fo=3, routed)           1.011     7.105    d_i/evalmul3/inst/core/multiplier_towers[0].multiplier_products[1].multiplier/product_stage1_reg__1[43]
    DSP48_X3Y24          DSP48E1 (Prop_dsp48e1_A[13]_PCOUT[28])
                                                      4.218    11.323 r  d_i/evalmul3/inst/core/multiplier_towers[0].multiplier_products[1].multiplier/reciprocal_high_comb__0/PCOUT[28]
                         net (fo=1, routed)           0.002    11.325    d_i/evalmul3/inst/core/multiplier_towers[0].multiplier_products[1].multiplier/reciprocal_high_comb__0_n_125
    DSP48_X3Y25          DSP48E1                                      r  d_i/evalmul3/inst/core/multiplier_towers[0].multiplier_products[1].multiplier/reciprocal_high_stage2_reg__0/PCIN[28]
  -------------------------------------------------------------------    -------------------

                         (clock clk_fpga_0 rise edge)
                                                     10.000    10.000 r
    PS7_X0Y0             PS7                          0.000    10.000 r  d_i/ps7/inst/PS7_i/FCLKCLK[0]
                         net (fo=1, routed)           1.088    11.088    d_i/ps7/inst/FCLK_CLK_unbuffered[0]
    BUFGCTRL_X0Y16       BUFG (Prop_bufg_I_O)         0.091    11.179 r  d_i/ps7/inst/buffer_fclk_clk_0.FCLK_CLK_0_BUFG/O
                         net (fo=9584, routed)        1.690    12.869    d_i/evalmul3/inst/core/multiplier_towers[0].multiplier_products[1].multiplier/aclk
    DSP48_X3Y25          DSP48E1                                      r  d_i/evalmul3/inst/core/multiplier_towers[0].multiplier_products[1].multiplier/reciprocal_high_stage2_reg__0/CLK
                         clock pessimism              0.267    13.137
                         clock uncertainty           -0.154    12.982
    DSP48_X3Y25          DSP48E1 (Setup_dsp48e1_CLK_PCIN[28])
                                                     -1.400    11.582    d_i/evalmul3/inst/core/multiplier_towers[0].multiplier_products[1].multiplier/reciprocal_high_stage2_reg__0
  -------------------------------------------------------------------
                         required time                         11.582
                         arrival time                         -11.325
  -------------------------------------------------------------------
                         slack                                  0.257

Slack (MET) :             0.257ns  (required time - arrival time)
  Source:                 d_i/evalmul3/inst/core/multiplier_towers[0].multiplier_products[1].multiplier/product_stage1_reg__0/CLK
                            (rising edge-triggered cell DSP48E1 clocked by clk_fpga_0  {rise@0.000ns fall@5.000ns period=10.000ns})
  Destination:            d_i/evalmul3/inst/core/multiplier_towers[0].multiplier_products[1].multiplier/reciprocal_high_stage2_reg__0/PCIN[29]
                            (rising edge-triggered cell DSP48E1 clocked by clk_fpga_0  {rise@0.000ns fall@5.000ns period=10.000ns})
  Path Group:             clk_fpga_0
  Path Type:              Setup (Max at Slow Process Corner)
  Requirement:            10.000ns  (clk_fpga_0 rise@10.000ns - clk_fpga_0 rise@0.000ns)
  Data Path Delay:        8.159ns  (logic 6.209ns (76.101%)  route 1.950ns (23.899%))
  Logic Levels:           9  (CARRY4=7 DSP48E1=1 LUT2=1)
  Clock Path Skew:        -0.030ns (DCD - SCD + CPR)
    Destination Clock Delay (DCD):    2.869ns = ( 12.869 - 10.000 )
    Source Clock Delay      (SCD):    3.167ns
    Clock Pessimism Removal (CPR):    0.267ns
  Clock Uncertainty:      0.154ns  ((TSJ^2 + TIJ^2)^1/2 + DJ) / 2 + PE
    Total System Jitter     (TSJ):    0.071ns
    Total Input Jitter      (TIJ):    0.300ns
    Discrete Jitter          (DJ):    0.000ns
    Phase Error              (PE):    0.000ns

    Location             Delay type                Incr(ns)  Path(ns)    Netlist Resource(s)
  -------------------------------------------------------------------    -------------------
                         (clock clk_fpga_0 rise edge)
                                                      0.000     0.000 r
    PS7_X0Y0             PS7                          0.000     0.000 r  d_i/ps7/inst/PS7_i/FCLKCLK[0]
                         net (fo=1, routed)           1.193     1.193    d_i/ps7/inst/FCLK_CLK_unbuffered[0]
    BUFGCTRL_X0Y16       BUFG (Prop_bufg_I_O)         0.101     1.294 r  d_i/ps7/inst/buffer_fclk_clk_0.FCLK_CLK_0_BUFG/O
                         net (fo=9584, routed)        1.873     3.167    d_i/evalmul3/inst/core/multiplier_towers[0].multiplier_products[1].multiplier/aclk
    DSP48_X3Y21          DSP48E1                                      r  d_i/evalmul3/inst/core/multiplier_towers[0].multiplier_products[1].multiplier/product_stage1_reg__0/CLK
  -------------------------------------------------------------------    -------------------
    DSP48_X3Y21          DSP48E1 (Prop_dsp48e1_CLK_P[0])
                                                      0.434     3.601 r  d_i/evalmul3/inst/core/multiplier_towers[0].multiplier_products[1].multiplier/product_stage1_reg__0/P[0]
                         net (fo=2, routed)           0.936     4.537    d_i/evalmul3/inst/core/multiplier_towers[0].multiplier_products[1].multiplier/p_1_in[17]
    SLICE_X93Y48         LUT2 (Prop_lut2_I0_O)        0.124     4.661 r  d_i/evalmul3/inst/core/multiplier_towers[0].multiplier_products[1].multiplier/reciprocal_low_comb_i_14/O
                         net (fo=1, routed)           0.000     4.661    d_i/evalmul3/inst/core/multiplier_towers[0].multiplier_products[1].multiplier/reciprocal_low_comb_i_14_n_0
    SLICE_X93Y48         CARRY4 (Prop_carry4_S[1]_CO[3])
                                                      0.550     5.211 r  d_i/evalmul3/inst/core/multiplier_towers[0].multiplier_products[1].multiplier/reciprocal_low_comb_i_3/CO[3]
                         net (fo=1, routed)           0.000     5.211    d_i/evalmul3/inst/core/multiplier_towers[0].multiplier_products[1].multiplier/reciprocal_low_comb_i_3_n_0
    SLICE_X93Y49         CARRY4 (Prop_carry4_CI_CO[3])
                                                      0.114     5.325 r  d_i/evalmul3/inst/core/multiplier_towers[0].multiplier_products[1].multiplier/reciprocal_low_comb_i_2/CO[3]
                         net (fo=1, routed)           0.001     5.325    d_i/evalmul3/inst/core/multiplier_towers[0].multiplier_products[1].multiplier/reciprocal_low_comb_i_2_n_0
    SLICE_X93Y50         CARRY4 (Prop_carry4_CI_CO[3])
                                                      0.114     5.439 r  d_i/evalmul3/inst/core/multiplier_towers[0].multiplier_products[1].multiplier/reciprocal_low_comb_i_1/CO[3]
                         net (fo=1, routed)           0.000     5.439    d_i/evalmul3/inst/core/multiplier_towers[0].multiplier_products[1].multiplier/reciprocal_low_comb_i_1_n_0
    SLICE_X93Y51         CARRY4 (Prop_carry4_CI_CO[3])
                                                      0.114     5.553 r  d_i/evalmul3/inst/core/multiplier_towers[0].multiplier_products[1].multiplier/reciprocal_high_comb__0_i_4/CO[3]
                         net (fo=1, routed)           0.000     5.553    d_i/evalmul3/inst/core/multiplier_towers[0].multiplier_products[1].multiplier/reciprocal_high_comb__0_i_4_n_0
    SLICE_X93Y52         CARRY4 (Prop_carry4_CI_CO[3])
                                                      0.114     5.667 r  d_i/evalmul3/inst/core/multiplier_towers[0].multiplier_products[1].multiplier/reciprocal_high_comb__0_i_3/CO[3]
                         net (fo=1, routed)           0.000     5.667    d_i/evalmul3/inst/core/multiplier_towers[0].multiplier_products[1].multiplier/reciprocal_high_comb__0_i_3_n_0
    SLICE_X93Y53         CARRY4 (Prop_carry4_CI_CO[3])
                                                      0.114     5.781 r  d_i/evalmul3/inst/core/multiplier_towers[0].multiplier_products[1].multiplier/reciprocal_high_comb__0_i_2/CO[3]
                         net (fo=1, routed)           0.000     5.781    d_i/evalmul3/inst/core/multiplier_towers[0].multiplier_products[1].multiplier/reciprocal_high_comb__0_i_2_n_0
    SLICE_X93Y54         CARRY4 (Prop_carry4_CI_O[3])
                                                      0.313     6.094 r  d_i/evalmul3/inst/core/multiplier_towers[0].multiplier_products[1].multiplier/reciprocal_high_comb__0_i_1/O[3]
                         net (fo=3, routed)           1.011     7.105    d_i/evalmul3/inst/core/multiplier_towers[0].multiplier_products[1].multiplier/product_stage1_reg__1[43]
    DSP48_X3Y24          DSP48E1 (Prop_dsp48e1_A[13]_PCOUT[29])
                                                      4.218    11.323 r  d_i/evalmul3/inst/core/multiplier_towers[0].multiplier_products[1].multiplier/reciprocal_high_comb__0/PCOUT[29]
                         net (fo=1, routed)           0.002    11.325    d_i/evalmul3/inst/core/multiplier_towers[0].multiplier_products[1].multiplier/reciprocal_high_comb__0_n_124
    DSP48_X3Y25          DSP48E1                                      r  d_i/evalmul3/inst/core/multiplier_towers[0].multiplier_products[1].multiplier/reciprocal_high_stage2_reg__0/PCIN[29]
  -------------------------------------------------------------------    -------------------

                         (clock clk_fpga_0 rise edge)
                                                     10.000    10.000 r
    PS7_X0Y0             PS7                          0.000    10.000 r  d_i/ps7/inst/PS7_i/FCLKCLK[0]
                         net (fo=1, routed)           1.088    11.088    d_i/ps7/inst/FCLK_CLK_unbuffered[0]
    BUFGCTRL_X0Y16       BUFG (Prop_bufg_I_O)         0.091    11.179 r  d_i/ps7/inst/buffer_fclk_clk_0.FCLK_CLK_0_BUFG/O
                         net (fo=9584, routed)        1.690    12.869    d_i/evalmul3/inst/core/multiplier_towers[0].multiplier_products[1].multiplier/aclk
    DSP48_X3Y25          DSP48E1                                      r  d_i/evalmul3/inst/core/multiplier_towers[0].multiplier_products[1].multiplier/reciprocal_high_stage2_reg__0/CLK
                         clock pessimism              0.267    13.137
                         clock uncertainty           -0.154    12.982
    DSP48_X3Y25          DSP48E1 (Setup_dsp48e1_CLK_PCIN[29])
                                                     -1.400    11.582    d_i/evalmul3/inst/core/multiplier_towers[0].multiplier_products[1].multiplier/reciprocal_high_stage2_reg__0
  -------------------------------------------------------------------
                         required time                         11.582
                         arrival time                         -11.325
  -------------------------------------------------------------------
                         slack                                  0.257

Slack (MET) :             0.257ns  (required time - arrival time)
  Source:                 d_i/evalmul3/inst/core/multiplier_towers[0].multiplier_products[1].multiplier/product_stage1_reg__0/CLK
                            (rising edge-triggered cell DSP48E1 clocked by clk_fpga_0  {rise@0.000ns fall@5.000ns period=10.000ns})
  Destination:            d_i/evalmul3/inst/core/multiplier_towers[0].multiplier_products[1].multiplier/reciprocal_high_stage2_reg__0/PCIN[2]
                            (rising edge-triggered cell DSP48E1 clocked by clk_fpga_0  {rise@0.000ns fall@5.000ns period=10.000ns})
  Path Group:             clk_fpga_0
  Path Type:              Setup (Max at Slow Process Corner)
  Requirement:            10.000ns  (clk_fpga_0 rise@10.000ns - clk_fpga_0 rise@0.000ns)
  Data Path Delay:        8.159ns  (logic 6.209ns (76.101%)  route 1.950ns (23.899%))
  Logic Levels:           9  (CARRY4=7 DSP48E1=1 LUT2=1)
  Clock Path Skew:        -0.030ns (DCD - SCD + CPR)
    Destination Clock Delay (DCD):    2.869ns = ( 12.869 - 10.000 )
    Source Clock Delay      (SCD):    3.167ns
    Clock Pessimism Removal (CPR):    0.267ns
  Clock Uncertainty:      0.154ns  ((TSJ^2 + TIJ^2)^1/2 + DJ) / 2 + PE
    Total System Jitter     (TSJ):    0.071ns
    Total Input Jitter      (TIJ):    0.300ns
    Discrete Jitter          (DJ):    0.000ns
    Phase Error              (PE):    0.000ns

    Location             Delay type                Incr(ns)  Path(ns)    Netlist Resource(s)
  -------------------------------------------------------------------    -------------------
                         (clock clk_fpga_0 rise edge)
                                                      0.000     0.000 r
    PS7_X0Y0             PS7                          0.000     0.000 r  d_i/ps7/inst/PS7_i/FCLKCLK[0]
                         net (fo=1, routed)           1.193     1.193    d_i/ps7/inst/FCLK_CLK_unbuffered[0]
    BUFGCTRL_X0Y16       BUFG (Prop_bufg_I_O)         0.101     1.294 r  d_i/ps7/inst/buffer_fclk_clk_0.FCLK_CLK_0_BUFG/O
                         net (fo=9584, routed)        1.873     3.167    d_i/evalmul3/inst/core/multiplier_towers[0].multiplier_products[1].multiplier/aclk
    DSP48_X3Y21          DSP48E1                                      r  d_i/evalmul3/inst/core/multiplier_towers[0].multiplier_products[1].multiplier/product_stage1_reg__0/CLK
  -------------------------------------------------------------------    -------------------
    DSP48_X3Y21          DSP48E1 (Prop_dsp48e1_CLK_P[0])
                                                      0.434     3.601 r  d_i/evalmul3/inst/core/multiplier_towers[0].multiplier_products[1].multiplier/product_stage1_reg__0/P[0]
                         net (fo=2, routed)           0.936     4.537    d_i/evalmul3/inst/core/multiplier_towers[0].multiplier_products[1].multiplier/p_1_in[17]
    SLICE_X93Y48         LUT2 (Prop_lut2_I0_O)        0.124     4.661 r  d_i/evalmul3/inst/core/multiplier_towers[0].multiplier_products[1].multiplier/reciprocal_low_comb_i_14/O
                         net (fo=1, routed)           0.000     4.661    d_i/evalmul3/inst/core/multiplier_towers[0].multiplier_products[1].multiplier/reciprocal_low_comb_i_14_n_0
    SLICE_X93Y48         CARRY4 (Prop_carry4_S[1]_CO[3])
                                                      0.550     5.211 r  d_i/evalmul3/inst/core/multiplier_towers[0].multiplier_products[1].multiplier/reciprocal_low_comb_i_3/CO[3]
                         net (fo=1, routed)           0.000     5.211    d_i/evalmul3/inst/core/multiplier_towers[0].multiplier_products[1].multiplier/reciprocal_low_comb_i_3_n_0
    SLICE_X93Y49         CARRY4 (Prop_carry4_CI_CO[3])
                                                      0.114     5.325 r  d_i/evalmul3/inst/core/multiplier_towers[0].multiplier_products[1].multiplier/reciprocal_low_comb_i_2/CO[3]
                         net (fo=1, routed)           0.001     5.325    d_i/evalmul3/inst/core/multiplier_towers[0].multiplier_products[1].multiplier/reciprocal_low_comb_i_2_n_0
    SLICE_X93Y50         CARRY4 (Prop_carry4_CI_CO[3])
                                                      0.114     5.439 r  d_i/evalmul3/inst/core/multiplier_towers[0].multiplier_products[1].multiplier/reciprocal_low_comb_i_1/CO[3]
                         net (fo=1, routed)           0.000     5.439    d_i/evalmul3/inst/core/multiplier_towers[0].multiplier_products[1].multiplier/reciprocal_low_comb_i_1_n_0
    SLICE_X93Y51         CARRY4 (Prop_carry4_CI_CO[3])
                                                      0.114     5.553 r  d_i/evalmul3/inst/core/multiplier_towers[0].multiplier_products[1].multiplier/reciprocal_high_comb__0_i_4/CO[3]
                         net (fo=1, routed)           0.000     5.553    d_i/evalmul3/inst/core/multiplier_towers[0].multiplier_products[1].multiplier/reciprocal_high_comb__0_i_4_n_0
    SLICE_X93Y52         CARRY4 (Prop_carry4_CI_CO[3])
                                                      0.114     5.667 r  d_i/evalmul3/inst/core/multiplier_towers[0].multiplier_products[1].multiplier/reciprocal_high_comb__0_i_3/CO[3]
                         net (fo=1, routed)           0.000     5.667    d_i/evalmul3/inst/core/multiplier_towers[0].multiplier_products[1].multiplier/reciprocal_high_comb__0_i_3_n_0
    SLICE_X93Y53         CARRY4 (Prop_carry4_CI_CO[3])
                                                      0.114     5.781 r  d_i/evalmul3/inst/core/multiplier_towers[0].multiplier_products[1].multiplier/reciprocal_high_comb__0_i_2/CO[3]
                         net (fo=1, routed)           0.000     5.781    d_i/evalmul3/inst/core/multiplier_towers[0].multiplier_products[1].multiplier/reciprocal_high_comb__0_i_2_n_0
    SLICE_X93Y54         CARRY4 (Prop_carry4_CI_O[3])
                                                      0.313     6.094 r  d_i/evalmul3/inst/core/multiplier_towers[0].multiplier_products[1].multiplier/reciprocal_high_comb__0_i_1/O[3]
                         net (fo=3, routed)           1.011     7.105    d_i/evalmul3/inst/core/multiplier_towers[0].multiplier_products[1].multiplier/product_stage1_reg__1[43]
    DSP48_X3Y24          DSP48E1 (Prop_dsp48e1_A[13]_PCOUT[2])
                                                      4.218    11.323 r  d_i/evalmul3/inst/core/multiplier_towers[0].multiplier_products[1].multiplier/reciprocal_high_comb__0/PCOUT[2]
                         net (fo=1, routed)           0.002    11.325    d_i/evalmul3/inst/core/multiplier_towers[0].multiplier_products[1].multiplier/reciprocal_high_comb__0_n_151
    DSP48_X3Y25          DSP48E1                                      r  d_i/evalmul3/inst/core/multiplier_towers[0].multiplier_products[1].multiplier/reciprocal_high_stage2_reg__0/PCIN[2]
  -------------------------------------------------------------------    -------------------

                         (clock clk_fpga_0 rise edge)
                                                     10.000    10.000 r
    PS7_X0Y0             PS7                          0.000    10.000 r  d_i/ps7/inst/PS7_i/FCLKCLK[0]
                         net (fo=1, routed)           1.088    11.088    d_i/ps7/inst/FCLK_CLK_unbuffered[0]
    BUFGCTRL_X0Y16       BUFG (Prop_bufg_I_O)         0.091    11.179 r  d_i/ps7/inst/buffer_fclk_clk_0.FCLK_CLK_0_BUFG/O
                         net (fo=9584, routed)        1.690    12.869    d_i/evalmul3/inst/core/multiplier_towers[0].multiplier_products[1].multiplier/aclk
    DSP48_X3Y25          DSP48E1                                      r  d_i/evalmul3/inst/core/multiplier_towers[0].multiplier_products[1].multiplier/reciprocal_high_stage2_reg__0/CLK
                         clock pessimism              0.267    13.137
                         clock uncertainty           -0.154    12.982
    DSP48_X3Y25          DSP48E1 (Setup_dsp48e1_CLK_PCIN[2])
                                                     -1.400    11.582    d_i/evalmul3/inst/core/multiplier_towers[0].multiplier_products[1].multiplier/reciprocal_high_stage2_reg__0
  -------------------------------------------------------------------
                         required time                         11.582
                         arrival time                         -11.325
  -------------------------------------------------------------------
                         slack                                  0.257

Slack (MET) :             0.257ns  (required time - arrival time)
  Source:                 d_i/evalmul3/inst/core/multiplier_towers[0].multiplier_products[1].multiplier/product_stage1_reg__0/CLK
                            (rising edge-triggered cell DSP48E1 clocked by clk_fpga_0  {rise@0.000ns fall@5.000ns period=10.000ns})
  Destination:            d_i/evalmul3/inst/core/multiplier_towers[0].multiplier_products[1].multiplier/reciprocal_high_stage2_reg__0/PCIN[30]
                            (rising edge-triggered cell DSP48E1 clocked by clk_fpga_0  {rise@0.000ns fall@5.000ns period=10.000ns})
  Path Group:             clk_fpga_0
  Path Type:              Setup (Max at Slow Process Corner)
  Requirement:            10.000ns  (clk_fpga_0 rise@10.000ns - clk_fpga_0 rise@0.000ns)
  Data Path Delay:        8.159ns  (logic 6.209ns (76.101%)  route 1.950ns (23.899%))
  Logic Levels:           9  (CARRY4=7 DSP48E1=1 LUT2=1)
  Clock Path Skew:        -0.030ns (DCD - SCD + CPR)
    Destination Clock Delay (DCD):    2.869ns = ( 12.869 - 10.000 )
    Source Clock Delay      (SCD):    3.167ns
    Clock Pessimism Removal (CPR):    0.267ns
  Clock Uncertainty:      0.154ns  ((TSJ^2 + TIJ^2)^1/2 + DJ) / 2 + PE
    Total System Jitter     (TSJ):    0.071ns
    Total Input Jitter      (TIJ):    0.300ns
    Discrete Jitter          (DJ):    0.000ns
    Phase Error              (PE):    0.000ns

    Location             Delay type                Incr(ns)  Path(ns)    Netlist Resource(s)
  -------------------------------------------------------------------    -------------------
                         (clock clk_fpga_0 rise edge)
                                                      0.000     0.000 r
    PS7_X0Y0             PS7                          0.000     0.000 r  d_i/ps7/inst/PS7_i/FCLKCLK[0]
                         net (fo=1, routed)           1.193     1.193    d_i/ps7/inst/FCLK_CLK_unbuffered[0]
    BUFGCTRL_X0Y16       BUFG (Prop_bufg_I_O)         0.101     1.294 r  d_i/ps7/inst/buffer_fclk_clk_0.FCLK_CLK_0_BUFG/O
                         net (fo=9584, routed)        1.873     3.167    d_i/evalmul3/inst/core/multiplier_towers[0].multiplier_products[1].multiplier/aclk
    DSP48_X3Y21          DSP48E1                                      r  d_i/evalmul3/inst/core/multiplier_towers[0].multiplier_products[1].multiplier/product_stage1_reg__0/CLK
  -------------------------------------------------------------------    -------------------
    DSP48_X3Y21          DSP48E1 (Prop_dsp48e1_CLK_P[0])
                                                      0.434     3.601 r  d_i/evalmul3/inst/core/multiplier_towers[0].multiplier_products[1].multiplier/product_stage1_reg__0/P[0]
                         net (fo=2, routed)           0.936     4.537    d_i/evalmul3/inst/core/multiplier_towers[0].multiplier_products[1].multiplier/p_1_in[17]
    SLICE_X93Y48         LUT2 (Prop_lut2_I0_O)        0.124     4.661 r  d_i/evalmul3/inst/core/multiplier_towers[0].multiplier_products[1].multiplier/reciprocal_low_comb_i_14/O
                         net (fo=1, routed)           0.000     4.661    d_i/evalmul3/inst/core/multiplier_towers[0].multiplier_products[1].multiplier/reciprocal_low_comb_i_14_n_0
    SLICE_X93Y48         CARRY4 (Prop_carry4_S[1]_CO[3])
                                                      0.550     5.211 r  d_i/evalmul3/inst/core/multiplier_towers[0].multiplier_products[1].multiplier/reciprocal_low_comb_i_3/CO[3]
                         net (fo=1, routed)           0.000     5.211    d_i/evalmul3/inst/core/multiplier_towers[0].multiplier_products[1].multiplier/reciprocal_low_comb_i_3_n_0
    SLICE_X93Y49         CARRY4 (Prop_carry4_CI_CO[3])
                                                      0.114     5.325 r  d_i/evalmul3/inst/core/multiplier_towers[0].multiplier_products[1].multiplier/reciprocal_low_comb_i_2/CO[3]
                         net (fo=1, routed)           0.001     5.325    d_i/evalmul3/inst/core/multiplier_towers[0].multiplier_products[1].multiplier/reciprocal_low_comb_i_2_n_0
    SLICE_X93Y50         CARRY4 (Prop_carry4_CI_CO[3])
                                                      0.114     5.439 r  d_i/evalmul3/inst/core/multiplier_towers[0].multiplier_products[1].multiplier/reciprocal_low_comb_i_1/CO[3]
                         net (fo=1, routed)           0.000     5.439    d_i/evalmul3/inst/core/multiplier_towers[0].multiplier_products[1].multiplier/reciprocal_low_comb_i_1_n_0
    SLICE_X93Y51         CARRY4 (Prop_carry4_CI_CO[3])
                                                      0.114     5.553 r  d_i/evalmul3/inst/core/multiplier_towers[0].multiplier_products[1].multiplier/reciprocal_high_comb__0_i_4/CO[3]
                         net (fo=1, routed)           0.000     5.553    d_i/evalmul3/inst/core/multiplier_towers[0].multiplier_products[1].multiplier/reciprocal_high_comb__0_i_4_n_0
    SLICE_X93Y52         CARRY4 (Prop_carry4_CI_CO[3])
                                                      0.114     5.667 r  d_i/evalmul3/inst/core/multiplier_towers[0].multiplier_products[1].multiplier/reciprocal_high_comb__0_i_3/CO[3]
                         net (fo=1, routed)           0.000     5.667    d_i/evalmul3/inst/core/multiplier_towers[0].multiplier_products[1].multiplier/reciprocal_high_comb__0_i_3_n_0
    SLICE_X93Y53         CARRY4 (Prop_carry4_CI_CO[3])
                                                      0.114     5.781 r  d_i/evalmul3/inst/core/multiplier_towers[0].multiplier_products[1].multiplier/reciprocal_high_comb__0_i_2/CO[3]
                         net (fo=1, routed)           0.000     5.781    d_i/evalmul3/inst/core/multiplier_towers[0].multiplier_products[1].multiplier/reciprocal_high_comb__0_i_2_n_0
    SLICE_X93Y54         CARRY4 (Prop_carry4_CI_O[3])
                                                      0.313     6.094 r  d_i/evalmul3/inst/core/multiplier_towers[0].multiplier_products[1].multiplier/reciprocal_high_comb__0_i_1/O[3]
                         net (fo=3, routed)           1.011     7.105    d_i/evalmul3/inst/core/multiplier_towers[0].multiplier_products[1].multiplier/product_stage1_reg__1[43]
    DSP48_X3Y24          DSP48E1 (Prop_dsp48e1_A[13]_PCOUT[30])
                                                      4.218    11.323 r  d_i/evalmul3/inst/core/multiplier_towers[0].multiplier_products[1].multiplier/reciprocal_high_comb__0/PCOUT[30]
                         net (fo=1, routed)           0.002    11.325    d_i/evalmul3/inst/core/multiplier_towers[0].multiplier_products[1].multiplier/reciprocal_high_comb__0_n_123
    DSP48_X3Y25          DSP48E1                                      r  d_i/evalmul3/inst/core/multiplier_towers[0].multiplier_products[1].multiplier/reciprocal_high_stage2_reg__0/PCIN[30]
  -------------------------------------------------------------------    -------------------

                         (clock clk_fpga_0 rise edge)
                                                     10.000    10.000 r
    PS7_X0Y0             PS7                          0.000    10.000 r  d_i/ps7/inst/PS7_i/FCLKCLK[0]
                         net (fo=1, routed)           1.088    11.088    d_i/ps7/inst/FCLK_CLK_unbuffered[0]
    BUFGCTRL_X0Y16       BUFG (Prop_bufg_I_O)         0.091    11.179 r  d_i/ps7/inst/buffer_fclk_clk_0.FCLK_CLK_0_BUFG/O
                         net (fo=9584, routed)        1.690    12.869    d_i/evalmul3/inst/core/multiplier_towers[0].multiplier_products[1].multiplier/aclk
    DSP48_X3Y25          DSP48E1                                      r  d_i/evalmul3/inst/core/multiplier_towers[0].multiplier_products[1].multiplier/reciprocal_high_stage2_reg__0/CLK
                         clock pessimism              0.267    13.137
                         clock uncertainty           -0.154    12.982
    DSP48_X3Y25          DSP48E1 (Setup_dsp48e1_CLK_PCIN[30])
                                                     -1.400    11.582    d_i/evalmul3/inst/core/multiplier_towers[0].multiplier_products[1].multiplier/reciprocal_high_stage2_reg__0
  -------------------------------------------------------------------
                         required time                         11.582
                         arrival time                         -11.325
  -------------------------------------------------------------------
                         slack                                  0.257

Slack (MET) :             0.257ns  (required time - arrival time)
  Source:                 d_i/evalmul3/inst/core/multiplier_towers[0].multiplier_products[1].multiplier/product_stage1_reg__0/CLK
                            (rising edge-triggered cell DSP48E1 clocked by clk_fpga_0  {rise@0.000ns fall@5.000ns period=10.000ns})
  Destination:            d_i/evalmul3/inst/core/multiplier_towers[0].multiplier_products[1].multiplier/reciprocal_high_stage2_reg__0/PCIN[31]
                            (rising edge-triggered cell DSP48E1 clocked by clk_fpga_0  {rise@0.000ns fall@5.000ns period=10.000ns})
  Path Group:             clk_fpga_0
  Path Type:              Setup (Max at Slow Process Corner)
  Requirement:            10.000ns  (clk_fpga_0 rise@10.000ns - clk_fpga_0 rise@0.000ns)
  Data Path Delay:        8.159ns  (logic 6.209ns (76.101%)  route 1.950ns (23.899%))
  Logic Levels:           9  (CARRY4=7 DSP48E1=1 LUT2=1)
  Clock Path Skew:        -0.030ns (DCD - SCD + CPR)
    Destination Clock Delay (DCD):    2.869ns = ( 12.869 - 10.000 )
    Source Clock Delay      (SCD):    3.167ns
    Clock Pessimism Removal (CPR):    0.267ns
  Clock Uncertainty:      0.154ns  ((TSJ^2 + TIJ^2)^1/2 + DJ) / 2 + PE
    Total System Jitter     (TSJ):    0.071ns
    Total Input Jitter      (TIJ):    0.300ns
    Discrete Jitter          (DJ):    0.000ns
    Phase Error              (PE):    0.000ns

    Location             Delay type                Incr(ns)  Path(ns)    Netlist Resource(s)
  -------------------------------------------------------------------    -------------------
                         (clock clk_fpga_0 rise edge)
                                                      0.000     0.000 r
    PS7_X0Y0             PS7                          0.000     0.000 r  d_i/ps7/inst/PS7_i/FCLKCLK[0]
                         net (fo=1, routed)           1.193     1.193    d_i/ps7/inst/FCLK_CLK_unbuffered[0]
    BUFGCTRL_X0Y16       BUFG (Prop_bufg_I_O)         0.101     1.294 r  d_i/ps7/inst/buffer_fclk_clk_0.FCLK_CLK_0_BUFG/O
                         net (fo=9584, routed)        1.873     3.167    d_i/evalmul3/inst/core/multiplier_towers[0].multiplier_products[1].multiplier/aclk
    DSP48_X3Y21          DSP48E1                                      r  d_i/evalmul3/inst/core/multiplier_towers[0].multiplier_products[1].multiplier/product_stage1_reg__0/CLK
  -------------------------------------------------------------------    -------------------
    DSP48_X3Y21          DSP48E1 (Prop_dsp48e1_CLK_P[0])
                                                      0.434     3.601 r  d_i/evalmul3/inst/core/multiplier_towers[0].multiplier_products[1].multiplier/product_stage1_reg__0/P[0]
                         net (fo=2, routed)           0.936     4.537    d_i/evalmul3/inst/core/multiplier_towers[0].multiplier_products[1].multiplier/p_1_in[17]
    SLICE_X93Y48         LUT2 (Prop_lut2_I0_O)        0.124     4.661 r  d_i/evalmul3/inst/core/multiplier_towers[0].multiplier_products[1].multiplier/reciprocal_low_comb_i_14/O
                         net (fo=1, routed)           0.000     4.661    d_i/evalmul3/inst/core/multiplier_towers[0].multiplier_products[1].multiplier/reciprocal_low_comb_i_14_n_0
    SLICE_X93Y48         CARRY4 (Prop_carry4_S[1]_CO[3])
                                                      0.550     5.211 r  d_i/evalmul3/inst/core/multiplier_towers[0].multiplier_products[1].multiplier/reciprocal_low_comb_i_3/CO[3]
                         net (fo=1, routed)           0.000     5.211    d_i/evalmul3/inst/core/multiplier_towers[0].multiplier_products[1].multiplier/reciprocal_low_comb_i_3_n_0
    SLICE_X93Y49         CARRY4 (Prop_carry4_CI_CO[3])
                                                      0.114     5.325 r  d_i/evalmul3/inst/core/multiplier_towers[0].multiplier_products[1].multiplier/reciprocal_low_comb_i_2/CO[3]
                         net (fo=1, routed)           0.001     5.325    d_i/evalmul3/inst/core/multiplier_towers[0].multiplier_products[1].multiplier/reciprocal_low_comb_i_2_n_0
    SLICE_X93Y50         CARRY4 (Prop_carry4_CI_CO[3])
                                                      0.114     5.439 r  d_i/evalmul3/inst/core/multiplier_towers[0].multiplier_products[1].multiplier/reciprocal_low_comb_i_1/CO[3]
                         net (fo=1, routed)           0.000     5.439    d_i/evalmul3/inst/core/multiplier_towers[0].multiplier_products[1].multiplier/reciprocal_low_comb_i_1_n_0
    SLICE_X93Y51         CARRY4 (Prop_carry4_CI_CO[3])
                                                      0.114     5.553 r  d_i/evalmul3/inst/core/multiplier_towers[0].multiplier_products[1].multiplier/reciprocal_high_comb__0_i_4/CO[3]
                         net (fo=1, routed)           0.000     5.553    d_i/evalmul3/inst/core/multiplier_towers[0].multiplier_products[1].multiplier/reciprocal_high_comb__0_i_4_n_0
    SLICE_X93Y52         CARRY4 (Prop_carry4_CI_CO[3])
                                                      0.114     5.667 r  d_i/evalmul3/inst/core/multiplier_towers[0].multiplier_products[1].multiplier/reciprocal_high_comb__0_i_3/CO[3]
                         net (fo=1, routed)           0.000     5.667    d_i/evalmul3/inst/core/multiplier_towers[0].multiplier_products[1].multiplier/reciprocal_high_comb__0_i_3_n_0
    SLICE_X93Y53         CARRY4 (Prop_carry4_CI_CO[3])
                                                      0.114     5.781 r  d_i/evalmul3/inst/core/multiplier_towers[0].multiplier_products[1].multiplier/reciprocal_high_comb__0_i_2/CO[3]
                         net (fo=1, routed)           0.000     5.781    d_i/evalmul3/inst/core/multiplier_towers[0].multiplier_products[1].multiplier/reciprocal_high_comb__0_i_2_n_0
    SLICE_X93Y54         CARRY4 (Prop_carry4_CI_O[3])
                                                      0.313     6.094 r  d_i/evalmul3/inst/core/multiplier_towers[0].multiplier_products[1].multiplier/reciprocal_high_comb__0_i_1/O[3]
                         net (fo=3, routed)           1.011     7.105    d_i/evalmul3/inst/core/multiplier_towers[0].multiplier_products[1].multiplier/product_stage1_reg__1[43]
    DSP48_X3Y24          DSP48E1 (Prop_dsp48e1_A[13]_PCOUT[31])
                                                      4.218    11.323 r  d_i/evalmul3/inst/core/multiplier_towers[0].multiplier_products[1].multiplier/reciprocal_high_comb__0/PCOUT[31]
                         net (fo=1, routed)           0.002    11.325    d_i/evalmul3/inst/core/multiplier_towers[0].multiplier_products[1].multiplier/reciprocal_high_comb__0_n_122
    DSP48_X3Y25          DSP48E1                                      r  d_i/evalmul3/inst/core/multiplier_towers[0].multiplier_products[1].multiplier/reciprocal_high_stage2_reg__0/PCIN[31]
  -------------------------------------------------------------------    -------------------

                         (clock clk_fpga_0 rise edge)
                                                     10.000    10.000 r
    PS7_X0Y0             PS7                          0.000    10.000 r  d_i/ps7/inst/PS7_i/FCLKCLK[0]
                         net (fo=1, routed)           1.088    11.088    d_i/ps7/inst/FCLK_CLK_unbuffered[0]
    BUFGCTRL_X0Y16       BUFG (Prop_bufg_I_O)         0.091    11.179 r  d_i/ps7/inst/buffer_fclk_clk_0.FCLK_CLK_0_BUFG/O
                         net (fo=9584, routed)        1.690    12.869    d_i/evalmul3/inst/core/multiplier_towers[0].multiplier_products[1].multiplier/aclk
    DSP48_X3Y25          DSP48E1                                      r  d_i/evalmul3/inst/core/multiplier_towers[0].multiplier_products[1].multiplier/reciprocal_high_stage2_reg__0/CLK
                         clock pessimism              0.267    13.137
                         clock uncertainty           -0.154    12.982
    DSP48_X3Y25          DSP48E1 (Setup_dsp48e1_CLK_PCIN[31])
                                                     -1.400    11.582    d_i/evalmul3/inst/core/multiplier_towers[0].multiplier_products[1].multiplier/reciprocal_high_stage2_reg__0
  -------------------------------------------------------------------
                         required time                         11.582
                         arrival time                         -11.325
  -------------------------------------------------------------------
                         slack                                  0.257

Slack (MET) :             0.257ns  (required time - arrival time)
  Source:                 d_i/evalmul3/inst/core/multiplier_towers[0].multiplier_products[1].multiplier/product_stage1_reg__0/CLK
                            (rising edge-triggered cell DSP48E1 clocked by clk_fpga_0  {rise@0.000ns fall@5.000ns period=10.000ns})
  Destination:            d_i/evalmul3/inst/core/multiplier_towers[0].multiplier_products[1].multiplier/reciprocal_high_stage2_reg__0/PCIN[32]
                            (rising edge-triggered cell DSP48E1 clocked by clk_fpga_0  {rise@0.000ns fall@5.000ns period=10.000ns})
  Path Group:             clk_fpga_0
  Path Type:              Setup (Max at Slow Process Corner)
  Requirement:            10.000ns  (clk_fpga_0 rise@10.000ns - clk_fpga_0 rise@0.000ns)
  Data Path Delay:        8.159ns  (logic 6.209ns (76.101%)  route 1.950ns (23.899%))
  Logic Levels:           9  (CARRY4=7 DSP48E1=1 LUT2=1)
  Clock Path Skew:        -0.030ns (DCD - SCD + CPR)
    Destination Clock Delay (DCD):    2.869ns = ( 12.869 - 10.000 )
    Source Clock Delay      (SCD):    3.167ns
    Clock Pessimism Removal (CPR):    0.267ns
  Clock Uncertainty:      0.154ns  ((TSJ^2 + TIJ^2)^1/2 + DJ) / 2 + PE
    Total System Jitter     (TSJ):    0.071ns
    Total Input Jitter      (TIJ):    0.300ns
    Discrete Jitter          (DJ):    0.000ns
    Phase Error              (PE):    0.000ns

    Location             Delay type                Incr(ns)  Path(ns)    Netlist Resource(s)
  -------------------------------------------------------------------    -------------------
                         (clock clk_fpga_0 rise edge)
                                                      0.000     0.000 r
    PS7_X0Y0             PS7                          0.000     0.000 r  d_i/ps7/inst/PS7_i/FCLKCLK[0]
                         net (fo=1, routed)           1.193     1.193    d_i/ps7/inst/FCLK_CLK_unbuffered[0]
    BUFGCTRL_X0Y16       BUFG (Prop_bufg_I_O)         0.101     1.294 r  d_i/ps7/inst/buffer_fclk_clk_0.FCLK_CLK_0_BUFG/O
                         net (fo=9584, routed)        1.873     3.167    d_i/evalmul3/inst/core/multiplier_towers[0].multiplier_products[1].multiplier/aclk
    DSP48_X3Y21          DSP48E1                                      r  d_i/evalmul3/inst/core/multiplier_towers[0].multiplier_products[1].multiplier/product_stage1_reg__0/CLK
  -------------------------------------------------------------------    -------------------
    DSP48_X3Y21          DSP48E1 (Prop_dsp48e1_CLK_P[0])
                                                      0.434     3.601 r  d_i/evalmul3/inst/core/multiplier_towers[0].multiplier_products[1].multiplier/product_stage1_reg__0/P[0]
                         net (fo=2, routed)           0.936     4.537    d_i/evalmul3/inst/core/multiplier_towers[0].multiplier_products[1].multiplier/p_1_in[17]
    SLICE_X93Y48         LUT2 (Prop_lut2_I0_O)        0.124     4.661 r  d_i/evalmul3/inst/core/multiplier_towers[0].multiplier_products[1].multiplier/reciprocal_low_comb_i_14/O
                         net (fo=1, routed)           0.000     4.661    d_i/evalmul3/inst/core/multiplier_towers[0].multiplier_products[1].multiplier/reciprocal_low_comb_i_14_n_0
    SLICE_X93Y48         CARRY4 (Prop_carry4_S[1]_CO[3])
                                                      0.550     5.211 r  d_i/evalmul3/inst/core/multiplier_towers[0].multiplier_products[1].multiplier/reciprocal_low_comb_i_3/CO[3]
                         net (fo=1, routed)           0.000     5.211    d_i/evalmul3/inst/core/multiplier_towers[0].multiplier_products[1].multiplier/reciprocal_low_comb_i_3_n_0
    SLICE_X93Y49         CARRY4 (Prop_carry4_CI_CO[3])
                                                      0.114     5.325 r  d_i/evalmul3/inst/core/multiplier_towers[0].multiplier_products[1].multiplier/reciprocal_low_comb_i_2/CO[3]
                         net (fo=1, routed)           0.001     5.325    d_i/evalmul3/inst/core/multiplier_towers[0].multiplier_products[1].multiplier/reciprocal_low_comb_i_2_n_0
    SLICE_X93Y50         CARRY4 (Prop_carry4_CI_CO[3])
                                                      0.114     5.439 r  d_i/evalmul3/inst/core/multiplier_towers[0].multiplier_products[1].multiplier/reciprocal_low_comb_i_1/CO[3]
                         net (fo=1, routed)           0.000     5.439    d_i/evalmul3/inst/core/multiplier_towers[0].multiplier_products[1].multiplier/reciprocal_low_comb_i_1_n_0
    SLICE_X93Y51         CARRY4 (Prop_carry4_CI_CO[3])
                                                      0.114     5.553 r  d_i/evalmul3/inst/core/multiplier_towers[0].multiplier_products[1].multiplier/reciprocal_high_comb__0_i_4/CO[3]
                         net (fo=1, routed)           0.000     5.553    d_i/evalmul3/inst/core/multiplier_towers[0].multiplier_products[1].multiplier/reciprocal_high_comb__0_i_4_n_0
    SLICE_X93Y52         CARRY4 (Prop_carry4_CI_CO[3])
                                                      0.114     5.667 r  d_i/evalmul3/inst/core/multiplier_towers[0].multiplier_products[1].multiplier/reciprocal_high_comb__0_i_3/CO[3]
                         net (fo=1, routed)           0.000     5.667    d_i/evalmul3/inst/core/multiplier_towers[0].multiplier_products[1].multiplier/reciprocal_high_comb__0_i_3_n_0
    SLICE_X93Y53         CARRY4 (Prop_carry4_CI_CO[3])
                                                      0.114     5.781 r  d_i/evalmul3/inst/core/multiplier_towers[0].multiplier_products[1].multiplier/reciprocal_high_comb__0_i_2/CO[3]
                         net (fo=1, routed)           0.000     5.781    d_i/evalmul3/inst/core/multiplier_towers[0].multiplier_products[1].multiplier/reciprocal_high_comb__0_i_2_n_0
    SLICE_X93Y54         CARRY4 (Prop_carry4_CI_O[3])
                                                      0.313     6.094 r  d_i/evalmul3/inst/core/multiplier_towers[0].multiplier_products[1].multiplier/reciprocal_high_comb__0_i_1/O[3]
                         net (fo=3, routed)           1.011     7.105    d_i/evalmul3/inst/core/multiplier_towers[0].multiplier_products[1].multiplier/product_stage1_reg__1[43]
    DSP48_X3Y24          DSP48E1 (Prop_dsp48e1_A[13]_PCOUT[32])
                                                      4.218    11.323 r  d_i/evalmul3/inst/core/multiplier_towers[0].multiplier_products[1].multiplier/reciprocal_high_comb__0/PCOUT[32]
                         net (fo=1, routed)           0.002    11.325    d_i/evalmul3/inst/core/multiplier_towers[0].multiplier_products[1].multiplier/reciprocal_high_comb__0_n_121
    DSP48_X3Y25          DSP48E1                                      r  d_i/evalmul3/inst/core/multiplier_towers[0].multiplier_products[1].multiplier/reciprocal_high_stage2_reg__0/PCIN[32]
  -------------------------------------------------------------------    -------------------

                         (clock clk_fpga_0 rise edge)
                                                     10.000    10.000 r
    PS7_X0Y0             PS7                          0.000    10.000 r  d_i/ps7/inst/PS7_i/FCLKCLK[0]
                         net (fo=1, routed)           1.088    11.088    d_i/ps7/inst/FCLK_CLK_unbuffered[0]
    BUFGCTRL_X0Y16       BUFG (Prop_bufg_I_O)         0.091    11.179 r  d_i/ps7/inst/buffer_fclk_clk_0.FCLK_CLK_0_BUFG/O
                         net (fo=9584, routed)        1.690    12.869    d_i/evalmul3/inst/core/multiplier_towers[0].multiplier_products[1].multiplier/aclk
    DSP48_X3Y25          DSP48E1                                      r  d_i/evalmul3/inst/core/multiplier_towers[0].multiplier_products[1].multiplier/reciprocal_high_stage2_reg__0/CLK
                         clock pessimism              0.267    13.137
                         clock uncertainty           -0.154    12.982
    DSP48_X3Y25          DSP48E1 (Setup_dsp48e1_CLK_PCIN[32])
                                                     -1.400    11.582    d_i/evalmul3/inst/core/multiplier_towers[0].multiplier_products[1].multiplier/reciprocal_high_stage2_reg__0
  -------------------------------------------------------------------
                         required time                         11.582
                         arrival time                         -11.325
  -------------------------------------------------------------------
                         slack                                  0.257

Slack (MET) :             0.257ns  (required time - arrival time)
  Source:                 d_i/evalmul3/inst/core/multiplier_towers[0].multiplier_products[1].multiplier/product_stage1_reg__0/CLK
                            (rising edge-triggered cell DSP48E1 clocked by clk_fpga_0  {rise@0.000ns fall@5.000ns period=10.000ns})
  Destination:            d_i/evalmul3/inst/core/multiplier_towers[0].multiplier_products[1].multiplier/reciprocal_high_stage2_reg__0/PCIN[33]
                            (rising edge-triggered cell DSP48E1 clocked by clk_fpga_0  {rise@0.000ns fall@5.000ns period=10.000ns})
  Path Group:             clk_fpga_0
  Path Type:              Setup (Max at Slow Process Corner)
  Requirement:            10.000ns  (clk_fpga_0 rise@10.000ns - clk_fpga_0 rise@0.000ns)
  Data Path Delay:        8.159ns  (logic 6.209ns (76.101%)  route 1.950ns (23.899%))
  Logic Levels:           9  (CARRY4=7 DSP48E1=1 LUT2=1)
  Clock Path Skew:        -0.030ns (DCD - SCD + CPR)
    Destination Clock Delay (DCD):    2.869ns = ( 12.869 - 10.000 )
    Source Clock Delay      (SCD):    3.167ns
    Clock Pessimism Removal (CPR):    0.267ns
  Clock Uncertainty:      0.154ns  ((TSJ^2 + TIJ^2)^1/2 + DJ) / 2 + PE
    Total System Jitter     (TSJ):    0.071ns
    Total Input Jitter      (TIJ):    0.300ns
    Discrete Jitter          (DJ):    0.000ns
    Phase Error              (PE):    0.000ns

    Location             Delay type                Incr(ns)  Path(ns)    Netlist Resource(s)
  -------------------------------------------------------------------    -------------------
                         (clock clk_fpga_0 rise edge)
                                                      0.000     0.000 r
    PS7_X0Y0             PS7                          0.000     0.000 r  d_i/ps7/inst/PS7_i/FCLKCLK[0]
                         net (fo=1, routed)           1.193     1.193    d_i/ps7/inst/FCLK_CLK_unbuffered[0]
    BUFGCTRL_X0Y16       BUFG (Prop_bufg_I_O)         0.101     1.294 r  d_i/ps7/inst/buffer_fclk_clk_0.FCLK_CLK_0_BUFG/O
                         net (fo=9584, routed)        1.873     3.167    d_i/evalmul3/inst/core/multiplier_towers[0].multiplier_products[1].multiplier/aclk
    DSP48_X3Y21          DSP48E1                                      r  d_i/evalmul3/inst/core/multiplier_towers[0].multiplier_products[1].multiplier/product_stage1_reg__0/CLK
  -------------------------------------------------------------------    -------------------
    DSP48_X3Y21          DSP48E1 (Prop_dsp48e1_CLK_P[0])
                                                      0.434     3.601 r  d_i/evalmul3/inst/core/multiplier_towers[0].multiplier_products[1].multiplier/product_stage1_reg__0/P[0]
                         net (fo=2, routed)           0.936     4.537    d_i/evalmul3/inst/core/multiplier_towers[0].multiplier_products[1].multiplier/p_1_in[17]
    SLICE_X93Y48         LUT2 (Prop_lut2_I0_O)        0.124     4.661 r  d_i/evalmul3/inst/core/multiplier_towers[0].multiplier_products[1].multiplier/reciprocal_low_comb_i_14/O
                         net (fo=1, routed)           0.000     4.661    d_i/evalmul3/inst/core/multiplier_towers[0].multiplier_products[1].multiplier/reciprocal_low_comb_i_14_n_0
    SLICE_X93Y48         CARRY4 (Prop_carry4_S[1]_CO[3])
                                                      0.550     5.211 r  d_i/evalmul3/inst/core/multiplier_towers[0].multiplier_products[1].multiplier/reciprocal_low_comb_i_3/CO[3]
                         net (fo=1, routed)           0.000     5.211    d_i/evalmul3/inst/core/multiplier_towers[0].multiplier_products[1].multiplier/reciprocal_low_comb_i_3_n_0
    SLICE_X93Y49         CARRY4 (Prop_carry4_CI_CO[3])
                                                      0.114     5.325 r  d_i/evalmul3/inst/core/multiplier_towers[0].multiplier_products[1].multiplier/reciprocal_low_comb_i_2/CO[3]
                         net (fo=1, routed)           0.001     5.325    d_i/evalmul3/inst/core/multiplier_towers[0].multiplier_products[1].multiplier/reciprocal_low_comb_i_2_n_0
    SLICE_X93Y50         CARRY4 (Prop_carry4_CI_CO[3])
                                                      0.114     5.439 r  d_i/evalmul3/inst/core/multiplier_towers[0].multiplier_products[1].multiplier/reciprocal_low_comb_i_1/CO[3]
                         net (fo=1, routed)           0.000     5.439    d_i/evalmul3/inst/core/multiplier_towers[0].multiplier_products[1].multiplier/reciprocal_low_comb_i_1_n_0
    SLICE_X93Y51         CARRY4 (Prop_carry4_CI_CO[3])
                                                      0.114     5.553 r  d_i/evalmul3/inst/core/multiplier_towers[0].multiplier_products[1].multiplier/reciprocal_high_comb__0_i_4/CO[3]
                         net (fo=1, routed)           0.000     5.553    d_i/evalmul3/inst/core/multiplier_towers[0].multiplier_products[1].multiplier/reciprocal_high_comb__0_i_4_n_0
    SLICE_X93Y52         CARRY4 (Prop_carry4_CI_CO[3])
                                                      0.114     5.667 r  d_i/evalmul3/inst/core/multiplier_towers[0].multiplier_products[1].multiplier/reciprocal_high_comb__0_i_3/CO[3]
                         net (fo=1, routed)           0.000     5.667    d_i/evalmul3/inst/core/multiplier_towers[0].multiplier_products[1].multiplier/reciprocal_high_comb__0_i_3_n_0
    SLICE_X93Y53         CARRY4 (Prop_carry4_CI_CO[3])
                                                      0.114     5.781 r  d_i/evalmul3/inst/core/multiplier_towers[0].multiplier_products[1].multiplier/reciprocal_high_comb__0_i_2/CO[3]
                         net (fo=1, routed)           0.000     5.781    d_i/evalmul3/inst/core/multiplier_towers[0].multiplier_products[1].multiplier/reciprocal_high_comb__0_i_2_n_0
    SLICE_X93Y54         CARRY4 (Prop_carry4_CI_O[3])
                                                      0.313     6.094 r  d_i/evalmul3/inst/core/multiplier_towers[0].multiplier_products[1].multiplier/reciprocal_high_comb__0_i_1/O[3]
                         net (fo=3, routed)           1.011     7.105    d_i/evalmul3/inst/core/multiplier_towers[0].multiplier_products[1].multiplier/product_stage1_reg__1[43]
    DSP48_X3Y24          DSP48E1 (Prop_dsp48e1_A[13]_PCOUT[33])
                                                      4.218    11.323 r  d_i/evalmul3/inst/core/multiplier_towers[0].multiplier_products[1].multiplier/reciprocal_high_comb__0/PCOUT[33]
                         net (fo=1, routed)           0.002    11.325    d_i/evalmul3/inst/core/multiplier_towers[0].multiplier_products[1].multiplier/reciprocal_high_comb__0_n_120
    DSP48_X3Y25          DSP48E1                                      r  d_i/evalmul3/inst/core/multiplier_towers[0].multiplier_products[1].multiplier/reciprocal_high_stage2_reg__0/PCIN[33]
  -------------------------------------------------------------------    -------------------

                         (clock clk_fpga_0 rise edge)
                                                     10.000    10.000 r
    PS7_X0Y0             PS7                          0.000    10.000 r  d_i/ps7/inst/PS7_i/FCLKCLK[0]
                         net (fo=1, routed)           1.088    11.088    d_i/ps7/inst/FCLK_CLK_unbuffered[0]
    BUFGCTRL_X0Y16       BUFG (Prop_bufg_I_O)         0.091    11.179 r  d_i/ps7/inst/buffer_fclk_clk_0.FCLK_CLK_0_BUFG/O
                         net (fo=9584, routed)        1.690    12.869    d_i/evalmul3/inst/core/multiplier_towers[0].multiplier_products[1].multiplier/aclk
    DSP48_X3Y25          DSP48E1                                      r  d_i/evalmul3/inst/core/multiplier_towers[0].multiplier_products[1].multiplier/reciprocal_high_stage2_reg__0/CLK
                         clock pessimism              0.267    13.137
                         clock uncertainty           -0.154    12.982
    DSP48_X3Y25          DSP48E1 (Setup_dsp48e1_CLK_PCIN[33])
                                                     -1.400    11.582    d_i/evalmul3/inst/core/multiplier_towers[0].multiplier_products[1].multiplier/reciprocal_high_stage2_reg__0
  -------------------------------------------------------------------
                         required time                         11.582
                         arrival time                         -11.325
  -------------------------------------------------------------------
                         slack                                  0.257

Slack (MET) :             0.257ns  (required time - arrival time)
  Source:                 d_i/evalmul3/inst/core/multiplier_towers[0].multiplier_products[1].multiplier/product_stage1_reg__0/CLK
                            (rising edge-triggered cell DSP48E1 clocked by clk_fpga_0  {rise@0.000ns fall@5.000ns period=10.000ns})
  Destination:            d_i/evalmul3/inst/core/multiplier_towers[0].multiplier_products[1].multiplier/reciprocal_high_stage2_reg__0/PCIN[34]
                            (rising edge-triggered cell DSP48E1 clocked by clk_fpga_0  {rise@0.000ns fall@5.000ns period=10.000ns})
  Path Group:             clk_fpga_0
  Path Type:              Setup (Max at Slow Process Corner)
  Requirement:            10.000ns  (clk_fpga_0 rise@10.000ns - clk_fpga_0 rise@0.000ns)
  Data Path Delay:        8.159ns  (logic 6.209ns (76.101%)  route 1.950ns (23.899%))
  Logic Levels:           9  (CARRY4=7 DSP48E1=1 LUT2=1)
  Clock Path Skew:        -0.030ns (DCD - SCD + CPR)
    Destination Clock Delay (DCD):    2.869ns = ( 12.869 - 10.000 )
    Source Clock Delay      (SCD):    3.167ns
    Clock Pessimism Removal (CPR):    0.267ns
  Clock Uncertainty:      0.154ns  ((TSJ^2 + TIJ^2)^1/2 + DJ) / 2 + PE
    Total System Jitter     (TSJ):    0.071ns
    Total Input Jitter      (TIJ):    0.300ns
    Discrete Jitter          (DJ):    0.000ns
    Phase Error              (PE):    0.000ns

    Location             Delay type                Incr(ns)  Path(ns)    Netlist Resource(s)
  -------------------------------------------------------------------    -------------------
                         (clock clk_fpga_0 rise edge)
                                                      0.000     0.000 r
    PS7_X0Y0             PS7                          0.000     0.000 r  d_i/ps7/inst/PS7_i/FCLKCLK[0]
                         net (fo=1, routed)           1.193     1.193    d_i/ps7/inst/FCLK_CLK_unbuffered[0]
    BUFGCTRL_X0Y16       BUFG (Prop_bufg_I_O)         0.101     1.294 r  d_i/ps7/inst/buffer_fclk_clk_0.FCLK_CLK_0_BUFG/O
                         net (fo=9584, routed)        1.873     3.167    d_i/evalmul3/inst/core/multiplier_towers[0].multiplier_products[1].multiplier/aclk
    DSP48_X3Y21          DSP48E1                                      r  d_i/evalmul3/inst/core/multiplier_towers[0].multiplier_products[1].multiplier/product_stage1_reg__0/CLK
  -------------------------------------------------------------------    -------------------
    DSP48_X3Y21          DSP48E1 (Prop_dsp48e1_CLK_P[0])
                                                      0.434     3.601 r  d_i/evalmul3/inst/core/multiplier_towers[0].multiplier_products[1].multiplier/product_stage1_reg__0/P[0]
                         net (fo=2, routed)           0.936     4.537    d_i/evalmul3/inst/core/multiplier_towers[0].multiplier_products[1].multiplier/p_1_in[17]
    SLICE_X93Y48         LUT2 (Prop_lut2_I0_O)        0.124     4.661 r  d_i/evalmul3/inst/core/multiplier_towers[0].multiplier_products[1].multiplier/reciprocal_low_comb_i_14/O
                         net (fo=1, routed)           0.000     4.661    d_i/evalmul3/inst/core/multiplier_towers[0].multiplier_products[1].multiplier/reciprocal_low_comb_i_14_n_0
    SLICE_X93Y48         CARRY4 (Prop_carry4_S[1]_CO[3])
                                                      0.550     5.211 r  d_i/evalmul3/inst/core/multiplier_towers[0].multiplier_products[1].multiplier/reciprocal_low_comb_i_3/CO[3]
                         net (fo=1, routed)           0.000     5.211    d_i/evalmul3/inst/core/multiplier_towers[0].multiplier_products[1].multiplier/reciprocal_low_comb_i_3_n_0
    SLICE_X93Y49         CARRY4 (Prop_carry4_CI_CO[3])
                                                      0.114     5.325 r  d_i/evalmul3/inst/core/multiplier_towers[0].multiplier_products[1].multiplier/reciprocal_low_comb_i_2/CO[3]
                         net (fo=1, routed)           0.001     5.325    d_i/evalmul3/inst/core/multiplier_towers[0].multiplier_products[1].multiplier/reciprocal_low_comb_i_2_n_0
    SLICE_X93Y50         CARRY4 (Prop_carry4_CI_CO[3])
                                                      0.114     5.439 r  d_i/evalmul3/inst/core/multiplier_towers[0].multiplier_products[1].multiplier/reciprocal_low_comb_i_1/CO[3]
                         net (fo=1, routed)           0.000     5.439    d_i/evalmul3/inst/core/multiplier_towers[0].multiplier_products[1].multiplier/reciprocal_low_comb_i_1_n_0
    SLICE_X93Y51         CARRY4 (Prop_carry4_CI_CO[3])
                                                      0.114     5.553 r  d_i/evalmul3/inst/core/multiplier_towers[0].multiplier_products[1].multiplier/reciprocal_high_comb__0_i_4/CO[3]
                         net (fo=1, routed)           0.000     5.553    d_i/evalmul3/inst/core/multiplier_towers[0].multiplier_products[1].multiplier/reciprocal_high_comb__0_i_4_n_0
    SLICE_X93Y52         CARRY4 (Prop_carry4_CI_CO[3])
                                                      0.114     5.667 r  d_i/evalmul3/inst/core/multiplier_towers[0].multiplier_products[1].multiplier/reciprocal_high_comb__0_i_3/CO[3]
                         net (fo=1, routed)           0.000     5.667    d_i/evalmul3/inst/core/multiplier_towers[0].multiplier_products[1].multiplier/reciprocal_high_comb__0_i_3_n_0
    SLICE_X93Y53         CARRY4 (Prop_carry4_CI_CO[3])
                                                      0.114     5.781 r  d_i/evalmul3/inst/core/multiplier_towers[0].multiplier_products[1].multiplier/reciprocal_high_comb__0_i_2/CO[3]
                         net (fo=1, routed)           0.000     5.781    d_i/evalmul3/inst/core/multiplier_towers[0].multiplier_products[1].multiplier/reciprocal_high_comb__0_i_2_n_0
    SLICE_X93Y54         CARRY4 (Prop_carry4_CI_O[3])
                                                      0.313     6.094 r  d_i/evalmul3/inst/core/multiplier_towers[0].multiplier_products[1].multiplier/reciprocal_high_comb__0_i_1/O[3]
                         net (fo=3, routed)           1.011     7.105    d_i/evalmul3/inst/core/multiplier_towers[0].multiplier_products[1].multiplier/product_stage1_reg__1[43]
    DSP48_X3Y24          DSP48E1 (Prop_dsp48e1_A[13]_PCOUT[34])
                                                      4.218    11.323 r  d_i/evalmul3/inst/core/multiplier_towers[0].multiplier_products[1].multiplier/reciprocal_high_comb__0/PCOUT[34]
                         net (fo=1, routed)           0.002    11.325    d_i/evalmul3/inst/core/multiplier_towers[0].multiplier_products[1].multiplier/reciprocal_high_comb__0_n_119
    DSP48_X3Y25          DSP48E1                                      r  d_i/evalmul3/inst/core/multiplier_towers[0].multiplier_products[1].multiplier/reciprocal_high_stage2_reg__0/PCIN[34]
  -------------------------------------------------------------------    -------------------

                         (clock clk_fpga_0 rise edge)
                                                     10.000    10.000 r
    PS7_X0Y0             PS7                          0.000    10.000 r  d_i/ps7/inst/PS7_i/FCLKCLK[0]
                         net (fo=1, routed)           1.088    11.088    d_i/ps7/inst/FCLK_CLK_unbuffered[0]
    BUFGCTRL_X0Y16       BUFG (Prop_bufg_I_O)         0.091    11.179 r  d_i/ps7/inst/buffer_fclk_clk_0.FCLK_CLK_0_BUFG/O
                         net (fo=9584, routed)        1.690    12.869    d_i/evalmul3/inst/core/multiplier_towers[0].multiplier_products[1].multiplier/aclk
    DSP48_X3Y25          DSP48E1                                      r  d_i/evalmul3/inst/core/multiplier_towers[0].multiplier_products[1].multiplier/reciprocal_high_stage2_reg__0/CLK
                         clock pessimism              0.267    13.137
                         clock uncertainty           -0.154    12.982
    DSP48_X3Y25          DSP48E1 (Setup_dsp48e1_CLK_PCIN[34])
                                                     -1.400    11.582    d_i/evalmul3/inst/core/multiplier_towers[0].multiplier_products[1].multiplier/reciprocal_high_stage2_reg__0
  -------------------------------------------------------------------
                         required time                         11.582
                         arrival time                         -11.325
  -------------------------------------------------------------------
                         slack                                  0.257

Slack (MET) :             0.257ns  (required time - arrival time)
  Source:                 d_i/evalmul3/inst/core/multiplier_towers[0].multiplier_products[1].multiplier/product_stage1_reg__0/CLK
                            (rising edge-triggered cell DSP48E1 clocked by clk_fpga_0  {rise@0.000ns fall@5.000ns period=10.000ns})
  Destination:            d_i/evalmul3/inst/core/multiplier_towers[0].multiplier_products[1].multiplier/reciprocal_high_stage2_reg__0/PCIN[35]
                            (rising edge-triggered cell DSP48E1 clocked by clk_fpga_0  {rise@0.000ns fall@5.000ns period=10.000ns})
  Path Group:             clk_fpga_0
  Path Type:              Setup (Max at Slow Process Corner)
  Requirement:            10.000ns  (clk_fpga_0 rise@10.000ns - clk_fpga_0 rise@0.000ns)
  Data Path Delay:        8.159ns  (logic 6.209ns (76.101%)  route 1.950ns (23.899%))
  Logic Levels:           9  (CARRY4=7 DSP48E1=1 LUT2=1)
  Clock Path Skew:        -0.030ns (DCD - SCD + CPR)
    Destination Clock Delay (DCD):    2.869ns = ( 12.869 - 10.000 )
    Source Clock Delay      (SCD):    3.167ns
    Clock Pessimism Removal (CPR):    0.267ns
  Clock Uncertainty:      0.154ns  ((TSJ^2 + TIJ^2)^1/2 + DJ) / 2 + PE
    Total System Jitter     (TSJ):    0.071ns
    Total Input Jitter      (TIJ):    0.300ns
    Discrete Jitter          (DJ):    0.000ns
    Phase Error              (PE):    0.000ns

    Location             Delay type                Incr(ns)  Path(ns)    Netlist Resource(s)
  -------------------------------------------------------------------    -------------------
                         (clock clk_fpga_0 rise edge)
                                                      0.000     0.000 r
    PS7_X0Y0             PS7                          0.000     0.000 r  d_i/ps7/inst/PS7_i/FCLKCLK[0]
                         net (fo=1, routed)           1.193     1.193    d_i/ps7/inst/FCLK_CLK_unbuffered[0]
    BUFGCTRL_X0Y16       BUFG (Prop_bufg_I_O)         0.101     1.294 r  d_i/ps7/inst/buffer_fclk_clk_0.FCLK_CLK_0_BUFG/O
                         net (fo=9584, routed)        1.873     3.167    d_i/evalmul3/inst/core/multiplier_towers[0].multiplier_products[1].multiplier/aclk
    DSP48_X3Y21          DSP48E1                                      r  d_i/evalmul3/inst/core/multiplier_towers[0].multiplier_products[1].multiplier/product_stage1_reg__0/CLK
  -------------------------------------------------------------------    -------------------
    DSP48_X3Y21          DSP48E1 (Prop_dsp48e1_CLK_P[0])
                                                      0.434     3.601 r  d_i/evalmul3/inst/core/multiplier_towers[0].multiplier_products[1].multiplier/product_stage1_reg__0/P[0]
                         net (fo=2, routed)           0.936     4.537    d_i/evalmul3/inst/core/multiplier_towers[0].multiplier_products[1].multiplier/p_1_in[17]
    SLICE_X93Y48         LUT2 (Prop_lut2_I0_O)        0.124     4.661 r  d_i/evalmul3/inst/core/multiplier_towers[0].multiplier_products[1].multiplier/reciprocal_low_comb_i_14/O
                         net (fo=1, routed)           0.000     4.661    d_i/evalmul3/inst/core/multiplier_towers[0].multiplier_products[1].multiplier/reciprocal_low_comb_i_14_n_0
    SLICE_X93Y48         CARRY4 (Prop_carry4_S[1]_CO[3])
                                                      0.550     5.211 r  d_i/evalmul3/inst/core/multiplier_towers[0].multiplier_products[1].multiplier/reciprocal_low_comb_i_3/CO[3]
                         net (fo=1, routed)           0.000     5.211    d_i/evalmul3/inst/core/multiplier_towers[0].multiplier_products[1].multiplier/reciprocal_low_comb_i_3_n_0
    SLICE_X93Y49         CARRY4 (Prop_carry4_CI_CO[3])
                                                      0.114     5.325 r  d_i/evalmul3/inst/core/multiplier_towers[0].multiplier_products[1].multiplier/reciprocal_low_comb_i_2/CO[3]
                         net (fo=1, routed)           0.001     5.325    d_i/evalmul3/inst/core/multiplier_towers[0].multiplier_products[1].multiplier/reciprocal_low_comb_i_2_n_0
    SLICE_X93Y50         CARRY4 (Prop_carry4_CI_CO[3])
                                                      0.114     5.439 r  d_i/evalmul3/inst/core/multiplier_towers[0].multiplier_products[1].multiplier/reciprocal_low_comb_i_1/CO[3]
                         net (fo=1, routed)           0.000     5.439    d_i/evalmul3/inst/core/multiplier_towers[0].multiplier_products[1].multiplier/reciprocal_low_comb_i_1_n_0
    SLICE_X93Y51         CARRY4 (Prop_carry4_CI_CO[3])
                                                      0.114     5.553 r  d_i/evalmul3/inst/core/multiplier_towers[0].multiplier_products[1].multiplier/reciprocal_high_comb__0_i_4/CO[3]
                         net (fo=1, routed)           0.000     5.553    d_i/evalmul3/inst/core/multiplier_towers[0].multiplier_products[1].multiplier/reciprocal_high_comb__0_i_4_n_0
    SLICE_X93Y52         CARRY4 (Prop_carry4_CI_CO[3])
                                                      0.114     5.667 r  d_i/evalmul3/inst/core/multiplier_towers[0].multiplier_products[1].multiplier/reciprocal_high_comb__0_i_3/CO[3]
                         net (fo=1, routed)           0.000     5.667    d_i/evalmul3/inst/core/multiplier_towers[0].multiplier_products[1].multiplier/reciprocal_high_comb__0_i_3_n_0
    SLICE_X93Y53         CARRY4 (Prop_carry4_CI_CO[3])
                                                      0.114     5.781 r  d_i/evalmul3/inst/core/multiplier_towers[0].multiplier_products[1].multiplier/reciprocal_high_comb__0_i_2/CO[3]
                         net (fo=1, routed)           0.000     5.781    d_i/evalmul3/inst/core/multiplier_towers[0].multiplier_products[1].multiplier/reciprocal_high_comb__0_i_2_n_0
    SLICE_X93Y54         CARRY4 (Prop_carry4_CI_O[3])
                                                      0.313     6.094 r  d_i/evalmul3/inst/core/multiplier_towers[0].multiplier_products[1].multiplier/reciprocal_high_comb__0_i_1/O[3]
                         net (fo=3, routed)           1.011     7.105    d_i/evalmul3/inst/core/multiplier_towers[0].multiplier_products[1].multiplier/product_stage1_reg__1[43]
    DSP48_X3Y24          DSP48E1 (Prop_dsp48e1_A[13]_PCOUT[35])
                                                      4.218    11.323 r  d_i/evalmul3/inst/core/multiplier_towers[0].multiplier_products[1].multiplier/reciprocal_high_comb__0/PCOUT[35]
                         net (fo=1, routed)           0.002    11.325    d_i/evalmul3/inst/core/multiplier_towers[0].multiplier_products[1].multiplier/reciprocal_high_comb__0_n_118
    DSP48_X3Y25          DSP48E1                                      r  d_i/evalmul3/inst/core/multiplier_towers[0].multiplier_products[1].multiplier/reciprocal_high_stage2_reg__0/PCIN[35]
  -------------------------------------------------------------------    -------------------

                         (clock clk_fpga_0 rise edge)
                                                     10.000    10.000 r
    PS7_X0Y0             PS7                          0.000    10.000 r  d_i/ps7/inst/PS7_i/FCLKCLK[0]
                         net (fo=1, routed)           1.088    11.088    d_i/ps7/inst/FCLK_CLK_unbuffered[0]
    BUFGCTRL_X0Y16       BUFG (Prop_bufg_I_O)         0.091    11.179 r  d_i/ps7/inst/buffer_fclk_clk_0.FCLK_CLK_0_BUFG/O
                         net (fo=9584, routed)        1.690    12.869    d_i/evalmul3/inst/core/multiplier_towers[0].multiplier_products[1].multiplier/aclk
    DSP48_X3Y25          DSP48E1                                      r  d_i/evalmul3/inst/core/multiplier_towers[0].multiplier_products[1].multiplier/reciprocal_high_stage2_reg__0/CLK
                         clock pessimism              0.267    13.137
                         clock uncertainty           -0.154    12.982
    DSP48_X3Y25          DSP48E1 (Setup_dsp48e1_CLK_PCIN[35])
                                                     -1.400    11.582    d_i/evalmul3/inst/core/multiplier_towers[0].multiplier_products[1].multiplier/reciprocal_high_stage2_reg__0
  -------------------------------------------------------------------
                         required time                         11.582
                         arrival time                         -11.325
  -------------------------------------------------------------------
                         slack                                  0.257

Slack (MET) :             0.257ns  (required time - arrival time)
  Source:                 d_i/evalmul3/inst/core/multiplier_towers[0].multiplier_products[1].multiplier/product_stage1_reg__0/CLK
                            (rising edge-triggered cell DSP48E1 clocked by clk_fpga_0  {rise@0.000ns fall@5.000ns period=10.000ns})
  Destination:            d_i/evalmul3/inst/core/multiplier_towers[0].multiplier_products[1].multiplier/reciprocal_high_stage2_reg__0/PCIN[36]
                            (rising edge-triggered cell DSP48E1 clocked by clk_fpga_0  {rise@0.000ns fall@5.000ns period=10.000ns})
  Path Group:             clk_fpga_0
  Path Type:              Setup (Max at Slow Process Corner)
  Requirement:            10.000ns  (clk_fpga_0 rise@10.000ns - clk_fpga_0 rise@0.000ns)
  Data Path Delay:        8.159ns  (logic 6.209ns (76.101%)  route 1.950ns (23.899%))
  Logic Levels:           9  (CARRY4=7 DSP48E1=1 LUT2=1)
  Clock Path Skew:        -0.030ns (DCD - SCD + CPR)
    Destination Clock Delay (DCD):    2.869ns = ( 12.869 - 10.000 )
    Source Clock Delay      (SCD):    3.167ns
    Clock Pessimism Removal (CPR):    0.267ns
  Clock Uncertainty:      0.154ns  ((TSJ^2 + TIJ^2)^1/2 + DJ) / 2 + PE
    Total System Jitter     (TSJ):    0.071ns
    Total Input Jitter      (TIJ):    0.300ns
    Discrete Jitter          (DJ):    0.000ns
    Phase Error              (PE):    0.000ns

    Location             Delay type                Incr(ns)  Path(ns)    Netlist Resource(s)
  -------------------------------------------------------------------    -------------------
                         (clock clk_fpga_0 rise edge)
                                                      0.000     0.000 r
    PS7_X0Y0             PS7                          0.000     0.000 r  d_i/ps7/inst/PS7_i/FCLKCLK[0]
                         net (fo=1, routed)           1.193     1.193    d_i/ps7/inst/FCLK_CLK_unbuffered[0]
    BUFGCTRL_X0Y16       BUFG (Prop_bufg_I_O)         0.101     1.294 r  d_i/ps7/inst/buffer_fclk_clk_0.FCLK_CLK_0_BUFG/O
                         net (fo=9584, routed)        1.873     3.167    d_i/evalmul3/inst/core/multiplier_towers[0].multiplier_products[1].multiplier/aclk
    DSP48_X3Y21          DSP48E1                                      r  d_i/evalmul3/inst/core/multiplier_towers[0].multiplier_products[1].multiplier/product_stage1_reg__0/CLK
  -------------------------------------------------------------------    -------------------
    DSP48_X3Y21          DSP48E1 (Prop_dsp48e1_CLK_P[0])
                                                      0.434     3.601 r  d_i/evalmul3/inst/core/multiplier_towers[0].multiplier_products[1].multiplier/product_stage1_reg__0/P[0]
                         net (fo=2, routed)           0.936     4.537    d_i/evalmul3/inst/core/multiplier_towers[0].multiplier_products[1].multiplier/p_1_in[17]
    SLICE_X93Y48         LUT2 (Prop_lut2_I0_O)        0.124     4.661 r  d_i/evalmul3/inst/core/multiplier_towers[0].multiplier_products[1].multiplier/reciprocal_low_comb_i_14/O
                         net (fo=1, routed)           0.000     4.661    d_i/evalmul3/inst/core/multiplier_towers[0].multiplier_products[1].multiplier/reciprocal_low_comb_i_14_n_0
    SLICE_X93Y48         CARRY4 (Prop_carry4_S[1]_CO[3])
                                                      0.550     5.211 r  d_i/evalmul3/inst/core/multiplier_towers[0].multiplier_products[1].multiplier/reciprocal_low_comb_i_3/CO[3]
                         net (fo=1, routed)           0.000     5.211    d_i/evalmul3/inst/core/multiplier_towers[0].multiplier_products[1].multiplier/reciprocal_low_comb_i_3_n_0
    SLICE_X93Y49         CARRY4 (Prop_carry4_CI_CO[3])
                                                      0.114     5.325 r  d_i/evalmul3/inst/core/multiplier_towers[0].multiplier_products[1].multiplier/reciprocal_low_comb_i_2/CO[3]
                         net (fo=1, routed)           0.001     5.325    d_i/evalmul3/inst/core/multiplier_towers[0].multiplier_products[1].multiplier/reciprocal_low_comb_i_2_n_0
    SLICE_X93Y50         CARRY4 (Prop_carry4_CI_CO[3])
                                                      0.114     5.439 r  d_i/evalmul3/inst/core/multiplier_towers[0].multiplier_products[1].multiplier/reciprocal_low_comb_i_1/CO[3]
                         net (fo=1, routed)           0.000     5.439    d_i/evalmul3/inst/core/multiplier_towers[0].multiplier_products[1].multiplier/reciprocal_low_comb_i_1_n_0
    SLICE_X93Y51         CARRY4 (Prop_carry4_CI_CO[3])
                                                      0.114     5.553 r  d_i/evalmul3/inst/core/multiplier_towers[0].multiplier_products[1].multiplier/reciprocal_high_comb__0_i_4/CO[3]
                         net (fo=1, routed)           0.000     5.553    d_i/evalmul3/inst/core/multiplier_towers[0].multiplier_products[1].multiplier/reciprocal_high_comb__0_i_4_n_0
    SLICE_X93Y52         CARRY4 (Prop_carry4_CI_CO[3])
                                                      0.114     5.667 r  d_i/evalmul3/inst/core/multiplier_towers[0].multiplier_products[1].multiplier/reciprocal_high_comb__0_i_3/CO[3]
                         net (fo=1, routed)           0.000     5.667    d_i/evalmul3/inst/core/multiplier_towers[0].multiplier_products[1].multiplier/reciprocal_high_comb__0_i_3_n_0
    SLICE_X93Y53         CARRY4 (Prop_carry4_CI_CO[3])
                                                      0.114     5.781 r  d_i/evalmul3/inst/core/multiplier_towers[0].multiplier_products[1].multiplier/reciprocal_high_comb__0_i_2/CO[3]
                         net (fo=1, routed)           0.000     5.781    d_i/evalmul3/inst/core/multiplier_towers[0].multiplier_products[1].multiplier/reciprocal_high_comb__0_i_2_n_0
    SLICE_X93Y54         CARRY4 (Prop_carry4_CI_O[3])
                                                      0.313     6.094 r  d_i/evalmul3/inst/core/multiplier_towers[0].multiplier_products[1].multiplier/reciprocal_high_comb__0_i_1/O[3]
                         net (fo=3, routed)           1.011     7.105    d_i/evalmul3/inst/core/multiplier_towers[0].multiplier_products[1].multiplier/product_stage1_reg__1[43]
    DSP48_X3Y24          DSP48E1 (Prop_dsp48e1_A[13]_PCOUT[36])
                                                      4.218    11.323 r  d_i/evalmul3/inst/core/multiplier_towers[0].multiplier_products[1].multiplier/reciprocal_high_comb__0/PCOUT[36]
                         net (fo=1, routed)           0.002    11.325    d_i/evalmul3/inst/core/multiplier_towers[0].multiplier_products[1].multiplier/reciprocal_high_comb__0_n_117
    DSP48_X3Y25          DSP48E1                                      r  d_i/evalmul3/inst/core/multiplier_towers[0].multiplier_products[1].multiplier/reciprocal_high_stage2_reg__0/PCIN[36]
  -------------------------------------------------------------------    -------------------

                         (clock clk_fpga_0 rise edge)
                                                     10.000    10.000 r
    PS7_X0Y0             PS7                          0.000    10.000 r  d_i/ps7/inst/PS7_i/FCLKCLK[0]
                         net (fo=1, routed)           1.088    11.088    d_i/ps7/inst/FCLK_CLK_unbuffered[0]
    BUFGCTRL_X0Y16       BUFG (Prop_bufg_I_O)         0.091    11.179 r  d_i/ps7/inst/buffer_fclk_clk_0.FCLK_CLK_0_BUFG/O
                         net (fo=9584, routed)        1.690    12.869    d_i/evalmul3/inst/core/multiplier_towers[0].multiplier_products[1].multiplier/aclk
    DSP48_X3Y25          DSP48E1                                      r  d_i/evalmul3/inst/core/multiplier_towers[0].multiplier_products[1].multiplier/reciprocal_high_stage2_reg__0/CLK
                         clock pessimism              0.267    13.137
                         clock uncertainty           -0.154    12.982
    DSP48_X3Y25          DSP48E1 (Setup_dsp48e1_CLK_PCIN[36])
                                                     -1.400    11.582    d_i/evalmul3/inst/core/multiplier_towers[0].multiplier_products[1].multiplier/reciprocal_high_stage2_reg__0
  -------------------------------------------------------------------
                         required time                         11.582
                         arrival time                         -11.325
  -------------------------------------------------------------------
                         slack                                  0.257

Slack (MET) :             0.257ns  (required time - arrival time)
  Source:                 d_i/evalmul3/inst/core/multiplier_towers[0].multiplier_products[1].multiplier/product_stage1_reg__0/CLK
                            (rising edge-triggered cell DSP48E1 clocked by clk_fpga_0  {rise@0.000ns fall@5.000ns period=10.000ns})
  Destination:            d_i/evalmul3/inst/core/multiplier_towers[0].multiplier_products[1].multiplier/reciprocal_high_stage2_reg__0/PCIN[37]
                            (rising edge-triggered cell DSP48E1 clocked by clk_fpga_0  {rise@0.000ns fall@5.000ns period=10.000ns})
  Path Group:             clk_fpga_0
  Path Type:              Setup (Max at Slow Process Corner)
  Requirement:            10.000ns  (clk_fpga_0 rise@10.000ns - clk_fpga_0 rise@0.000ns)
  Data Path Delay:        8.159ns  (logic 6.209ns (76.101%)  route 1.950ns (23.899%))
  Logic Levels:           9  (CARRY4=7 DSP48E1=1 LUT2=1)
  Clock Path Skew:        -0.030ns (DCD - SCD + CPR)
    Destination Clock Delay (DCD):    2.869ns = ( 12.869 - 10.000 )
    Source Clock Delay      (SCD):    3.167ns
    Clock Pessimism Removal (CPR):    0.267ns
  Clock Uncertainty:      0.154ns  ((TSJ^2 + TIJ^2)^1/2 + DJ) / 2 + PE
    Total System Jitter     (TSJ):    0.071ns
    Total Input Jitter      (TIJ):    0.300ns
    Discrete Jitter          (DJ):    0.000ns
    Phase Error              (PE):    0.000ns

    Location             Delay type                Incr(ns)  Path(ns)    Netlist Resource(s)
  -------------------------------------------------------------------    -------------------
                         (clock clk_fpga_0 rise edge)
                                                      0.000     0.000 r
    PS7_X0Y0             PS7                          0.000     0.000 r  d_i/ps7/inst/PS7_i/FCLKCLK[0]
                         net (fo=1, routed)           1.193     1.193    d_i/ps7/inst/FCLK_CLK_unbuffered[0]
    BUFGCTRL_X0Y16       BUFG (Prop_bufg_I_O)         0.101     1.294 r  d_i/ps7/inst/buffer_fclk_clk_0.FCLK_CLK_0_BUFG/O
                         net (fo=9584, routed)        1.873     3.167    d_i/evalmul3/inst/core/multiplier_towers[0].multiplier_products[1].multiplier/aclk
    DSP48_X3Y21          DSP48E1                                      r  d_i/evalmul3/inst/core/multiplier_towers[0].multiplier_products[1].multiplier/product_stage1_reg__0/CLK
  -------------------------------------------------------------------    -------------------
    DSP48_X3Y21          DSP48E1 (Prop_dsp48e1_CLK_P[0])
                                                      0.434     3.601 r  d_i/evalmul3/inst/core/multiplier_towers[0].multiplier_products[1].multiplier/product_stage1_reg__0/P[0]
                         net (fo=2, routed)           0.936     4.537    d_i/evalmul3/inst/core/multiplier_towers[0].multiplier_products[1].multiplier/p_1_in[17]
    SLICE_X93Y48         LUT2 (Prop_lut2_I0_O)        0.124     4.661 r  d_i/evalmul3/inst/core/multiplier_towers[0].multiplier_products[1].multiplier/reciprocal_low_comb_i_14/O
                         net (fo=1, routed)           0.000     4.661    d_i/evalmul3/inst/core/multiplier_towers[0].multiplier_products[1].multiplier/reciprocal_low_comb_i_14_n_0
    SLICE_X93Y48         CARRY4 (Prop_carry4_S[1]_CO[3])
                                                      0.550     5.211 r  d_i/evalmul3/inst/core/multiplier_towers[0].multiplier_products[1].multiplier/reciprocal_low_comb_i_3/CO[3]
                         net (fo=1, routed)           0.000     5.211    d_i/evalmul3/inst/core/multiplier_towers[0].multiplier_products[1].multiplier/reciprocal_low_comb_i_3_n_0
    SLICE_X93Y49         CARRY4 (Prop_carry4_CI_CO[3])
                                                      0.114     5.325 r  d_i/evalmul3/inst/core/multiplier_towers[0].multiplier_products[1].multiplier/reciprocal_low_comb_i_2/CO[3]
                         net (fo=1, routed)           0.001     5.325    d_i/evalmul3/inst/core/multiplier_towers[0].multiplier_products[1].multiplier/reciprocal_low_comb_i_2_n_0
    SLICE_X93Y50         CARRY4 (Prop_carry4_CI_CO[3])
                                                      0.114     5.439 r  d_i/evalmul3/inst/core/multiplier_towers[0].multiplier_products[1].multiplier/reciprocal_low_comb_i_1/CO[3]
                         net (fo=1, routed)           0.000     5.439    d_i/evalmul3/inst/core/multiplier_towers[0].multiplier_products[1].multiplier/reciprocal_low_comb_i_1_n_0
    SLICE_X93Y51         CARRY4 (Prop_carry4_CI_CO[3])
                                                      0.114     5.553 r  d_i/evalmul3/inst/core/multiplier_towers[0].multiplier_products[1].multiplier/reciprocal_high_comb__0_i_4/CO[3]
                         net (fo=1, routed)           0.000     5.553    d_i/evalmul3/inst/core/multiplier_towers[0].multiplier_products[1].multiplier/reciprocal_high_comb__0_i_4_n_0
    SLICE_X93Y52         CARRY4 (Prop_carry4_CI_CO[3])
                                                      0.114     5.667 r  d_i/evalmul3/inst/core/multiplier_towers[0].multiplier_products[1].multiplier/reciprocal_high_comb__0_i_3/CO[3]
                         net (fo=1, routed)           0.000     5.667    d_i/evalmul3/inst/core/multiplier_towers[0].multiplier_products[1].multiplier/reciprocal_high_comb__0_i_3_n_0
    SLICE_X93Y53         CARRY4 (Prop_carry4_CI_CO[3])
                                                      0.114     5.781 r  d_i/evalmul3/inst/core/multiplier_towers[0].multiplier_products[1].multiplier/reciprocal_high_comb__0_i_2/CO[3]
                         net (fo=1, routed)           0.000     5.781    d_i/evalmul3/inst/core/multiplier_towers[0].multiplier_products[1].multiplier/reciprocal_high_comb__0_i_2_n_0
    SLICE_X93Y54         CARRY4 (Prop_carry4_CI_O[3])
                                                      0.313     6.094 r  d_i/evalmul3/inst/core/multiplier_towers[0].multiplier_products[1].multiplier/reciprocal_high_comb__0_i_1/O[3]
                         net (fo=3, routed)           1.011     7.105    d_i/evalmul3/inst/core/multiplier_towers[0].multiplier_products[1].multiplier/product_stage1_reg__1[43]
    DSP48_X3Y24          DSP48E1 (Prop_dsp48e1_A[13]_PCOUT[37])
                                                      4.218    11.323 r  d_i/evalmul3/inst/core/multiplier_towers[0].multiplier_products[1].multiplier/reciprocal_high_comb__0/PCOUT[37]
                         net (fo=1, routed)           0.002    11.325    d_i/evalmul3/inst/core/multiplier_towers[0].multiplier_products[1].multiplier/reciprocal_high_comb__0_n_116
    DSP48_X3Y25          DSP48E1                                      r  d_i/evalmul3/inst/core/multiplier_towers[0].multiplier_products[1].multiplier/reciprocal_high_stage2_reg__0/PCIN[37]
  -------------------------------------------------------------------    -------------------

                         (clock clk_fpga_0 rise edge)
                                                     10.000    10.000 r
    PS7_X0Y0             PS7                          0.000    10.000 r  d_i/ps7/inst/PS7_i/FCLKCLK[0]
                         net (fo=1, routed)           1.088    11.088    d_i/ps7/inst/FCLK_CLK_unbuffered[0]
    BUFGCTRL_X0Y16       BUFG (Prop_bufg_I_O)         0.091    11.179 r  d_i/ps7/inst/buffer_fclk_clk_0.FCLK_CLK_0_BUFG/O
                         net (fo=9584, routed)        1.690    12.869    d_i/evalmul3/inst/core/multiplier_towers[0].multiplier_products[1].multiplier/aclk
    DSP48_X3Y25          DSP48E1                                      r  d_i/evalmul3/inst/core/multiplier_towers[0].multiplier_products[1].multiplier/reciprocal_high_stage2_reg__0/CLK
                         clock pessimism              0.267    13.137
                         clock uncertainty           -0.154    12.982
    DSP48_X3Y25          DSP48E1 (Setup_dsp48e1_CLK_PCIN[37])
                                                     -1.400    11.582    d_i/evalmul3/inst/core/multiplier_towers[0].multiplier_products[1].multiplier/reciprocal_high_stage2_reg__0
  -------------------------------------------------------------------
                         required time                         11.582
                         arrival time                         -11.325
  -------------------------------------------------------------------
                         slack                                  0.257

Slack (MET) :             0.257ns  (required time - arrival time)
  Source:                 d_i/evalmul3/inst/core/multiplier_towers[0].multiplier_products[1].multiplier/product_stage1_reg__0/CLK
                            (rising edge-triggered cell DSP48E1 clocked by clk_fpga_0  {rise@0.000ns fall@5.000ns period=10.000ns})
  Destination:            d_i/evalmul3/inst/core/multiplier_towers[0].multiplier_products[1].multiplier/reciprocal_high_stage2_reg__0/PCIN[38]
                            (rising edge-triggered cell DSP48E1 clocked by clk_fpga_0  {rise@0.000ns fall@5.000ns period=10.000ns})
  Path Group:             clk_fpga_0
  Path Type:              Setup (Max at Slow Process Corner)
  Requirement:            10.000ns  (clk_fpga_0 rise@10.000ns - clk_fpga_0 rise@0.000ns)
  Data Path Delay:        8.159ns  (logic 6.209ns (76.101%)  route 1.950ns (23.899%))
  Logic Levels:           9  (CARRY4=7 DSP48E1=1 LUT2=1)
  Clock Path Skew:        -0.030ns (DCD - SCD + CPR)
    Destination Clock Delay (DCD):    2.869ns = ( 12.869 - 10.000 )
    Source Clock Delay      (SCD):    3.167ns
    Clock Pessimism Removal (CPR):    0.267ns
  Clock Uncertainty:      0.154ns  ((TSJ^2 + TIJ^2)^1/2 + DJ) / 2 + PE
    Total System Jitter     (TSJ):    0.071ns
    Total Input Jitter      (TIJ):    0.300ns
    Discrete Jitter          (DJ):    0.000ns
    Phase Error              (PE):    0.000ns

    Location             Delay type                Incr(ns)  Path(ns)    Netlist Resource(s)
  -------------------------------------------------------------------    -------------------
                         (clock clk_fpga_0 rise edge)
                                                      0.000     0.000 r
    PS7_X0Y0             PS7                          0.000     0.000 r  d_i/ps7/inst/PS7_i/FCLKCLK[0]
                         net (fo=1, routed)           1.193     1.193    d_i/ps7/inst/FCLK_CLK_unbuffered[0]
    BUFGCTRL_X0Y16       BUFG (Prop_bufg_I_O)         0.101     1.294 r  d_i/ps7/inst/buffer_fclk_clk_0.FCLK_CLK_0_BUFG/O
                         net (fo=9584, routed)        1.873     3.167    d_i/evalmul3/inst/core/multiplier_towers[0].multiplier_products[1].multiplier/aclk
    DSP48_X3Y21          DSP48E1                                      r  d_i/evalmul3/inst/core/multiplier_towers[0].multiplier_products[1].multiplier/product_stage1_reg__0/CLK
  -------------------------------------------------------------------    -------------------
    DSP48_X3Y21          DSP48E1 (Prop_dsp48e1_CLK_P[0])
                                                      0.434     3.601 r  d_i/evalmul3/inst/core/multiplier_towers[0].multiplier_products[1].multiplier/product_stage1_reg__0/P[0]
                         net (fo=2, routed)           0.936     4.537    d_i/evalmul3/inst/core/multiplier_towers[0].multiplier_products[1].multiplier/p_1_in[17]
    SLICE_X93Y48         LUT2 (Prop_lut2_I0_O)        0.124     4.661 r  d_i/evalmul3/inst/core/multiplier_towers[0].multiplier_products[1].multiplier/reciprocal_low_comb_i_14/O
                         net (fo=1, routed)           0.000     4.661    d_i/evalmul3/inst/core/multiplier_towers[0].multiplier_products[1].multiplier/reciprocal_low_comb_i_14_n_0
    SLICE_X93Y48         CARRY4 (Prop_carry4_S[1]_CO[3])
                                                      0.550     5.211 r  d_i/evalmul3/inst/core/multiplier_towers[0].multiplier_products[1].multiplier/reciprocal_low_comb_i_3/CO[3]
                         net (fo=1, routed)           0.000     5.211    d_i/evalmul3/inst/core/multiplier_towers[0].multiplier_products[1].multiplier/reciprocal_low_comb_i_3_n_0
    SLICE_X93Y49         CARRY4 (Prop_carry4_CI_CO[3])
                                                      0.114     5.325 r  d_i/evalmul3/inst/core/multiplier_towers[0].multiplier_products[1].multiplier/reciprocal_low_comb_i_2/CO[3]
                         net (fo=1, routed)           0.001     5.325    d_i/evalmul3/inst/core/multiplier_towers[0].multiplier_products[1].multiplier/reciprocal_low_comb_i_2_n_0
    SLICE_X93Y50         CARRY4 (Prop_carry4_CI_CO[3])
                                                      0.114     5.439 r  d_i/evalmul3/inst/core/multiplier_towers[0].multiplier_products[1].multiplier/reciprocal_low_comb_i_1/CO[3]
                         net (fo=1, routed)           0.000     5.439    d_i/evalmul3/inst/core/multiplier_towers[0].multiplier_products[1].multiplier/reciprocal_low_comb_i_1_n_0
    SLICE_X93Y51         CARRY4 (Prop_carry4_CI_CO[3])
                                                      0.114     5.553 r  d_i/evalmul3/inst/core/multiplier_towers[0].multiplier_products[1].multiplier/reciprocal_high_comb__0_i_4/CO[3]
                         net (fo=1, routed)           0.000     5.553    d_i/evalmul3/inst/core/multiplier_towers[0].multiplier_products[1].multiplier/reciprocal_high_comb__0_i_4_n_0
    SLICE_X93Y52         CARRY4 (Prop_carry4_CI_CO[3])
                                                      0.114     5.667 r  d_i/evalmul3/inst/core/multiplier_towers[0].multiplier_products[1].multiplier/reciprocal_high_comb__0_i_3/CO[3]
                         net (fo=1, routed)           0.000     5.667    d_i/evalmul3/inst/core/multiplier_towers[0].multiplier_products[1].multiplier/reciprocal_high_comb__0_i_3_n_0
    SLICE_X93Y53         CARRY4 (Prop_carry4_CI_CO[3])
                                                      0.114     5.781 r  d_i/evalmul3/inst/core/multiplier_towers[0].multiplier_products[1].multiplier/reciprocal_high_comb__0_i_2/CO[3]
                         net (fo=1, routed)           0.000     5.781    d_i/evalmul3/inst/core/multiplier_towers[0].multiplier_products[1].multiplier/reciprocal_high_comb__0_i_2_n_0
    SLICE_X93Y54         CARRY4 (Prop_carry4_CI_O[3])
                                                      0.313     6.094 r  d_i/evalmul3/inst/core/multiplier_towers[0].multiplier_products[1].multiplier/reciprocal_high_comb__0_i_1/O[3]
                         net (fo=3, routed)           1.011     7.105    d_i/evalmul3/inst/core/multiplier_towers[0].multiplier_products[1].multiplier/product_stage1_reg__1[43]
    DSP48_X3Y24          DSP48E1 (Prop_dsp48e1_A[13]_PCOUT[38])
                                                      4.218    11.323 r  d_i/evalmul3/inst/core/multiplier_towers[0].multiplier_products[1].multiplier/reciprocal_high_comb__0/PCOUT[38]
                         net (fo=1, routed)           0.002    11.325    d_i/evalmul3/inst/core/multiplier_towers[0].multiplier_products[1].multiplier/reciprocal_high_comb__0_n_115
    DSP48_X3Y25          DSP48E1                                      r  d_i/evalmul3/inst/core/multiplier_towers[0].multiplier_products[1].multiplier/reciprocal_high_stage2_reg__0/PCIN[38]
  -------------------------------------------------------------------    -------------------

                         (clock clk_fpga_0 rise edge)
                                                     10.000    10.000 r
    PS7_X0Y0             PS7                          0.000    10.000 r  d_i/ps7/inst/PS7_i/FCLKCLK[0]
                         net (fo=1, routed)           1.088    11.088    d_i/ps7/inst/FCLK_CLK_unbuffered[0]
    BUFGCTRL_X0Y16       BUFG (Prop_bufg_I_O)         0.091    11.179 r  d_i/ps7/inst/buffer_fclk_clk_0.FCLK_CLK_0_BUFG/O
                         net (fo=9584, routed)        1.690    12.869    d_i/evalmul3/inst/core/multiplier_towers[0].multiplier_products[1].multiplier/aclk
    DSP48_X3Y25          DSP48E1                                      r  d_i/evalmul3/inst/core/multiplier_towers[0].multiplier_products[1].multiplier/reciprocal_high_stage2_reg__0/CLK
                         clock pessimism              0.267    13.137
                         clock uncertainty           -0.154    12.982
    DSP48_X3Y25          DSP48E1 (Setup_dsp48e1_CLK_PCIN[38])
                                                     -1.400    11.582    d_i/evalmul3/inst/core/multiplier_towers[0].multiplier_products[1].multiplier/reciprocal_high_stage2_reg__0
  -------------------------------------------------------------------
                         required time                         11.582
                         arrival time                         -11.325
  -------------------------------------------------------------------
                         slack                                  0.257

Slack (MET) :             0.257ns  (required time - arrival time)
  Source:                 d_i/evalmul3/inst/core/multiplier_towers[0].multiplier_products[1].multiplier/product_stage1_reg__0/CLK
                            (rising edge-triggered cell DSP48E1 clocked by clk_fpga_0  {rise@0.000ns fall@5.000ns period=10.000ns})
  Destination:            d_i/evalmul3/inst/core/multiplier_towers[0].multiplier_products[1].multiplier/reciprocal_high_stage2_reg__0/PCIN[39]
                            (rising edge-triggered cell DSP48E1 clocked by clk_fpga_0  {rise@0.000ns fall@5.000ns period=10.000ns})
  Path Group:             clk_fpga_0
  Path Type:              Setup (Max at Slow Process Corner)
  Requirement:            10.000ns  (clk_fpga_0 rise@10.000ns - clk_fpga_0 rise@0.000ns)
  Data Path Delay:        8.159ns  (logic 6.209ns (76.101%)  route 1.950ns (23.899%))
  Logic Levels:           9  (CARRY4=7 DSP48E1=1 LUT2=1)
  Clock Path Skew:        -0.030ns (DCD - SCD + CPR)
    Destination Clock Delay (DCD):    2.869ns = ( 12.869 - 10.000 )
    Source Clock Delay      (SCD):    3.167ns
    Clock Pessimism Removal (CPR):    0.267ns
  Clock Uncertainty:      0.154ns  ((TSJ^2 + TIJ^2)^1/2 + DJ) / 2 + PE
    Total System Jitter     (TSJ):    0.071ns
    Total Input Jitter      (TIJ):    0.300ns
    Discrete Jitter          (DJ):    0.000ns
    Phase Error              (PE):    0.000ns

    Location             Delay type                Incr(ns)  Path(ns)    Netlist Resource(s)
  -------------------------------------------------------------------    -------------------
                         (clock clk_fpga_0 rise edge)
                                                      0.000     0.000 r
    PS7_X0Y0             PS7                          0.000     0.000 r  d_i/ps7/inst/PS7_i/FCLKCLK[0]
                         net (fo=1, routed)           1.193     1.193    d_i/ps7/inst/FCLK_CLK_unbuffered[0]
    BUFGCTRL_X0Y16       BUFG (Prop_bufg_I_O)         0.101     1.294 r  d_i/ps7/inst/buffer_fclk_clk_0.FCLK_CLK_0_BUFG/O
                         net (fo=9584, routed)        1.873     3.167    d_i/evalmul3/inst/core/multiplier_towers[0].multiplier_products[1].multiplier/aclk
    DSP48_X3Y21          DSP48E1                                      r  d_i/evalmul3/inst/core/multiplier_towers[0].multiplier_products[1].multiplier/product_stage1_reg__0/CLK
  -------------------------------------------------------------------    -------------------
    DSP48_X3Y21          DSP48E1 (Prop_dsp48e1_CLK_P[0])
                                                      0.434     3.601 r  d_i/evalmul3/inst/core/multiplier_towers[0].multiplier_products[1].multiplier/product_stage1_reg__0/P[0]
                         net (fo=2, routed)           0.936     4.537    d_i/evalmul3/inst/core/multiplier_towers[0].multiplier_products[1].multiplier/p_1_in[17]
    SLICE_X93Y48         LUT2 (Prop_lut2_I0_O)        0.124     4.661 r  d_i/evalmul3/inst/core/multiplier_towers[0].multiplier_products[1].multiplier/reciprocal_low_comb_i_14/O
                         net (fo=1, routed)           0.000     4.661    d_i/evalmul3/inst/core/multiplier_towers[0].multiplier_products[1].multiplier/reciprocal_low_comb_i_14_n_0
    SLICE_X93Y48         CARRY4 (Prop_carry4_S[1]_CO[3])
                                                      0.550     5.211 r  d_i/evalmul3/inst/core/multiplier_towers[0].multiplier_products[1].multiplier/reciprocal_low_comb_i_3/CO[3]
                         net (fo=1, routed)           0.000     5.211    d_i/evalmul3/inst/core/multiplier_towers[0].multiplier_products[1].multiplier/reciprocal_low_comb_i_3_n_0
    SLICE_X93Y49         CARRY4 (Prop_carry4_CI_CO[3])
                                                      0.114     5.325 r  d_i/evalmul3/inst/core/multiplier_towers[0].multiplier_products[1].multiplier/reciprocal_low_comb_i_2/CO[3]
                         net (fo=1, routed)           0.001     5.325    d_i/evalmul3/inst/core/multiplier_towers[0].multiplier_products[1].multiplier/reciprocal_low_comb_i_2_n_0
    SLICE_X93Y50         CARRY4 (Prop_carry4_CI_CO[3])
                                                      0.114     5.439 r  d_i/evalmul3/inst/core/multiplier_towers[0].multiplier_products[1].multiplier/reciprocal_low_comb_i_1/CO[3]
                         net (fo=1, routed)           0.000     5.439    d_i/evalmul3/inst/core/multiplier_towers[0].multiplier_products[1].multiplier/reciprocal_low_comb_i_1_n_0
    SLICE_X93Y51         CARRY4 (Prop_carry4_CI_CO[3])
                                                      0.114     5.553 r  d_i/evalmul3/inst/core/multiplier_towers[0].multiplier_products[1].multiplier/reciprocal_high_comb__0_i_4/CO[3]
                         net (fo=1, routed)           0.000     5.553    d_i/evalmul3/inst/core/multiplier_towers[0].multiplier_products[1].multiplier/reciprocal_high_comb__0_i_4_n_0
    SLICE_X93Y52         CARRY4 (Prop_carry4_CI_CO[3])
                                                      0.114     5.667 r  d_i/evalmul3/inst/core/multiplier_towers[0].multiplier_products[1].multiplier/reciprocal_high_comb__0_i_3/CO[3]
                         net (fo=1, routed)           0.000     5.667    d_i/evalmul3/inst/core/multiplier_towers[0].multiplier_products[1].multiplier/reciprocal_high_comb__0_i_3_n_0
    SLICE_X93Y53         CARRY4 (Prop_carry4_CI_CO[3])
                                                      0.114     5.781 r  d_i/evalmul3/inst/core/multiplier_towers[0].multiplier_products[1].multiplier/reciprocal_high_comb__0_i_2/CO[3]
                         net (fo=1, routed)           0.000     5.781    d_i/evalmul3/inst/core/multiplier_towers[0].multiplier_products[1].multiplier/reciprocal_high_comb__0_i_2_n_0
    SLICE_X93Y54         CARRY4 (Prop_carry4_CI_O[3])
                                                      0.313     6.094 r  d_i/evalmul3/inst/core/multiplier_towers[0].multiplier_products[1].multiplier/reciprocal_high_comb__0_i_1/O[3]
                         net (fo=3, routed)           1.011     7.105    d_i/evalmul3/inst/core/multiplier_towers[0].multiplier_products[1].multiplier/product_stage1_reg__1[43]
    DSP48_X3Y24          DSP48E1 (Prop_dsp48e1_A[13]_PCOUT[39])
                                                      4.218    11.323 r  d_i/evalmul3/inst/core/multiplier_towers[0].multiplier_products[1].multiplier/reciprocal_high_comb__0/PCOUT[39]
                         net (fo=1, routed)           0.002    11.325    d_i/evalmul3/inst/core/multiplier_towers[0].multiplier_products[1].multiplier/reciprocal_high_comb__0_n_114
    DSP48_X3Y25          DSP48E1                                      r  d_i/evalmul3/inst/core/multiplier_towers[0].multiplier_products[1].multiplier/reciprocal_high_stage2_reg__0/PCIN[39]
  -------------------------------------------------------------------    -------------------

                         (clock clk_fpga_0 rise edge)
                                                     10.000    10.000 r
    PS7_X0Y0             PS7                          0.000    10.000 r  d_i/ps7/inst/PS7_i/FCLKCLK[0]
                         net (fo=1, routed)           1.088    11.088    d_i/ps7/inst/FCLK_CLK_unbuffered[0]
    BUFGCTRL_X0Y16       BUFG (Prop_bufg_I_O)         0.091    11.179 r  d_i/ps7/inst/buffer_fclk_clk_0.FCLK_CLK_0_BUFG/O
                         net (fo=9584, routed)        1.690    12.869    d_i/evalmul3/inst/core/multiplier_towers[0].multiplier_products[1].multiplier/aclk
    DSP48_X3Y25          DSP48E1                                      r  d_i/evalmul3/inst/core/multiplier_towers[0].multiplier_products[1].multiplier/reciprocal_high_stage2_reg__0/CLK
                         clock pessimism              0.267    13.137
                         clock uncertainty           -0.154    12.982
    DSP48_X3Y25          DSP48E1 (Setup_dsp48e1_CLK_PCIN[39])
                                                     -1.400    11.582    d_i/evalmul3/inst/core/multiplier_towers[0].multiplier_products[1].multiplier/reciprocal_high_stage2_reg__0
  -------------------------------------------------------------------
                         required time                         11.582
                         arrival time                         -11.325
  -------------------------------------------------------------------
                         slack                                  0.257

Slack (MET) :             0.257ns  (required time - arrival time)
  Source:                 d_i/evalmul3/inst/core/multiplier_towers[0].multiplier_products[1].multiplier/product_stage1_reg__0/CLK
                            (rising edge-triggered cell DSP48E1 clocked by clk_fpga_0  {rise@0.000ns fall@5.000ns period=10.000ns})
  Destination:            d_i/evalmul3/inst/core/multiplier_towers[0].multiplier_products[1].multiplier/reciprocal_high_stage2_reg__0/PCIN[3]
                            (rising edge-triggered cell DSP48E1 clocked by clk_fpga_0  {rise@0.000ns fall@5.000ns period=10.000ns})
  Path Group:             clk_fpga_0
  Path Type:              Setup (Max at Slow Process Corner)
  Requirement:            10.000ns  (clk_fpga_0 rise@10.000ns - clk_fpga_0 rise@0.000ns)
  Data Path Delay:        8.159ns  (logic 6.209ns (76.101%)  route 1.950ns (23.899%))
  Logic Levels:           9  (CARRY4=7 DSP48E1=1 LUT2=1)
  Clock Path Skew:        -0.030ns (DCD - SCD + CPR)
    Destination Clock Delay (DCD):    2.869ns = ( 12.869 - 10.000 )
    Source Clock Delay      (SCD):    3.167ns
    Clock Pessimism Removal (CPR):    0.267ns
  Clock Uncertainty:      0.154ns  ((TSJ^2 + TIJ^2)^1/2 + DJ) / 2 + PE
    Total System Jitter     (TSJ):    0.071ns
    Total Input Jitter      (TIJ):    0.300ns
    Discrete Jitter          (DJ):    0.000ns
    Phase Error              (PE):    0.000ns

    Location             Delay type                Incr(ns)  Path(ns)    Netlist Resource(s)
  -------------------------------------------------------------------    -------------------
                         (clock clk_fpga_0 rise edge)
                                                      0.000     0.000 r
    PS7_X0Y0             PS7                          0.000     0.000 r  d_i/ps7/inst/PS7_i/FCLKCLK[0]
                         net (fo=1, routed)           1.193     1.193    d_i/ps7/inst/FCLK_CLK_unbuffered[0]
    BUFGCTRL_X0Y16       BUFG (Prop_bufg_I_O)         0.101     1.294 r  d_i/ps7/inst/buffer_fclk_clk_0.FCLK_CLK_0_BUFG/O
                         net (fo=9584, routed)        1.873     3.167    d_i/evalmul3/inst/core/multiplier_towers[0].multiplier_products[1].multiplier/aclk
    DSP48_X3Y21          DSP48E1                                      r  d_i/evalmul3/inst/core/multiplier_towers[0].multiplier_products[1].multiplier/product_stage1_reg__0/CLK
  -------------------------------------------------------------------    -------------------
    DSP48_X3Y21          DSP48E1 (Prop_dsp48e1_CLK_P[0])
                                                      0.434     3.601 r  d_i/evalmul3/inst/core/multiplier_towers[0].multiplier_products[1].multiplier/product_stage1_reg__0/P[0]
                         net (fo=2, routed)           0.936     4.537    d_i/evalmul3/inst/core/multiplier_towers[0].multiplier_products[1].multiplier/p_1_in[17]
    SLICE_X93Y48         LUT2 (Prop_lut2_I0_O)        0.124     4.661 r  d_i/evalmul3/inst/core/multiplier_towers[0].multiplier_products[1].multiplier/reciprocal_low_comb_i_14/O
                         net (fo=1, routed)           0.000     4.661    d_i/evalmul3/inst/core/multiplier_towers[0].multiplier_products[1].multiplier/reciprocal_low_comb_i_14_n_0
    SLICE_X93Y48         CARRY4 (Prop_carry4_S[1]_CO[3])
                                                      0.550     5.211 r  d_i/evalmul3/inst/core/multiplier_towers[0].multiplier_products[1].multiplier/reciprocal_low_comb_i_3/CO[3]
                         net (fo=1, routed)           0.000     5.211    d_i/evalmul3/inst/core/multiplier_towers[0].multiplier_products[1].multiplier/reciprocal_low_comb_i_3_n_0
    SLICE_X93Y49         CARRY4 (Prop_carry4_CI_CO[3])
                                                      0.114     5.325 r  d_i/evalmul3/inst/core/multiplier_towers[0].multiplier_products[1].multiplier/reciprocal_low_comb_i_2/CO[3]
                         net (fo=1, routed)           0.001     5.325    d_i/evalmul3/inst/core/multiplier_towers[0].multiplier_products[1].multiplier/reciprocal_low_comb_i_2_n_0
    SLICE_X93Y50         CARRY4 (Prop_carry4_CI_CO[3])
                                                      0.114     5.439 r  d_i/evalmul3/inst/core/multiplier_towers[0].multiplier_products[1].multiplier/reciprocal_low_comb_i_1/CO[3]
                         net (fo=1, routed)           0.000     5.439    d_i/evalmul3/inst/core/multiplier_towers[0].multiplier_products[1].multiplier/reciprocal_low_comb_i_1_n_0
    SLICE_X93Y51         CARRY4 (Prop_carry4_CI_CO[3])
                                                      0.114     5.553 r  d_i/evalmul3/inst/core/multiplier_towers[0].multiplier_products[1].multiplier/reciprocal_high_comb__0_i_4/CO[3]
                         net (fo=1, routed)           0.000     5.553    d_i/evalmul3/inst/core/multiplier_towers[0].multiplier_products[1].multiplier/reciprocal_high_comb__0_i_4_n_0
    SLICE_X93Y52         CARRY4 (Prop_carry4_CI_CO[3])
                                                      0.114     5.667 r  d_i/evalmul3/inst/core/multiplier_towers[0].multiplier_products[1].multiplier/reciprocal_high_comb__0_i_3/CO[3]
                         net (fo=1, routed)           0.000     5.667    d_i/evalmul3/inst/core/multiplier_towers[0].multiplier_products[1].multiplier/reciprocal_high_comb__0_i_3_n_0
    SLICE_X93Y53         CARRY4 (Prop_carry4_CI_CO[3])
                                                      0.114     5.781 r  d_i/evalmul3/inst/core/multiplier_towers[0].multiplier_products[1].multiplier/reciprocal_high_comb__0_i_2/CO[3]
                         net (fo=1, routed)           0.000     5.781    d_i/evalmul3/inst/core/multiplier_towers[0].multiplier_products[1].multiplier/reciprocal_high_comb__0_i_2_n_0
    SLICE_X93Y54         CARRY4 (Prop_carry4_CI_O[3])
                                                      0.313     6.094 r  d_i/evalmul3/inst/core/multiplier_towers[0].multiplier_products[1].multiplier/reciprocal_high_comb__0_i_1/O[3]
                         net (fo=3, routed)           1.011     7.105    d_i/evalmul3/inst/core/multiplier_towers[0].multiplier_products[1].multiplier/product_stage1_reg__1[43]
    DSP48_X3Y24          DSP48E1 (Prop_dsp48e1_A[13]_PCOUT[3])
                                                      4.218    11.323 r  d_i/evalmul3/inst/core/multiplier_towers[0].multiplier_products[1].multiplier/reciprocal_high_comb__0/PCOUT[3]
                         net (fo=1, routed)           0.002    11.325    d_i/evalmul3/inst/core/multiplier_towers[0].multiplier_products[1].multiplier/reciprocal_high_comb__0_n_150
    DSP48_X3Y25          DSP48E1                                      r  d_i/evalmul3/inst/core/multiplier_towers[0].multiplier_products[1].multiplier/reciprocal_high_stage2_reg__0/PCIN[3]
  -------------------------------------------------------------------    -------------------

                         (clock clk_fpga_0 rise edge)
                                                     10.000    10.000 r
    PS7_X0Y0             PS7                          0.000    10.000 r  d_i/ps7/inst/PS7_i/FCLKCLK[0]
                         net (fo=1, routed)           1.088    11.088    d_i/ps7/inst/FCLK_CLK_unbuffered[0]
    BUFGCTRL_X0Y16       BUFG (Prop_bufg_I_O)         0.091    11.179 r  d_i/ps7/inst/buffer_fclk_clk_0.FCLK_CLK_0_BUFG/O
                         net (fo=9584, routed)        1.690    12.869    d_i/evalmul3/inst/core/multiplier_towers[0].multiplier_products[1].multiplier/aclk
    DSP48_X3Y25          DSP48E1                                      r  d_i/evalmul3/inst/core/multiplier_towers[0].multiplier_products[1].multiplier/reciprocal_high_stage2_reg__0/CLK
                         clock pessimism              0.267    13.137
                         clock uncertainty           -0.154    12.982
    DSP48_X3Y25          DSP48E1 (Setup_dsp48e1_CLK_PCIN[3])
                                                     -1.400    11.582    d_i/evalmul3/inst/core/multiplier_towers[0].multiplier_products[1].multiplier/reciprocal_high_stage2_reg__0
  -------------------------------------------------------------------
                         required time                         11.582
                         arrival time                         -11.325
  -------------------------------------------------------------------
                         slack                                  0.257

Slack (MET) :             0.257ns  (required time - arrival time)
  Source:                 d_i/evalmul3/inst/core/multiplier_towers[0].multiplier_products[1].multiplier/product_stage1_reg__0/CLK
                            (rising edge-triggered cell DSP48E1 clocked by clk_fpga_0  {rise@0.000ns fall@5.000ns period=10.000ns})
  Destination:            d_i/evalmul3/inst/core/multiplier_towers[0].multiplier_products[1].multiplier/reciprocal_high_stage2_reg__0/PCIN[40]
                            (rising edge-triggered cell DSP48E1 clocked by clk_fpga_0  {rise@0.000ns fall@5.000ns period=10.000ns})
  Path Group:             clk_fpga_0
  Path Type:              Setup (Max at Slow Process Corner)
  Requirement:            10.000ns  (clk_fpga_0 rise@10.000ns - clk_fpga_0 rise@0.000ns)
  Data Path Delay:        8.159ns  (logic 6.209ns (76.101%)  route 1.950ns (23.899%))
  Logic Levels:           9  (CARRY4=7 DSP48E1=1 LUT2=1)
  Clock Path Skew:        -0.030ns (DCD - SCD + CPR)
    Destination Clock Delay (DCD):    2.869ns = ( 12.869 - 10.000 )
    Source Clock Delay      (SCD):    3.167ns
    Clock Pessimism Removal (CPR):    0.267ns
  Clock Uncertainty:      0.154ns  ((TSJ^2 + TIJ^2)^1/2 + DJ) / 2 + PE
    Total System Jitter     (TSJ):    0.071ns
    Total Input Jitter      (TIJ):    0.300ns
    Discrete Jitter          (DJ):    0.000ns
    Phase Error              (PE):    0.000ns

    Location             Delay type                Incr(ns)  Path(ns)    Netlist Resource(s)
  -------------------------------------------------------------------    -------------------
                         (clock clk_fpga_0 rise edge)
                                                      0.000     0.000 r
    PS7_X0Y0             PS7                          0.000     0.000 r  d_i/ps7/inst/PS7_i/FCLKCLK[0]
                         net (fo=1, routed)           1.193     1.193    d_i/ps7/inst/FCLK_CLK_unbuffered[0]
    BUFGCTRL_X0Y16       BUFG (Prop_bufg_I_O)         0.101     1.294 r  d_i/ps7/inst/buffer_fclk_clk_0.FCLK_CLK_0_BUFG/O
                         net (fo=9584, routed)        1.873     3.167    d_i/evalmul3/inst/core/multiplier_towers[0].multiplier_products[1].multiplier/aclk
    DSP48_X3Y21          DSP48E1                                      r  d_i/evalmul3/inst/core/multiplier_towers[0].multiplier_products[1].multiplier/product_stage1_reg__0/CLK
  -------------------------------------------------------------------    -------------------
    DSP48_X3Y21          DSP48E1 (Prop_dsp48e1_CLK_P[0])
                                                      0.434     3.601 r  d_i/evalmul3/inst/core/multiplier_towers[0].multiplier_products[1].multiplier/product_stage1_reg__0/P[0]
                         net (fo=2, routed)           0.936     4.537    d_i/evalmul3/inst/core/multiplier_towers[0].multiplier_products[1].multiplier/p_1_in[17]
    SLICE_X93Y48         LUT2 (Prop_lut2_I0_O)        0.124     4.661 r  d_i/evalmul3/inst/core/multiplier_towers[0].multiplier_products[1].multiplier/reciprocal_low_comb_i_14/O
                         net (fo=1, routed)           0.000     4.661    d_i/evalmul3/inst/core/multiplier_towers[0].multiplier_products[1].multiplier/reciprocal_low_comb_i_14_n_0
    SLICE_X93Y48         CARRY4 (Prop_carry4_S[1]_CO[3])
                                                      0.550     5.211 r  d_i/evalmul3/inst/core/multiplier_towers[0].multiplier_products[1].multiplier/reciprocal_low_comb_i_3/CO[3]
                         net (fo=1, routed)           0.000     5.211    d_i/evalmul3/inst/core/multiplier_towers[0].multiplier_products[1].multiplier/reciprocal_low_comb_i_3_n_0
    SLICE_X93Y49         CARRY4 (Prop_carry4_CI_CO[3])
                                                      0.114     5.325 r  d_i/evalmul3/inst/core/multiplier_towers[0].multiplier_products[1].multiplier/reciprocal_low_comb_i_2/CO[3]
                         net (fo=1, routed)           0.001     5.325    d_i/evalmul3/inst/core/multiplier_towers[0].multiplier_products[1].multiplier/reciprocal_low_comb_i_2_n_0
    SLICE_X93Y50         CARRY4 (Prop_carry4_CI_CO[3])
                                                      0.114     5.439 r  d_i/evalmul3/inst/core/multiplier_towers[0].multiplier_products[1].multiplier/reciprocal_low_comb_i_1/CO[3]
                         net (fo=1, routed)           0.000     5.439    d_i/evalmul3/inst/core/multiplier_towers[0].multiplier_products[1].multiplier/reciprocal_low_comb_i_1_n_0
    SLICE_X93Y51         CARRY4 (Prop_carry4_CI_CO[3])
                                                      0.114     5.553 r  d_i/evalmul3/inst/core/multiplier_towers[0].multiplier_products[1].multiplier/reciprocal_high_comb__0_i_4/CO[3]
                         net (fo=1, routed)           0.000     5.553    d_i/evalmul3/inst/core/multiplier_towers[0].multiplier_products[1].multiplier/reciprocal_high_comb__0_i_4_n_0
    SLICE_X93Y52         CARRY4 (Prop_carry4_CI_CO[3])
                                                      0.114     5.667 r  d_i/evalmul3/inst/core/multiplier_towers[0].multiplier_products[1].multiplier/reciprocal_high_comb__0_i_3/CO[3]
                         net (fo=1, routed)           0.000     5.667    d_i/evalmul3/inst/core/multiplier_towers[0].multiplier_products[1].multiplier/reciprocal_high_comb__0_i_3_n_0
    SLICE_X93Y53         CARRY4 (Prop_carry4_CI_CO[3])
                                                      0.114     5.781 r  d_i/evalmul3/inst/core/multiplier_towers[0].multiplier_products[1].multiplier/reciprocal_high_comb__0_i_2/CO[3]
                         net (fo=1, routed)           0.000     5.781    d_i/evalmul3/inst/core/multiplier_towers[0].multiplier_products[1].multiplier/reciprocal_high_comb__0_i_2_n_0
    SLICE_X93Y54         CARRY4 (Prop_carry4_CI_O[3])
                                                      0.313     6.094 r  d_i/evalmul3/inst/core/multiplier_towers[0].multiplier_products[1].multiplier/reciprocal_high_comb__0_i_1/O[3]
                         net (fo=3, routed)           1.011     7.105    d_i/evalmul3/inst/core/multiplier_towers[0].multiplier_products[1].multiplier/product_stage1_reg__1[43]
    DSP48_X3Y24          DSP48E1 (Prop_dsp48e1_A[13]_PCOUT[40])
                                                      4.218    11.323 r  d_i/evalmul3/inst/core/multiplier_towers[0].multiplier_products[1].multiplier/reciprocal_high_comb__0/PCOUT[40]
                         net (fo=1, routed)           0.002    11.325    d_i/evalmul3/inst/core/multiplier_towers[0].multiplier_products[1].multiplier/reciprocal_high_comb__0_n_113
    DSP48_X3Y25          DSP48E1                                      r  d_i/evalmul3/inst/core/multiplier_towers[0].multiplier_products[1].multiplier/reciprocal_high_stage2_reg__0/PCIN[40]
  -------------------------------------------------------------------    -------------------

                         (clock clk_fpga_0 rise edge)
                                                     10.000    10.000 r
    PS7_X0Y0             PS7                          0.000    10.000 r  d_i/ps7/inst/PS7_i/FCLKCLK[0]
                         net (fo=1, routed)           1.088    11.088    d_i/ps7/inst/FCLK_CLK_unbuffered[0]
    BUFGCTRL_X0Y16       BUFG (Prop_bufg_I_O)         0.091    11.179 r  d_i/ps7/inst/buffer_fclk_clk_0.FCLK_CLK_0_BUFG/O
                         net (fo=9584, routed)        1.690    12.869    d_i/evalmul3/inst/core/multiplier_towers[0].multiplier_products[1].multiplier/aclk
    DSP48_X3Y25          DSP48E1                                      r  d_i/evalmul3/inst/core/multiplier_towers[0].multiplier_products[1].multiplier/reciprocal_high_stage2_reg__0/CLK
                         clock pessimism              0.267    13.137
                         clock uncertainty           -0.154    12.982
    DSP48_X3Y25          DSP48E1 (Setup_dsp48e1_CLK_PCIN[40])
                                                     -1.400    11.582    d_i/evalmul3/inst/core/multiplier_towers[0].multiplier_products[1].multiplier/reciprocal_high_stage2_reg__0
  -------------------------------------------------------------------
                         required time                         11.582
                         arrival time                         -11.325
  -------------------------------------------------------------------
                         slack                                  0.257

Slack (MET) :             0.257ns  (required time - arrival time)
  Source:                 d_i/evalmul3/inst/core/multiplier_towers[0].multiplier_products[1].multiplier/product_stage1_reg__0/CLK
                            (rising edge-triggered cell DSP48E1 clocked by clk_fpga_0  {rise@0.000ns fall@5.000ns period=10.000ns})
  Destination:            d_i/evalmul3/inst/core/multiplier_towers[0].multiplier_products[1].multiplier/reciprocal_high_stage2_reg__0/PCIN[41]
                            (rising edge-triggered cell DSP48E1 clocked by clk_fpga_0  {rise@0.000ns fall@5.000ns period=10.000ns})
  Path Group:             clk_fpga_0
  Path Type:              Setup (Max at Slow Process Corner)
  Requirement:            10.000ns  (clk_fpga_0 rise@10.000ns - clk_fpga_0 rise@0.000ns)
  Data Path Delay:        8.159ns  (logic 6.209ns (76.101%)  route 1.950ns (23.899%))
  Logic Levels:           9  (CARRY4=7 DSP48E1=1 LUT2=1)
  Clock Path Skew:        -0.030ns (DCD - SCD + CPR)
    Destination Clock Delay (DCD):    2.869ns = ( 12.869 - 10.000 )
    Source Clock Delay      (SCD):    3.167ns
    Clock Pessimism Removal (CPR):    0.267ns
  Clock Uncertainty:      0.154ns  ((TSJ^2 + TIJ^2)^1/2 + DJ) / 2 + PE
    Total System Jitter     (TSJ):    0.071ns
    Total Input Jitter      (TIJ):    0.300ns
    Discrete Jitter          (DJ):    0.000ns
    Phase Error              (PE):    0.000ns

    Location             Delay type                Incr(ns)  Path(ns)    Netlist Resource(s)
  -------------------------------------------------------------------    -------------------
                         (clock clk_fpga_0 rise edge)
                                                      0.000     0.000 r
    PS7_X0Y0             PS7                          0.000     0.000 r  d_i/ps7/inst/PS7_i/FCLKCLK[0]
                         net (fo=1, routed)           1.193     1.193    d_i/ps7/inst/FCLK_CLK_unbuffered[0]
    BUFGCTRL_X0Y16       BUFG (Prop_bufg_I_O)         0.101     1.294 r  d_i/ps7/inst/buffer_fclk_clk_0.FCLK_CLK_0_BUFG/O
                         net (fo=9584, routed)        1.873     3.167    d_i/evalmul3/inst/core/multiplier_towers[0].multiplier_products[1].multiplier/aclk
    DSP48_X3Y21          DSP48E1                                      r  d_i/evalmul3/inst/core/multiplier_towers[0].multiplier_products[1].multiplier/product_stage1_reg__0/CLK
  -------------------------------------------------------------------    -------------------
    DSP48_X3Y21          DSP48E1 (Prop_dsp48e1_CLK_P[0])
                                                      0.434     3.601 r  d_i/evalmul3/inst/core/multiplier_towers[0].multiplier_products[1].multiplier/product_stage1_reg__0/P[0]
                         net (fo=2, routed)           0.936     4.537    d_i/evalmul3/inst/core/multiplier_towers[0].multiplier_products[1].multiplier/p_1_in[17]
    SLICE_X93Y48         LUT2 (Prop_lut2_I0_O)        0.124     4.661 r  d_i/evalmul3/inst/core/multiplier_towers[0].multiplier_products[1].multiplier/reciprocal_low_comb_i_14/O
                         net (fo=1, routed)           0.000     4.661    d_i/evalmul3/inst/core/multiplier_towers[0].multiplier_products[1].multiplier/reciprocal_low_comb_i_14_n_0
    SLICE_X93Y48         CARRY4 (Prop_carry4_S[1]_CO[3])
                                                      0.550     5.211 r  d_i/evalmul3/inst/core/multiplier_towers[0].multiplier_products[1].multiplier/reciprocal_low_comb_i_3/CO[3]
                         net (fo=1, routed)           0.000     5.211    d_i/evalmul3/inst/core/multiplier_towers[0].multiplier_products[1].multiplier/reciprocal_low_comb_i_3_n_0
    SLICE_X93Y49         CARRY4 (Prop_carry4_CI_CO[3])
                                                      0.114     5.325 r  d_i/evalmul3/inst/core/multiplier_towers[0].multiplier_products[1].multiplier/reciprocal_low_comb_i_2/CO[3]
                         net (fo=1, routed)           0.001     5.325    d_i/evalmul3/inst/core/multiplier_towers[0].multiplier_products[1].multiplier/reciprocal_low_comb_i_2_n_0
    SLICE_X93Y50         CARRY4 (Prop_carry4_CI_CO[3])
                                                      0.114     5.439 r  d_i/evalmul3/inst/core/multiplier_towers[0].multiplier_products[1].multiplier/reciprocal_low_comb_i_1/CO[3]
                         net (fo=1, routed)           0.000     5.439    d_i/evalmul3/inst/core/multiplier_towers[0].multiplier_products[1].multiplier/reciprocal_low_comb_i_1_n_0
    SLICE_X93Y51         CARRY4 (Prop_carry4_CI_CO[3])
                                                      0.114     5.553 r  d_i/evalmul3/inst/core/multiplier_towers[0].multiplier_products[1].multiplier/reciprocal_high_comb__0_i_4/CO[3]
                         net (fo=1, routed)           0.000     5.553    d_i/evalmul3/inst/core/multiplier_towers[0].multiplier_products[1].multiplier/reciprocal_high_comb__0_i_4_n_0
    SLICE_X93Y52         CARRY4 (Prop_carry4_CI_CO[3])
                                                      0.114     5.667 r  d_i/evalmul3/inst/core/multiplier_towers[0].multiplier_products[1].multiplier/reciprocal_high_comb__0_i_3/CO[3]
                         net (fo=1, routed)           0.000     5.667    d_i/evalmul3/inst/core/multiplier_towers[0].multiplier_products[1].multiplier/reciprocal_high_comb__0_i_3_n_0
    SLICE_X93Y53         CARRY4 (Prop_carry4_CI_CO[3])
                                                      0.114     5.781 r  d_i/evalmul3/inst/core/multiplier_towers[0].multiplier_products[1].multiplier/reciprocal_high_comb__0_i_2/CO[3]
                         net (fo=1, routed)           0.000     5.781    d_i/evalmul3/inst/core/multiplier_towers[0].multiplier_products[1].multiplier/reciprocal_high_comb__0_i_2_n_0
    SLICE_X93Y54         CARRY4 (Prop_carry4_CI_O[3])
                                                      0.313     6.094 r  d_i/evalmul3/inst/core/multiplier_towers[0].multiplier_products[1].multiplier/reciprocal_high_comb__0_i_1/O[3]
                         net (fo=3, routed)           1.011     7.105    d_i/evalmul3/inst/core/multiplier_towers[0].multiplier_products[1].multiplier/product_stage1_reg__1[43]
    DSP48_X3Y24          DSP48E1 (Prop_dsp48e1_A[13]_PCOUT[41])
                                                      4.218    11.323 r  d_i/evalmul3/inst/core/multiplier_towers[0].multiplier_products[1].multiplier/reciprocal_high_comb__0/PCOUT[41]
                         net (fo=1, routed)           0.002    11.325    d_i/evalmul3/inst/core/multiplier_towers[0].multiplier_products[1].multiplier/reciprocal_high_comb__0_n_112
    DSP48_X3Y25          DSP48E1                                      r  d_i/evalmul3/inst/core/multiplier_towers[0].multiplier_products[1].multiplier/reciprocal_high_stage2_reg__0/PCIN[41]
  -------------------------------------------------------------------    -------------------

                         (clock clk_fpga_0 rise edge)
                                                     10.000    10.000 r
    PS7_X0Y0             PS7                          0.000    10.000 r  d_i/ps7/inst/PS7_i/FCLKCLK[0]
                         net (fo=1, routed)           1.088    11.088    d_i/ps7/inst/FCLK_CLK_unbuffered[0]
    BUFGCTRL_X0Y16       BUFG (Prop_bufg_I_O)         0.091    11.179 r  d_i/ps7/inst/buffer_fclk_clk_0.FCLK_CLK_0_BUFG/O
                         net (fo=9584, routed)        1.690    12.869    d_i/evalmul3/inst/core/multiplier_towers[0].multiplier_products[1].multiplier/aclk
    DSP48_X3Y25          DSP48E1                                      r  d_i/evalmul3/inst/core/multiplier_towers[0].multiplier_products[1].multiplier/reciprocal_high_stage2_reg__0/CLK
                         clock pessimism              0.267    13.137
                         clock uncertainty           -0.154    12.982
    DSP48_X3Y25          DSP48E1 (Setup_dsp48e1_CLK_PCIN[41])
                                                     -1.400    11.582    d_i/evalmul3/inst/core/multiplier_towers[0].multiplier_products[1].multiplier/reciprocal_high_stage2_reg__0
  -------------------------------------------------------------------
                         required time                         11.582
                         arrival time                         -11.325
  -------------------------------------------------------------------
                         slack                                  0.257

Slack (MET) :             0.257ns  (required time - arrival time)
  Source:                 d_i/evalmul3/inst/core/multiplier_towers[0].multiplier_products[1].multiplier/product_stage1_reg__0/CLK
                            (rising edge-triggered cell DSP48E1 clocked by clk_fpga_0  {rise@0.000ns fall@5.000ns period=10.000ns})
  Destination:            d_i/evalmul3/inst/core/multiplier_towers[0].multiplier_products[1].multiplier/reciprocal_high_stage2_reg__0/PCIN[42]
                            (rising edge-triggered cell DSP48E1 clocked by clk_fpga_0  {rise@0.000ns fall@5.000ns period=10.000ns})
  Path Group:             clk_fpga_0
  Path Type:              Setup (Max at Slow Process Corner)
  Requirement:            10.000ns  (clk_fpga_0 rise@10.000ns - clk_fpga_0 rise@0.000ns)
  Data Path Delay:        8.159ns  (logic 6.209ns (76.101%)  route 1.950ns (23.899%))
  Logic Levels:           9  (CARRY4=7 DSP48E1=1 LUT2=1)
  Clock Path Skew:        -0.030ns (DCD - SCD + CPR)
    Destination Clock Delay (DCD):    2.869ns = ( 12.869 - 10.000 )
    Source Clock Delay      (SCD):    3.167ns
    Clock Pessimism Removal (CPR):    0.267ns
  Clock Uncertainty:      0.154ns  ((TSJ^2 + TIJ^2)^1/2 + DJ) / 2 + PE
    Total System Jitter     (TSJ):    0.071ns
    Total Input Jitter      (TIJ):    0.300ns
    Discrete Jitter          (DJ):    0.000ns
    Phase Error              (PE):    0.000ns

    Location             Delay type                Incr(ns)  Path(ns)    Netlist Resource(s)
  -------------------------------------------------------------------    -------------------
                         (clock clk_fpga_0 rise edge)
                                                      0.000     0.000 r
    PS7_X0Y0             PS7                          0.000     0.000 r  d_i/ps7/inst/PS7_i/FCLKCLK[0]
                         net (fo=1, routed)           1.193     1.193    d_i/ps7/inst/FCLK_CLK_unbuffered[0]
    BUFGCTRL_X0Y16       BUFG (Prop_bufg_I_O)         0.101     1.294 r  d_i/ps7/inst/buffer_fclk_clk_0.FCLK_CLK_0_BUFG/O
                         net (fo=9584, routed)        1.873     3.167    d_i/evalmul3/inst/core/multiplier_towers[0].multiplier_products[1].multiplier/aclk
    DSP48_X3Y21          DSP48E1                                      r  d_i/evalmul3/inst/core/multiplier_towers[0].multiplier_products[1].multiplier/product_stage1_reg__0/CLK
  -------------------------------------------------------------------    -------------------
    DSP48_X3Y21          DSP48E1 (Prop_dsp48e1_CLK_P[0])
                                                      0.434     3.601 r  d_i/evalmul3/inst/core/multiplier_towers[0].multiplier_products[1].multiplier/product_stage1_reg__0/P[0]
                         net (fo=2, routed)           0.936     4.537    d_i/evalmul3/inst/core/multiplier_towers[0].multiplier_products[1].multiplier/p_1_in[17]
    SLICE_X93Y48         LUT2 (Prop_lut2_I0_O)        0.124     4.661 r  d_i/evalmul3/inst/core/multiplier_towers[0].multiplier_products[1].multiplier/reciprocal_low_comb_i_14/O
                         net (fo=1, routed)           0.000     4.661    d_i/evalmul3/inst/core/multiplier_towers[0].multiplier_products[1].multiplier/reciprocal_low_comb_i_14_n_0
    SLICE_X93Y48         CARRY4 (Prop_carry4_S[1]_CO[3])
                                                      0.550     5.211 r  d_i/evalmul3/inst/core/multiplier_towers[0].multiplier_products[1].multiplier/reciprocal_low_comb_i_3/CO[3]
                         net (fo=1, routed)           0.000     5.211    d_i/evalmul3/inst/core/multiplier_towers[0].multiplier_products[1].multiplier/reciprocal_low_comb_i_3_n_0
    SLICE_X93Y49         CARRY4 (Prop_carry4_CI_CO[3])
                                                      0.114     5.325 r  d_i/evalmul3/inst/core/multiplier_towers[0].multiplier_products[1].multiplier/reciprocal_low_comb_i_2/CO[3]
                         net (fo=1, routed)           0.001     5.325    d_i/evalmul3/inst/core/multiplier_towers[0].multiplier_products[1].multiplier/reciprocal_low_comb_i_2_n_0
    SLICE_X93Y50         CARRY4 (Prop_carry4_CI_CO[3])
                                                      0.114     5.439 r  d_i/evalmul3/inst/core/multiplier_towers[0].multiplier_products[1].multiplier/reciprocal_low_comb_i_1/CO[3]
                         net (fo=1, routed)           0.000     5.439    d_i/evalmul3/inst/core/multiplier_towers[0].multiplier_products[1].multiplier/reciprocal_low_comb_i_1_n_0
    SLICE_X93Y51         CARRY4 (Prop_carry4_CI_CO[3])
                                                      0.114     5.553 r  d_i/evalmul3/inst/core/multiplier_towers[0].multiplier_products[1].multiplier/reciprocal_high_comb__0_i_4/CO[3]
                         net (fo=1, routed)           0.000     5.553    d_i/evalmul3/inst/core/multiplier_towers[0].multiplier_products[1].multiplier/reciprocal_high_comb__0_i_4_n_0
    SLICE_X93Y52         CARRY4 (Prop_carry4_CI_CO[3])
                                                      0.114     5.667 r  d_i/evalmul3/inst/core/multiplier_towers[0].multiplier_products[1].multiplier/reciprocal_high_comb__0_i_3/CO[3]
                         net (fo=1, routed)           0.000     5.667    d_i/evalmul3/inst/core/multiplier_towers[0].multiplier_products[1].multiplier/reciprocal_high_comb__0_i_3_n_0
    SLICE_X93Y53         CARRY4 (Prop_carry4_CI_CO[3])
                                                      0.114     5.781 r  d_i/evalmul3/inst/core/multiplier_towers[0].multiplier_products[1].multiplier/reciprocal_high_comb__0_i_2/CO[3]
                         net (fo=1, routed)           0.000     5.781    d_i/evalmul3/inst/core/multiplier_towers[0].multiplier_products[1].multiplier/reciprocal_high_comb__0_i_2_n_0
    SLICE_X93Y54         CARRY4 (Prop_carry4_CI_O[3])
                                                      0.313     6.094 r  d_i/evalmul3/inst/core/multiplier_towers[0].multiplier_products[1].multiplier/reciprocal_high_comb__0_i_1/O[3]
                         net (fo=3, routed)           1.011     7.105    d_i/evalmul3/inst/core/multiplier_towers[0].multiplier_products[1].multiplier/product_stage1_reg__1[43]
    DSP48_X3Y24          DSP48E1 (Prop_dsp48e1_A[13]_PCOUT[42])
                                                      4.218    11.323 r  d_i/evalmul3/inst/core/multiplier_towers[0].multiplier_products[1].multiplier/reciprocal_high_comb__0/PCOUT[42]
                         net (fo=1, routed)           0.002    11.325    d_i/evalmul3/inst/core/multiplier_towers[0].multiplier_products[1].multiplier/reciprocal_high_comb__0_n_111
    DSP48_X3Y25          DSP48E1                                      r  d_i/evalmul3/inst/core/multiplier_towers[0].multiplier_products[1].multiplier/reciprocal_high_stage2_reg__0/PCIN[42]
  -------------------------------------------------------------------    -------------------

                         (clock clk_fpga_0 rise edge)
                                                     10.000    10.000 r
    PS7_X0Y0             PS7                          0.000    10.000 r  d_i/ps7/inst/PS7_i/FCLKCLK[0]
                         net (fo=1, routed)           1.088    11.088    d_i/ps7/inst/FCLK_CLK_unbuffered[0]
    BUFGCTRL_X0Y16       BUFG (Prop_bufg_I_O)         0.091    11.179 r  d_i/ps7/inst/buffer_fclk_clk_0.FCLK_CLK_0_BUFG/O
                         net (fo=9584, routed)        1.690    12.869    d_i/evalmul3/inst/core/multiplier_towers[0].multiplier_products[1].multiplier/aclk
    DSP48_X3Y25          DSP48E1                                      r  d_i/evalmul3/inst/core/multiplier_towers[0].multiplier_products[1].multiplier/reciprocal_high_stage2_reg__0/CLK
                         clock pessimism              0.267    13.137
                         clock uncertainty           -0.154    12.982
    DSP48_X3Y25          DSP48E1 (Setup_dsp48e1_CLK_PCIN[42])
                                                     -1.400    11.582    d_i/evalmul3/inst/core/multiplier_towers[0].multiplier_products[1].multiplier/reciprocal_high_stage2_reg__0
  -------------------------------------------------------------------
                         required time                         11.582
                         arrival time                         -11.325
  -------------------------------------------------------------------
                         slack                                  0.257

Slack (MET) :             0.257ns  (required time - arrival time)
  Source:                 d_i/evalmul3/inst/core/multiplier_towers[0].multiplier_products[1].multiplier/product_stage1_reg__0/CLK
                            (rising edge-triggered cell DSP48E1 clocked by clk_fpga_0  {rise@0.000ns fall@5.000ns period=10.000ns})
  Destination:            d_i/evalmul3/inst/core/multiplier_towers[0].multiplier_products[1].multiplier/reciprocal_high_stage2_reg__0/PCIN[43]
                            (rising edge-triggered cell DSP48E1 clocked by clk_fpga_0  {rise@0.000ns fall@5.000ns period=10.000ns})
  Path Group:             clk_fpga_0
  Path Type:              Setup (Max at Slow Process Corner)
  Requirement:            10.000ns  (clk_fpga_0 rise@10.000ns - clk_fpga_0 rise@0.000ns)
  Data Path Delay:        8.159ns  (logic 6.209ns (76.101%)  route 1.950ns (23.899%))
  Logic Levels:           9  (CARRY4=7 DSP48E1=1 LUT2=1)
  Clock Path Skew:        -0.030ns (DCD - SCD + CPR)
    Destination Clock Delay (DCD):    2.869ns = ( 12.869 - 10.000 )
    Source Clock Delay      (SCD):    3.167ns
    Clock Pessimism Removal (CPR):    0.267ns
  Clock Uncertainty:      0.154ns  ((TSJ^2 + TIJ^2)^1/2 + DJ) / 2 + PE
    Total System Jitter     (TSJ):    0.071ns
    Total Input Jitter      (TIJ):    0.300ns
    Discrete Jitter          (DJ):    0.000ns
    Phase Error              (PE):    0.000ns

    Location             Delay type                Incr(ns)  Path(ns)    Netlist Resource(s)
  -------------------------------------------------------------------    -------------------
                         (clock clk_fpga_0 rise edge)
                                                      0.000     0.000 r
    PS7_X0Y0             PS7                          0.000     0.000 r  d_i/ps7/inst/PS7_i/FCLKCLK[0]
                         net (fo=1, routed)           1.193     1.193    d_i/ps7/inst/FCLK_CLK_unbuffered[0]
    BUFGCTRL_X0Y16       BUFG (Prop_bufg_I_O)         0.101     1.294 r  d_i/ps7/inst/buffer_fclk_clk_0.FCLK_CLK_0_BUFG/O
                         net (fo=9584, routed)        1.873     3.167    d_i/evalmul3/inst/core/multiplier_towers[0].multiplier_products[1].multiplier/aclk
    DSP48_X3Y21          DSP48E1                                      r  d_i/evalmul3/inst/core/multiplier_towers[0].multiplier_products[1].multiplier/product_stage1_reg__0/CLK
  -------------------------------------------------------------------    -------------------
    DSP48_X3Y21          DSP48E1 (Prop_dsp48e1_CLK_P[0])
                                                      0.434     3.601 r  d_i/evalmul3/inst/core/multiplier_towers[0].multiplier_products[1].multiplier/product_stage1_reg__0/P[0]
                         net (fo=2, routed)           0.936     4.537    d_i/evalmul3/inst/core/multiplier_towers[0].multiplier_products[1].multiplier/p_1_in[17]
    SLICE_X93Y48         LUT2 (Prop_lut2_I0_O)        0.124     4.661 r  d_i/evalmul3/inst/core/multiplier_towers[0].multiplier_products[1].multiplier/reciprocal_low_comb_i_14/O
                         net (fo=1, routed)           0.000     4.661    d_i/evalmul3/inst/core/multiplier_towers[0].multiplier_products[1].multiplier/reciprocal_low_comb_i_14_n_0
    SLICE_X93Y48         CARRY4 (Prop_carry4_S[1]_CO[3])
                                                      0.550     5.211 r  d_i/evalmul3/inst/core/multiplier_towers[0].multiplier_products[1].multiplier/reciprocal_low_comb_i_3/CO[3]
                         net (fo=1, routed)           0.000     5.211    d_i/evalmul3/inst/core/multiplier_towers[0].multiplier_products[1].multiplier/reciprocal_low_comb_i_3_n_0
    SLICE_X93Y49         CARRY4 (Prop_carry4_CI_CO[3])
                                                      0.114     5.325 r  d_i/evalmul3/inst/core/multiplier_towers[0].multiplier_products[1].multiplier/reciprocal_low_comb_i_2/CO[3]
                         net (fo=1, routed)           0.001     5.325    d_i/evalmul3/inst/core/multiplier_towers[0].multiplier_products[1].multiplier/reciprocal_low_comb_i_2_n_0
    SLICE_X93Y50         CARRY4 (Prop_carry4_CI_CO[3])
                                                      0.114     5.439 r  d_i/evalmul3/inst/core/multiplier_towers[0].multiplier_products[1].multiplier/reciprocal_low_comb_i_1/CO[3]
                         net (fo=1, routed)           0.000     5.439    d_i/evalmul3/inst/core/multiplier_towers[0].multiplier_products[1].multiplier/reciprocal_low_comb_i_1_n_0
    SLICE_X93Y51         CARRY4 (Prop_carry4_CI_CO[3])
                                                      0.114     5.553 r  d_i/evalmul3/inst/core/multiplier_towers[0].multiplier_products[1].multiplier/reciprocal_high_comb__0_i_4/CO[3]
                         net (fo=1, routed)           0.000     5.553    d_i/evalmul3/inst/core/multiplier_towers[0].multiplier_products[1].multiplier/reciprocal_high_comb__0_i_4_n_0
    SLICE_X93Y52         CARRY4 (Prop_carry4_CI_CO[3])
                                                      0.114     5.667 r  d_i/evalmul3/inst/core/multiplier_towers[0].multiplier_products[1].multiplier/reciprocal_high_comb__0_i_3/CO[3]
                         net (fo=1, routed)           0.000     5.667    d_i/evalmul3/inst/core/multiplier_towers[0].multiplier_products[1].multiplier/reciprocal_high_comb__0_i_3_n_0
    SLICE_X93Y53         CARRY4 (Prop_carry4_CI_CO[3])
                                                      0.114     5.781 r  d_i/evalmul3/inst/core/multiplier_towers[0].multiplier_products[1].multiplier/reciprocal_high_comb__0_i_2/CO[3]
                         net (fo=1, routed)           0.000     5.781    d_i/evalmul3/inst/core/multiplier_towers[0].multiplier_products[1].multiplier/reciprocal_high_comb__0_i_2_n_0
    SLICE_X93Y54         CARRY4 (Prop_carry4_CI_O[3])
                                                      0.313     6.094 r  d_i/evalmul3/inst/core/multiplier_towers[0].multiplier_products[1].multiplier/reciprocal_high_comb__0_i_1/O[3]
                         net (fo=3, routed)           1.011     7.105    d_i/evalmul3/inst/core/multiplier_towers[0].multiplier_products[1].multiplier/product_stage1_reg__1[43]
    DSP48_X3Y24          DSP48E1 (Prop_dsp48e1_A[13]_PCOUT[43])
                                                      4.218    11.323 r  d_i/evalmul3/inst/core/multiplier_towers[0].multiplier_products[1].multiplier/reciprocal_high_comb__0/PCOUT[43]
                         net (fo=1, routed)           0.002    11.325    d_i/evalmul3/inst/core/multiplier_towers[0].multiplier_products[1].multiplier/reciprocal_high_comb__0_n_110
    DSP48_X3Y25          DSP48E1                                      r  d_i/evalmul3/inst/core/multiplier_towers[0].multiplier_products[1].multiplier/reciprocal_high_stage2_reg__0/PCIN[43]
  -------------------------------------------------------------------    -------------------

                         (clock clk_fpga_0 rise edge)
                                                     10.000    10.000 r
    PS7_X0Y0             PS7                          0.000    10.000 r  d_i/ps7/inst/PS7_i/FCLKCLK[0]
                         net (fo=1, routed)           1.088    11.088    d_i/ps7/inst/FCLK_CLK_unbuffered[0]
    BUFGCTRL_X0Y16       BUFG (Prop_bufg_I_O)         0.091    11.179 r  d_i/ps7/inst/buffer_fclk_clk_0.FCLK_CLK_0_BUFG/O
                         net (fo=9584, routed)        1.690    12.869    d_i/evalmul3/inst/core/multiplier_towers[0].multiplier_products[1].multiplier/aclk
    DSP48_X3Y25          DSP48E1                                      r  d_i/evalmul3/inst/core/multiplier_towers[0].multiplier_products[1].multiplier/reciprocal_high_stage2_reg__0/CLK
                         clock pessimism              0.267    13.137
                         clock uncertainty           -0.154    12.982
    DSP48_X3Y25          DSP48E1 (Setup_dsp48e1_CLK_PCIN[43])
                                                     -1.400    11.582    d_i/evalmul3/inst/core/multiplier_towers[0].multiplier_products[1].multiplier/reciprocal_high_stage2_reg__0
  -------------------------------------------------------------------
                         required time                         11.582
                         arrival time                         -11.325
  -------------------------------------------------------------------
                         slack                                  0.257

Slack (MET) :             0.257ns  (required time - arrival time)
  Source:                 d_i/evalmul3/inst/core/multiplier_towers[0].multiplier_products[1].multiplier/product_stage1_reg__0/CLK
                            (rising edge-triggered cell DSP48E1 clocked by clk_fpga_0  {rise@0.000ns fall@5.000ns period=10.000ns})
  Destination:            d_i/evalmul3/inst/core/multiplier_towers[0].multiplier_products[1].multiplier/reciprocal_high_stage2_reg__0/PCIN[44]
                            (rising edge-triggered cell DSP48E1 clocked by clk_fpga_0  {rise@0.000ns fall@5.000ns period=10.000ns})
  Path Group:             clk_fpga_0
  Path Type:              Setup (Max at Slow Process Corner)
  Requirement:            10.000ns  (clk_fpga_0 rise@10.000ns - clk_fpga_0 rise@0.000ns)
  Data Path Delay:        8.159ns  (logic 6.209ns (76.101%)  route 1.950ns (23.899%))
  Logic Levels:           9  (CARRY4=7 DSP48E1=1 LUT2=1)
  Clock Path Skew:        -0.030ns (DCD - SCD + CPR)
    Destination Clock Delay (DCD):    2.869ns = ( 12.869 - 10.000 )
    Source Clock Delay      (SCD):    3.167ns
    Clock Pessimism Removal (CPR):    0.267ns
  Clock Uncertainty:      0.154ns  ((TSJ^2 + TIJ^2)^1/2 + DJ) / 2 + PE
    Total System Jitter     (TSJ):    0.071ns
    Total Input Jitter      (TIJ):    0.300ns
    Discrete Jitter          (DJ):    0.000ns
    Phase Error              (PE):    0.000ns

    Location             Delay type                Incr(ns)  Path(ns)    Netlist Resource(s)
  -------------------------------------------------------------------    -------------------
                         (clock clk_fpga_0 rise edge)
                                                      0.000     0.000 r
    PS7_X0Y0             PS7                          0.000     0.000 r  d_i/ps7/inst/PS7_i/FCLKCLK[0]
                         net (fo=1, routed)           1.193     1.193    d_i/ps7/inst/FCLK_CLK_unbuffered[0]
    BUFGCTRL_X0Y16       BUFG (Prop_bufg_I_O)         0.101     1.294 r  d_i/ps7/inst/buffer_fclk_clk_0.FCLK_CLK_0_BUFG/O
                         net (fo=9584, routed)        1.873     3.167    d_i/evalmul3/inst/core/multiplier_towers[0].multiplier_products[1].multiplier/aclk
    DSP48_X3Y21          DSP48E1                                      r  d_i/evalmul3/inst/core/multiplier_towers[0].multiplier_products[1].multiplier/product_stage1_reg__0/CLK
  -------------------------------------------------------------------    -------------------
    DSP48_X3Y21          DSP48E1 (Prop_dsp48e1_CLK_P[0])
                                                      0.434     3.601 r  d_i/evalmul3/inst/core/multiplier_towers[0].multiplier_products[1].multiplier/product_stage1_reg__0/P[0]
                         net (fo=2, routed)           0.936     4.537    d_i/evalmul3/inst/core/multiplier_towers[0].multiplier_products[1].multiplier/p_1_in[17]
    SLICE_X93Y48         LUT2 (Prop_lut2_I0_O)        0.124     4.661 r  d_i/evalmul3/inst/core/multiplier_towers[0].multiplier_products[1].multiplier/reciprocal_low_comb_i_14/O
                         net (fo=1, routed)           0.000     4.661    d_i/evalmul3/inst/core/multiplier_towers[0].multiplier_products[1].multiplier/reciprocal_low_comb_i_14_n_0
    SLICE_X93Y48         CARRY4 (Prop_carry4_S[1]_CO[3])
                                                      0.550     5.211 r  d_i/evalmul3/inst/core/multiplier_towers[0].multiplier_products[1].multiplier/reciprocal_low_comb_i_3/CO[3]
                         net (fo=1, routed)           0.000     5.211    d_i/evalmul3/inst/core/multiplier_towers[0].multiplier_products[1].multiplier/reciprocal_low_comb_i_3_n_0
    SLICE_X93Y49         CARRY4 (Prop_carry4_CI_CO[3])
                                                      0.114     5.325 r  d_i/evalmul3/inst/core/multiplier_towers[0].multiplier_products[1].multiplier/reciprocal_low_comb_i_2/CO[3]
                         net (fo=1, routed)           0.001     5.325    d_i/evalmul3/inst/core/multiplier_towers[0].multiplier_products[1].multiplier/reciprocal_low_comb_i_2_n_0
    SLICE_X93Y50         CARRY4 (Prop_carry4_CI_CO[3])
                                                      0.114     5.439 r  d_i/evalmul3/inst/core/multiplier_towers[0].multiplier_products[1].multiplier/reciprocal_low_comb_i_1/CO[3]
                         net (fo=1, routed)           0.000     5.439    d_i/evalmul3/inst/core/multiplier_towers[0].multiplier_products[1].multiplier/reciprocal_low_comb_i_1_n_0
    SLICE_X93Y51         CARRY4 (Prop_carry4_CI_CO[3])
                                                      0.114     5.553 r  d_i/evalmul3/inst/core/multiplier_towers[0].multiplier_products[1].multiplier/reciprocal_high_comb__0_i_4/CO[3]
                         net (fo=1, routed)           0.000     5.553    d_i/evalmul3/inst/core/multiplier_towers[0].multiplier_products[1].multiplier/reciprocal_high_comb__0_i_4_n_0
    SLICE_X93Y52         CARRY4 (Prop_carry4_CI_CO[3])
                                                      0.114     5.667 r  d_i/evalmul3/inst/core/multiplier_towers[0].multiplier_products[1].multiplier/reciprocal_high_comb__0_i_3/CO[3]
                         net (fo=1, routed)           0.000     5.667    d_i/evalmul3/inst/core/multiplier_towers[0].multiplier_products[1].multiplier/reciprocal_high_comb__0_i_3_n_0
    SLICE_X93Y53         CARRY4 (Prop_carry4_CI_CO[3])
                                                      0.114     5.781 r  d_i/evalmul3/inst/core/multiplier_towers[0].multiplier_products[1].multiplier/reciprocal_high_comb__0_i_2/CO[3]
                         net (fo=1, routed)           0.000     5.781    d_i/evalmul3/inst/core/multiplier_towers[0].multiplier_products[1].multiplier/reciprocal_high_comb__0_i_2_n_0
    SLICE_X93Y54         CARRY4 (Prop_carry4_CI_O[3])
                                                      0.313     6.094 r  d_i/evalmul3/inst/core/multiplier_towers[0].multiplier_products[1].multiplier/reciprocal_high_comb__0_i_1/O[3]
                         net (fo=3, routed)           1.011     7.105    d_i/evalmul3/inst/core/multiplier_towers[0].multiplier_products[1].multiplier/product_stage1_reg__1[43]
    DSP48_X3Y24          DSP48E1 (Prop_dsp48e1_A[13]_PCOUT[44])
                                                      4.218    11.323 r  d_i/evalmul3/inst/core/multiplier_towers[0].multiplier_products[1].multiplier/reciprocal_high_comb__0/PCOUT[44]
                         net (fo=1, routed)           0.002    11.325    d_i/evalmul3/inst/core/multiplier_towers[0].multiplier_products[1].multiplier/reciprocal_high_comb__0_n_109
    DSP48_X3Y25          DSP48E1                                      r  d_i/evalmul3/inst/core/multiplier_towers[0].multiplier_products[1].multiplier/reciprocal_high_stage2_reg__0/PCIN[44]
  -------------------------------------------------------------------    -------------------

                         (clock clk_fpga_0 rise edge)
                                                     10.000    10.000 r
    PS7_X0Y0             PS7                          0.000    10.000 r  d_i/ps7/inst/PS7_i/FCLKCLK[0]
                         net (fo=1, routed)           1.088    11.088    d_i/ps7/inst/FCLK_CLK_unbuffered[0]
    BUFGCTRL_X0Y16       BUFG (Prop_bufg_I_O)         0.091    11.179 r  d_i/ps7/inst/buffer_fclk_clk_0.FCLK_CLK_0_BUFG/O
                         net (fo=9584, routed)        1.690    12.869    d_i/evalmul3/inst/core/multiplier_towers[0].multiplier_products[1].multiplier/aclk
    DSP48_X3Y25          DSP48E1                                      r  d_i/evalmul3/inst/core/multiplier_towers[0].multiplier_products[1].multiplier/reciprocal_high_stage2_reg__0/CLK
                         clock pessimism              0.267    13.137
                         clock uncertainty           -0.154    12.982
    DSP48_X3Y25          DSP48E1 (Setup_dsp48e1_CLK_PCIN[44])
                                                     -1.400    11.582    d_i/evalmul3/inst/core/multiplier_towers[0].multiplier_products[1].multiplier/reciprocal_high_stage2_reg__0
  -------------------------------------------------------------------
                         required time                         11.582
                         arrival time                         -11.325
  -------------------------------------------------------------------
                         slack                                  0.257

Slack (MET) :             0.257ns  (required time - arrival time)
  Source:                 d_i/evalmul3/inst/core/multiplier_towers[0].multiplier_products[1].multiplier/product_stage1_reg__0/CLK
                            (rising edge-triggered cell DSP48E1 clocked by clk_fpga_0  {rise@0.000ns fall@5.000ns period=10.000ns})
  Destination:            d_i/evalmul3/inst/core/multiplier_towers[0].multiplier_products[1].multiplier/reciprocal_high_stage2_reg__0/PCIN[45]
                            (rising edge-triggered cell DSP48E1 clocked by clk_fpga_0  {rise@0.000ns fall@5.000ns period=10.000ns})
  Path Group:             clk_fpga_0
  Path Type:              Setup (Max at Slow Process Corner)
  Requirement:            10.000ns  (clk_fpga_0 rise@10.000ns - clk_fpga_0 rise@0.000ns)
  Data Path Delay:        8.159ns  (logic 6.209ns (76.101%)  route 1.950ns (23.899%))
  Logic Levels:           9  (CARRY4=7 DSP48E1=1 LUT2=1)
  Clock Path Skew:        -0.030ns (DCD - SCD + CPR)
    Destination Clock Delay (DCD):    2.869ns = ( 12.869 - 10.000 )
    Source Clock Delay      (SCD):    3.167ns
    Clock Pessimism Removal (CPR):    0.267ns
  Clock Uncertainty:      0.154ns  ((TSJ^2 + TIJ^2)^1/2 + DJ) / 2 + PE
    Total System Jitter     (TSJ):    0.071ns
    Total Input Jitter      (TIJ):    0.300ns
    Discrete Jitter          (DJ):    0.000ns
    Phase Error              (PE):    0.000ns

    Location             Delay type                Incr(ns)  Path(ns)    Netlist Resource(s)
  -------------------------------------------------------------------    -------------------
                         (clock clk_fpga_0 rise edge)
                                                      0.000     0.000 r
    PS7_X0Y0             PS7                          0.000     0.000 r  d_i/ps7/inst/PS7_i/FCLKCLK[0]
                         net (fo=1, routed)           1.193     1.193    d_i/ps7/inst/FCLK_CLK_unbuffered[0]
    BUFGCTRL_X0Y16       BUFG (Prop_bufg_I_O)         0.101     1.294 r  d_i/ps7/inst/buffer_fclk_clk_0.FCLK_CLK_0_BUFG/O
                         net (fo=9584, routed)        1.873     3.167    d_i/evalmul3/inst/core/multiplier_towers[0].multiplier_products[1].multiplier/aclk
    DSP48_X3Y21          DSP48E1                                      r  d_i/evalmul3/inst/core/multiplier_towers[0].multiplier_products[1].multiplier/product_stage1_reg__0/CLK
  -------------------------------------------------------------------    -------------------
    DSP48_X3Y21          DSP48E1 (Prop_dsp48e1_CLK_P[0])
                                                      0.434     3.601 r  d_i/evalmul3/inst/core/multiplier_towers[0].multiplier_products[1].multiplier/product_stage1_reg__0/P[0]
                         net (fo=2, routed)           0.936     4.537    d_i/evalmul3/inst/core/multiplier_towers[0].multiplier_products[1].multiplier/p_1_in[17]
    SLICE_X93Y48         LUT2 (Prop_lut2_I0_O)        0.124     4.661 r  d_i/evalmul3/inst/core/multiplier_towers[0].multiplier_products[1].multiplier/reciprocal_low_comb_i_14/O
                         net (fo=1, routed)           0.000     4.661    d_i/evalmul3/inst/core/multiplier_towers[0].multiplier_products[1].multiplier/reciprocal_low_comb_i_14_n_0
    SLICE_X93Y48         CARRY4 (Prop_carry4_S[1]_CO[3])
                                                      0.550     5.211 r  d_i/evalmul3/inst/core/multiplier_towers[0].multiplier_products[1].multiplier/reciprocal_low_comb_i_3/CO[3]
                         net (fo=1, routed)           0.000     5.211    d_i/evalmul3/inst/core/multiplier_towers[0].multiplier_products[1].multiplier/reciprocal_low_comb_i_3_n_0
    SLICE_X93Y49         CARRY4 (Prop_carry4_CI_CO[3])
                                                      0.114     5.325 r  d_i/evalmul3/inst/core/multiplier_towers[0].multiplier_products[1].multiplier/reciprocal_low_comb_i_2/CO[3]
                         net (fo=1, routed)           0.001     5.325    d_i/evalmul3/inst/core/multiplier_towers[0].multiplier_products[1].multiplier/reciprocal_low_comb_i_2_n_0
    SLICE_X93Y50         CARRY4 (Prop_carry4_CI_CO[3])
                                                      0.114     5.439 r  d_i/evalmul3/inst/core/multiplier_towers[0].multiplier_products[1].multiplier/reciprocal_low_comb_i_1/CO[3]
                         net (fo=1, routed)           0.000     5.439    d_i/evalmul3/inst/core/multiplier_towers[0].multiplier_products[1].multiplier/reciprocal_low_comb_i_1_n_0
    SLICE_X93Y51         CARRY4 (Prop_carry4_CI_CO[3])
                                                      0.114     5.553 r  d_i/evalmul3/inst/core/multiplier_towers[0].multiplier_products[1].multiplier/reciprocal_high_comb__0_i_4/CO[3]
                         net (fo=1, routed)           0.000     5.553    d_i/evalmul3/inst/core/multiplier_towers[0].multiplier_products[1].multiplier/reciprocal_high_comb__0_i_4_n_0
    SLICE_X93Y52         CARRY4 (Prop_carry4_CI_CO[3])
                                                      0.114     5.667 r  d_i/evalmul3/inst/core/multiplier_towers[0].multiplier_products[1].multiplier/reciprocal_high_comb__0_i_3/CO[3]
                         net (fo=1, routed)           0.000     5.667    d_i/evalmul3/inst/core/multiplier_towers[0].multiplier_products[1].multiplier/reciprocal_high_comb__0_i_3_n_0
    SLICE_X93Y53         CARRY4 (Prop_carry4_CI_CO[3])
                                                      0.114     5.781 r  d_i/evalmul3/inst/core/multiplier_towers[0].multiplier_products[1].multiplier/reciprocal_high_comb__0_i_2/CO[3]
                         net (fo=1, routed)           0.000     5.781    d_i/evalmul3/inst/core/multiplier_towers[0].multiplier_products[1].multiplier/reciprocal_high_comb__0_i_2_n_0
    SLICE_X93Y54         CARRY4 (Prop_carry4_CI_O[3])
                                                      0.313     6.094 r  d_i/evalmul3/inst/core/multiplier_towers[0].multiplier_products[1].multiplier/reciprocal_high_comb__0_i_1/O[3]
                         net (fo=3, routed)           1.011     7.105    d_i/evalmul3/inst/core/multiplier_towers[0].multiplier_products[1].multiplier/product_stage1_reg__1[43]
    DSP48_X3Y24          DSP48E1 (Prop_dsp48e1_A[13]_PCOUT[45])
                                                      4.218    11.323 r  d_i/evalmul3/inst/core/multiplier_towers[0].multiplier_products[1].multiplier/reciprocal_high_comb__0/PCOUT[45]
                         net (fo=1, routed)           0.002    11.325    d_i/evalmul3/inst/core/multiplier_towers[0].multiplier_products[1].multiplier/reciprocal_high_comb__0_n_108
    DSP48_X3Y25          DSP48E1                                      r  d_i/evalmul3/inst/core/multiplier_towers[0].multiplier_products[1].multiplier/reciprocal_high_stage2_reg__0/PCIN[45]
  -------------------------------------------------------------------    -------------------

                         (clock clk_fpga_0 rise edge)
                                                     10.000    10.000 r
    PS7_X0Y0             PS7                          0.000    10.000 r  d_i/ps7/inst/PS7_i/FCLKCLK[0]
                         net (fo=1, routed)           1.088    11.088    d_i/ps7/inst/FCLK_CLK_unbuffered[0]
    BUFGCTRL_X0Y16       BUFG (Prop_bufg_I_O)         0.091    11.179 r  d_i/ps7/inst/buffer_fclk_clk_0.FCLK_CLK_0_BUFG/O
                         net (fo=9584, routed)        1.690    12.869    d_i/evalmul3/inst/core/multiplier_towers[0].multiplier_products[1].multiplier/aclk
    DSP48_X3Y25          DSP48E1                                      r  d_i/evalmul3/inst/core/multiplier_towers[0].multiplier_products[1].multiplier/reciprocal_high_stage2_reg__0/CLK
                         clock pessimism              0.267    13.137
                         clock uncertainty           -0.154    12.982
    DSP48_X3Y25          DSP48E1 (Setup_dsp48e1_CLK_PCIN[45])
                                                     -1.400    11.582    d_i/evalmul3/inst/core/multiplier_towers[0].multiplier_products[1].multiplier/reciprocal_high_stage2_reg__0
  -------------------------------------------------------------------
                         required time                         11.582
                         arrival time                         -11.325
  -------------------------------------------------------------------
                         slack                                  0.257

Slack (MET) :             0.257ns  (required time - arrival time)
  Source:                 d_i/evalmul3/inst/core/multiplier_towers[0].multiplier_products[1].multiplier/product_stage1_reg__0/CLK
                            (rising edge-triggered cell DSP48E1 clocked by clk_fpga_0  {rise@0.000ns fall@5.000ns period=10.000ns})
  Destination:            d_i/evalmul3/inst/core/multiplier_towers[0].multiplier_products[1].multiplier/reciprocal_high_stage2_reg__0/PCIN[46]
                            (rising edge-triggered cell DSP48E1 clocked by clk_fpga_0  {rise@0.000ns fall@5.000ns period=10.000ns})
  Path Group:             clk_fpga_0
  Path Type:              Setup (Max at Slow Process Corner)
  Requirement:            10.000ns  (clk_fpga_0 rise@10.000ns - clk_fpga_0 rise@0.000ns)
  Data Path Delay:        8.159ns  (logic 6.209ns (76.101%)  route 1.950ns (23.899%))
  Logic Levels:           9  (CARRY4=7 DSP48E1=1 LUT2=1)
  Clock Path Skew:        -0.030ns (DCD - SCD + CPR)
    Destination Clock Delay (DCD):    2.869ns = ( 12.869 - 10.000 )
    Source Clock Delay      (SCD):    3.167ns
    Clock Pessimism Removal (CPR):    0.267ns
  Clock Uncertainty:      0.154ns  ((TSJ^2 + TIJ^2)^1/2 + DJ) / 2 + PE
    Total System Jitter     (TSJ):    0.071ns
    Total Input Jitter      (TIJ):    0.300ns
    Discrete Jitter          (DJ):    0.000ns
    Phase Error              (PE):    0.000ns

    Location             Delay type                Incr(ns)  Path(ns)    Netlist Resource(s)
  -------------------------------------------------------------------    -------------------
                         (clock clk_fpga_0 rise edge)
                                                      0.000     0.000 r
    PS7_X0Y0             PS7                          0.000     0.000 r  d_i/ps7/inst/PS7_i/FCLKCLK[0]
                         net (fo=1, routed)           1.193     1.193    d_i/ps7/inst/FCLK_CLK_unbuffered[0]
    BUFGCTRL_X0Y16       BUFG (Prop_bufg_I_O)         0.101     1.294 r  d_i/ps7/inst/buffer_fclk_clk_0.FCLK_CLK_0_BUFG/O
                         net (fo=9584, routed)        1.873     3.167    d_i/evalmul3/inst/core/multiplier_towers[0].multiplier_products[1].multiplier/aclk
    DSP48_X3Y21          DSP48E1                                      r  d_i/evalmul3/inst/core/multiplier_towers[0].multiplier_products[1].multiplier/product_stage1_reg__0/CLK
  -------------------------------------------------------------------    -------------------
    DSP48_X3Y21          DSP48E1 (Prop_dsp48e1_CLK_P[0])
                                                      0.434     3.601 r  d_i/evalmul3/inst/core/multiplier_towers[0].multiplier_products[1].multiplier/product_stage1_reg__0/P[0]
                         net (fo=2, routed)           0.936     4.537    d_i/evalmul3/inst/core/multiplier_towers[0].multiplier_products[1].multiplier/p_1_in[17]
    SLICE_X93Y48         LUT2 (Prop_lut2_I0_O)        0.124     4.661 r  d_i/evalmul3/inst/core/multiplier_towers[0].multiplier_products[1].multiplier/reciprocal_low_comb_i_14/O
                         net (fo=1, routed)           0.000     4.661    d_i/evalmul3/inst/core/multiplier_towers[0].multiplier_products[1].multiplier/reciprocal_low_comb_i_14_n_0
    SLICE_X93Y48         CARRY4 (Prop_carry4_S[1]_CO[3])
                                                      0.550     5.211 r  d_i/evalmul3/inst/core/multiplier_towers[0].multiplier_products[1].multiplier/reciprocal_low_comb_i_3/CO[3]
                         net (fo=1, routed)           0.000     5.211    d_i/evalmul3/inst/core/multiplier_towers[0].multiplier_products[1].multiplier/reciprocal_low_comb_i_3_n_0
    SLICE_X93Y49         CARRY4 (Prop_carry4_CI_CO[3])
                                                      0.114     5.325 r  d_i/evalmul3/inst/core/multiplier_towers[0].multiplier_products[1].multiplier/reciprocal_low_comb_i_2/CO[3]
                         net (fo=1, routed)           0.001     5.325    d_i/evalmul3/inst/core/multiplier_towers[0].multiplier_products[1].multiplier/reciprocal_low_comb_i_2_n_0
    SLICE_X93Y50         CARRY4 (Prop_carry4_CI_CO[3])
                                                      0.114     5.439 r  d_i/evalmul3/inst/core/multiplier_towers[0].multiplier_products[1].multiplier/reciprocal_low_comb_i_1/CO[3]
                         net (fo=1, routed)           0.000     5.439    d_i/evalmul3/inst/core/multiplier_towers[0].multiplier_products[1].multiplier/reciprocal_low_comb_i_1_n_0
    SLICE_X93Y51         CARRY4 (Prop_carry4_CI_CO[3])
                                                      0.114     5.553 r  d_i/evalmul3/inst/core/multiplier_towers[0].multiplier_products[1].multiplier/reciprocal_high_comb__0_i_4/CO[3]
                         net (fo=1, routed)           0.000     5.553    d_i/evalmul3/inst/core/multiplier_towers[0].multiplier_products[1].multiplier/reciprocal_high_comb__0_i_4_n_0
    SLICE_X93Y52         CARRY4 (Prop_carry4_CI_CO[3])
                                                      0.114     5.667 r  d_i/evalmul3/inst/core/multiplier_towers[0].multiplier_products[1].multiplier/reciprocal_high_comb__0_i_3/CO[3]
                         net (fo=1, routed)           0.000     5.667    d_i/evalmul3/inst/core/multiplier_towers[0].multiplier_products[1].multiplier/reciprocal_high_comb__0_i_3_n_0
    SLICE_X93Y53         CARRY4 (Prop_carry4_CI_CO[3])
                                                      0.114     5.781 r  d_i/evalmul3/inst/core/multiplier_towers[0].multiplier_products[1].multiplier/reciprocal_high_comb__0_i_2/CO[3]
                         net (fo=1, routed)           0.000     5.781    d_i/evalmul3/inst/core/multiplier_towers[0].multiplier_products[1].multiplier/reciprocal_high_comb__0_i_2_n_0
    SLICE_X93Y54         CARRY4 (Prop_carry4_CI_O[3])
                                                      0.313     6.094 r  d_i/evalmul3/inst/core/multiplier_towers[0].multiplier_products[1].multiplier/reciprocal_high_comb__0_i_1/O[3]
                         net (fo=3, routed)           1.011     7.105    d_i/evalmul3/inst/core/multiplier_towers[0].multiplier_products[1].multiplier/product_stage1_reg__1[43]
    DSP48_X3Y24          DSP48E1 (Prop_dsp48e1_A[13]_PCOUT[46])
                                                      4.218    11.323 r  d_i/evalmul3/inst/core/multiplier_towers[0].multiplier_products[1].multiplier/reciprocal_high_comb__0/PCOUT[46]
                         net (fo=1, routed)           0.002    11.325    d_i/evalmul3/inst/core/multiplier_towers[0].multiplier_products[1].multiplier/reciprocal_high_comb__0_n_107
    DSP48_X3Y25          DSP48E1                                      r  d_i/evalmul3/inst/core/multiplier_towers[0].multiplier_products[1].multiplier/reciprocal_high_stage2_reg__0/PCIN[46]
  -------------------------------------------------------------------    -------------------

                         (clock clk_fpga_0 rise edge)
                                                     10.000    10.000 r
    PS7_X0Y0             PS7                          0.000    10.000 r  d_i/ps7/inst/PS7_i/FCLKCLK[0]
                         net (fo=1, routed)           1.088    11.088    d_i/ps7/inst/FCLK_CLK_unbuffered[0]
    BUFGCTRL_X0Y16       BUFG (Prop_bufg_I_O)         0.091    11.179 r  d_i/ps7/inst/buffer_fclk_clk_0.FCLK_CLK_0_BUFG/O
                         net (fo=9584, routed)        1.690    12.869    d_i/evalmul3/inst/core/multiplier_towers[0].multiplier_products[1].multiplier/aclk
    DSP48_X3Y25          DSP48E1                                      r  d_i/evalmul3/inst/core/multiplier_towers[0].multiplier_products[1].multiplier/reciprocal_high_stage2_reg__0/CLK
                         clock pessimism              0.267    13.137
                         clock uncertainty           -0.154    12.982
    DSP48_X3Y25          DSP48E1 (Setup_dsp48e1_CLK_PCIN[46])
                                                     -1.400    11.582    d_i/evalmul3/inst/core/multiplier_towers[0].multiplier_products[1].multiplier/reciprocal_high_stage2_reg__0
  -------------------------------------------------------------------
                         required time                         11.582
                         arrival time                         -11.325
  -------------------------------------------------------------------
                         slack                                  0.257

Slack (MET) :             0.257ns  (required time - arrival time)
  Source:                 d_i/evalmul3/inst/core/multiplier_towers[0].multiplier_products[1].multiplier/product_stage1_reg__0/CLK
                            (rising edge-triggered cell DSP48E1 clocked by clk_fpga_0  {rise@0.000ns fall@5.000ns period=10.000ns})
  Destination:            d_i/evalmul3/inst/core/multiplier_towers[0].multiplier_products[1].multiplier/reciprocal_high_stage2_reg__0/PCIN[47]
                            (rising edge-triggered cell DSP48E1 clocked by clk_fpga_0  {rise@0.000ns fall@5.000ns period=10.000ns})
  Path Group:             clk_fpga_0
  Path Type:              Setup (Max at Slow Process Corner)
  Requirement:            10.000ns  (clk_fpga_0 rise@10.000ns - clk_fpga_0 rise@0.000ns)
  Data Path Delay:        8.159ns  (logic 6.209ns (76.101%)  route 1.950ns (23.899%))
  Logic Levels:           9  (CARRY4=7 DSP48E1=1 LUT2=1)
  Clock Path Skew:        -0.030ns (DCD - SCD + CPR)
    Destination Clock Delay (DCD):    2.869ns = ( 12.869 - 10.000 )
    Source Clock Delay      (SCD):    3.167ns
    Clock Pessimism Removal (CPR):    0.267ns
  Clock Uncertainty:      0.154ns  ((TSJ^2 + TIJ^2)^1/2 + DJ) / 2 + PE
    Total System Jitter     (TSJ):    0.071ns
    Total Input Jitter      (TIJ):    0.300ns
    Discrete Jitter          (DJ):    0.000ns
    Phase Error              (PE):    0.000ns

    Location             Delay type                Incr(ns)  Path(ns)    Netlist Resource(s)
  -------------------------------------------------------------------    -------------------
                         (clock clk_fpga_0 rise edge)
                                                      0.000     0.000 r
    PS7_X0Y0             PS7                          0.000     0.000 r  d_i/ps7/inst/PS7_i/FCLKCLK[0]
                         net (fo=1, routed)           1.193     1.193    d_i/ps7/inst/FCLK_CLK_unbuffered[0]
    BUFGCTRL_X0Y16       BUFG (Prop_bufg_I_O)         0.101     1.294 r  d_i/ps7/inst/buffer_fclk_clk_0.FCLK_CLK_0_BUFG/O
                         net (fo=9584, routed)        1.873     3.167    d_i/evalmul3/inst/core/multiplier_towers[0].multiplier_products[1].multiplier/aclk
    DSP48_X3Y21          DSP48E1                                      r  d_i/evalmul3/inst/core/multiplier_towers[0].multiplier_products[1].multiplier/product_stage1_reg__0/CLK
  -------------------------------------------------------------------    -------------------
    DSP48_X3Y21          DSP48E1 (Prop_dsp48e1_CLK_P[0])
                                                      0.434     3.601 r  d_i/evalmul3/inst/core/multiplier_towers[0].multiplier_products[1].multiplier/product_stage1_reg__0/P[0]
                         net (fo=2, routed)           0.936     4.537    d_i/evalmul3/inst/core/multiplier_towers[0].multiplier_products[1].multiplier/p_1_in[17]
    SLICE_X93Y48         LUT2 (Prop_lut2_I0_O)        0.124     4.661 r  d_i/evalmul3/inst/core/multiplier_towers[0].multiplier_products[1].multiplier/reciprocal_low_comb_i_14/O
                         net (fo=1, routed)           0.000     4.661    d_i/evalmul3/inst/core/multiplier_towers[0].multiplier_products[1].multiplier/reciprocal_low_comb_i_14_n_0
    SLICE_X93Y48         CARRY4 (Prop_carry4_S[1]_CO[3])
                                                      0.550     5.211 r  d_i/evalmul3/inst/core/multiplier_towers[0].multiplier_products[1].multiplier/reciprocal_low_comb_i_3/CO[3]
                         net (fo=1, routed)           0.000     5.211    d_i/evalmul3/inst/core/multiplier_towers[0].multiplier_products[1].multiplier/reciprocal_low_comb_i_3_n_0
    SLICE_X93Y49         CARRY4 (Prop_carry4_CI_CO[3])
                                                      0.114     5.325 r  d_i/evalmul3/inst/core/multiplier_towers[0].multiplier_products[1].multiplier/reciprocal_low_comb_i_2/CO[3]
                         net (fo=1, routed)           0.001     5.325    d_i/evalmul3/inst/core/multiplier_towers[0].multiplier_products[1].multiplier/reciprocal_low_comb_i_2_n_0
    SLICE_X93Y50         CARRY4 (Prop_carry4_CI_CO[3])
                                                      0.114     5.439 r  d_i/evalmul3/inst/core/multiplier_towers[0].multiplier_products[1].multiplier/reciprocal_low_comb_i_1/CO[3]
                         net (fo=1, routed)           0.000     5.439    d_i/evalmul3/inst/core/multiplier_towers[0].multiplier_products[1].multiplier/reciprocal_low_comb_i_1_n_0
    SLICE_X93Y51         CARRY4 (Prop_carry4_CI_CO[3])
                                                      0.114     5.553 r  d_i/evalmul3/inst/core/multiplier_towers[0].multiplier_products[1].multiplier/reciprocal_high_comb__0_i_4/CO[3]
                         net (fo=1, routed)           0.000     5.553    d_i/evalmul3/inst/core/multiplier_towers[0].multiplier_products[1].multiplier/reciprocal_high_comb__0_i_4_n_0
    SLICE_X93Y52         CARRY4 (Prop_carry4_CI_CO[3])
                                                      0.114     5.667 r  d_i/evalmul3/inst/core/multiplier_towers[0].multiplier_products[1].multiplier/reciprocal_high_comb__0_i_3/CO[3]
                         net (fo=1, routed)           0.000     5.667    d_i/evalmul3/inst/core/multiplier_towers[0].multiplier_products[1].multiplier/reciprocal_high_comb__0_i_3_n_0
    SLICE_X93Y53         CARRY4 (Prop_carry4_CI_CO[3])
                                                      0.114     5.781 r  d_i/evalmul3/inst/core/multiplier_towers[0].multiplier_products[1].multiplier/reciprocal_high_comb__0_i_2/CO[3]
                         net (fo=1, routed)           0.000     5.781    d_i/evalmul3/inst/core/multiplier_towers[0].multiplier_products[1].multiplier/reciprocal_high_comb__0_i_2_n_0
    SLICE_X93Y54         CARRY4 (Prop_carry4_CI_O[3])
                                                      0.313     6.094 r  d_i/evalmul3/inst/core/multiplier_towers[0].multiplier_products[1].multiplier/reciprocal_high_comb__0_i_1/O[3]
                         net (fo=3, routed)           1.011     7.105    d_i/evalmul3/inst/core/multiplier_towers[0].multiplier_products[1].multiplier/product_stage1_reg__1[43]
    DSP48_X3Y24          DSP48E1 (Prop_dsp48e1_A[13]_PCOUT[47])
                                                      4.218    11.323 r  d_i/evalmul3/inst/core/multiplier_towers[0].multiplier_products[1].multiplier/reciprocal_high_comb__0/PCOUT[47]
                         net (fo=1, routed)           0.002    11.325    d_i/evalmul3/inst/core/multiplier_towers[0].multiplier_products[1].multiplier/reciprocal_high_comb__0_n_106
    DSP48_X3Y25          DSP48E1                                      r  d_i/evalmul3/inst/core/multiplier_towers[0].multiplier_products[1].multiplier/reciprocal_high_stage2_reg__0/PCIN[47]
  -------------------------------------------------------------------    -------------------

                         (clock clk_fpga_0 rise edge)
                                                     10.000    10.000 r
    PS7_X0Y0             PS7                          0.000    10.000 r  d_i/ps7/inst/PS7_i/FCLKCLK[0]
                         net (fo=1, routed)           1.088    11.088    d_i/ps7/inst/FCLK_CLK_unbuffered[0]
    BUFGCTRL_X0Y16       BUFG (Prop_bufg_I_O)         0.091    11.179 r  d_i/ps7/inst/buffer_fclk_clk_0.FCLK_CLK_0_BUFG/O
                         net (fo=9584, routed)        1.690    12.869    d_i/evalmul3/inst/core/multiplier_towers[0].multiplier_products[1].multiplier/aclk
    DSP48_X3Y25          DSP48E1                                      r  d_i/evalmul3/inst/core/multiplier_towers[0].multiplier_products[1].multiplier/reciprocal_high_stage2_reg__0/CLK
                         clock pessimism              0.267    13.137
                         clock uncertainty           -0.154    12.982
    DSP48_X3Y25          DSP48E1 (Setup_dsp48e1_CLK_PCIN[47])
                                                     -1.400    11.582    d_i/evalmul3/inst/core/multiplier_towers[0].multiplier_products[1].multiplier/reciprocal_high_stage2_reg__0
  -------------------------------------------------------------------
                         required time                         11.582
                         arrival time                         -11.325
  -------------------------------------------------------------------
                         slack                                  0.257

Slack (MET) :             0.257ns  (required time - arrival time)
  Source:                 d_i/evalmul3/inst/core/multiplier_towers[0].multiplier_products[1].multiplier/product_stage1_reg__0/CLK
                            (rising edge-triggered cell DSP48E1 clocked by clk_fpga_0  {rise@0.000ns fall@5.000ns period=10.000ns})
  Destination:            d_i/evalmul3/inst/core/multiplier_towers[0].multiplier_products[1].multiplier/reciprocal_high_stage2_reg__0/PCIN[4]
                            (rising edge-triggered cell DSP48E1 clocked by clk_fpga_0  {rise@0.000ns fall@5.000ns period=10.000ns})
  Path Group:             clk_fpga_0
  Path Type:              Setup (Max at Slow Process Corner)
  Requirement:            10.000ns  (clk_fpga_0 rise@10.000ns - clk_fpga_0 rise@0.000ns)
  Data Path Delay:        8.159ns  (logic 6.209ns (76.101%)  route 1.950ns (23.899%))
  Logic Levels:           9  (CARRY4=7 DSP48E1=1 LUT2=1)
  Clock Path Skew:        -0.030ns (DCD - SCD + CPR)
    Destination Clock Delay (DCD):    2.869ns = ( 12.869 - 10.000 )
    Source Clock Delay      (SCD):    3.167ns
    Clock Pessimism Removal (CPR):    0.267ns
  Clock Uncertainty:      0.154ns  ((TSJ^2 + TIJ^2)^1/2 + DJ) / 2 + PE
    Total System Jitter     (TSJ):    0.071ns
    Total Input Jitter      (TIJ):    0.300ns
    Discrete Jitter          (DJ):    0.000ns
    Phase Error              (PE):    0.000ns

    Location             Delay type                Incr(ns)  Path(ns)    Netlist Resource(s)
  -------------------------------------------------------------------    -------------------
                         (clock clk_fpga_0 rise edge)
                                                      0.000     0.000 r
    PS7_X0Y0             PS7                          0.000     0.000 r  d_i/ps7/inst/PS7_i/FCLKCLK[0]
                         net (fo=1, routed)           1.193     1.193    d_i/ps7/inst/FCLK_CLK_unbuffered[0]
    BUFGCTRL_X0Y16       BUFG (Prop_bufg_I_O)         0.101     1.294 r  d_i/ps7/inst/buffer_fclk_clk_0.FCLK_CLK_0_BUFG/O
                         net (fo=9584, routed)        1.873     3.167    d_i/evalmul3/inst/core/multiplier_towers[0].multiplier_products[1].multiplier/aclk
    DSP48_X3Y21          DSP48E1                                      r  d_i/evalmul3/inst/core/multiplier_towers[0].multiplier_products[1].multiplier/product_stage1_reg__0/CLK
  -------------------------------------------------------------------    -------------------
    DSP48_X3Y21          DSP48E1 (Prop_dsp48e1_CLK_P[0])
                                                      0.434     3.601 r  d_i/evalmul3/inst/core/multiplier_towers[0].multiplier_products[1].multiplier/product_stage1_reg__0/P[0]
                         net (fo=2, routed)           0.936     4.537    d_i/evalmul3/inst/core/multiplier_towers[0].multiplier_products[1].multiplier/p_1_in[17]
    SLICE_X93Y48         LUT2 (Prop_lut2_I0_O)        0.124     4.661 r  d_i/evalmul3/inst/core/multiplier_towers[0].multiplier_products[1].multiplier/reciprocal_low_comb_i_14/O
                         net (fo=1, routed)           0.000     4.661    d_i/evalmul3/inst/core/multiplier_towers[0].multiplier_products[1].multiplier/reciprocal_low_comb_i_14_n_0
    SLICE_X93Y48         CARRY4 (Prop_carry4_S[1]_CO[3])
                                                      0.550     5.211 r  d_i/evalmul3/inst/core/multiplier_towers[0].multiplier_products[1].multiplier/reciprocal_low_comb_i_3/CO[3]
                         net (fo=1, routed)           0.000     5.211    d_i/evalmul3/inst/core/multiplier_towers[0].multiplier_products[1].multiplier/reciprocal_low_comb_i_3_n_0
    SLICE_X93Y49         CARRY4 (Prop_carry4_CI_CO[3])
                                                      0.114     5.325 r  d_i/evalmul3/inst/core/multiplier_towers[0].multiplier_products[1].multiplier/reciprocal_low_comb_i_2/CO[3]
                         net (fo=1, routed)           0.001     5.325    d_i/evalmul3/inst/core/multiplier_towers[0].multiplier_products[1].multiplier/reciprocal_low_comb_i_2_n_0
    SLICE_X93Y50         CARRY4 (Prop_carry4_CI_CO[3])
                                                      0.114     5.439 r  d_i/evalmul3/inst/core/multiplier_towers[0].multiplier_products[1].multiplier/reciprocal_low_comb_i_1/CO[3]
                         net (fo=1, routed)           0.000     5.439    d_i/evalmul3/inst/core/multiplier_towers[0].multiplier_products[1].multiplier/reciprocal_low_comb_i_1_n_0
    SLICE_X93Y51         CARRY4 (Prop_carry4_CI_CO[3])
                                                      0.114     5.553 r  d_i/evalmul3/inst/core/multiplier_towers[0].multiplier_products[1].multiplier/reciprocal_high_comb__0_i_4/CO[3]
                         net (fo=1, routed)           0.000     5.553    d_i/evalmul3/inst/core/multiplier_towers[0].multiplier_products[1].multiplier/reciprocal_high_comb__0_i_4_n_0
    SLICE_X93Y52         CARRY4 (Prop_carry4_CI_CO[3])
                                                      0.114     5.667 r  d_i/evalmul3/inst/core/multiplier_towers[0].multiplier_products[1].multiplier/reciprocal_high_comb__0_i_3/CO[3]
                         net (fo=1, routed)           0.000     5.667    d_i/evalmul3/inst/core/multiplier_towers[0].multiplier_products[1].multiplier/reciprocal_high_comb__0_i_3_n_0
    SLICE_X93Y53         CARRY4 (Prop_carry4_CI_CO[3])
                                                      0.114     5.781 r  d_i/evalmul3/inst/core/multiplier_towers[0].multiplier_products[1].multiplier/reciprocal_high_comb__0_i_2/CO[3]
                         net (fo=1, routed)           0.000     5.781    d_i/evalmul3/inst/core/multiplier_towers[0].multiplier_products[1].multiplier/reciprocal_high_comb__0_i_2_n_0
    SLICE_X93Y54         CARRY4 (Prop_carry4_CI_O[3])
                                                      0.313     6.094 r  d_i/evalmul3/inst/core/multiplier_towers[0].multiplier_products[1].multiplier/reciprocal_high_comb__0_i_1/O[3]
                         net (fo=3, routed)           1.011     7.105    d_i/evalmul3/inst/core/multiplier_towers[0].multiplier_products[1].multiplier/product_stage1_reg__1[43]
    DSP48_X3Y24          DSP48E1 (Prop_dsp48e1_A[13]_PCOUT[4])
                                                      4.218    11.323 r  d_i/evalmul3/inst/core/multiplier_towers[0].multiplier_products[1].multiplier/reciprocal_high_comb__0/PCOUT[4]
                         net (fo=1, routed)           0.002    11.325    d_i/evalmul3/inst/core/multiplier_towers[0].multiplier_products[1].multiplier/reciprocal_high_comb__0_n_149
    DSP48_X3Y25          DSP48E1                                      r  d_i/evalmul3/inst/core/multiplier_towers[0].multiplier_products[1].multiplier/reciprocal_high_stage2_reg__0/PCIN[4]
  -------------------------------------------------------------------    -------------------

                         (clock clk_fpga_0 rise edge)
                                                     10.000    10.000 r
    PS7_X0Y0             PS7                          0.000    10.000 r  d_i/ps7/inst/PS7_i/FCLKCLK[0]
                         net (fo=1, routed)           1.088    11.088    d_i/ps7/inst/FCLK_CLK_unbuffered[0]
    BUFGCTRL_X0Y16       BUFG (Prop_bufg_I_O)         0.091    11.179 r  d_i/ps7/inst/buffer_fclk_clk_0.FCLK_CLK_0_BUFG/O
                         net (fo=9584, routed)        1.690    12.869    d_i/evalmul3/inst/core/multiplier_towers[0].multiplier_products[1].multiplier/aclk
    DSP48_X3Y25          DSP48E1                                      r  d_i/evalmul3/inst/core/multiplier_towers[0].multiplier_products[1].multiplier/reciprocal_high_stage2_reg__0/CLK
                         clock pessimism              0.267    13.137
                         clock uncertainty           -0.154    12.982
    DSP48_X3Y25          DSP48E1 (Setup_dsp48e1_CLK_PCIN[4])
                                                     -1.400    11.582    d_i/evalmul3/inst/core/multiplier_towers[0].multiplier_products[1].multiplier/reciprocal_high_stage2_reg__0
  -------------------------------------------------------------------
                         required time                         11.582
                         arrival time                         -11.325
  -------------------------------------------------------------------
                         slack                                  0.257

Slack (MET) :             0.257ns  (required time - arrival time)
  Source:                 d_i/evalmul3/inst/core/multiplier_towers[0].multiplier_products[1].multiplier/product_stage1_reg__0/CLK
                            (rising edge-triggered cell DSP48E1 clocked by clk_fpga_0  {rise@0.000ns fall@5.000ns period=10.000ns})
  Destination:            d_i/evalmul3/inst/core/multiplier_towers[0].multiplier_products[1].multiplier/reciprocal_high_stage2_reg__0/PCIN[5]
                            (rising edge-triggered cell DSP48E1 clocked by clk_fpga_0  {rise@0.000ns fall@5.000ns period=10.000ns})
  Path Group:             clk_fpga_0
  Path Type:              Setup (Max at Slow Process Corner)
  Requirement:            10.000ns  (clk_fpga_0 rise@10.000ns - clk_fpga_0 rise@0.000ns)
  Data Path Delay:        8.159ns  (logic 6.209ns (76.101%)  route 1.950ns (23.899%))
  Logic Levels:           9  (CARRY4=7 DSP48E1=1 LUT2=1)
  Clock Path Skew:        -0.030ns (DCD - SCD + CPR)
    Destination Clock Delay (DCD):    2.869ns = ( 12.869 - 10.000 )
    Source Clock Delay      (SCD):    3.167ns
    Clock Pessimism Removal (CPR):    0.267ns
  Clock Uncertainty:      0.154ns  ((TSJ^2 + TIJ^2)^1/2 + DJ) / 2 + PE
    Total System Jitter     (TSJ):    0.071ns
    Total Input Jitter      (TIJ):    0.300ns
    Discrete Jitter          (DJ):    0.000ns
    Phase Error              (PE):    0.000ns

    Location             Delay type                Incr(ns)  Path(ns)    Netlist Resource(s)
  -------------------------------------------------------------------    -------------------
                         (clock clk_fpga_0 rise edge)
                                                      0.000     0.000 r
    PS7_X0Y0             PS7                          0.000     0.000 r  d_i/ps7/inst/PS7_i/FCLKCLK[0]
                         net (fo=1, routed)           1.193     1.193    d_i/ps7/inst/FCLK_CLK_unbuffered[0]
    BUFGCTRL_X0Y16       BUFG (Prop_bufg_I_O)         0.101     1.294 r  d_i/ps7/inst/buffer_fclk_clk_0.FCLK_CLK_0_BUFG/O
                         net (fo=9584, routed)        1.873     3.167    d_i/evalmul3/inst/core/multiplier_towers[0].multiplier_products[1].multiplier/aclk
    DSP48_X3Y21          DSP48E1                                      r  d_i/evalmul3/inst/core/multiplier_towers[0].multiplier_products[1].multiplier/product_stage1_reg__0/CLK
  -------------------------------------------------------------------    -------------------
    DSP48_X3Y21          DSP48E1 (Prop_dsp48e1_CLK_P[0])
                                                      0.434     3.601 r  d_i/evalmul3/inst/core/multiplier_towers[0].multiplier_products[1].multiplier/product_stage1_reg__0/P[0]
                         net (fo=2, routed)           0.936     4.537    d_i/evalmul3/inst/core/multiplier_towers[0].multiplier_products[1].multiplier/p_1_in[17]
    SLICE_X93Y48         LUT2 (Prop_lut2_I0_O)        0.124     4.661 r  d_i/evalmul3/inst/core/multiplier_towers[0].multiplier_products[1].multiplier/reciprocal_low_comb_i_14/O
                         net (fo=1, routed)           0.000     4.661    d_i/evalmul3/inst/core/multiplier_towers[0].multiplier_products[1].multiplier/reciprocal_low_comb_i_14_n_0
    SLICE_X93Y48         CARRY4 (Prop_carry4_S[1]_CO[3])
                                                      0.550     5.211 r  d_i/evalmul3/inst/core/multiplier_towers[0].multiplier_products[1].multiplier/reciprocal_low_comb_i_3/CO[3]
                         net (fo=1, routed)           0.000     5.211    d_i/evalmul3/inst/core/multiplier_towers[0].multiplier_products[1].multiplier/reciprocal_low_comb_i_3_n_0
    SLICE_X93Y49         CARRY4 (Prop_carry4_CI_CO[3])
                                                      0.114     5.325 r  d_i/evalmul3/inst/core/multiplier_towers[0].multiplier_products[1].multiplier/reciprocal_low_comb_i_2/CO[3]
                         net (fo=1, routed)           0.001     5.325    d_i/evalmul3/inst/core/multiplier_towers[0].multiplier_products[1].multiplier/reciprocal_low_comb_i_2_n_0
    SLICE_X93Y50         CARRY4 (Prop_carry4_CI_CO[3])
                                                      0.114     5.439 r  d_i/evalmul3/inst/core/multiplier_towers[0].multiplier_products[1].multiplier/reciprocal_low_comb_i_1/CO[3]
                         net (fo=1, routed)           0.000     5.439    d_i/evalmul3/inst/core/multiplier_towers[0].multiplier_products[1].multiplier/reciprocal_low_comb_i_1_n_0
    SLICE_X93Y51         CARRY4 (Prop_carry4_CI_CO[3])
                                                      0.114     5.553 r  d_i/evalmul3/inst/core/multiplier_towers[0].multiplier_products[1].multiplier/reciprocal_high_comb__0_i_4/CO[3]
                         net (fo=1, routed)           0.000     5.553    d_i/evalmul3/inst/core/multiplier_towers[0].multiplier_products[1].multiplier/reciprocal_high_comb__0_i_4_n_0
    SLICE_X93Y52         CARRY4 (Prop_carry4_CI_CO[3])
                                                      0.114     5.667 r  d_i/evalmul3/inst/core/multiplier_towers[0].multiplier_products[1].multiplier/reciprocal_high_comb__0_i_3/CO[3]
                         net (fo=1, routed)           0.000     5.667    d_i/evalmul3/inst/core/multiplier_towers[0].multiplier_products[1].multiplier/reciprocal_high_comb__0_i_3_n_0
    SLICE_X93Y53         CARRY4 (Prop_carry4_CI_CO[3])
                                                      0.114     5.781 r  d_i/evalmul3/inst/core/multiplier_towers[0].multiplier_products[1].multiplier/reciprocal_high_comb__0_i_2/CO[3]
                         net (fo=1, routed)           0.000     5.781    d_i/evalmul3/inst/core/multiplier_towers[0].multiplier_products[1].multiplier/reciprocal_high_comb__0_i_2_n_0
    SLICE_X93Y54         CARRY4 (Prop_carry4_CI_O[3])
                                                      0.313     6.094 r  d_i/evalmul3/inst/core/multiplier_towers[0].multiplier_products[1].multiplier/reciprocal_high_comb__0_i_1/O[3]
                         net (fo=3, routed)           1.011     7.105    d_i/evalmul3/inst/core/multiplier_towers[0].multiplier_products[1].multiplier/product_stage1_reg__1[43]
    DSP48_X3Y24          DSP48E1 (Prop_dsp48e1_A[13]_PCOUT[5])
                                                      4.218    11.323 r  d_i/evalmul3/inst/core/multiplier_towers[0].multiplier_products[1].multiplier/reciprocal_high_comb__0/PCOUT[5]
                         net (fo=1, routed)           0.002    11.325    d_i/evalmul3/inst/core/multiplier_towers[0].multiplier_products[1].multiplier/reciprocal_high_comb__0_n_148
    DSP48_X3Y25          DSP48E1                                      r  d_i/evalmul3/inst/core/multiplier_towers[0].multiplier_products[1].multiplier/reciprocal_high_stage2_reg__0/PCIN[5]
  -------------------------------------------------------------------    -------------------

                         (clock clk_fpga_0 rise edge)
                                                     10.000    10.000 r
    PS7_X0Y0             PS7                          0.000    10.000 r  d_i/ps7/inst/PS7_i/FCLKCLK[0]
                         net (fo=1, routed)           1.088    11.088    d_i/ps7/inst/FCLK_CLK_unbuffered[0]
    BUFGCTRL_X0Y16       BUFG (Prop_bufg_I_O)         0.091    11.179 r  d_i/ps7/inst/buffer_fclk_clk_0.FCLK_CLK_0_BUFG/O
                         net (fo=9584, routed)        1.690    12.869    d_i/evalmul3/inst/core/multiplier_towers[0].multiplier_products[1].multiplier/aclk
    DSP48_X3Y25          DSP48E1                                      r  d_i/evalmul3/inst/core/multiplier_towers[0].multiplier_products[1].multiplier/reciprocal_high_stage2_reg__0/CLK
                         clock pessimism              0.267    13.137
                         clock uncertainty           -0.154    12.982
    DSP48_X3Y25          DSP48E1 (Setup_dsp48e1_CLK_PCIN[5])
                                                     -1.400    11.582    d_i/evalmul3/inst/core/multiplier_towers[0].multiplier_products[1].multiplier/reciprocal_high_stage2_reg__0
  -------------------------------------------------------------------
                         required time                         11.582
                         arrival time                         -11.325
  -------------------------------------------------------------------
                         slack                                  0.257

Slack (MET) :             0.257ns  (required time - arrival time)
  Source:                 d_i/evalmul3/inst/core/multiplier_towers[0].multiplier_products[1].multiplier/product_stage1_reg__0/CLK
                            (rising edge-triggered cell DSP48E1 clocked by clk_fpga_0  {rise@0.000ns fall@5.000ns period=10.000ns})
  Destination:            d_i/evalmul3/inst/core/multiplier_towers[0].multiplier_products[1].multiplier/reciprocal_high_stage2_reg__0/PCIN[6]
                            (rising edge-triggered cell DSP48E1 clocked by clk_fpga_0  {rise@0.000ns fall@5.000ns period=10.000ns})
  Path Group:             clk_fpga_0
  Path Type:              Setup (Max at Slow Process Corner)
  Requirement:            10.000ns  (clk_fpga_0 rise@10.000ns - clk_fpga_0 rise@0.000ns)
  Data Path Delay:        8.159ns  (logic 6.209ns (76.101%)  route 1.950ns (23.899%))
  Logic Levels:           9  (CARRY4=7 DSP48E1=1 LUT2=1)
  Clock Path Skew:        -0.030ns (DCD - SCD + CPR)
    Destination Clock Delay (DCD):    2.869ns = ( 12.869 - 10.000 )
    Source Clock Delay      (SCD):    3.167ns
    Clock Pessimism Removal (CPR):    0.267ns
  Clock Uncertainty:      0.154ns  ((TSJ^2 + TIJ^2)^1/2 + DJ) / 2 + PE
    Total System Jitter     (TSJ):    0.071ns
    Total Input Jitter      (TIJ):    0.300ns
    Discrete Jitter          (DJ):    0.000ns
    Phase Error              (PE):    0.000ns

    Location             Delay type                Incr(ns)  Path(ns)    Netlist Resource(s)
  -------------------------------------------------------------------    -------------------
                         (clock clk_fpga_0 rise edge)
                                                      0.000     0.000 r
    PS7_X0Y0             PS7                          0.000     0.000 r  d_i/ps7/inst/PS7_i/FCLKCLK[0]
                         net (fo=1, routed)           1.193     1.193    d_i/ps7/inst/FCLK_CLK_unbuffered[0]
    BUFGCTRL_X0Y16       BUFG (Prop_bufg_I_O)         0.101     1.294 r  d_i/ps7/inst/buffer_fclk_clk_0.FCLK_CLK_0_BUFG/O
                         net (fo=9584, routed)        1.873     3.167    d_i/evalmul3/inst/core/multiplier_towers[0].multiplier_products[1].multiplier/aclk
    DSP48_X3Y21          DSP48E1                                      r  d_i/evalmul3/inst/core/multiplier_towers[0].multiplier_products[1].multiplier/product_stage1_reg__0/CLK
  -------------------------------------------------------------------    -------------------
    DSP48_X3Y21          DSP48E1 (Prop_dsp48e1_CLK_P[0])
                                                      0.434     3.601 r  d_i/evalmul3/inst/core/multiplier_towers[0].multiplier_products[1].multiplier/product_stage1_reg__0/P[0]
                         net (fo=2, routed)           0.936     4.537    d_i/evalmul3/inst/core/multiplier_towers[0].multiplier_products[1].multiplier/p_1_in[17]
    SLICE_X93Y48         LUT2 (Prop_lut2_I0_O)        0.124     4.661 r  d_i/evalmul3/inst/core/multiplier_towers[0].multiplier_products[1].multiplier/reciprocal_low_comb_i_14/O
                         net (fo=1, routed)           0.000     4.661    d_i/evalmul3/inst/core/multiplier_towers[0].multiplier_products[1].multiplier/reciprocal_low_comb_i_14_n_0
    SLICE_X93Y48         CARRY4 (Prop_carry4_S[1]_CO[3])
                                                      0.550     5.211 r  d_i/evalmul3/inst/core/multiplier_towers[0].multiplier_products[1].multiplier/reciprocal_low_comb_i_3/CO[3]
                         net (fo=1, routed)           0.000     5.211    d_i/evalmul3/inst/core/multiplier_towers[0].multiplier_products[1].multiplier/reciprocal_low_comb_i_3_n_0
    SLICE_X93Y49         CARRY4 (Prop_carry4_CI_CO[3])
                                                      0.114     5.325 r  d_i/evalmul3/inst/core/multiplier_towers[0].multiplier_products[1].multiplier/reciprocal_low_comb_i_2/CO[3]
                         net (fo=1, routed)           0.001     5.325    d_i/evalmul3/inst/core/multiplier_towers[0].multiplier_products[1].multiplier/reciprocal_low_comb_i_2_n_0
    SLICE_X93Y50         CARRY4 (Prop_carry4_CI_CO[3])
                                                      0.114     5.439 r  d_i/evalmul3/inst/core/multiplier_towers[0].multiplier_products[1].multiplier/reciprocal_low_comb_i_1/CO[3]
                         net (fo=1, routed)           0.000     5.439    d_i/evalmul3/inst/core/multiplier_towers[0].multiplier_products[1].multiplier/reciprocal_low_comb_i_1_n_0
    SLICE_X93Y51         CARRY4 (Prop_carry4_CI_CO[3])
                                                      0.114     5.553 r  d_i/evalmul3/inst/core/multiplier_towers[0].multiplier_products[1].multiplier/reciprocal_high_comb__0_i_4/CO[3]
                         net (fo=1, routed)           0.000     5.553    d_i/evalmul3/inst/core/multiplier_towers[0].multiplier_products[1].multiplier/reciprocal_high_comb__0_i_4_n_0
    SLICE_X93Y52         CARRY4 (Prop_carry4_CI_CO[3])
                                                      0.114     5.667 r  d_i/evalmul3/inst/core/multiplier_towers[0].multiplier_products[1].multiplier/reciprocal_high_comb__0_i_3/CO[3]
                         net (fo=1, routed)           0.000     5.667    d_i/evalmul3/inst/core/multiplier_towers[0].multiplier_products[1].multiplier/reciprocal_high_comb__0_i_3_n_0
    SLICE_X93Y53         CARRY4 (Prop_carry4_CI_CO[3])
                                                      0.114     5.781 r  d_i/evalmul3/inst/core/multiplier_towers[0].multiplier_products[1].multiplier/reciprocal_high_comb__0_i_2/CO[3]
                         net (fo=1, routed)           0.000     5.781    d_i/evalmul3/inst/core/multiplier_towers[0].multiplier_products[1].multiplier/reciprocal_high_comb__0_i_2_n_0
    SLICE_X93Y54         CARRY4 (Prop_carry4_CI_O[3])
                                                      0.313     6.094 r  d_i/evalmul3/inst/core/multiplier_towers[0].multiplier_products[1].multiplier/reciprocal_high_comb__0_i_1/O[3]
                         net (fo=3, routed)           1.011     7.105    d_i/evalmul3/inst/core/multiplier_towers[0].multiplier_products[1].multiplier/product_stage1_reg__1[43]
    DSP48_X3Y24          DSP48E1 (Prop_dsp48e1_A[13]_PCOUT[6])
                                                      4.218    11.323 r  d_i/evalmul3/inst/core/multiplier_towers[0].multiplier_products[1].multiplier/reciprocal_high_comb__0/PCOUT[6]
                         net (fo=1, routed)           0.002    11.325    d_i/evalmul3/inst/core/multiplier_towers[0].multiplier_products[1].multiplier/reciprocal_high_comb__0_n_147
    DSP48_X3Y25          DSP48E1                                      r  d_i/evalmul3/inst/core/multiplier_towers[0].multiplier_products[1].multiplier/reciprocal_high_stage2_reg__0/PCIN[6]
  -------------------------------------------------------------------    -------------------

                         (clock clk_fpga_0 rise edge)
                                                     10.000    10.000 r
    PS7_X0Y0             PS7                          0.000    10.000 r  d_i/ps7/inst/PS7_i/FCLKCLK[0]
                         net (fo=1, routed)           1.088    11.088    d_i/ps7/inst/FCLK_CLK_unbuffered[0]
    BUFGCTRL_X0Y16       BUFG (Prop_bufg_I_O)         0.091    11.179 r  d_i/ps7/inst/buffer_fclk_clk_0.FCLK_CLK_0_BUFG/O
                         net (fo=9584, routed)        1.690    12.869    d_i/evalmul3/inst/core/multiplier_towers[0].multiplier_products[1].multiplier/aclk
    DSP48_X3Y25          DSP48E1                                      r  d_i/evalmul3/inst/core/multiplier_towers[0].multiplier_products[1].multiplier/reciprocal_high_stage2_reg__0/CLK
                         clock pessimism              0.267    13.137
                         clock uncertainty           -0.154    12.982
    DSP48_X3Y25          DSP48E1 (Setup_dsp48e1_CLK_PCIN[6])
                                                     -1.400    11.582    d_i/evalmul3/inst/core/multiplier_towers[0].multiplier_products[1].multiplier/reciprocal_high_stage2_reg__0
  -------------------------------------------------------------------
                         required time                         11.582
                         arrival time                         -11.325
  -------------------------------------------------------------------
                         slack                                  0.257

Slack (MET) :             0.257ns  (required time - arrival time)
  Source:                 d_i/evalmul3/inst/core/multiplier_towers[0].multiplier_products[1].multiplier/product_stage1_reg__0/CLK
                            (rising edge-triggered cell DSP48E1 clocked by clk_fpga_0  {rise@0.000ns fall@5.000ns period=10.000ns})
  Destination:            d_i/evalmul3/inst/core/multiplier_towers[0].multiplier_products[1].multiplier/reciprocal_high_stage2_reg__0/PCIN[7]
                            (rising edge-triggered cell DSP48E1 clocked by clk_fpga_0  {rise@0.000ns fall@5.000ns period=10.000ns})
  Path Group:             clk_fpga_0
  Path Type:              Setup (Max at Slow Process Corner)
  Requirement:            10.000ns  (clk_fpga_0 rise@10.000ns - clk_fpga_0 rise@0.000ns)
  Data Path Delay:        8.159ns  (logic 6.209ns (76.101%)  route 1.950ns (23.899%))
  Logic Levels:           9  (CARRY4=7 DSP48E1=1 LUT2=1)
  Clock Path Skew:        -0.030ns (DCD - SCD + CPR)
    Destination Clock Delay (DCD):    2.869ns = ( 12.869 - 10.000 )
    Source Clock Delay      (SCD):    3.167ns
    Clock Pessimism Removal (CPR):    0.267ns
  Clock Uncertainty:      0.154ns  ((TSJ^2 + TIJ^2)^1/2 + DJ) / 2 + PE
    Total System Jitter     (TSJ):    0.071ns
    Total Input Jitter      (TIJ):    0.300ns
    Discrete Jitter          (DJ):    0.000ns
    Phase Error              (PE):    0.000ns

    Location             Delay type                Incr(ns)  Path(ns)    Netlist Resource(s)
  -------------------------------------------------------------------    -------------------
                         (clock clk_fpga_0 rise edge)
                                                      0.000     0.000 r
    PS7_X0Y0             PS7                          0.000     0.000 r  d_i/ps7/inst/PS7_i/FCLKCLK[0]
                         net (fo=1, routed)           1.193     1.193    d_i/ps7/inst/FCLK_CLK_unbuffered[0]
    BUFGCTRL_X0Y16       BUFG (Prop_bufg_I_O)         0.101     1.294 r  d_i/ps7/inst/buffer_fclk_clk_0.FCLK_CLK_0_BUFG/O
                         net (fo=9584, routed)        1.873     3.167    d_i/evalmul3/inst/core/multiplier_towers[0].multiplier_products[1].multiplier/aclk
    DSP48_X3Y21          DSP48E1                                      r  d_i/evalmul3/inst/core/multiplier_towers[0].multiplier_products[1].multiplier/product_stage1_reg__0/CLK
  -------------------------------------------------------------------    -------------------
    DSP48_X3Y21          DSP48E1 (Prop_dsp48e1_CLK_P[0])
                                                      0.434     3.601 r  d_i/evalmul3/inst/core/multiplier_towers[0].multiplier_products[1].multiplier/product_stage1_reg__0/P[0]
                         net (fo=2, routed)           0.936     4.537    d_i/evalmul3/inst/core/multiplier_towers[0].multiplier_products[1].multiplier/p_1_in[17]
    SLICE_X93Y48         LUT2 (Prop_lut2_I0_O)        0.124     4.661 r  d_i/evalmul3/inst/core/multiplier_towers[0].multiplier_products[1].multiplier/reciprocal_low_comb_i_14/O
                         net (fo=1, routed)           0.000     4.661    d_i/evalmul3/inst/core/multiplier_towers[0].multiplier_products[1].multiplier/reciprocal_low_comb_i_14_n_0
    SLICE_X93Y48         CARRY4 (Prop_carry4_S[1]_CO[3])
                                                      0.550     5.211 r  d_i/evalmul3/inst/core/multiplier_towers[0].multiplier_products[1].multiplier/reciprocal_low_comb_i_3/CO[3]
                         net (fo=1, routed)           0.000     5.211    d_i/evalmul3/inst/core/multiplier_towers[0].multiplier_products[1].multiplier/reciprocal_low_comb_i_3_n_0
    SLICE_X93Y49         CARRY4 (Prop_carry4_CI_CO[3])
                                                      0.114     5.325 r  d_i/evalmul3/inst/core/multiplier_towers[0].multiplier_products[1].multiplier/reciprocal_low_comb_i_2/CO[3]
                         net (fo=1, routed)           0.001     5.325    d_i/evalmul3/inst/core/multiplier_towers[0].multiplier_products[1].multiplier/reciprocal_low_comb_i_2_n_0
    SLICE_X93Y50         CARRY4 (Prop_carry4_CI_CO[3])
                                                      0.114     5.439 r  d_i/evalmul3/inst/core/multiplier_towers[0].multiplier_products[1].multiplier/reciprocal_low_comb_i_1/CO[3]
                         net (fo=1, routed)           0.000     5.439    d_i/evalmul3/inst/core/multiplier_towers[0].multiplier_products[1].multiplier/reciprocal_low_comb_i_1_n_0
    SLICE_X93Y51         CARRY4 (Prop_carry4_CI_CO[3])
                                                      0.114     5.553 r  d_i/evalmul3/inst/core/multiplier_towers[0].multiplier_products[1].multiplier/reciprocal_high_comb__0_i_4/CO[3]
                         net (fo=1, routed)           0.000     5.553    d_i/evalmul3/inst/core/multiplier_towers[0].multiplier_products[1].multiplier/reciprocal_high_comb__0_i_4_n_0
    SLICE_X93Y52         CARRY4 (Prop_carry4_CI_CO[3])
                                                      0.114     5.667 r  d_i/evalmul3/inst/core/multiplier_towers[0].multiplier_products[1].multiplier/reciprocal_high_comb__0_i_3/CO[3]
                         net (fo=1, routed)           0.000     5.667    d_i/evalmul3/inst/core/multiplier_towers[0].multiplier_products[1].multiplier/reciprocal_high_comb__0_i_3_n_0
    SLICE_X93Y53         CARRY4 (Prop_carry4_CI_CO[3])
                                                      0.114     5.781 r  d_i/evalmul3/inst/core/multiplier_towers[0].multiplier_products[1].multiplier/reciprocal_high_comb__0_i_2/CO[3]
                         net (fo=1, routed)           0.000     5.781    d_i/evalmul3/inst/core/multiplier_towers[0].multiplier_products[1].multiplier/reciprocal_high_comb__0_i_2_n_0
    SLICE_X93Y54         CARRY4 (Prop_carry4_CI_O[3])
                                                      0.313     6.094 r  d_i/evalmul3/inst/core/multiplier_towers[0].multiplier_products[1].multiplier/reciprocal_high_comb__0_i_1/O[3]
                         net (fo=3, routed)           1.011     7.105    d_i/evalmul3/inst/core/multiplier_towers[0].multiplier_products[1].multiplier/product_stage1_reg__1[43]
    DSP48_X3Y24          DSP48E1 (Prop_dsp48e1_A[13]_PCOUT[7])
                                                      4.218    11.323 r  d_i/evalmul3/inst/core/multiplier_towers[0].multiplier_products[1].multiplier/reciprocal_high_comb__0/PCOUT[7]
                         net (fo=1, routed)           0.002    11.325    d_i/evalmul3/inst/core/multiplier_towers[0].multiplier_products[1].multiplier/reciprocal_high_comb__0_n_146
    DSP48_X3Y25          DSP48E1                                      r  d_i/evalmul3/inst/core/multiplier_towers[0].multiplier_products[1].multiplier/reciprocal_high_stage2_reg__0/PCIN[7]
  -------------------------------------------------------------------    -------------------

                         (clock clk_fpga_0 rise edge)
                                                     10.000    10.000 r
    PS7_X0Y0             PS7                          0.000    10.000 r  d_i/ps7/inst/PS7_i/FCLKCLK[0]
                         net (fo=1, routed)           1.088    11.088    d_i/ps7/inst/FCLK_CLK_unbuffered[0]
    BUFGCTRL_X0Y16       BUFG (Prop_bufg_I_O)         0.091    11.179 r  d_i/ps7/inst/buffer_fclk_clk_0.FCLK_CLK_0_BUFG/O
                         net (fo=9584, routed)        1.690    12.869    d_i/evalmul3/inst/core/multiplier_towers[0].multiplier_products[1].multiplier/aclk
    DSP48_X3Y25          DSP48E1                                      r  d_i/evalmul3/inst/core/multiplier_towers[0].multiplier_products[1].multiplier/reciprocal_high_stage2_reg__0/CLK
                         clock pessimism              0.267    13.137
                         clock uncertainty           -0.154    12.982
    DSP48_X3Y25          DSP48E1 (Setup_dsp48e1_CLK_PCIN[7])
                                                     -1.400    11.582    d_i/evalmul3/inst/core/multiplier_towers[0].multiplier_products[1].multiplier/reciprocal_high_stage2_reg__0
  -------------------------------------------------------------------
                         required time                         11.582
                         arrival time                         -11.325
  -------------------------------------------------------------------
                         slack                                  0.257

Slack (MET) :             0.257ns  (required time - arrival time)
  Source:                 d_i/evalmul3/inst/core/multiplier_towers[0].multiplier_products[1].multiplier/product_stage1_reg__0/CLK
                            (rising edge-triggered cell DSP48E1 clocked by clk_fpga_0  {rise@0.000ns fall@5.000ns period=10.000ns})
  Destination:            d_i/evalmul3/inst/core/multiplier_towers[0].multiplier_products[1].multiplier/reciprocal_high_stage2_reg__0/PCIN[8]
                            (rising edge-triggered cell DSP48E1 clocked by clk_fpga_0  {rise@0.000ns fall@5.000ns period=10.000ns})
  Path Group:             clk_fpga_0
  Path Type:              Setup (Max at Slow Process Corner)
  Requirement:            10.000ns  (clk_fpga_0 rise@10.000ns - clk_fpga_0 rise@0.000ns)
  Data Path Delay:        8.159ns  (logic 6.209ns (76.101%)  route 1.950ns (23.899%))
  Logic Levels:           9  (CARRY4=7 DSP48E1=1 LUT2=1)
  Clock Path Skew:        -0.030ns (DCD - SCD + CPR)
    Destination Clock Delay (DCD):    2.869ns = ( 12.869 - 10.000 )
    Source Clock Delay      (SCD):    3.167ns
    Clock Pessimism Removal (CPR):    0.267ns
  Clock Uncertainty:      0.154ns  ((TSJ^2 + TIJ^2)^1/2 + DJ) / 2 + PE
    Total System Jitter     (TSJ):    0.071ns
    Total Input Jitter      (TIJ):    0.300ns
    Discrete Jitter          (DJ):    0.000ns
    Phase Error              (PE):    0.000ns

    Location             Delay type                Incr(ns)  Path(ns)    Netlist Resource(s)
  -------------------------------------------------------------------    -------------------
                         (clock clk_fpga_0 rise edge)
                                                      0.000     0.000 r
    PS7_X0Y0             PS7                          0.000     0.000 r  d_i/ps7/inst/PS7_i/FCLKCLK[0]
                         net (fo=1, routed)           1.193     1.193    d_i/ps7/inst/FCLK_CLK_unbuffered[0]
    BUFGCTRL_X0Y16       BUFG (Prop_bufg_I_O)         0.101     1.294 r  d_i/ps7/inst/buffer_fclk_clk_0.FCLK_CLK_0_BUFG/O
                         net (fo=9584, routed)        1.873     3.167    d_i/evalmul3/inst/core/multiplier_towers[0].multiplier_products[1].multiplier/aclk
    DSP48_X3Y21          DSP48E1                                      r  d_i/evalmul3/inst/core/multiplier_towers[0].multiplier_products[1].multiplier/product_stage1_reg__0/CLK
  -------------------------------------------------------------------    -------------------
    DSP48_X3Y21          DSP48E1 (Prop_dsp48e1_CLK_P[0])
                                                      0.434     3.601 r  d_i/evalmul3/inst/core/multiplier_towers[0].multiplier_products[1].multiplier/product_stage1_reg__0/P[0]
                         net (fo=2, routed)           0.936     4.537    d_i/evalmul3/inst/core/multiplier_towers[0].multiplier_products[1].multiplier/p_1_in[17]
    SLICE_X93Y48         LUT2 (Prop_lut2_I0_O)        0.124     4.661 r  d_i/evalmul3/inst/core/multiplier_towers[0].multiplier_products[1].multiplier/reciprocal_low_comb_i_14/O
                         net (fo=1, routed)           0.000     4.661    d_i/evalmul3/inst/core/multiplier_towers[0].multiplier_products[1].multiplier/reciprocal_low_comb_i_14_n_0
    SLICE_X93Y48         CARRY4 (Prop_carry4_S[1]_CO[3])
                                                      0.550     5.211 r  d_i/evalmul3/inst/core/multiplier_towers[0].multiplier_products[1].multiplier/reciprocal_low_comb_i_3/CO[3]
                         net (fo=1, routed)           0.000     5.211    d_i/evalmul3/inst/core/multiplier_towers[0].multiplier_products[1].multiplier/reciprocal_low_comb_i_3_n_0
    SLICE_X93Y49         CARRY4 (Prop_carry4_CI_CO[3])
                                                      0.114     5.325 r  d_i/evalmul3/inst/core/multiplier_towers[0].multiplier_products[1].multiplier/reciprocal_low_comb_i_2/CO[3]
                         net (fo=1, routed)           0.001     5.325    d_i/evalmul3/inst/core/multiplier_towers[0].multiplier_products[1].multiplier/reciprocal_low_comb_i_2_n_0
    SLICE_X93Y50         CARRY4 (Prop_carry4_CI_CO[3])
                                                      0.114     5.439 r  d_i/evalmul3/inst/core/multiplier_towers[0].multiplier_products[1].multiplier/reciprocal_low_comb_i_1/CO[3]
                         net (fo=1, routed)           0.000     5.439    d_i/evalmul3/inst/core/multiplier_towers[0].multiplier_products[1].multiplier/reciprocal_low_comb_i_1_n_0
    SLICE_X93Y51         CARRY4 (Prop_carry4_CI_CO[3])
                                                      0.114     5.553 r  d_i/evalmul3/inst/core/multiplier_towers[0].multiplier_products[1].multiplier/reciprocal_high_comb__0_i_4/CO[3]
                         net (fo=1, routed)           0.000     5.553    d_i/evalmul3/inst/core/multiplier_towers[0].multiplier_products[1].multiplier/reciprocal_high_comb__0_i_4_n_0
    SLICE_X93Y52         CARRY4 (Prop_carry4_CI_CO[3])
                                                      0.114     5.667 r  d_i/evalmul3/inst/core/multiplier_towers[0].multiplier_products[1].multiplier/reciprocal_high_comb__0_i_3/CO[3]
                         net (fo=1, routed)           0.000     5.667    d_i/evalmul3/inst/core/multiplier_towers[0].multiplier_products[1].multiplier/reciprocal_high_comb__0_i_3_n_0
    SLICE_X93Y53         CARRY4 (Prop_carry4_CI_CO[3])
                                                      0.114     5.781 r  d_i/evalmul3/inst/core/multiplier_towers[0].multiplier_products[1].multiplier/reciprocal_high_comb__0_i_2/CO[3]
                         net (fo=1, routed)           0.000     5.781    d_i/evalmul3/inst/core/multiplier_towers[0].multiplier_products[1].multiplier/reciprocal_high_comb__0_i_2_n_0
    SLICE_X93Y54         CARRY4 (Prop_carry4_CI_O[3])
                                                      0.313     6.094 r  d_i/evalmul3/inst/core/multiplier_towers[0].multiplier_products[1].multiplier/reciprocal_high_comb__0_i_1/O[3]
                         net (fo=3, routed)           1.011     7.105    d_i/evalmul3/inst/core/multiplier_towers[0].multiplier_products[1].multiplier/product_stage1_reg__1[43]
    DSP48_X3Y24          DSP48E1 (Prop_dsp48e1_A[13]_PCOUT[8])
                                                      4.218    11.323 r  d_i/evalmul3/inst/core/multiplier_towers[0].multiplier_products[1].multiplier/reciprocal_high_comb__0/PCOUT[8]
                         net (fo=1, routed)           0.002    11.325    d_i/evalmul3/inst/core/multiplier_towers[0].multiplier_products[1].multiplier/reciprocal_high_comb__0_n_145
    DSP48_X3Y25          DSP48E1                                      r  d_i/evalmul3/inst/core/multiplier_towers[0].multiplier_products[1].multiplier/reciprocal_high_stage2_reg__0/PCIN[8]
  -------------------------------------------------------------------    -------------------

                         (clock clk_fpga_0 rise edge)
                                                     10.000    10.000 r
    PS7_X0Y0             PS7                          0.000    10.000 r  d_i/ps7/inst/PS7_i/FCLKCLK[0]
                         net (fo=1, routed)           1.088    11.088    d_i/ps7/inst/FCLK_CLK_unbuffered[0]
    BUFGCTRL_X0Y16       BUFG (Prop_bufg_I_O)         0.091    11.179 r  d_i/ps7/inst/buffer_fclk_clk_0.FCLK_CLK_0_BUFG/O
                         net (fo=9584, routed)        1.690    12.869    d_i/evalmul3/inst/core/multiplier_towers[0].multiplier_products[1].multiplier/aclk
    DSP48_X3Y25          DSP48E1                                      r  d_i/evalmul3/inst/core/multiplier_towers[0].multiplier_products[1].multiplier/reciprocal_high_stage2_reg__0/CLK
                         clock pessimism              0.267    13.137
                         clock uncertainty           -0.154    12.982
    DSP48_X3Y25          DSP48E1 (Setup_dsp48e1_CLK_PCIN[8])
                                                     -1.400    11.582    d_i/evalmul3/inst/core/multiplier_towers[0].multiplier_products[1].multiplier/reciprocal_high_stage2_reg__0
  -------------------------------------------------------------------
                         required time                         11.582
                         arrival time                         -11.325
  -------------------------------------------------------------------
                         slack                                  0.257

Slack (MET) :             0.257ns  (required time - arrival time)
  Source:                 d_i/evalmul3/inst/core/multiplier_towers[0].multiplier_products[1].multiplier/product_stage1_reg__0/CLK
                            (rising edge-triggered cell DSP48E1 clocked by clk_fpga_0  {rise@0.000ns fall@5.000ns period=10.000ns})
  Destination:            d_i/evalmul3/inst/core/multiplier_towers[0].multiplier_products[1].multiplier/reciprocal_high_stage2_reg__0/PCIN[9]
                            (rising edge-triggered cell DSP48E1 clocked by clk_fpga_0  {rise@0.000ns fall@5.000ns period=10.000ns})
  Path Group:             clk_fpga_0
  Path Type:              Setup (Max at Slow Process Corner)
  Requirement:            10.000ns  (clk_fpga_0 rise@10.000ns - clk_fpga_0 rise@0.000ns)
  Data Path Delay:        8.159ns  (logic 6.209ns (76.101%)  route 1.950ns (23.899%))
  Logic Levels:           9  (CARRY4=7 DSP48E1=1 LUT2=1)
  Clock Path Skew:        -0.030ns (DCD - SCD + CPR)
    Destination Clock Delay (DCD):    2.869ns = ( 12.869 - 10.000 )
    Source Clock Delay      (SCD):    3.167ns
    Clock Pessimism Removal (CPR):    0.267ns
  Clock Uncertainty:      0.154ns  ((TSJ^2 + TIJ^2)^1/2 + DJ) / 2 + PE
    Total System Jitter     (TSJ):    0.071ns
    Total Input Jitter      (TIJ):    0.300ns
    Discrete Jitter          (DJ):    0.000ns
    Phase Error              (PE):    0.000ns

    Location             Delay type                Incr(ns)  Path(ns)    Netlist Resource(s)
  -------------------------------------------------------------------    -------------------
                         (clock clk_fpga_0 rise edge)
                                                      0.000     0.000 r
    PS7_X0Y0             PS7                          0.000     0.000 r  d_i/ps7/inst/PS7_i/FCLKCLK[0]
                         net (fo=1, routed)           1.193     1.193    d_i/ps7/inst/FCLK_CLK_unbuffered[0]
    BUFGCTRL_X0Y16       BUFG (Prop_bufg_I_O)         0.101     1.294 r  d_i/ps7/inst/buffer_fclk_clk_0.FCLK_CLK_0_BUFG/O
                         net (fo=9584, routed)        1.873     3.167    d_i/evalmul3/inst/core/multiplier_towers[0].multiplier_products[1].multiplier/aclk
    DSP48_X3Y21          DSP48E1                                      r  d_i/evalmul3/inst/core/multiplier_towers[0].multiplier_products[1].multiplier/product_stage1_reg__0/CLK
  -------------------------------------------------------------------    -------------------
    DSP48_X3Y21          DSP48E1 (Prop_dsp48e1_CLK_P[0])
                                                      0.434     3.601 r  d_i/evalmul3/inst/core/multiplier_towers[0].multiplier_products[1].multiplier/product_stage1_reg__0/P[0]
                         net (fo=2, routed)           0.936     4.537    d_i/evalmul3/inst/core/multiplier_towers[0].multiplier_products[1].multiplier/p_1_in[17]
    SLICE_X93Y48         LUT2 (Prop_lut2_I0_O)        0.124     4.661 r  d_i/evalmul3/inst/core/multiplier_towers[0].multiplier_products[1].multiplier/reciprocal_low_comb_i_14/O
                         net (fo=1, routed)           0.000     4.661    d_i/evalmul3/inst/core/multiplier_towers[0].multiplier_products[1].multiplier/reciprocal_low_comb_i_14_n_0
    SLICE_X93Y48         CARRY4 (Prop_carry4_S[1]_CO[3])
                                                      0.550     5.211 r  d_i/evalmul3/inst/core/multiplier_towers[0].multiplier_products[1].multiplier/reciprocal_low_comb_i_3/CO[3]
                         net (fo=1, routed)           0.000     5.211    d_i/evalmul3/inst/core/multiplier_towers[0].multiplier_products[1].multiplier/reciprocal_low_comb_i_3_n_0
    SLICE_X93Y49         CARRY4 (Prop_carry4_CI_CO[3])
                                                      0.114     5.325 r  d_i/evalmul3/inst/core/multiplier_towers[0].multiplier_products[1].multiplier/reciprocal_low_comb_i_2/CO[3]
                         net (fo=1, routed)           0.001     5.325    d_i/evalmul3/inst/core/multiplier_towers[0].multiplier_products[1].multiplier/reciprocal_low_comb_i_2_n_0
    SLICE_X93Y50         CARRY4 (Prop_carry4_CI_CO[3])
                                                      0.114     5.439 r  d_i/evalmul3/inst/core/multiplier_towers[0].multiplier_products[1].multiplier/reciprocal_low_comb_i_1/CO[3]
                         net (fo=1, routed)           0.000     5.439    d_i/evalmul3/inst/core/multiplier_towers[0].multiplier_products[1].multiplier/reciprocal_low_comb_i_1_n_0
    SLICE_X93Y51         CARRY4 (Prop_carry4_CI_CO[3])
                                                      0.114     5.553 r  d_i/evalmul3/inst/core/multiplier_towers[0].multiplier_products[1].multiplier/reciprocal_high_comb__0_i_4/CO[3]
                         net (fo=1, routed)           0.000     5.553    d_i/evalmul3/inst/core/multiplier_towers[0].multiplier_products[1].multiplier/reciprocal_high_comb__0_i_4_n_0
    SLICE_X93Y52         CARRY4 (Prop_carry4_CI_CO[3])
                                                      0.114     5.667 r  d_i/evalmul3/inst/core/multiplier_towers[0].multiplier_products[1].multiplier/reciprocal_high_comb__0_i_3/CO[3]
                         net (fo=1, routed)           0.000     5.667    d_i/evalmul3/inst/core/multiplier_towers[0].multiplier_products[1].multiplier/reciprocal_high_comb__0_i_3_n_0
    SLICE_X93Y53         CARRY4 (Prop_carry4_CI_CO[3])
                                                      0.114     5.781 r  d_i/evalmul3/inst/core/multiplier_towers[0].multiplier_products[1].multiplier/reciprocal_high_comb__0_i_2/CO[3]
                         net (fo=1, routed)           0.000     5.781    d_i/evalmul3/inst/core/multiplier_towers[0].multiplier_products[1].multiplier/reciprocal_high_comb__0_i_2_n_0
    SLICE_X93Y54         CARRY4 (Prop_carry4_CI_O[3])
                                                      0.313     6.094 r  d_i/evalmul3/inst/core/multiplier_towers[0].multiplier_products[1].multiplier/reciprocal_high_comb__0_i_1/O[3]
                         net (fo=3, routed)           1.011     7.105    d_i/evalmul3/inst/core/multiplier_towers[0].multiplier_products[1].multiplier/product_stage1_reg__1[43]
    DSP48_X3Y24          DSP48E1 (Prop_dsp48e1_A[13]_PCOUT[9])
                                                      4.218    11.323 r  d_i/evalmul3/inst/core/multiplier_towers[0].multiplier_products[1].multiplier/reciprocal_high_comb__0/PCOUT[9]
                         net (fo=1, routed)           0.002    11.325    d_i/evalmul3/inst/core/multiplier_towers[0].multiplier_products[1].multiplier/reciprocal_high_comb__0_n_144
    DSP48_X3Y25          DSP48E1                                      r  d_i/evalmul3/inst/core/multiplier_towers[0].multiplier_products[1].multiplier/reciprocal_high_stage2_reg__0/PCIN[9]
  -------------------------------------------------------------------    -------------------

                         (clock clk_fpga_0 rise edge)
                                                     10.000    10.000 r
    PS7_X0Y0             PS7                          0.000    10.000 r  d_i/ps7/inst/PS7_i/FCLKCLK[0]
                         net (fo=1, routed)           1.088    11.088    d_i/ps7/inst/FCLK_CLK_unbuffered[0]
    BUFGCTRL_X0Y16       BUFG (Prop_bufg_I_O)         0.091    11.179 r  d_i/ps7/inst/buffer_fclk_clk_0.FCLK_CLK_0_BUFG/O
                         net (fo=9584, routed)        1.690    12.869    d_i/evalmul3/inst/core/multiplier_towers[0].multiplier_products[1].multiplier/aclk
    DSP48_X3Y25          DSP48E1                                      r  d_i/evalmul3/inst/core/multiplier_towers[0].multiplier_products[1].multiplier/reciprocal_high_stage2_reg__0/CLK
                         clock pessimism              0.267    13.137
                         clock uncertainty           -0.154    12.982
    DSP48_X3Y25          DSP48E1 (Setup_dsp48e1_CLK_PCIN[9])
                                                     -1.400    11.582    d_i/evalmul3/inst/core/multiplier_towers[0].multiplier_products[1].multiplier/reciprocal_high_stage2_reg__0
  -------------------------------------------------------------------
                         required time                         11.582
                         arrival time                         -11.325
  -------------------------------------------------------------------
                         slack                                  0.257

Slack (MET) :             0.321ns  (required time - arrival time)
  Source:                 d_i/evalmul3/inst/core/multiplier_towers[0].multiplier_products[2].multiplier/reciprocal_low_comb_i_14_psdsp/C
                            (rising edge-triggered cell FDRE clocked by clk_fpga_0  {rise@0.000ns fall@5.000ns period=10.000ns})
  Destination:            d_i/evalmul3/inst/core/multiplier_towers[0].multiplier_products[2].multiplier/reciprocal_high_stage2_reg__0/PCIN[0]
                            (rising edge-triggered cell DSP48E1 clocked by clk_fpga_0  {rise@0.000ns fall@5.000ns period=10.000ns})
  Path Group:             clk_fpga_0
  Path Type:              Setup (Max at Slow Process Corner)
  Requirement:            10.000ns  (clk_fpga_0 rise@10.000ns - clk_fpga_0 rise@0.000ns)
  Data Path Delay:        8.015ns  (logic 6.219ns (77.590%)  route 1.796ns (22.410%))
  Logic Levels:           9  (CARRY4=8 DSP48E1=1)
  Clock Path Skew:        -0.110ns (DCD - SCD + CPR)
    Destination Clock Delay (DCD):    2.738ns = ( 12.738 - 10.000 )
    Source Clock Delay      (SCD):    2.963ns
    Clock Pessimism Removal (CPR):    0.115ns
  Clock Uncertainty:      0.154ns  ((TSJ^2 + TIJ^2)^1/2 + DJ) / 2 + PE
    Total System Jitter     (TSJ):    0.071ns
    Total Input Jitter      (TIJ):    0.300ns
    Discrete Jitter          (DJ):    0.000ns
    Phase Error              (PE):    0.000ns

    Location             Delay type                Incr(ns)  Path(ns)    Netlist Resource(s)
  -------------------------------------------------------------------    -------------------
                         (clock clk_fpga_0 rise edge)
                                                      0.000     0.000 r
    PS7_X0Y0             PS7                          0.000     0.000 r  d_i/ps7/inst/PS7_i/FCLKCLK[0]
                         net (fo=1, routed)           1.193     1.193    d_i/ps7/inst/FCLK_CLK_unbuffered[0]
    BUFGCTRL_X0Y16       BUFG (Prop_bufg_I_O)         0.101     1.294 r  d_i/ps7/inst/buffer_fclk_clk_0.FCLK_CLK_0_BUFG/O
                         net (fo=9584, routed)        1.669     2.963    d_i/evalmul3/inst/core/multiplier_towers[0].multiplier_products[2].multiplier/aclk
    SLICE_X37Y43         FDRE                                         r  d_i/evalmul3/inst/core/multiplier_towers[0].multiplier_products[2].multiplier/reciprocal_low_comb_i_14_psdsp/C
  -------------------------------------------------------------------    -------------------
    SLICE_X37Y43         FDRE (Prop_fdre_C_Q)         0.456     3.419 r  d_i/evalmul3/inst/core/multiplier_towers[0].multiplier_products[2].multiplier/reciprocal_low_comb_i_14_psdsp/Q
                         net (fo=2, routed)           0.626     4.045    d_i/evalmul3/inst/core/multiplier_towers[0].multiplier_products[2].multiplier/p_1_in[17]
    SLICE_X36Y43         CARRY4 (Prop_carry4_DI[1]_CO[3])
                                                      0.520     4.565 r  d_i/evalmul3/inst/core/multiplier_towers[0].multiplier_products[2].multiplier/reciprocal_low_comb_i_3/CO[3]
                         net (fo=1, routed)           0.000     4.565    d_i/evalmul3/inst/core/multiplier_towers[0].multiplier_products[2].multiplier/reciprocal_low_comb_i_3_n_0
    SLICE_X36Y44         CARRY4 (Prop_carry4_CI_CO[3])
                                                      0.117     4.682 r  d_i/evalmul3/inst/core/multiplier_towers[0].multiplier_products[2].multiplier/reciprocal_low_comb_i_2/CO[3]
                         net (fo=1, routed)           0.000     4.682    d_i/evalmul3/inst/core/multiplier_towers[0].multiplier_products[2].multiplier/reciprocal_low_comb_i_2_n_0
    SLICE_X36Y45         CARRY4 (Prop_carry4_CI_CO[3])
                                                      0.117     4.799 r  d_i/evalmul3/inst/core/multiplier_towers[0].multiplier_products[2].multiplier/reciprocal_low_comb_i_1/CO[3]
                         net (fo=1, routed)           0.000     4.799    d_i/evalmul3/inst/core/multiplier_towers[0].multiplier_products[2].multiplier/reciprocal_low_comb_i_1_n_0
    SLICE_X36Y46         CARRY4 (Prop_carry4_CI_CO[3])
                                                      0.117     4.916 r  d_i/evalmul3/inst/core/multiplier_towers[0].multiplier_products[2].multiplier/reciprocal_high_comb__0_i_4/CO[3]
                         net (fo=1, routed)           0.000     4.916    d_i/evalmul3/inst/core/multiplier_towers[0].multiplier_products[2].multiplier/reciprocal_high_comb__0_i_4_n_0
    SLICE_X36Y47         CARRY4 (Prop_carry4_CI_CO[3])
                                                      0.117     5.033 r  d_i/evalmul3/inst/core/multiplier_towers[0].multiplier_products[2].multiplier/reciprocal_high_comb__0_i_3/CO[3]
                         net (fo=1, routed)           0.000     5.033    d_i/evalmul3/inst/core/multiplier_towers[0].multiplier_products[2].multiplier/reciprocal_high_comb__0_i_3_n_0
    SLICE_X36Y48         CARRY4 (Prop_carry4_CI_CO[3])
                                                      0.117     5.150 r  d_i/evalmul3/inst/core/multiplier_towers[0].multiplier_products[2].multiplier/reciprocal_high_comb__0_i_2/CO[3]
                         net (fo=1, routed)           0.000     5.150    d_i/evalmul3/inst/core/multiplier_towers[0].multiplier_products[2].multiplier/reciprocal_high_comb__0_i_2_n_0
    SLICE_X36Y49         CARRY4 (Prop_carry4_CI_CO[3])
                                                      0.117     5.267 r  d_i/evalmul3/inst/core/multiplier_towers[0].multiplier_products[2].multiplier/reciprocal_high_comb__0_i_1/CO[3]
                         net (fo=1, routed)           0.001     5.268    d_i/evalmul3/inst/core/multiplier_towers[0].multiplier_products[2].multiplier/reciprocal_high_comb__0_i_1_n_0
    SLICE_X36Y50         CARRY4 (Prop_carry4_CI_O[1])
                                                      0.323     5.591 r  d_i/evalmul3/inst/core/multiplier_towers[0].multiplier_products[2].multiplier/reciprocal_high_comb_i_4/O[1]
                         net (fo=3, routed)           1.167     6.758    d_i/evalmul3/inst/core/multiplier_towers[0].multiplier_products[2].multiplier/product_stage1_reg__1[45]
    DSP48_X2Y26          DSP48E1 (Prop_dsp48e1_A[15]_PCOUT[0])
                                                      4.218    10.976 r  d_i/evalmul3/inst/core/multiplier_towers[0].multiplier_products[2].multiplier/reciprocal_high_comb__0/PCOUT[0]
                         net (fo=1, routed)           0.002    10.978    d_i/evalmul3/inst/core/multiplier_towers[0].multiplier_products[2].multiplier/reciprocal_high_comb__0_n_153
    DSP48_X2Y27          DSP48E1                                      r  d_i/evalmul3/inst/core/multiplier_towers[0].multiplier_products[2].multiplier/reciprocal_high_stage2_reg__0/PCIN[0]
  -------------------------------------------------------------------    -------------------

                         (clock clk_fpga_0 rise edge)
                                                     10.000    10.000 r
    PS7_X0Y0             PS7                          0.000    10.000 r  d_i/ps7/inst/PS7_i/FCLKCLK[0]
                         net (fo=1, routed)           1.088    11.088    d_i/ps7/inst/FCLK_CLK_unbuffered[0]
    BUFGCTRL_X0Y16       BUFG (Prop_bufg_I_O)         0.091    11.179 r  d_i/ps7/inst/buffer_fclk_clk_0.FCLK_CLK_0_BUFG/O
                         net (fo=9584, routed)        1.559    12.738    d_i/evalmul3/inst/core/multiplier_towers[0].multiplier_products[2].multiplier/aclk
    DSP48_X2Y27          DSP48E1                                      r  d_i/evalmul3/inst/core/multiplier_towers[0].multiplier_products[2].multiplier/reciprocal_high_stage2_reg__0/CLK
                         clock pessimism              0.115    12.853
                         clock uncertainty           -0.154    12.699
    DSP48_X2Y27          DSP48E1 (Setup_dsp48e1_CLK_PCIN[0])
                                                     -1.400    11.299    d_i/evalmul3/inst/core/multiplier_towers[0].multiplier_products[2].multiplier/reciprocal_high_stage2_reg__0
  -------------------------------------------------------------------
                         required time                         11.299
                         arrival time                         -10.978
  -------------------------------------------------------------------
                         slack                                  0.321

Slack (MET) :             0.321ns  (required time - arrival time)
  Source:                 d_i/evalmul3/inst/core/multiplier_towers[0].multiplier_products[2].multiplier/reciprocal_low_comb_i_14_psdsp/C
                            (rising edge-triggered cell FDRE clocked by clk_fpga_0  {rise@0.000ns fall@5.000ns period=10.000ns})
  Destination:            d_i/evalmul3/inst/core/multiplier_towers[0].multiplier_products[2].multiplier/reciprocal_high_stage2_reg__0/PCIN[10]
                            (rising edge-triggered cell DSP48E1 clocked by clk_fpga_0  {rise@0.000ns fall@5.000ns period=10.000ns})
  Path Group:             clk_fpga_0
  Path Type:              Setup (Max at Slow Process Corner)
  Requirement:            10.000ns  (clk_fpga_0 rise@10.000ns - clk_fpga_0 rise@0.000ns)
  Data Path Delay:        8.015ns  (logic 6.219ns (77.590%)  route 1.796ns (22.410%))
  Logic Levels:           9  (CARRY4=8 DSP48E1=1)
  Clock Path Skew:        -0.110ns (DCD - SCD + CPR)
    Destination Clock Delay (DCD):    2.738ns = ( 12.738 - 10.000 )
    Source Clock Delay      (SCD):    2.963ns
    Clock Pessimism Removal (CPR):    0.115ns
  Clock Uncertainty:      0.154ns  ((TSJ^2 + TIJ^2)^1/2 + DJ) / 2 + PE
    Total System Jitter     (TSJ):    0.071ns
    Total Input Jitter      (TIJ):    0.300ns
    Discrete Jitter          (DJ):    0.000ns
    Phase Error              (PE):    0.000ns

    Location             Delay type                Incr(ns)  Path(ns)    Netlist Resource(s)
  -------------------------------------------------------------------    -------------------
                         (clock clk_fpga_0 rise edge)
                                                      0.000     0.000 r
    PS7_X0Y0             PS7                          0.000     0.000 r  d_i/ps7/inst/PS7_i/FCLKCLK[0]
                         net (fo=1, routed)           1.193     1.193    d_i/ps7/inst/FCLK_CLK_unbuffered[0]
    BUFGCTRL_X0Y16       BUFG (Prop_bufg_I_O)         0.101     1.294 r  d_i/ps7/inst/buffer_fclk_clk_0.FCLK_CLK_0_BUFG/O
                         net (fo=9584, routed)        1.669     2.963    d_i/evalmul3/inst/core/multiplier_towers[0].multiplier_products[2].multiplier/aclk
    SLICE_X37Y43         FDRE                                         r  d_i/evalmul3/inst/core/multiplier_towers[0].multiplier_products[2].multiplier/reciprocal_low_comb_i_14_psdsp/C
  -------------------------------------------------------------------    -------------------
    SLICE_X37Y43         FDRE (Prop_fdre_C_Q)         0.456     3.419 r  d_i/evalmul3/inst/core/multiplier_towers[0].multiplier_products[2].multiplier/reciprocal_low_comb_i_14_psdsp/Q
                         net (fo=2, routed)           0.626     4.045    d_i/evalmul3/inst/core/multiplier_towers[0].multiplier_products[2].multiplier/p_1_in[17]
    SLICE_X36Y43         CARRY4 (Prop_carry4_DI[1]_CO[3])
                                                      0.520     4.565 r  d_i/evalmul3/inst/core/multiplier_towers[0].multiplier_products[2].multiplier/reciprocal_low_comb_i_3/CO[3]
                         net (fo=1, routed)           0.000     4.565    d_i/evalmul3/inst/core/multiplier_towers[0].multiplier_products[2].multiplier/reciprocal_low_comb_i_3_n_0
    SLICE_X36Y44         CARRY4 (Prop_carry4_CI_CO[3])
                                                      0.117     4.682 r  d_i/evalmul3/inst/core/multiplier_towers[0].multiplier_products[2].multiplier/reciprocal_low_comb_i_2/CO[3]
                         net (fo=1, routed)           0.000     4.682    d_i/evalmul3/inst/core/multiplier_towers[0].multiplier_products[2].multiplier/reciprocal_low_comb_i_2_n_0
    SLICE_X36Y45         CARRY4 (Prop_carry4_CI_CO[3])
                                                      0.117     4.799 r  d_i/evalmul3/inst/core/multiplier_towers[0].multiplier_products[2].multiplier/reciprocal_low_comb_i_1/CO[3]
                         net (fo=1, routed)           0.000     4.799    d_i/evalmul3/inst/core/multiplier_towers[0].multiplier_products[2].multiplier/reciprocal_low_comb_i_1_n_0
    SLICE_X36Y46         CARRY4 (Prop_carry4_CI_CO[3])
                                                      0.117     4.916 r  d_i/evalmul3/inst/core/multiplier_towers[0].multiplier_products[2].multiplier/reciprocal_high_comb__0_i_4/CO[3]
                         net (fo=1, routed)           0.000     4.916    d_i/evalmul3/inst/core/multiplier_towers[0].multiplier_products[2].multiplier/reciprocal_high_comb__0_i_4_n_0
    SLICE_X36Y47         CARRY4 (Prop_carry4_CI_CO[3])
                                                      0.117     5.033 r  d_i/evalmul3/inst/core/multiplier_towers[0].multiplier_products[2].multiplier/reciprocal_high_comb__0_i_3/CO[3]
                         net (fo=1, routed)           0.000     5.033    d_i/evalmul3/inst/core/multiplier_towers[0].multiplier_products[2].multiplier/reciprocal_high_comb__0_i_3_n_0
    SLICE_X36Y48         CARRY4 (Prop_carry4_CI_CO[3])
                                                      0.117     5.150 r  d_i/evalmul3/inst/core/multiplier_towers[0].multiplier_products[2].multiplier/reciprocal_high_comb__0_i_2/CO[3]
                         net (fo=1, routed)           0.000     5.150    d_i/evalmul3/inst/core/multiplier_towers[0].multiplier_products[2].multiplier/reciprocal_high_comb__0_i_2_n_0
    SLICE_X36Y49         CARRY4 (Prop_carry4_CI_CO[3])
                                                      0.117     5.267 r  d_i/evalmul3/inst/core/multiplier_towers[0].multiplier_products[2].multiplier/reciprocal_high_comb__0_i_1/CO[3]
                         net (fo=1, routed)           0.001     5.268    d_i/evalmul3/inst/core/multiplier_towers[0].multiplier_products[2].multiplier/reciprocal_high_comb__0_i_1_n_0
    SLICE_X36Y50         CARRY4 (Prop_carry4_CI_O[1])
                                                      0.323     5.591 r  d_i/evalmul3/inst/core/multiplier_towers[0].multiplier_products[2].multiplier/reciprocal_high_comb_i_4/O[1]
                         net (fo=3, routed)           1.167     6.758    d_i/evalmul3/inst/core/multiplier_towers[0].multiplier_products[2].multiplier/product_stage1_reg__1[45]
    DSP48_X2Y26          DSP48E1 (Prop_dsp48e1_A[15]_PCOUT[10])
                                                      4.218    10.976 r  d_i/evalmul3/inst/core/multiplier_towers[0].multiplier_products[2].multiplier/reciprocal_high_comb__0/PCOUT[10]
                         net (fo=1, routed)           0.002    10.978    d_i/evalmul3/inst/core/multiplier_towers[0].multiplier_products[2].multiplier/reciprocal_high_comb__0_n_143
    DSP48_X2Y27          DSP48E1                                      r  d_i/evalmul3/inst/core/multiplier_towers[0].multiplier_products[2].multiplier/reciprocal_high_stage2_reg__0/PCIN[10]
  -------------------------------------------------------------------    -------------------

                         (clock clk_fpga_0 rise edge)
                                                     10.000    10.000 r
    PS7_X0Y0             PS7                          0.000    10.000 r  d_i/ps7/inst/PS7_i/FCLKCLK[0]
                         net (fo=1, routed)           1.088    11.088    d_i/ps7/inst/FCLK_CLK_unbuffered[0]
    BUFGCTRL_X0Y16       BUFG (Prop_bufg_I_O)         0.091    11.179 r  d_i/ps7/inst/buffer_fclk_clk_0.FCLK_CLK_0_BUFG/O
                         net (fo=9584, routed)        1.559    12.738    d_i/evalmul3/inst/core/multiplier_towers[0].multiplier_products[2].multiplier/aclk
    DSP48_X2Y27          DSP48E1                                      r  d_i/evalmul3/inst/core/multiplier_towers[0].multiplier_products[2].multiplier/reciprocal_high_stage2_reg__0/CLK
                         clock pessimism              0.115    12.853
                         clock uncertainty           -0.154    12.699
    DSP48_X2Y27          DSP48E1 (Setup_dsp48e1_CLK_PCIN[10])
                                                     -1.400    11.299    d_i/evalmul3/inst/core/multiplier_towers[0].multiplier_products[2].multiplier/reciprocal_high_stage2_reg__0
  -------------------------------------------------------------------
                         required time                         11.299
                         arrival time                         -10.978
  -------------------------------------------------------------------
                         slack                                  0.321





Pulse Width Checks
--------------------------------------------------------------------------------------
Clock Name:         clk_fpga_0
Waveform(ns):       { 0.000 5.000 }
Period(ns):         10.000
Sources:            { d_i/ps7/inst/PS7_i/FCLKCLK[0] }

Check Type        Corner  Lib Pin      Reference Pin  Required(ns)  Actual(ns)  Slack(ns)  Location      Pin
Min Period        n/a     DSP48E1/CLK  n/a            3.884         10.000      6.116      DSP48_X2Y34   d_i/evalmul3/inst/core/multiplier_towers[0].multiplier_products[0].multiplier/quotient_product_stage5_reg/CLK
Min Period        n/a     DSP48E1/CLK  n/a            3.884         10.000      6.116      DSP48_X2Y31   d_i/evalmul3/inst/core/multiplier_towers[0].multiplier_products[0].multiplier/quotient_product_stage5_reg__0/CLK
Min Period        n/a     DSP48E1/CLK  n/a            3.884         10.000      6.116      DSP48_X1Y19   d_i/evalmul3/inst/core/multiplier_towers[0].multiplier_products[0].multiplier/reciprocal_high_stage2_reg/CLK
Min Period        n/a     DSP48E1/CLK  n/a            3.884         10.000      6.116      DSP48_X3Y19   d_i/evalmul3/inst/core/multiplier_towers[0].multiplier_products[1].multiplier/product_stage1_reg/CLK
Min Period        n/a     DSP48E1/CLK  n/a            3.884         10.000      6.116      DSP48_X3Y21   d_i/evalmul3/inst/core/multiplier_towers[0].multiplier_products[1].multiplier/product_stage1_reg__0/CLK
Min Period        n/a     DSP48E1/CLK  n/a            3.884         10.000      6.116      DSP48_X3Y29   d_i/evalmul3/inst/core/multiplier_towers[0].multiplier_products[1].multiplier/quotient_product_stage5_reg/CLK
Min Period        n/a     DSP48E1/CLK  n/a            3.884         10.000      6.116      DSP48_X4Y23   d_i/evalmul3/inst/core/multiplier_towers[0].multiplier_products[1].multiplier/quotient_product_stage5_reg__0/CLK
Min Period        n/a     DSP48E1/CLK  n/a            3.884         10.000      6.116      DSP48_X3Y23   d_i/evalmul3/inst/core/multiplier_towers[0].multiplier_products[1].multiplier/reciprocal_high_stage2_reg/CLK
Min Period        n/a     DSP48E1/CLK  n/a            3.884         10.000      6.116      DSP48_X2Y21   d_i/evalmul3/inst/core/multiplier_towers[0].multiplier_products[2].multiplier/product_stage1_reg/CLK
Min Period        n/a     DSP48E1/CLK  n/a            3.884         10.000      6.116      DSP48_X2Y29   d_i/evalmul3/inst/core/multiplier_towers[0].multiplier_products[2].multiplier/quotient_product_stage5_reg/CLK
Min Period        n/a     DSP48E1/CLK  n/a            3.884         10.000      6.116      DSP48_X3Y27   d_i/evalmul3/inst/core/multiplier_towers[0].multiplier_products[2].multiplier/quotient_product_stage5_reg__0/CLK
Min Period        n/a     DSP48E1/CLK  n/a            3.884         10.000      6.116      DSP48_X2Y23   d_i/evalmul3/inst/core/multiplier_towers[0].multiplier_products[2].multiplier/reciprocal_high_stage2_reg/CLK
Min Period        n/a     DSP48E1/CLK  n/a            3.884         10.000      6.116      DSP48_X3Y15   d_i/evalmul3/inst/core/multiplier_towers[0].multiplier_products[3].multiplier/product_stage1_reg/CLK
Min Period        n/a     DSP48E1/CLK  n/a            3.884         10.000      6.116      DSP48_X4Y27   d_i/evalmul3/inst/core/multiplier_towers[0].multiplier_products[3].multiplier/quotient_product_stage5_reg/CLK
Min Period        n/a     DSP48E1/CLK  n/a            3.884         10.000      6.116      DSP48_X4Y29   d_i/evalmul3/inst/core/multiplier_towers[0].multiplier_products[3].multiplier/quotient_product_stage5_reg__0/CLK
Min Period        n/a     DSP48E1/CLK  n/a            3.884         10.000      6.116      DSP48_X4Y19   d_i/evalmul3/inst/core/multiplier_towers[0].multiplier_products[3].multiplier/reciprocal_high_stage2_reg/CLK
Min Period        n/a     DSP48E1/CLK  n/a            3.884         10.000      6.116      DSP48_X2Y3    d_i/evalmul3/inst/core/multiplier_towers[1].multiplier_products[0].multiplier/product_stage1_reg/CLK
Min Period        n/a     DSP48E1/CLK  n/a            3.884         10.000      6.116      DSP48_X1Y3    d_i/evalmul3/inst/core/multiplier_towers[1].multiplier_products[0].multiplier/product_stage1_reg__0/CLK
Min Period        n/a     DSP48E1/CLK  n/a            3.884         10.000      6.116      DSP48_X1Y11   d_i/evalmul3/inst/core/multiplier_towers[1].multiplier_products[0].multiplier/quotient_product_stage5_reg/CLK
Min Period        n/a     DSP48E1/CLK  n/a            3.884         10.000      6.116      DSP48_X0Y9    d_i/evalmul3/inst/core/multiplier_towers[1].multiplier_products[0].multiplier/quotient_product_stage5_reg__0/CLK
Min Period        n/a     DSP48E1/CLK  n/a            3.884         10.000      6.116      DSP48_X1Y7    d_i/evalmul3/inst/core/multiplier_towers[1].multiplier_products[0].multiplier/reciprocal_high_stage2_reg/CLK
Min Period        n/a     DSP48E1/CLK  n/a            3.884         10.000      6.116      DSP48_X4Y3    d_i/evalmul3/inst/core/multiplier_towers[1].multiplier_products[1].multiplier/product_stage1_reg/CLK
Min Period        n/a     DSP48E1/CLK  n/a            3.884         10.000      6.116      DSP48_X4Y11   d_i/evalmul3/inst/core/multiplier_towers[1].multiplier_products[1].multiplier/quotient_product_stage5_reg/CLK
Min Period        n/a     DSP48E1/CLK  n/a            3.884         10.000      6.116      DSP48_X4Y9    d_i/evalmul3/inst/core/multiplier_towers[1].multiplier_products[1].multiplier/quotient_product_stage5_reg__0/CLK
Min Period        n/a     DSP48E1/CLK  n/a            3.884         10.000      6.116      DSP48_X4Y5    d_i/evalmul3/inst/core/multiplier_towers[1].multiplier_products[1].multiplier/reciprocal_high_stage2_reg/CLK
Min Period        n/a     DSP48E1/CLK  n/a            3.884         10.000      6.116      DSP48_X3Y7    d_i/evalmul3/inst/core/multiplier_towers[1].multiplier_products[2].multiplier/product_stage1_reg/CLK
Min Period        n/a     DSP48E1/CLK  n/a            3.884         10.000      6.116      DSP48_X2Y13   d_i/evalmul3/inst/core/multiplier_towers[1].multiplier_products[2].multiplier/quotient_product_stage5_reg/CLK
Min Period        n/a     DSP48E1/CLK  n/a            3.884         10.000      6.116      DSP48_X2Y9    d_i/evalmul3/inst/core/multiplier_towers[1].multiplier_products[2].multiplier/quotient_product_stage5_reg__0/CLK
Min Period        n/a     DSP48E1/CLK  n/a            3.884         10.000      6.116      DSP48_X3Y13   d_i/evalmul3/inst/core/multiplier_towers[1].multiplier_products[2].multiplier/reciprocal_high_stage2_reg/CLK
Min Period        n/a     DSP48E1/CLK  n/a            3.884         10.000      6.116      DSP48_X2Y11   d_i/evalmul3/inst/core/multiplier_towers[1].multiplier_products[3].multiplier/product_stage1_reg/CLK
Min Period        n/a     DSP48E1/CLK  n/a            3.884         10.000      6.116      DSP48_X0Y13   d_i/evalmul3/inst/core/multiplier_towers[1].multiplier_products[3].multiplier/quotient_product_stage5_reg/CLK
Min Period        n/a     DSP48E1/CLK  n/a            3.884         10.000      6.116      DSP48_X0Y11   d_i/evalmul3/inst/core/multiplier_towers[1].multiplier_products[3].multiplier/quotient_product_stage5_reg__0/CLK
Min Period        n/a     DSP48E1/CLK  n/a            3.884         10.000      6.116      DSP48_X1Y13   d_i/evalmul3/inst/core/multiplier_towers[1].multiplier_products[3].multiplier/reciprocal_high_stage2_reg/CLK
Min Period        n/a     DSP48E1/CLK  n/a            3.687         10.000      6.313      DSP48_X0Y19   d_i/evalmul3/inst/core/multiplier_towers[0].multiplier_products[0].multiplier/reciprocal_high_stage2_reg__0/CLK
Min Period        n/a     DSP48E1/CLK  n/a            3.687         10.000      6.313      DSP48_X1Y17   d_i/evalmul3/inst/core/multiplier_towers[0].multiplier_products[0].multiplier/reciprocal_low_stage2_reg/CLK
Min Period        n/a     DSP48E1/CLK  n/a            3.687         10.000      6.313      DSP48_X1Y15   d_i/evalmul3/inst/core/multiplier_towers[0].multiplier_products[0].multiplier/reciprocal_low_stage2_reg__0/CLK
Min Period        n/a     DSP48E1/CLK  n/a            3.687         10.000      6.313      DSP48_X3Y25   d_i/evalmul3/inst/core/multiplier_towers[0].multiplier_products[1].multiplier/reciprocal_high_stage2_reg__0/CLK
Min Period        n/a     DSP48E1/CLK  n/a            3.687         10.000      6.313      DSP48_X4Y25   d_i/evalmul3/inst/core/multiplier_towers[0].multiplier_products[1].multiplier/reciprocal_low_stage2_reg/CLK
Min Period        n/a     DSP48E1/CLK  n/a            3.687         10.000      6.313      DSP48_X4Y21   d_i/evalmul3/inst/core/multiplier_towers[0].multiplier_products[1].multiplier/reciprocal_low_stage2_reg__0/CLK
Min Period        n/a     DSP48E1/CLK  n/a            3.687         10.000      6.313      DSP48_X2Y27   d_i/evalmul3/inst/core/multiplier_towers[0].multiplier_products[2].multiplier/reciprocal_high_stage2_reg__0/CLK
Min Period        n/a     DSP48E1/CLK  n/a            3.687         10.000      6.313      DSP48_X2Y15   d_i/evalmul3/inst/core/multiplier_towers[0].multiplier_products[2].multiplier/reciprocal_low_stage2_reg/CLK
Min Period        n/a     DSP48E1/CLK  n/a            3.687         10.000      6.313      DSP48_X2Y25   d_i/evalmul3/inst/core/multiplier_towers[0].multiplier_products[2].multiplier/reciprocal_low_stage2_reg__0/CLK
Min Period        n/a     DSP48E1/CLK  n/a            3.687         10.000      6.313      DSP48_X4Y17   d_i/evalmul3/inst/core/multiplier_towers[0].multiplier_products[3].multiplier/reciprocal_high_stage2_reg__0/CLK
Min Period        n/a     DSP48E1/CLK  n/a            3.687         10.000      6.313      DSP48_X4Y15   d_i/evalmul3/inst/core/multiplier_towers[0].multiplier_products[3].multiplier/reciprocal_low_stage2_reg/CLK
Min Period        n/a     DSP48E1/CLK  n/a            3.687         10.000      6.313      DSP48_X4Y13   d_i/evalmul3/inst/core/multiplier_towers[0].multiplier_products[3].multiplier/reciprocal_low_stage2_reg__0/CLK
Min Period        n/a     DSP48E1/CLK  n/a            3.687         10.000      6.313      DSP48_X1Y5    d_i/evalmul3/inst/core/multiplier_towers[1].multiplier_products[0].multiplier/reciprocal_high_stage2_reg__0/CLK
Min Period        n/a     DSP48E1/CLK  n/a            3.687         10.000      6.313      DSP48_X0Y3    d_i/evalmul3/inst/core/multiplier_towers[1].multiplier_products[0].multiplier/reciprocal_low_stage2_reg/CLK
Min Period        n/a     DSP48E1/CLK  n/a            3.687         10.000      6.313      DSP48_X1Y1    d_i/evalmul3/inst/core/multiplier_towers[1].multiplier_products[0].multiplier/reciprocal_low_stage2_reg__0/CLK
Min Period        n/a     DSP48E1/CLK  n/a            3.687         10.000      6.313      DSP48_X3Y5    d_i/evalmul3/inst/core/multiplier_towers[1].multiplier_products[1].multiplier/reciprocal_high_stage2_reg__0/CLK
Min Period        n/a     DSP48E1/CLK  n/a            3.687         10.000      6.313      DSP48_X4Y1    d_i/evalmul3/inst/core/multiplier_towers[1].multiplier_products[1].multiplier/reciprocal_low_stage2_reg/CLK
Low Pulse Width   Slow    RAMD32/CLK   n/a            1.250         5.000       3.750      SLICE_X46Y70  d_i/dma/U0/I_PRMRY_DATAMOVER/GEN_S2MM_FULL.I_S2MM_FULL_WRAPPER/GEN_ENABLE_INDET_BTT_SF.I_INDET_BTT/I_XD_FIFO/NON_BLK_MEM.I_SYNC_FIFOGEN_FIFO/xpm_fifo_instance.xpm_fifo_sync_inst/xpm_fifo_base_inst/gen_sdpram.xpm_memory_base_inst/gen_wr_a.gen_word_narrow.mem_reg_0_15_0_5/RAMA/CLK
Low Pulse Width   Fast    RAMD32/CLK   n/a            1.250         5.000       3.750      SLICE_X46Y70  d_i/dma/U0/I_PRMRY_DATAMOVER/GEN_S2MM_FULL.I_S2MM_FULL_WRAPPER/GEN_ENABLE_INDET_BTT_SF.I_INDET_BTT/I_XD_FIFO/NON_BLK_MEM.I_SYNC_FIFOGEN_FIFO/xpm_fifo_instance.xpm_fifo_sync_inst/xpm_fifo_base_inst/gen_sdpram.xpm_memory_base_inst/gen_wr_a.gen_word_narrow.mem_reg_0_15_0_5/RAMA/CLK
Low Pulse Width   Slow    RAMD32/CLK   n/a            1.250         5.000       3.750      SLICE_X46Y70  d_i/dma/U0/I_PRMRY_DATAMOVER/GEN_S2MM_FULL.I_S2MM_FULL_WRAPPER/GEN_ENABLE_INDET_BTT_SF.I_INDET_BTT/I_XD_FIFO/NON_BLK_MEM.I_SYNC_FIFOGEN_FIFO/xpm_fifo_instance.xpm_fifo_sync_inst/xpm_fifo_base_inst/gen_sdpram.xpm_memory_base_inst/gen_wr_a.gen_word_narrow.mem_reg_0_15_0_5/RAMA_D1/CLK
Low Pulse Width   Fast    RAMD32/CLK   n/a            1.250         5.000       3.750      SLICE_X46Y70  d_i/dma/U0/I_PRMRY_DATAMOVER/GEN_S2MM_FULL.I_S2MM_FULL_WRAPPER/GEN_ENABLE_INDET_BTT_SF.I_INDET_BTT/I_XD_FIFO/NON_BLK_MEM.I_SYNC_FIFOGEN_FIFO/xpm_fifo_instance.xpm_fifo_sync_inst/xpm_fifo_base_inst/gen_sdpram.xpm_memory_base_inst/gen_wr_a.gen_word_narrow.mem_reg_0_15_0_5/RAMA_D1/CLK
Low Pulse Width   Slow    RAMD32/CLK   n/a            1.250         5.000       3.750      SLICE_X46Y70  d_i/dma/U0/I_PRMRY_DATAMOVER/GEN_S2MM_FULL.I_S2MM_FULL_WRAPPER/GEN_ENABLE_INDET_BTT_SF.I_INDET_BTT/I_XD_FIFO/NON_BLK_MEM.I_SYNC_FIFOGEN_FIFO/xpm_fifo_instance.xpm_fifo_sync_inst/xpm_fifo_base_inst/gen_sdpram.xpm_memory_base_inst/gen_wr_a.gen_word_narrow.mem_reg_0_15_0_5/RAMB/CLK
Low Pulse Width   Fast    RAMD32/CLK   n/a            1.250         5.000       3.750      SLICE_X46Y70  d_i/dma/U0/I_PRMRY_DATAMOVER/GEN_S2MM_FULL.I_S2MM_FULL_WRAPPER/GEN_ENABLE_INDET_BTT_SF.I_INDET_BTT/I_XD_FIFO/NON_BLK_MEM.I_SYNC_FIFOGEN_FIFO/xpm_fifo_instance.xpm_fifo_sync_inst/xpm_fifo_base_inst/gen_sdpram.xpm_memory_base_inst/gen_wr_a.gen_word_narrow.mem_reg_0_15_0_5/RAMB/CLK
Low Pulse Width   Slow    RAMD32/CLK   n/a            1.250         5.000       3.750      SLICE_X46Y70  d_i/dma/U0/I_PRMRY_DATAMOVER/GEN_S2MM_FULL.I_S2MM_FULL_WRAPPER/GEN_ENABLE_INDET_BTT_SF.I_INDET_BTT/I_XD_FIFO/NON_BLK_MEM.I_SYNC_FIFOGEN_FIFO/xpm_fifo_instance.xpm_fifo_sync_inst/xpm_fifo_base_inst/gen_sdpram.xpm_memory_base_inst/gen_wr_a.gen_word_narrow.mem_reg_0_15_0_5/RAMB_D1/CLK
Low Pulse Width   Fast    RAMD32/CLK   n/a            1.250         5.000       3.750      SLICE_X46Y70  d_i/dma/U0/I_PRMRY_DATAMOVER/GEN_S2MM_FULL.I_S2MM_FULL_WRAPPER/GEN_ENABLE_INDET_BTT_SF.I_INDET_BTT/I_XD_FIFO/NON_BLK_MEM.I_SYNC_FIFOGEN_FIFO/xpm_fifo_instance.xpm_fifo_sync_inst/xpm_fifo_base_inst/gen_sdpram.xpm_memory_base_inst/gen_wr_a.gen_word_narrow.mem_reg_0_15_0_5/RAMB_D1/CLK
Low Pulse Width   Slow    RAMD32/CLK   n/a            1.250         5.000       3.750      SLICE_X46Y70  d_i/dma/U0/I_PRMRY_DATAMOVER/GEN_S2MM_FULL.I_S2MM_FULL_WRAPPER/GEN_ENABLE_INDET_BTT_SF.I_INDET_BTT/I_XD_FIFO/NON_BLK_MEM.I_SYNC_FIFOGEN_FIFO/xpm_fifo_instance.xpm_fifo_sync_inst/xpm_fifo_base_inst/gen_sdpram.xpm_memory_base_inst/gen_wr_a.gen_word_narrow.mem_reg_0_15_0_5/RAMC/CLK
Low Pulse Width   Fast    RAMD32/CLK   n/a            1.250         5.000       3.750      SLICE_X46Y70  d_i/dma/U0/I_PRMRY_DATAMOVER/GEN_S2MM_FULL.I_S2MM_FULL_WRAPPER/GEN_ENABLE_INDET_BTT_SF.I_INDET_BTT/I_XD_FIFO/NON_BLK_MEM.I_SYNC_FIFOGEN_FIFO/xpm_fifo_instance.xpm_fifo_sync_inst/xpm_fifo_base_inst/gen_sdpram.xpm_memory_base_inst/gen_wr_a.gen_word_narrow.mem_reg_0_15_0_5/RAMC/CLK
Low Pulse Width   Slow    RAMD32/CLK   n/a            1.250         5.000       3.750      SLICE_X46Y70  d_i/dma/U0/I_PRMRY_DATAMOVER/GEN_S2MM_FULL.I_S2MM_FULL_WRAPPER/GEN_ENABLE_INDET_BTT_SF.I_INDET_BTT/I_XD_FIFO/NON_BLK_MEM.I_SYNC_FIFOGEN_FIFO/xpm_fifo_instance.xpm_fifo_sync_inst/xpm_fifo_base_inst/gen_sdpram.xpm_memory_base_inst/gen_wr_a.gen_word_narrow.mem_reg_0_15_0_5/RAMC_D1/CLK
Low Pulse Width   Fast    RAMD32/CLK   n/a            1.250         5.000       3.750      SLICE_X46Y70  d_i/dma/U0/I_PRMRY_DATAMOVER/GEN_S2MM_FULL.I_S2MM_FULL_WRAPPER/GEN_ENABLE_INDET_BTT_SF.I_INDET_BTT/I_XD_FIFO/NON_BLK_MEM.I_SYNC_FIFOGEN_FIFO/xpm_fifo_instance.xpm_fifo_sync_inst/xpm_fifo_base_inst/gen_sdpram.xpm_memory_base_inst/gen_wr_a.gen_word_narrow.mem_reg_0_15_0_5/RAMC_D1/CLK
Low Pulse Width   Slow    RAMS32/CLK   n/a            1.250         5.000       3.750      SLICE_X46Y70  d_i/dma/U0/I_PRMRY_DATAMOVER/GEN_S2MM_FULL.I_S2MM_FULL_WRAPPER/GEN_ENABLE_INDET_BTT_SF.I_INDET_BTT/I_XD_FIFO/NON_BLK_MEM.I_SYNC_FIFOGEN_FIFO/xpm_fifo_instance.xpm_fifo_sync_inst/xpm_fifo_base_inst/gen_sdpram.xpm_memory_base_inst/gen_wr_a.gen_word_narrow.mem_reg_0_15_0_5/RAMD/CLK
Low Pulse Width   Fast    RAMS32/CLK   n/a            1.250         5.000       3.750      SLICE_X46Y70  d_i/dma/U0/I_PRMRY_DATAMOVER/GEN_S2MM_FULL.I_S2MM_FULL_WRAPPER/GEN_ENABLE_INDET_BTT_SF.I_INDET_BTT/I_XD_FIFO/NON_BLK_MEM.I_SYNC_FIFOGEN_FIFO/xpm_fifo_instance.xpm_fifo_sync_inst/xpm_fifo_base_inst/gen_sdpram.xpm_memory_base_inst/gen_wr_a.gen_word_narrow.mem_reg_0_15_0_5/RAMD/CLK
Low Pulse Width   Slow    RAMS32/CLK   n/a            1.250         5.000       3.750      SLICE_X46Y70  d_i/dma/U0/I_PRMRY_DATAMOVER/GEN_S2MM_FULL.I_S2MM_FULL_WRAPPER/GEN_ENABLE_INDET_BTT_SF.I_INDET_BTT/I_XD_FIFO/NON_BLK_MEM.I_SYNC_FIFOGEN_FIFO/xpm_fifo_instance.xpm_fifo_sync_inst/xpm_fifo_base_inst/gen_sdpram.xpm_memory_base_inst/gen_wr_a.gen_word_narrow.mem_reg_0_15_0_5/RAMD_D1/CLK
Low Pulse Width   Fast    RAMS32/CLK   n/a            1.250         5.000       3.750      SLICE_X46Y70  d_i/dma/U0/I_PRMRY_DATAMOVER/GEN_S2MM_FULL.I_S2MM_FULL_WRAPPER/GEN_ENABLE_INDET_BTT_SF.I_INDET_BTT/I_XD_FIFO/NON_BLK_MEM.I_SYNC_FIFOGEN_FIFO/xpm_fifo_instance.xpm_fifo_sync_inst/xpm_fifo_base_inst/gen_sdpram.xpm_memory_base_inst/gen_wr_a.gen_word_narrow.mem_reg_0_15_0_5/RAMD_D1/CLK
Low Pulse Width   Slow    RAMD32/CLK   n/a            1.250         5.000       3.750      SLICE_X46Y71  d_i/dma/U0/I_PRMRY_DATAMOVER/GEN_S2MM_FULL.I_S2MM_FULL_WRAPPER/GEN_ENABLE_INDET_BTT_SF.I_INDET_BTT/I_XD_FIFO/NON_BLK_MEM.I_SYNC_FIFOGEN_FIFO/xpm_fifo_instance.xpm_fifo_sync_inst/xpm_fifo_base_inst/gen_sdpram.xpm_memory_base_inst/gen_wr_a.gen_word_narrow.mem_reg_0_15_6_9/RAMA/CLK
Low Pulse Width   Fast    RAMD32/CLK   n/a            1.250         5.000       3.750      SLICE_X46Y71  d_i/dma/U0/I_PRMRY_DATAMOVER/GEN_S2MM_FULL.I_S2MM_FULL_WRAPPER/GEN_ENABLE_INDET_BTT_SF.I_INDET_BTT/I_XD_FIFO/NON_BLK_MEM.I_SYNC_FIFOGEN_FIFO/xpm_fifo_instance.xpm_fifo_sync_inst/xpm_fifo_base_inst/gen_sdpram.xpm_memory_base_inst/gen_wr_a.gen_word_narrow.mem_reg_0_15_6_9/RAMA/CLK
Low Pulse Width   Slow    RAMD32/CLK   n/a            1.250         5.000       3.750      SLICE_X46Y71  d_i/dma/U0/I_PRMRY_DATAMOVER/GEN_S2MM_FULL.I_S2MM_FULL_WRAPPER/GEN_ENABLE_INDET_BTT_SF.I_INDET_BTT/I_XD_FIFO/NON_BLK_MEM.I_SYNC_FIFOGEN_FIFO/xpm_fifo_instance.xpm_fifo_sync_inst/xpm_fifo_base_inst/gen_sdpram.xpm_memory_base_inst/gen_wr_a.gen_word_narrow.mem_reg_0_15_6_9/RAMA_D1/CLK
Low Pulse Width   Fast    RAMD32/CLK   n/a            1.250         5.000       3.750      SLICE_X46Y71  d_i/dma/U0/I_PRMRY_DATAMOVER/GEN_S2MM_FULL.I_S2MM_FULL_WRAPPER/GEN_ENABLE_INDET_BTT_SF.I_INDET_BTT/I_XD_FIFO/NON_BLK_MEM.I_SYNC_FIFOGEN_FIFO/xpm_fifo_instance.xpm_fifo_sync_inst/xpm_fifo_base_inst/gen_sdpram.xpm_memory_base_inst/gen_wr_a.gen_word_narrow.mem_reg_0_15_6_9/RAMA_D1/CLK
Low Pulse Width   Slow    RAMD32/CLK   n/a            1.250         5.000       3.750      SLICE_X46Y71  d_i/dma/U0/I_PRMRY_DATAMOVER/GEN_S2MM_FULL.I_S2MM_FULL_WRAPPER/GEN_ENABLE_INDET_BTT_SF.I_INDET_BTT/I_XD_FIFO/NON_BLK_MEM.I_SYNC_FIFOGEN_FIFO/xpm_fifo_instance.xpm_fifo_sync_inst/xpm_fifo_base_inst/gen_sdpram.xpm_memory_base_inst/gen_wr_a.gen_word_narrow.mem_reg_0_15_6_9/RAMB/CLK
Low Pulse Width   Fast    RAMD32/CLK   n/a            1.250         5.000       3.750      SLICE_X46Y71  d_i/dma/U0/I_PRMRY_DATAMOVER/GEN_S2MM_FULL.I_S2MM_FULL_WRAPPER/GEN_ENABLE_INDET_BTT_SF.I_INDET_BTT/I_XD_FIFO/NON_BLK_MEM.I_SYNC_FIFOGEN_FIFO/xpm_fifo_instance.xpm_fifo_sync_inst/xpm_fifo_base_inst/gen_sdpram.xpm_memory_base_inst/gen_wr_a.gen_word_narrow.mem_reg_0_15_6_9/RAMB/CLK
Low Pulse Width   Slow    RAMD32/CLK   n/a            1.250         5.000       3.750      SLICE_X46Y71  d_i/dma/U0/I_PRMRY_DATAMOVER/GEN_S2MM_FULL.I_S2MM_FULL_WRAPPER/GEN_ENABLE_INDET_BTT_SF.I_INDET_BTT/I_XD_FIFO/NON_BLK_MEM.I_SYNC_FIFOGEN_FIFO/xpm_fifo_instance.xpm_fifo_sync_inst/xpm_fifo_base_inst/gen_sdpram.xpm_memory_base_inst/gen_wr_a.gen_word_narrow.mem_reg_0_15_6_9/RAMB_D1/CLK
Low Pulse Width   Fast    RAMD32/CLK   n/a            1.250         5.000       3.750      SLICE_X46Y71  d_i/dma/U0/I_PRMRY_DATAMOVER/GEN_S2MM_FULL.I_S2MM_FULL_WRAPPER/GEN_ENABLE_INDET_BTT_SF.I_INDET_BTT/I_XD_FIFO/NON_BLK_MEM.I_SYNC_FIFOGEN_FIFO/xpm_fifo_instance.xpm_fifo_sync_inst/xpm_fifo_base_inst/gen_sdpram.xpm_memory_base_inst/gen_wr_a.gen_word_narrow.mem_reg_0_15_6_9/RAMB_D1/CLK
Low Pulse Width   Slow    RAMD32/CLK   n/a            1.250         5.000       3.750      SLICE_X46Y71  d_i/dma/U0/I_PRMRY_DATAMOVER/GEN_S2MM_FULL.I_S2MM_FULL_WRAPPER/GEN_ENABLE_INDET_BTT_SF.I_INDET_BTT/I_XD_FIFO/NON_BLK_MEM.I_SYNC_FIFOGEN_FIFO/xpm_fifo_instance.xpm_fifo_sync_inst/xpm_fifo_base_inst/gen_sdpram.xpm_memory_base_inst/gen_wr_a.gen_word_narrow.mem_reg_0_15_6_9/RAMC/CLK
Low Pulse Width   Fast    RAMD32/CLK   n/a            1.250         5.000       3.750      SLICE_X46Y71  d_i/dma/U0/I_PRMRY_DATAMOVER/GEN_S2MM_FULL.I_S2MM_FULL_WRAPPER/GEN_ENABLE_INDET_BTT_SF.I_INDET_BTT/I_XD_FIFO/NON_BLK_MEM.I_SYNC_FIFOGEN_FIFO/xpm_fifo_instance.xpm_fifo_sync_inst/xpm_fifo_base_inst/gen_sdpram.xpm_memory_base_inst/gen_wr_a.gen_word_narrow.mem_reg_0_15_6_9/RAMC/CLK
Low Pulse Width   Slow    RAMD32/CLK   n/a            1.250         5.000       3.750      SLICE_X46Y71  d_i/dma/U0/I_PRMRY_DATAMOVER/GEN_S2MM_FULL.I_S2MM_FULL_WRAPPER/GEN_ENABLE_INDET_BTT_SF.I_INDET_BTT/I_XD_FIFO/NON_BLK_MEM.I_SYNC_FIFOGEN_FIFO/xpm_fifo_instance.xpm_fifo_sync_inst/xpm_fifo_base_inst/gen_sdpram.xpm_memory_base_inst/gen_wr_a.gen_word_narrow.mem_reg_0_15_6_9/RAMC_D1/CLK
Low Pulse Width   Fast    RAMD32/CLK   n/a            1.250         5.000       3.750      SLICE_X46Y71  d_i/dma/U0/I_PRMRY_DATAMOVER/GEN_S2MM_FULL.I_S2MM_FULL_WRAPPER/GEN_ENABLE_INDET_BTT_SF.I_INDET_BTT/I_XD_FIFO/NON_BLK_MEM.I_SYNC_FIFOGEN_FIFO/xpm_fifo_instance.xpm_fifo_sync_inst/xpm_fifo_base_inst/gen_sdpram.xpm_memory_base_inst/gen_wr_a.gen_word_narrow.mem_reg_0_15_6_9/RAMC_D1/CLK
Low Pulse Width   Slow    RAMS32/CLK   n/a            1.250         5.000       3.750      SLICE_X46Y71  d_i/dma/U0/I_PRMRY_DATAMOVER/GEN_S2MM_FULL.I_S2MM_FULL_WRAPPER/GEN_ENABLE_INDET_BTT_SF.I_INDET_BTT/I_XD_FIFO/NON_BLK_MEM.I_SYNC_FIFOGEN_FIFO/xpm_fifo_instance.xpm_fifo_sync_inst/xpm_fifo_base_inst/gen_sdpram.xpm_memory_base_inst/gen_wr_a.gen_word_narrow.mem_reg_0_15_6_9/RAMD/CLK
Low Pulse Width   Fast    RAMS32/CLK   n/a            1.250         5.000       3.750      SLICE_X46Y71  d_i/dma/U0/I_PRMRY_DATAMOVER/GEN_S2MM_FULL.I_S2MM_FULL_WRAPPER/GEN_ENABLE_INDET_BTT_SF.I_INDET_BTT/I_XD_FIFO/NON_BLK_MEM.I_SYNC_FIFOGEN_FIFO/xpm_fifo_instance.xpm_fifo_sync_inst/xpm_fifo_base_inst/gen_sdpram.xpm_memory_base_inst/gen_wr_a.gen_word_narrow.mem_reg_0_15_6_9/RAMD/CLK
Low Pulse Width   Slow    RAMS32/CLK   n/a            1.250         5.000       3.750      SLICE_X46Y71  d_i/dma/U0/I_PRMRY_DATAMOVER/GEN_S2MM_FULL.I_S2MM_FULL_WRAPPER/GEN_ENABLE_INDET_BTT_SF.I_INDET_BTT/I_XD_FIFO/NON_BLK_MEM.I_SYNC_FIFOGEN_FIFO/xpm_fifo_instance.xpm_fifo_sync_inst/xpm_fifo_base_inst/gen_sdpram.xpm_memory_base_inst/gen_wr_a.gen_word_narrow.mem_reg_0_15_6_9/RAMD_D1/CLK
Low Pulse Width   Fast    RAMS32/CLK   n/a            1.250         5.000       3.750      SLICE_X46Y71  d_i/dma/U0/I_PRMRY_DATAMOVER/GEN_S2MM_FULL.I_S2MM_FULL_WRAPPER/GEN_ENABLE_INDET_BTT_SF.I_INDET_BTT/I_XD_FIFO/NON_BLK_MEM.I_SYNC_FIFOGEN_FIFO/xpm_fifo_instance.xpm_fifo_sync_inst/xpm_fifo_base_inst/gen_sdpram.xpm_memory_base_inst/gen_wr_a.gen_word_narrow.mem_reg_0_15_6_9/RAMD_D1/CLK
Low Pulse Width   Slow    RAMD32/CLK   n/a            1.250         5.000       3.750      SLICE_X54Y46  d_i/evalmul3/inst/core/fifo_c0_reg_0_7_0_5/RAMA/CLK
Low Pulse Width   Fast    RAMD32/CLK   n/a            1.250         5.000       3.750      SLICE_X54Y46  d_i/evalmul3/inst/core/fifo_c0_reg_0_7_0_5/RAMA/CLK
Low Pulse Width   Slow    RAMD32/CLK   n/a            1.250         5.000       3.750      SLICE_X54Y46  d_i/evalmul3/inst/core/fifo_c0_reg_0_7_0_5/RAMA_D1/CLK
Low Pulse Width   Fast    RAMD32/CLK   n/a            1.250         5.000       3.750      SLICE_X54Y46  d_i/evalmul3/inst/core/fifo_c0_reg_0_7_0_5/RAMA_D1/CLK
Low Pulse Width   Slow    RAMD32/CLK   n/a            1.250         5.000       3.750      SLICE_X54Y46  d_i/evalmul3/inst/core/fifo_c0_reg_0_7_0_5/RAMB/CLK
Low Pulse Width   Fast    RAMD32/CLK   n/a            1.250         5.000       3.750      SLICE_X54Y46  d_i/evalmul3/inst/core/fifo_c0_reg_0_7_0_5/RAMB/CLK
Low Pulse Width   Slow    RAMD32/CLK   n/a            1.250         5.000       3.750      SLICE_X54Y46  d_i/evalmul3/inst/core/fifo_c0_reg_0_7_0_5/RAMB_D1/CLK
Low Pulse Width   Fast    RAMD32/CLK   n/a            1.250         5.000       3.750      SLICE_X54Y46  d_i/evalmul3/inst/core/fifo_c0_reg_0_7_0_5/RAMB_D1/CLK
Low Pulse Width   Slow    RAMD32/CLK   n/a            1.250         5.000       3.750      SLICE_X54Y46  d_i/evalmul3/inst/core/fifo_c0_reg_0_7_0_5/RAMC/CLK
Low Pulse Width   Fast    RAMD32/CLK   n/a            1.250         5.000       3.750      SLICE_X54Y46  d_i/evalmul3/inst/core/fifo_c0_reg_0_7_0_5/RAMC/CLK
Low Pulse Width   Slow    RAMD32/CLK   n/a            1.250         5.000       3.750      SLICE_X54Y46  d_i/evalmul3/inst/core/fifo_c0_reg_0_7_0_5/RAMC_D1/CLK
Low Pulse Width   Fast    RAMD32/CLK   n/a            1.250         5.000       3.750      SLICE_X54Y46  d_i/evalmul3/inst/core/fifo_c0_reg_0_7_0_5/RAMC_D1/CLK
Low Pulse Width   Slow    RAMS32/CLK   n/a            1.250         5.000       3.750      SLICE_X54Y46  d_i/evalmul3/inst/core/fifo_c0_reg_0_7_0_5/RAMD/CLK
Low Pulse Width   Fast    RAMS32/CLK   n/a            1.250         5.000       3.750      SLICE_X54Y46  d_i/evalmul3/inst/core/fifo_c0_reg_0_7_0_5/RAMD/CLK
Low Pulse Width   Slow    RAMS32/CLK   n/a            1.250         5.000       3.750      SLICE_X54Y46  d_i/evalmul3/inst/core/fifo_c0_reg_0_7_0_5/RAMD_D1/CLK
Low Pulse Width   Fast    RAMS32/CLK   n/a            1.250         5.000       3.750      SLICE_X54Y46  d_i/evalmul3/inst/core/fifo_c0_reg_0_7_0_5/RAMD_D1/CLK
Low Pulse Width   Slow    RAMD32/CLK   n/a            1.250         5.000       3.750      SLICE_X54Y49  d_i/evalmul3/inst/core/fifo_c0_reg_0_7_12_17/RAMA/CLK
Low Pulse Width   Fast    RAMD32/CLK   n/a            1.250         5.000       3.750      SLICE_X54Y49  d_i/evalmul3/inst/core/fifo_c0_reg_0_7_12_17/RAMA/CLK
High Pulse Width  Slow    RAMD32/CLK   n/a            1.250         5.000       3.750      SLICE_X46Y70  d_i/dma/U0/I_PRMRY_DATAMOVER/GEN_S2MM_FULL.I_S2MM_FULL_WRAPPER/GEN_ENABLE_INDET_BTT_SF.I_INDET_BTT/I_XD_FIFO/NON_BLK_MEM.I_SYNC_FIFOGEN_FIFO/xpm_fifo_instance.xpm_fifo_sync_inst/xpm_fifo_base_inst/gen_sdpram.xpm_memory_base_inst/gen_wr_a.gen_word_narrow.mem_reg_0_15_0_5/RAMA/CLK
High Pulse Width  Fast    RAMD32/CLK   n/a            1.250         5.000       3.750      SLICE_X46Y70  d_i/dma/U0/I_PRMRY_DATAMOVER/GEN_S2MM_FULL.I_S2MM_FULL_WRAPPER/GEN_ENABLE_INDET_BTT_SF.I_INDET_BTT/I_XD_FIFO/NON_BLK_MEM.I_SYNC_FIFOGEN_FIFO/xpm_fifo_instance.xpm_fifo_sync_inst/xpm_fifo_base_inst/gen_sdpram.xpm_memory_base_inst/gen_wr_a.gen_word_narrow.mem_reg_0_15_0_5/RAMA/CLK
High Pulse Width  Slow    RAMD32/CLK   n/a            1.250         5.000       3.750      SLICE_X46Y70  d_i/dma/U0/I_PRMRY_DATAMOVER/GEN_S2MM_FULL.I_S2MM_FULL_WRAPPER/GEN_ENABLE_INDET_BTT_SF.I_INDET_BTT/I_XD_FIFO/NON_BLK_MEM.I_SYNC_FIFOGEN_FIFO/xpm_fifo_instance.xpm_fifo_sync_inst/xpm_fifo_base_inst/gen_sdpram.xpm_memory_base_inst/gen_wr_a.gen_word_narrow.mem_reg_0_15_0_5/RAMA_D1/CLK
High Pulse Width  Fast    RAMD32/CLK   n/a            1.250         5.000       3.750      SLICE_X46Y70  d_i/dma/U0/I_PRMRY_DATAMOVER/GEN_S2MM_FULL.I_S2MM_FULL_WRAPPER/GEN_ENABLE_INDET_BTT_SF.I_INDET_BTT/I_XD_FIFO/NON_BLK_MEM.I_SYNC_FIFOGEN_FIFO/xpm_fifo_instance.xpm_fifo_sync_inst/xpm_fifo_base_inst/gen_sdpram.xpm_memory_base_inst/gen_wr_a.gen_word_narrow.mem_reg_0_15_0_5/RAMA_D1/CLK
High Pulse Width  Slow    RAMD32/CLK   n/a            1.250         5.000       3.750      SLICE_X46Y70  d_i/dma/U0/I_PRMRY_DATAMOVER/GEN_S2MM_FULL.I_S2MM_FULL_WRAPPER/GEN_ENABLE_INDET_BTT_SF.I_INDET_BTT/I_XD_FIFO/NON_BLK_MEM.I_SYNC_FIFOGEN_FIFO/xpm_fifo_instance.xpm_fifo_sync_inst/xpm_fifo_base_inst/gen_sdpram.xpm_memory_base_inst/gen_wr_a.gen_word_narrow.mem_reg_0_15_0_5/RAMB/CLK
High Pulse Width  Fast    RAMD32/CLK   n/a            1.250         5.000       3.750      SLICE_X46Y70  d_i/dma/U0/I_PRMRY_DATAMOVER/GEN_S2MM_FULL.I_S2MM_FULL_WRAPPER/GEN_ENABLE_INDET_BTT_SF.I_INDET_BTT/I_XD_FIFO/NON_BLK_MEM.I_SYNC_FIFOGEN_FIFO/xpm_fifo_instance.xpm_fifo_sync_inst/xpm_fifo_base_inst/gen_sdpram.xpm_memory_base_inst/gen_wr_a.gen_word_narrow.mem_reg_0_15_0_5/RAMB/CLK
High Pulse Width  Slow    RAMD32/CLK   n/a            1.250         5.000       3.750      SLICE_X46Y70  d_i/dma/U0/I_PRMRY_DATAMOVER/GEN_S2MM_FULL.I_S2MM_FULL_WRAPPER/GEN_ENABLE_INDET_BTT_SF.I_INDET_BTT/I_XD_FIFO/NON_BLK_MEM.I_SYNC_FIFOGEN_FIFO/xpm_fifo_instance.xpm_fifo_sync_inst/xpm_fifo_base_inst/gen_sdpram.xpm_memory_base_inst/gen_wr_a.gen_word_narrow.mem_reg_0_15_0_5/RAMB_D1/CLK
High Pulse Width  Fast    RAMD32/CLK   n/a            1.250         5.000       3.750      SLICE_X46Y70  d_i/dma/U0/I_PRMRY_DATAMOVER/GEN_S2MM_FULL.I_S2MM_FULL_WRAPPER/GEN_ENABLE_INDET_BTT_SF.I_INDET_BTT/I_XD_FIFO/NON_BLK_MEM.I_SYNC_FIFOGEN_FIFO/xpm_fifo_instance.xpm_fifo_sync_inst/xpm_fifo_base_inst/gen_sdpram.xpm_memory_base_inst/gen_wr_a.gen_word_narrow.mem_reg_0_15_0_5/RAMB_D1/CLK
High Pulse Width  Slow    RAMD32/CLK   n/a            1.250         5.000       3.750      SLICE_X46Y70  d_i/dma/U0/I_PRMRY_DATAMOVER/GEN_S2MM_FULL.I_S2MM_FULL_WRAPPER/GEN_ENABLE_INDET_BTT_SF.I_INDET_BTT/I_XD_FIFO/NON_BLK_MEM.I_SYNC_FIFOGEN_FIFO/xpm_fifo_instance.xpm_fifo_sync_inst/xpm_fifo_base_inst/gen_sdpram.xpm_memory_base_inst/gen_wr_a.gen_word_narrow.mem_reg_0_15_0_5/RAMC/CLK
High Pulse Width  Fast    RAMD32/CLK   n/a            1.250         5.000       3.750      SLICE_X46Y70  d_i/dma/U0/I_PRMRY_DATAMOVER/GEN_S2MM_FULL.I_S2MM_FULL_WRAPPER/GEN_ENABLE_INDET_BTT_SF.I_INDET_BTT/I_XD_FIFO/NON_BLK_MEM.I_SYNC_FIFOGEN_FIFO/xpm_fifo_instance.xpm_fifo_sync_inst/xpm_fifo_base_inst/gen_sdpram.xpm_memory_base_inst/gen_wr_a.gen_word_narrow.mem_reg_0_15_0_5/RAMC/CLK
High Pulse Width  Slow    RAMD32/CLK   n/a            1.250         5.000       3.750      SLICE_X46Y70  d_i/dma/U0/I_PRMRY_DATAMOVER/GEN_S2MM_FULL.I_S2MM_FULL_WRAPPER/GEN_ENABLE_INDET_BTT_SF.I_INDET_BTT/I_XD_FIFO/NON_BLK_MEM.I_SYNC_FIFOGEN_FIFO/xpm_fifo_instance.xpm_fifo_sync_inst/xpm_fifo_base_inst/gen_sdpram.xpm_memory_base_inst/gen_wr_a.gen_word_narrow.mem_reg_0_15_0_5/RAMC_D1/CLK
High Pulse Width  Fast    RAMD32/CLK   n/a            1.250         5.000       3.750      SLICE_X46Y70  d_i/dma/U0/I_PRMRY_DATAMOVER/GEN_S2MM_FULL.I_S2MM_FULL_WRAPPER/GEN_ENABLE_INDET_BTT_SF.I_INDET_BTT/I_XD_FIFO/NON_BLK_MEM.I_SYNC_FIFOGEN_FIFO/xpm_fifo_instance.xpm_fifo_sync_inst/xpm_fifo_base_inst/gen_sdpram.xpm_memory_base_inst/gen_wr_a.gen_word_narrow.mem_reg_0_15_0_5/RAMC_D1/CLK
High Pulse Width  Slow    RAMS32/CLK   n/a            1.250         5.000       3.750      SLICE_X46Y70  d_i/dma/U0/I_PRMRY_DATAMOVER/GEN_S2MM_FULL.I_S2MM_FULL_WRAPPER/GEN_ENABLE_INDET_BTT_SF.I_INDET_BTT/I_XD_FIFO/NON_BLK_MEM.I_SYNC_FIFOGEN_FIFO/xpm_fifo_instance.xpm_fifo_sync_inst/xpm_fifo_base_inst/gen_sdpram.xpm_memory_base_inst/gen_wr_a.gen_word_narrow.mem_reg_0_15_0_5/RAMD/CLK
High Pulse Width  Fast    RAMS32/CLK   n/a            1.250         5.000       3.750      SLICE_X46Y70  d_i/dma/U0/I_PRMRY_DATAMOVER/GEN_S2MM_FULL.I_S2MM_FULL_WRAPPER/GEN_ENABLE_INDET_BTT_SF.I_INDET_BTT/I_XD_FIFO/NON_BLK_MEM.I_SYNC_FIFOGEN_FIFO/xpm_fifo_instance.xpm_fifo_sync_inst/xpm_fifo_base_inst/gen_sdpram.xpm_memory_base_inst/gen_wr_a.gen_word_narrow.mem_reg_0_15_0_5/RAMD/CLK
High Pulse Width  Slow    RAMS32/CLK   n/a            1.250         5.000       3.750      SLICE_X46Y70  d_i/dma/U0/I_PRMRY_DATAMOVER/GEN_S2MM_FULL.I_S2MM_FULL_WRAPPER/GEN_ENABLE_INDET_BTT_SF.I_INDET_BTT/I_XD_FIFO/NON_BLK_MEM.I_SYNC_FIFOGEN_FIFO/xpm_fifo_instance.xpm_fifo_sync_inst/xpm_fifo_base_inst/gen_sdpram.xpm_memory_base_inst/gen_wr_a.gen_word_narrow.mem_reg_0_15_0_5/RAMD_D1/CLK
High Pulse Width  Fast    RAMS32/CLK   n/a            1.250         5.000       3.750      SLICE_X46Y70  d_i/dma/U0/I_PRMRY_DATAMOVER/GEN_S2MM_FULL.I_S2MM_FULL_WRAPPER/GEN_ENABLE_INDET_BTT_SF.I_INDET_BTT/I_XD_FIFO/NON_BLK_MEM.I_SYNC_FIFOGEN_FIFO/xpm_fifo_instance.xpm_fifo_sync_inst/xpm_fifo_base_inst/gen_sdpram.xpm_memory_base_inst/gen_wr_a.gen_word_narrow.mem_reg_0_15_0_5/RAMD_D1/CLK
High Pulse Width  Slow    RAMD32/CLK   n/a            1.250         5.000       3.750      SLICE_X46Y71  d_i/dma/U0/I_PRMRY_DATAMOVER/GEN_S2MM_FULL.I_S2MM_FULL_WRAPPER/GEN_ENABLE_INDET_BTT_SF.I_INDET_BTT/I_XD_FIFO/NON_BLK_MEM.I_SYNC_FIFOGEN_FIFO/xpm_fifo_instance.xpm_fifo_sync_inst/xpm_fifo_base_inst/gen_sdpram.xpm_memory_base_inst/gen_wr_a.gen_word_narrow.mem_reg_0_15_6_9/RAMA/CLK
High Pulse Width  Fast    RAMD32/CLK   n/a            1.250         5.000       3.750      SLICE_X46Y71  d_i/dma/U0/I_PRMRY_DATAMOVER/GEN_S2MM_FULL.I_S2MM_FULL_WRAPPER/GEN_ENABLE_INDET_BTT_SF.I_INDET_BTT/I_XD_FIFO/NON_BLK_MEM.I_SYNC_FIFOGEN_FIFO/xpm_fifo_instance.xpm_fifo_sync_inst/xpm_fifo_base_inst/gen_sdpram.xpm_memory_base_inst/gen_wr_a.gen_word_narrow.mem_reg_0_15_6_9/RAMA/CLK
High Pulse Width  Slow    RAMD32/CLK   n/a            1.250         5.000       3.750      SLICE_X46Y71  d_i/dma/U0/I_PRMRY_DATAMOVER/GEN_S2MM_FULL.I_S2MM_FULL_WRAPPER/GEN_ENABLE_INDET_BTT_SF.I_INDET_BTT/I_XD_FIFO/NON_BLK_MEM.I_SYNC_FIFOGEN_FIFO/xpm_fifo_instance.xpm_fifo_sync_inst/xpm_fifo_base_inst/gen_sdpram.xpm_memory_base_inst/gen_wr_a.gen_word_narrow.mem_reg_0_15_6_9/RAMA_D1/CLK
High Pulse Width  Fast    RAMD32/CLK   n/a            1.250         5.000       3.750      SLICE_X46Y71  d_i/dma/U0/I_PRMRY_DATAMOVER/GEN_S2MM_FULL.I_S2MM_FULL_WRAPPER/GEN_ENABLE_INDET_BTT_SF.I_INDET_BTT/I_XD_FIFO/NON_BLK_MEM.I_SYNC_FIFOGEN_FIFO/xpm_fifo_instance.xpm_fifo_sync_inst/xpm_fifo_base_inst/gen_sdpram.xpm_memory_base_inst/gen_wr_a.gen_word_narrow.mem_reg_0_15_6_9/RAMA_D1/CLK
High Pulse Width  Slow    RAMD32/CLK   n/a            1.250         5.000       3.750      SLICE_X46Y71  d_i/dma/U0/I_PRMRY_DATAMOVER/GEN_S2MM_FULL.I_S2MM_FULL_WRAPPER/GEN_ENABLE_INDET_BTT_SF.I_INDET_BTT/I_XD_FIFO/NON_BLK_MEM.I_SYNC_FIFOGEN_FIFO/xpm_fifo_instance.xpm_fifo_sync_inst/xpm_fifo_base_inst/gen_sdpram.xpm_memory_base_inst/gen_wr_a.gen_word_narrow.mem_reg_0_15_6_9/RAMB/CLK
High Pulse Width  Fast    RAMD32/CLK   n/a            1.250         5.000       3.750      SLICE_X46Y71  d_i/dma/U0/I_PRMRY_DATAMOVER/GEN_S2MM_FULL.I_S2MM_FULL_WRAPPER/GEN_ENABLE_INDET_BTT_SF.I_INDET_BTT/I_XD_FIFO/NON_BLK_MEM.I_SYNC_FIFOGEN_FIFO/xpm_fifo_instance.xpm_fifo_sync_inst/xpm_fifo_base_inst/gen_sdpram.xpm_memory_base_inst/gen_wr_a.gen_word_narrow.mem_reg_0_15_6_9/RAMB/CLK
High Pulse Width  Slow    RAMD32/CLK   n/a            1.250         5.000       3.750      SLICE_X46Y71  d_i/dma/U0/I_PRMRY_DATAMOVER/GEN_S2MM_FULL.I_S2MM_FULL_WRAPPER/GEN_ENABLE_INDET_BTT_SF.I_INDET_BTT/I_XD_FIFO/NON_BLK_MEM.I_SYNC_FIFOGEN_FIFO/xpm_fifo_instance.xpm_fifo_sync_inst/xpm_fifo_base_inst/gen_sdpram.xpm_memory_base_inst/gen_wr_a.gen_word_narrow.mem_reg_0_15_6_9/RAMB_D1/CLK
High Pulse Width  Fast    RAMD32/CLK   n/a            1.250         5.000       3.750      SLICE_X46Y71  d_i/dma/U0/I_PRMRY_DATAMOVER/GEN_S2MM_FULL.I_S2MM_FULL_WRAPPER/GEN_ENABLE_INDET_BTT_SF.I_INDET_BTT/I_XD_FIFO/NON_BLK_MEM.I_SYNC_FIFOGEN_FIFO/xpm_fifo_instance.xpm_fifo_sync_inst/xpm_fifo_base_inst/gen_sdpram.xpm_memory_base_inst/gen_wr_a.gen_word_narrow.mem_reg_0_15_6_9/RAMB_D1/CLK
High Pulse Width  Slow    RAMD32/CLK   n/a            1.250         5.000       3.750      SLICE_X46Y71  d_i/dma/U0/I_PRMRY_DATAMOVER/GEN_S2MM_FULL.I_S2MM_FULL_WRAPPER/GEN_ENABLE_INDET_BTT_SF.I_INDET_BTT/I_XD_FIFO/NON_BLK_MEM.I_SYNC_FIFOGEN_FIFO/xpm_fifo_instance.xpm_fifo_sync_inst/xpm_fifo_base_inst/gen_sdpram.xpm_memory_base_inst/gen_wr_a.gen_word_narrow.mem_reg_0_15_6_9/RAMC/CLK
High Pulse Width  Fast    RAMD32/CLK   n/a            1.250         5.000       3.750      SLICE_X46Y71  d_i/dma/U0/I_PRMRY_DATAMOVER/GEN_S2MM_FULL.I_S2MM_FULL_WRAPPER/GEN_ENABLE_INDET_BTT_SF.I_INDET_BTT/I_XD_FIFO/NON_BLK_MEM.I_SYNC_FIFOGEN_FIFO/xpm_fifo_instance.xpm_fifo_sync_inst/xpm_fifo_base_inst/gen_sdpram.xpm_memory_base_inst/gen_wr_a.gen_word_narrow.mem_reg_0_15_6_9/RAMC/CLK
High Pulse Width  Slow    RAMD32/CLK   n/a            1.250         5.000       3.750      SLICE_X46Y71  d_i/dma/U0/I_PRMRY_DATAMOVER/GEN_S2MM_FULL.I_S2MM_FULL_WRAPPER/GEN_ENABLE_INDET_BTT_SF.I_INDET_BTT/I_XD_FIFO/NON_BLK_MEM.I_SYNC_FIFOGEN_FIFO/xpm_fifo_instance.xpm_fifo_sync_inst/xpm_fifo_base_inst/gen_sdpram.xpm_memory_base_inst/gen_wr_a.gen_word_narrow.mem_reg_0_15_6_9/RAMC_D1/CLK
High Pulse Width  Fast    RAMD32/CLK   n/a            1.250         5.000       3.750      SLICE_X46Y71  d_i/dma/U0/I_PRMRY_DATAMOVER/GEN_S2MM_FULL.I_S2MM_FULL_WRAPPER/GEN_ENABLE_INDET_BTT_SF.I_INDET_BTT/I_XD_FIFO/NON_BLK_MEM.I_SYNC_FIFOGEN_FIFO/xpm_fifo_instance.xpm_fifo_sync_inst/xpm_fifo_base_inst/gen_sdpram.xpm_memory_base_inst/gen_wr_a.gen_word_narrow.mem_reg_0_15_6_9/RAMC_D1/CLK
High Pulse Width  Slow    RAMS32/CLK   n/a            1.250         5.000       3.750      SLICE_X46Y71  d_i/dma/U0/I_PRMRY_DATAMOVER/GEN_S2MM_FULL.I_S2MM_FULL_WRAPPER/GEN_ENABLE_INDET_BTT_SF.I_INDET_BTT/I_XD_FIFO/NON_BLK_MEM.I_SYNC_FIFOGEN_FIFO/xpm_fifo_instance.xpm_fifo_sync_inst/xpm_fifo_base_inst/gen_sdpram.xpm_memory_base_inst/gen_wr_a.gen_word_narrow.mem_reg_0_15_6_9/RAMD/CLK
High Pulse Width  Fast    RAMS32/CLK   n/a            1.250         5.000       3.750      SLICE_X46Y71  d_i/dma/U0/I_PRMRY_DATAMOVER/GEN_S2MM_FULL.I_S2MM_FULL_WRAPPER/GEN_ENABLE_INDET_BTT_SF.I_INDET_BTT/I_XD_FIFO/NON_BLK_MEM.I_SYNC_FIFOGEN_FIFO/xpm_fifo_instance.xpm_fifo_sync_inst/xpm_fifo_base_inst/gen_sdpram.xpm_memory_base_inst/gen_wr_a.gen_word_narrow.mem_reg_0_15_6_9/RAMD/CLK
High Pulse Width  Slow    RAMS32/CLK   n/a            1.250         5.000       3.750      SLICE_X46Y71  d_i/dma/U0/I_PRMRY_DATAMOVER/GEN_S2MM_FULL.I_S2MM_FULL_WRAPPER/GEN_ENABLE_INDET_BTT_SF.I_INDET_BTT/I_XD_FIFO/NON_BLK_MEM.I_SYNC_FIFOGEN_FIFO/xpm_fifo_instance.xpm_fifo_sync_inst/xpm_fifo_base_inst/gen_sdpram.xpm_memory_base_inst/gen_wr_a.gen_word_narrow.mem_reg_0_15_6_9/RAMD_D1/CLK
High Pulse Width  Fast    RAMS32/CLK   n/a            1.250         5.000       3.750      SLICE_X46Y71  d_i/dma/U0/I_PRMRY_DATAMOVER/GEN_S2MM_FULL.I_S2MM_FULL_WRAPPER/GEN_ENABLE_INDET_BTT_SF.I_INDET_BTT/I_XD_FIFO/NON_BLK_MEM.I_SYNC_FIFOGEN_FIFO/xpm_fifo_instance.xpm_fifo_sync_inst/xpm_fifo_base_inst/gen_sdpram.xpm_memory_base_inst/gen_wr_a.gen_word_narrow.mem_reg_0_15_6_9/RAMD_D1/CLK
High Pulse Width  Slow    RAMD32/CLK   n/a            1.250         5.000       3.750      SLICE_X54Y46  d_i/evalmul3/inst/core/fifo_c0_reg_0_7_0_5/RAMA/CLK
High Pulse Width  Fast    RAMD32/CLK   n/a            1.250         5.000       3.750      SLICE_X54Y46  d_i/evalmul3/inst/core/fifo_c0_reg_0_7_0_5/RAMA/CLK
High Pulse Width  Slow    RAMD32/CLK   n/a            1.250         5.000       3.750      SLICE_X54Y46  d_i/evalmul3/inst/core/fifo_c0_reg_0_7_0_5/RAMA_D1/CLK
High Pulse Width  Fast    RAMD32/CLK   n/a            1.250         5.000       3.750      SLICE_X54Y46  d_i/evalmul3/inst/core/fifo_c0_reg_0_7_0_5/RAMA_D1/CLK
High Pulse Width  Slow    RAMD32/CLK   n/a            1.250         5.000       3.750      SLICE_X54Y46  d_i/evalmul3/inst/core/fifo_c0_reg_0_7_0_5/RAMB/CLK
High Pulse Width  Fast    RAMD32/CLK   n/a            1.250         5.000       3.750      SLICE_X54Y46  d_i/evalmul3/inst/core/fifo_c0_reg_0_7_0_5/RAMB/CLK
High Pulse Width  Slow    RAMD32/CLK   n/a            1.250         5.000       3.750      SLICE_X54Y46  d_i/evalmul3/inst/core/fifo_c0_reg_0_7_0_5/RAMB_D1/CLK
High Pulse Width  Fast    RAMD32/CLK   n/a            1.250         5.000       3.750      SLICE_X54Y46  d_i/evalmul3/inst/core/fifo_c0_reg_0_7_0_5/RAMB_D1/CLK
High Pulse Width  Slow    RAMD32/CLK   n/a            1.250         5.000       3.750      SLICE_X54Y46  d_i/evalmul3/inst/core/fifo_c0_reg_0_7_0_5/RAMC/CLK
High Pulse Width  Fast    RAMD32/CLK   n/a            1.250         5.000       3.750      SLICE_X54Y46  d_i/evalmul3/inst/core/fifo_c0_reg_0_7_0_5/RAMC/CLK
High Pulse Width  Slow    RAMD32/CLK   n/a            1.250         5.000       3.750      SLICE_X54Y46  d_i/evalmul3/inst/core/fifo_c0_reg_0_7_0_5/RAMC_D1/CLK
High Pulse Width  Fast    RAMD32/CLK   n/a            1.250         5.000       3.750      SLICE_X54Y46  d_i/evalmul3/inst/core/fifo_c0_reg_0_7_0_5/RAMC_D1/CLK
High Pulse Width  Slow    RAMS32/CLK   n/a            1.250         5.000       3.750      SLICE_X54Y46  d_i/evalmul3/inst/core/fifo_c0_reg_0_7_0_5/RAMD/CLK
High Pulse Width  Fast    RAMS32/CLK   n/a            1.250         5.000       3.750      SLICE_X54Y46  d_i/evalmul3/inst/core/fifo_c0_reg_0_7_0_5/RAMD/CLK
High Pulse Width  Slow    RAMS32/CLK   n/a            1.250         5.000       3.750      SLICE_X54Y46  d_i/evalmul3/inst/core/fifo_c0_reg_0_7_0_5/RAMD_D1/CLK
High Pulse Width  Fast    RAMS32/CLK   n/a            1.250         5.000       3.750      SLICE_X54Y46  d_i/evalmul3/inst/core/fifo_c0_reg_0_7_0_5/RAMD_D1/CLK
High Pulse Width  Slow    RAMD32/CLK   n/a            1.250         5.000       3.750      SLICE_X54Y49  d_i/evalmul3/inst/core/fifo_c0_reg_0_7_12_17/RAMA/CLK
High Pulse Width  Fast    RAMD32/CLK   n/a            1.250         5.000       3.750      SLICE_X54Y49  d_i/evalmul3/inst/core/fifo_c0_reg_0_7_12_17/RAMA/CLK
