Copyright 1986-2022 Xilinx, Inc. All Rights Reserved. Copyright 2022-2024 Advanced Micro Devices, Inc. All Rights Reserved.
--------------------------------------------------------------------------------------------------------------------------------------------------
| Tool Version : Vivado v.2024.1 (win64) Build 5076996 Wed May 22 18:37:14 MDT 2024
| Date         : Sun Jul 19 01:29:18 2026
| Host         : DESKTOP-63734QH running 64-bit major release  (build 9200)
| Command      : report_timing_summary -file F:/repos/pynq_butterfly/reports/pynq_poly_mul256_dma_batch32/pynq_poly_mul256_dma_batch32_timing.rpt
| Design       : design_1_wrapper
| Device       : 7z020-clg400
| Speed File   : -1  PRODUCTION 1.12 2019-11-22
| Design State : Routed
--------------------------------------------------------------------------------------------------------------------------------------------------

Timing Summary Report

------------------------------------------------------------------------------------------------
| Timer Settings
| --------------
------------------------------------------------------------------------------------------------

  Enable Multi Corner Analysis               :  Yes
  Enable Pessimism Removal                   :  Yes
  Pessimism Removal Resolution               :  Nearest Common Node
  Enable Input Delay Default Clock           :  No
  Enable Preset / Clear Arcs                 :  No
  Disable Flight Delays                      :  No
  Ignore I/O Paths                           :  No
  Timing Early Launch at Borrowing Latches   :  No
  Borrow Time for Max Delay Exceptions       :  Yes
  Merge Timing Exceptions                    :  Yes
  Inter-SLR Compensation                     :  Conservative

  Corner  Analyze    Analyze    
  Name    Max Paths  Min Paths  
  ------  ---------  ---------  
  Slow    Yes        Yes        
  Fast    Yes        Yes        


------------------------------------------------------------------------------------------------
| Report Methodology
| ------------------
------------------------------------------------------------------------------------------------

Rule       Severity          Description                                         Violations  
---------  ----------------  --------------------------------------------------  ----------  
TIMING-4   Critical Warning  Invalid primary clock redefinition on a clock tree  2           
TIMING-6   Critical Warning  No common primary clock between related clocks      4           
TIMING-7   Critical Warning  No common node between related clocks               4           
TIMING-27  Critical Warning  Invalid primary clock on hierarchical pin           2           
LUTAR-1    Warning           LUT drives async reset alert                        3           

Note: This report is based on the most recent report_methodology run and may not be up-to-date. Run report_methodology on the current design for the latest report.



check_timing report

Table of Contents
-----------------
1. checking no_clock (0)
2. checking constant_clock (0)
3. checking pulse_width_clock (0)
4. checking unconstrained_internal_endpoints (0)
5. checking no_input_delay (0)
6. checking no_output_delay (0)
7. checking multiple_clock (0)
8. checking generated_clocks (0)
9. checking loops (0)
10. checking partial_input_delay (0)
11. checking partial_output_delay (0)
12. checking latch_loops (0)

1. checking no_clock (0)
------------------------
 There are 0 register/latch pins with no clock.


2. checking constant_clock (0)
------------------------------
 There are 0 register/latch pins with constant_clock.


3. checking pulse_width_clock (0)
---------------------------------
 There are 0 register/latch pins which need pulse_width check


4. checking unconstrained_internal_endpoints (0)
------------------------------------------------
 There are 0 pins that are not constrained for maximum delay.

 There are 0 pins that are not constrained for maximum delay due to constant clock.


5. checking no_input_delay (0)
------------------------------
 There are 0 input ports with no input delay specified.

 There are 0 input ports with no input delay but user has a false path constraint.


6. checking no_output_delay (0)
-------------------------------
 There are 0 ports with no output delay specified.

 There are 0 ports with no output delay but user has a false path constraint

 There are 0 ports with no output delay but with a timing clock defined on it or propagating through it


7. checking multiple_clock (0)
------------------------------
 There are 0 register/latch pins with multiple clocks.


8. checking generated_clocks (0)
--------------------------------
 There are 0 generated clocks that are not connected to a clock source.


9. checking loops (0)
---------------------
 There are 0 combinational loops in the design.


10. checking partial_input_delay (0)
------------------------------------
 There are 0 input ports with partial input delay specified.


11. checking partial_output_delay (0)
-------------------------------------
 There are 0 ports with partial output delay specified.


12. checking latch_loops (0)
----------------------------
 There are 0 combinational latch loops in the design through latch input



------------------------------------------------------------------------------------------------
| Design Timing Summary
| ---------------------
------------------------------------------------------------------------------------------------

    WNS(ns)      TNS(ns)  TNS Failing Endpoints  TNS Total Endpoints      WHS(ns)      THS(ns)  THS Failing Endpoints  THS Total Endpoints     WPWS(ns)     TPWS(ns)  TPWS Failing Endpoints  TPWS Total Endpoints  
    -------      -------  ---------------------  -------------------      -------      -------  ---------------------  -------------------     --------     --------  ----------------------  --------------------  
      0.169        0.000                      0                31160        0.048        0.000                      0                31160        3.750        0.000                       0                 10766  


All user specified timing constraints are met.


------------------------------------------------------------------------------------------------
| Clock Summary
| -------------
------------------------------------------------------------------------------------------------

Clock       Waveform(ns)       Period(ns)      Frequency(MHz)
-----       ------------       ----------      --------------
S_AXI_ACLK  {0.000 5.000}      10.000          100.000         
aclk        {0.000 5.000}      10.000          100.000         
clk_fpga_0  {0.000 5.000}      10.000          100.000         


------------------------------------------------------------------------------------------------
| Intra Clock Table
| -----------------
------------------------------------------------------------------------------------------------

Clock             WNS(ns)      TNS(ns)  TNS Failing Endpoints  TNS Total Endpoints      WHS(ns)      THS(ns)  THS Failing Endpoints  THS Total Endpoints     WPWS(ns)     TPWS(ns)  TPWS Failing Endpoints  TPWS Total Endpoints  
-----             -------      -------  ---------------------  -------------------      -------      -------  ---------------------  -------------------     --------     --------  ----------------------  --------------------  
S_AXI_ACLK          2.317        0.000                      0                 3802        0.091        0.000                      0                 3802        4.500        0.000                       0                  1388  
aclk                2.719        0.000                      0                 3537        0.109        0.000                      0                 3537        4.500        0.000                       0                  1231  
clk_fpga_0          0.169        0.000                      0                22053        0.050        0.000                      0                22053        3.750        0.000                       0                  8147  


------------------------------------------------------------------------------------------------
| Inter Clock Table
| -----------------
------------------------------------------------------------------------------------------------

From Clock    To Clock          WNS(ns)      TNS(ns)  TNS Failing Endpoints  TNS Total Endpoints      WHS(ns)      THS(ns)  THS Failing Endpoints  THS Total Endpoints  
----------    --------          -------      -------  ---------------------  -------------------      -------      -------  ---------------------  -------------------  
clk_fpga_0    S_AXI_ACLK          1.425        0.000                      0                 1552        0.730        0.000                      0                 1552  
clk_fpga_0    aclk                0.707        0.000                      0                 1379        0.534        0.000                      0                 1379  
S_AXI_ACLK    clk_fpga_0          5.988        0.000                      0                   79        0.048        0.000                      0                   79  
aclk          clk_fpga_0          5.924        0.000                      0                  113        0.053        0.000                      0                  113  


------------------------------------------------------------------------------------------------
| Other Path Groups Table
| -----------------------
------------------------------------------------------------------------------------------------

Path Group         From Clock         To Clock               WNS(ns)      TNS(ns)  TNS Failing Endpoints  TNS Total Endpoints      WHS(ns)      THS(ns)  THS Failing Endpoints  THS Total Endpoints  
----------         ----------         --------               -------      -------  ---------------------  -------------------      -------      -------  ---------------------  -------------------  
**async_default**  clk_fpga_0         clk_fpga_0               6.502        0.000                      0                   96        0.637        0.000                      0                   96  


------------------------------------------------------------------------------------------------
| Timing Details
| --------------
------------------------------------------------------------------------------------------------


---------------------------------------------------------------------------------------------------
From Clock:  S_AXI_ACLK
  To Clock:  S_AXI_ACLK

Setup :            0  Failing Endpoints,  Worst Slack        2.317ns,  Total Violation        0.000ns
Hold  :            0  Failing Endpoints,  Worst Slack        0.091ns,  Total Violation        0.000ns
PW    :            0  Failing Endpoints,  Worst Slack        4.500ns,  Total Violation        0.000ns
---------------------------------------------------------------------------------------------------


Max Delay Paths
--------------------------------------------------------------------------------------
Slack (MET) :             2.317ns  (required time - arrival time)
  Source:                 design_1_i/poly_mul256_0/inst/polynomial_multiplier/forward_engine/cyclic_ntt/FSM_sequential_state_reg[0]/C
                            (rising edge-triggered cell FDRE clocked by S_AXI_ACLK  {rise@0.000ns fall@5.000ns period=10.000ns})
  Destination:            design_1_i/poly_mul256_0/inst/polynomial_multiplier/forward_engine/cyclic_ntt/butterfly/out_a_reg[6]/R
                            (rising edge-triggered cell FDRE clocked by S_AXI_ACLK  {rise@0.000ns fall@5.000ns period=10.000ns})
  Path Group:             S_AXI_ACLK
  Path Type:              Setup (Max at Slow Process Corner)
  Requirement:            10.000ns  (S_AXI_ACLK rise@10.000ns - S_AXI_ACLK rise@0.000ns)
  Data Path Delay:        6.952ns  (logic 1.102ns (15.851%)  route 5.850ns (84.149%))
  Logic Levels:           2  (LUT4=1 LUT5=1)
  Clock Path Skew:        -0.058ns (DCD - SCD + CPR)
    Destination Clock Delay (DCD):    1.554ns = ( 11.554 - 10.000 ) 
    Source Clock Delay      (SCD):    1.727ns
    Clock Pessimism Removal (CPR):    0.115ns
  Clock Uncertainty:      0.035ns  ((TSJ^2 + TIJ^2)^1/2 + DJ) / 2 + PE
    Total System Jitter     (TSJ):    0.071ns
    Total Input Jitter      (TIJ):    0.000ns
    Discrete Jitter          (DJ):    0.000ns
    Phase Error              (PE):    0.000ns

    Location             Delay type                Incr(ns)  Path(ns)    Netlist Resource(s)
  -------------------------------------------------------------------    -------------------
                         (clock S_AXI_ACLK rise edge)
                                                      0.000     0.000 r  
    BUFGCTRL_X0Y16       BUFG                         0.000     0.000 r  design_1_i/processing_system7_0/inst/buffer_fclk_clk_0.FCLK_CLK_0_BUFG/O
                         net (fo=10767, routed)       1.727     1.727    design_1_i/poly_mul256_0/inst/polynomial_multiplier/forward_engine/cyclic_ntt/S_AXI_ACLK
    SLICE_X64Y35         FDRE                                         r  design_1_i/poly_mul256_0/inst/polynomial_multiplier/forward_engine/cyclic_ntt/FSM_sequential_state_reg[0]/C
  -------------------------------------------------------------------    -------------------
    SLICE_X64Y35         FDRE (Prop_fdre_C_Q)         0.419     2.146 f  design_1_i/poly_mul256_0/inst/polynomial_multiplier/forward_engine/cyclic_ntt/FSM_sequential_state_reg[0]/Q
                         net (fo=107, routed)         3.506     5.652    design_1_i/poly_mul256_0/inst/polynomial_multiplier/forward_engine/cyclic_ntt/butterfly/state_0[0]
    SLICE_X61Y45         LUT4 (Prop_lut4_I3_O)        0.328     5.980 f  design_1_i/poly_mul256_0/inst/polynomial_multiplier/forward_engine/cyclic_ntt/butterfly/out_a[31]_i_4/O
                         net (fo=1, routed)           0.847     6.827    design_1_i/poly_mul256_0/inst/polynomial_multiplier/forward_engine/cyclic_ntt/butterfly/multiplier/out_b_reg[0]
    SLICE_X61Y45         LUT5 (Prop_lut5_I1_O)        0.355     7.182 r  design_1_i/poly_mul256_0/inst/polynomial_multiplier/forward_engine/cyclic_ntt/butterfly/multiplier/out_a[31]_i_1/O
                         net (fo=64, routed)          1.497     8.679    design_1_i/poly_mul256_0/inst/polynomial_multiplier/forward_engine/cyclic_ntt/butterfly/multiplier_n_16
    SLICE_X63Y39         FDRE                                         r  design_1_i/poly_mul256_0/inst/polynomial_multiplier/forward_engine/cyclic_ntt/butterfly/out_a_reg[6]/R
  -------------------------------------------------------------------    -------------------

                         (clock S_AXI_ACLK rise edge)
                                                     10.000    10.000 r  
    BUFGCTRL_X0Y16       BUFG                         0.000    10.000 r  design_1_i/processing_system7_0/inst/buffer_fclk_clk_0.FCLK_CLK_0_BUFG/O
                         net (fo=10767, routed)       1.554    11.554    design_1_i/poly_mul256_0/inst/polynomial_multiplier/forward_engine/cyclic_ntt/butterfly/S_AXI_ACLK
    SLICE_X63Y39         FDRE                                         r  design_1_i/poly_mul256_0/inst/polynomial_multiplier/forward_engine/cyclic_ntt/butterfly/out_a_reg[6]/C
                         clock pessimism              0.115    11.669    
                         clock uncertainty           -0.035    11.634    
    SLICE_X63Y39         FDRE (Setup_fdre_C_R)       -0.637    10.997    design_1_i/poly_mul256_0/inst/polynomial_multiplier/forward_engine/cyclic_ntt/butterfly/out_a_reg[6]
  -------------------------------------------------------------------
                         required time                         10.997    
                         arrival time                          -8.679    
  -------------------------------------------------------------------
                         slack                                  2.317    





Min Delay Paths
--------------------------------------------------------------------------------------
Slack (MET) :             0.091ns  (arrival time - required time)
  Source:                 design_1_i/poly_mul256_0/inst/polynomial_multiplier/FSM_onehot_state_reg[12]/C
                            (rising edge-triggered cell FDRE clocked by S_AXI_ACLK  {rise@0.000ns fall@5.000ns period=10.000ns})
  Destination:            design_1_i/poly_mul256_0/inst/polynomial_multiplier/transfer_value_reg[19]/D
                            (rising edge-triggered cell FDRE clocked by S_AXI_ACLK  {rise@0.000ns fall@5.000ns period=10.000ns})
  Path Group:             S_AXI_ACLK
  Path Type:              Hold (Min at Fast Process Corner)
  Requirement:            0.000ns  (S_AXI_ACLK rise@0.000ns - S_AXI_ACLK rise@0.000ns)
  Data Path Delay:        0.441ns  (logic 0.186ns (42.205%)  route 0.255ns (57.795%))
  Logic Levels:           1  (LUT5=1)
  Clock Path Skew:        0.258ns (DCD - SCD - CPR)
    Destination Clock Delay (DCD):    0.820ns
    Source Clock Delay      (SCD):    0.557ns
    Clock Pessimism Removal (CPR):    0.005ns

    Location             Delay type                Incr(ns)  Path(ns)    Netlist Resource(s)
  -------------------------------------------------------------------    -------------------
                         (clock S_AXI_ACLK rise edge)
                                                      0.000     0.000 r  
    BUFGCTRL_X0Y16       BUFG                         0.000     0.000 r  design_1_i/processing_system7_0/inst/buffer_fclk_clk_0.FCLK_CLK_0_BUFG/O
                         net (fo=10767, routed)       0.557     0.557    design_1_i/poly_mul256_0/inst/polynomial_multiplier/S_AXI_ACLK
    SLICE_X48Y35         FDRE                                         r  design_1_i/poly_mul256_0/inst/polynomial_multiplier/FSM_onehot_state_reg[12]/C
  -------------------------------------------------------------------    -------------------
    SLICE_X48Y35         FDRE (Prop_fdre_C_Q)         0.141     0.698 r  design_1_i/poly_mul256_0/inst/polynomial_multiplier/FSM_onehot_state_reg[12]/Q
                         net (fo=34, routed)          0.255     0.952    design_1_i/poly_mul256_0/inst/polynomial_multiplier/pointwise_engine/result_memory/Q[1]
    SLICE_X51Y36         LUT5 (Prop_lut5_I3_O)        0.045     0.997 r  design_1_i/poly_mul256_0/inst/polynomial_multiplier/pointwise_engine/result_memory/transfer_value[19]_i_1/O
                         net (fo=1, routed)           0.000     0.997    design_1_i/poly_mul256_0/inst/polynomial_multiplier/pointwise_engine_n_12
    SLICE_X51Y36         FDRE                                         r  design_1_i/poly_mul256_0/inst/polynomial_multiplier/transfer_value_reg[19]/D
  -------------------------------------------------------------------    -------------------

                         (clock S_AXI_ACLK rise edge)
                                                      0.000     0.000 r  
    BUFGCTRL_X0Y16       BUFG                         0.000     0.000 r  design_1_i/processing_system7_0/inst/buffer_fclk_clk_0.FCLK_CLK_0_BUFG/O
                         net (fo=10767, routed)       0.820     0.820    design_1_i/poly_mul256_0/inst/polynomial_multiplier/S_AXI_ACLK
    SLICE_X51Y36         FDRE                                         r  design_1_i/poly_mul256_0/inst/polynomial_multiplier/transfer_value_reg[19]/C
                         clock pessimism             -0.005     0.815    
    SLICE_X51Y36         FDRE (Hold_fdre_C_D)         0.091     0.906    design_1_i/poly_mul256_0/inst/polynomial_multiplier/transfer_value_reg[19]
  -------------------------------------------------------------------
                         required time                         -0.906    
                         arrival time                           0.997    
  -------------------------------------------------------------------
                         slack                                  0.091    





Pulse Width Checks
--------------------------------------------------------------------------------------
Clock Name:         S_AXI_ACLK
Waveform(ns):       { 0.000 5.000 }
Period(ns):         10.000
Sources:            { design_1_i/poly_mul256_0/inst/S_AXI_ACLK }

Check Type        Corner  Lib Pin             Reference Pin  Required(ns)  Actual(ns)  Slack(ns)  Location      Pin
Min Period        n/a     RAMB36E1/CLKARDCLK  n/a            2.944         10.000      7.056      RAMB36_X3Y8   design_1_i/poly_mul256_0/inst/polynomial_multiplier/forward_engine/cyclic_ntt/coefficient_memory/memory_reg/CLKARDCLK
Low Pulse Width   Slow    FDRE/C              n/a            0.500         5.000       4.500      SLICE_X44Y61  design_1_i/poly_mul256_0/inst/S_AXI_BRESP_reg[1]/C
High Pulse Width  Slow    FDRE/C              n/a            0.500         5.000       4.500      SLICE_X44Y61  design_1_i/poly_mul256_0/inst/S_AXI_BRESP_reg[1]/C



---------------------------------------------------------------------------------------------------
From Clock:  aclk
  To Clock:  aclk

Setup :            0  Failing Endpoints,  Worst Slack        2.719ns,  Total Violation        0.000ns
Hold  :            0  Failing Endpoints,  Worst Slack        0.109ns,  Total Violation        0.000ns
PW    :            0  Failing Endpoints,  Worst Slack        4.500ns,  Total Violation        0.000ns
---------------------------------------------------------------------------------------------------


Max Delay Paths
--------------------------------------------------------------------------------------
Slack (MET) :             2.719ns  (required time - arrival time)
  Source:                 design_1_i/poly_mul256_axis_batch_0/inst/polynomial_multiplier/inverse_engine/inverse_cyclic_ntt/FSM_sequential_state_reg[1]/C
                            (rising edge-triggered cell FDRE clocked by aclk  {rise@0.000ns fall@5.000ns period=10.000ns})
  Destination:            design_1_i/poly_mul256_axis_batch_0/inst/polynomial_multiplier/inverse_engine/inverse_cyclic_ntt/butterfly/multiplier/x_reg[29]/D
                            (rising edge-triggered cell FDRE clocked by aclk  {rise@0.000ns fall@5.000ns period=10.000ns})
  Path Group:             aclk
  Path Type:              Setup (Max at Slow Process Corner)
  Requirement:            10.000ns  (aclk rise@10.000ns - aclk rise@0.000ns)
  Data Path Delay:        7.291ns  (logic 2.492ns (34.178%)  route 4.799ns (65.822%))
  Logic Levels:           10  (CARRY4=8 LUT4=1 LUT5=1)
  Clock Path Skew:        -0.063ns (DCD - SCD + CPR)
    Destination Clock Delay (DCD):    1.489ns = ( 11.489 - 10.000 ) 
    Source Clock Delay      (SCD):    1.667ns
    Clock Pessimism Removal (CPR):    0.115ns
  Clock Uncertainty:      0.035ns  ((TSJ^2 + TIJ^2)^1/2 + DJ) / 2 + PE
    Total System Jitter     (TSJ):    0.071ns
    Total Input Jitter      (TIJ):    0.000ns
    Discrete Jitter          (DJ):    0.000ns
    Phase Error              (PE):    0.000ns

    Location             Delay type                Incr(ns)  Path(ns)    Netlist Resource(s)
  -------------------------------------------------------------------    -------------------
                         (clock aclk rise edge)       0.000     0.000 r  
    BUFGCTRL_X0Y16       BUFG                         0.000     0.000 r  design_1_i/processing_system7_0/inst/buffer_fclk_clk_0.FCLK_CLK_0_BUFG/O
                         net (fo=10767, routed)       1.667     1.667    design_1_i/poly_mul256_axis_batch_0/inst/polynomial_multiplier/inverse_engine/inverse_cyclic_ntt/aclk
    SLICE_X37Y9          FDRE                                         r  design_1_i/poly_mul256_axis_batch_0/inst/polynomial_multiplier/inverse_engine/inverse_cyclic_ntt/FSM_sequential_state_reg[1]/C
  -------------------------------------------------------------------    -------------------
    SLICE_X37Y9          FDRE (Prop_fdre_C_Q)         0.456     2.123 r  design_1_i/poly_mul256_axis_batch_0/inst/polynomial_multiplier/inverse_engine/inverse_cyclic_ntt/FSM_sequential_state_reg[1]/Q
                         net (fo=107, routed)         2.426     4.549    design_1_i/poly_mul256_axis_batch_0/inst/polynomial_multiplier/inverse_engine/inverse_cyclic_ntt/butterfly/multiplier/state[1]
    SLICE_X35Y17         LUT5 (Prop_lut5_I2_O)        0.152     4.701 r  design_1_i/poly_mul256_axis_batch_0/inst/polynomial_multiplier/inverse_engine/inverse_cyclic_ntt/butterfly/multiplier/y[30]_i_2__0/O
                         net (fo=79, routed)          2.374     7.074    design_1_i/poly_mul256_axis_batch_0/inst/polynomial_multiplier/inverse_engine/inverse_cyclic_ntt/butterfly/multiplier/y[30]_i_2__0_n_0
    SLICE_X32Y8          LUT4 (Prop_lut4_I2_O)        0.326     7.400 r  design_1_i/poly_mul256_axis_batch_0/inst/polynomial_multiplier/inverse_engine/inverse_cyclic_ntt/butterfly/multiplier/x[3]_i_5__0/O
                         net (fo=1, routed)           0.000     7.400    design_1_i/poly_mul256_axis_batch_0/inst/polynomial_multiplier/inverse_engine/inverse_cyclic_ntt/butterfly/multiplier/x[3]_i_5__0_n_0
    SLICE_X32Y8          CARRY4 (Prop_carry4_S[1]_CO[3])
                                                      0.533     7.933 r  design_1_i/poly_mul256_axis_batch_0/inst/polynomial_multiplier/inverse_engine/inverse_cyclic_ntt/butterfly/multiplier/x_reg[3]_i_1__0/CO[3]
                         net (fo=1, routed)           0.000     7.933    design_1_i/poly_mul256_axis_batch_0/inst/polynomial_multiplier/inverse_engine/inverse_cyclic_ntt/butterfly/multiplier/x_reg[3]_i_1__0_n_0
    SLICE_X32Y9          CARRY4 (Prop_carry4_CI_CO[3])
                                                      0.117     8.050 r  design_1_i/poly_mul256_axis_batch_0/inst/polynomial_multiplier/inverse_engine/inverse_cyclic_ntt/butterfly/multiplier/x_reg[7]_i_1__0/CO[3]
                         net (fo=1, routed)           0.000     8.050    design_1_i/poly_mul256_axis_batch_0/inst/polynomial_multiplier/inverse_engine/inverse_cyclic_ntt/butterfly/multiplier/x_reg[7]_i_1__0_n_0
    SLICE_X32Y10         CARRY4 (Prop_carry4_CI_CO[3])
                                                      0.117     8.167 r  design_1_i/poly_mul256_axis_batch_0/inst/polynomial_multiplier/inverse_engine/inverse_cyclic_ntt/butterfly/multiplier/x_reg[11]_i_1__0/CO[3]
                         net (fo=1, routed)           0.000     8.167    design_1_i/poly_mul256_axis_batch_0/inst/polynomial_multiplier/inverse_engine/inverse_cyclic_ntt/butterfly/multiplier/x_reg[11]_i_1__0_n_0
    SLICE_X32Y11         CARRY4 (Prop_carry4_CI_CO[3])
                                                      0.117     8.284 r  design_1_i/poly_mul256_axis_batch_0/inst/polynomial_multiplier/inverse_engine/inverse_cyclic_ntt/butterfly/multiplier/x_reg[15]_i_1__0/CO[3]
                         net (fo=1, routed)           0.000     8.284    design_1_i/poly_mul256_axis_batch_0/inst/polynomial_multiplier/inverse_engine/inverse_cyclic_ntt/butterfly/multiplier/x_reg[15]_i_1__0_n_0
    SLICE_X32Y12         CARRY4 (Prop_carry4_CI_CO[3])
                                                      0.117     8.401 r  design_1_i/poly_mul256_axis_batch_0/inst/polynomial_multiplier/inverse_engine/inverse_cyclic_ntt/butterfly/multiplier/x_reg[19]_i_1__0/CO[3]
                         net (fo=1, routed)           0.000     8.401    design_1_i/poly_mul256_axis_batch_0/inst/polynomial_multiplier/inverse_engine/inverse_cyclic_ntt/butterfly/multiplier/x_reg[19]_i_1__0_n_0
    SLICE_X32Y13         CARRY4 (Prop_carry4_CI_CO[3])
                                                      0.117     8.518 r  design_1_i/poly_mul256_axis_batch_0/inst/polynomial_multiplier/inverse_engine/inverse_cyclic_ntt/butterfly/multiplier/x_reg[23]_i_1__0/CO[3]
                         net (fo=1, routed)           0.000     8.518    design_1_i/poly_mul256_axis_batch_0/inst/polynomial_multiplier/inverse_engine/inverse_cyclic_ntt/butterfly/multiplier/x_reg[23]_i_1__0_n_0
    SLICE_X32Y14         CARRY4 (Prop_carry4_CI_CO[3])
                                                      0.117     8.635 r  design_1_i/poly_mul256_axis_batch_0/inst/polynomial_multiplier/inverse_engine/inverse_cyclic_ntt/butterfly/multiplier/x_reg[27]_i_1__0/CO[3]
                         net (fo=1, routed)           0.000     8.635    design_1_i/poly_mul256_axis_batch_0/inst/polynomial_multiplier/inverse_engine/inverse_cyclic_ntt/butterfly/multiplier/x_reg[27]_i_1__0_n_0
    SLICE_X32Y15         CARRY4 (Prop_carry4_CI_O[1])
                                                      0.323     8.958 r  design_1_i/poly_mul256_axis_batch_0/inst/polynomial_multiplier/inverse_engine/inverse_cyclic_ntt/butterfly/multiplier/x_reg[31]_i_2__0/O[1]
                         net (fo=1, routed)           0.000     8.958    design_1_i/poly_mul256_axis_batch_0/inst/polynomial_multiplier/inverse_engine/inverse_cyclic_ntt/butterfly/multiplier/x_reg[31]_i_2__0_n_6
    SLICE_X32Y15         FDRE                                         r  design_1_i/poly_mul256_axis_batch_0/inst/polynomial_multiplier/inverse_engine/inverse_cyclic_ntt/butterfly/multiplier/x_reg[29]/D
  -------------------------------------------------------------------    -------------------

                         (clock aclk rise edge)      10.000    10.000 r  
    BUFGCTRL_X0Y16       BUFG                         0.000    10.000 r  design_1_i/processing_system7_0/inst/buffer_fclk_clk_0.FCLK_CLK_0_BUFG/O
                         net (fo=10767, routed)       1.489    11.489    design_1_i/poly_mul256_axis_batch_0/inst/polynomial_multiplier/inverse_engine/inverse_cyclic_ntt/butterfly/multiplier/aclk
    SLICE_X32Y15         FDRE                                         r  design_1_i/poly_mul256_axis_batch_0/inst/polynomial_multiplier/inverse_engine/inverse_cyclic_ntt/butterfly/multiplier/x_reg[29]/C
                         clock pessimism              0.115    11.604    
                         clock uncertainty           -0.035    11.569    
    SLICE_X32Y15         FDRE (Setup_fdre_C_D)        0.109    11.678    design_1_i/poly_mul256_axis_batch_0/inst/polynomial_multiplier/inverse_engine/inverse_cyclic_ntt/butterfly/multiplier/x_reg[29]
  -------------------------------------------------------------------
                         required time                         11.678    
                         arrival time                          -8.958    
  -------------------------------------------------------------------
                         slack                                  2.719    





Min Delay Paths
--------------------------------------------------------------------------------------
Slack (MET) :             0.109ns  (arrival time - required time)
  Source:                 design_1_i/poly_mul256_axis_batch_0/inst/polynomial_multiplier/pointwise_engine/multiplier/y_reg[4]/C
                            (rising edge-triggered cell FDRE clocked by aclk  {rise@0.000ns fall@5.000ns period=10.000ns})
  Destination:            design_1_i/poly_mul256_axis_batch_0/inst/polynomial_multiplier/pointwise_engine/multiplier/y_reg[3]/D
                            (rising edge-triggered cell FDRE clocked by aclk  {rise@0.000ns fall@5.000ns period=10.000ns})
  Path Group:             aclk
  Path Type:              Hold (Min at Fast Process Corner)
  Requirement:            0.000ns  (aclk rise@0.000ns - aclk rise@0.000ns)
  Data Path Delay:        0.242ns  (logic 0.186ns (76.827%)  route 0.056ns (23.173%))
  Logic Levels:           1  (LUT6=1)
  Clock Path Skew:        0.013ns (DCD - SCD - CPR)
    Destination Clock Delay (DCD):    0.894ns
    Source Clock Delay      (SCD):    0.625ns
    Clock Pessimism Removal (CPR):    0.256ns

    Location             Delay type                Incr(ns)  Path(ns)    Netlist Resource(s)
  -------------------------------------------------------------------    -------------------
                         (clock aclk rise edge)       0.000     0.000 r  
    BUFGCTRL_X0Y16       BUFG                         0.000     0.000 r  design_1_i/processing_system7_0/inst/buffer_fclk_clk_0.FCLK_CLK_0_BUFG/O
                         net (fo=10767, routed)       0.625     0.625    design_1_i/poly_mul256_axis_batch_0/inst/polynomial_multiplier/pointwise_engine/multiplier/aclk
    SLICE_X7Y4           FDRE                                         r  design_1_i/poly_mul256_axis_batch_0/inst/polynomial_multiplier/pointwise_engine/multiplier/y_reg[4]/C
  -------------------------------------------------------------------    -------------------
    SLICE_X7Y4           FDRE (Prop_fdre_C_Q)         0.141     0.766 r  design_1_i/poly_mul256_axis_batch_0/inst/polynomial_multiplier/pointwise_engine/multiplier/y_reg[4]/Q
                         net (fo=1, routed)           0.056     0.822    design_1_i/poly_mul256_axis_batch_0/inst/polynomial_multiplier/pointwise_engine/multiplier/y_reg_n_0_[4]
    SLICE_X6Y4           LUT6 (Prop_lut6_I5_O)        0.045     0.867 r  design_1_i/poly_mul256_axis_batch_0/inst/polynomial_multiplier/pointwise_engine/multiplier/y[3]_i_1__1/O
                         net (fo=1, routed)           0.000     0.867    design_1_i/poly_mul256_axis_batch_0/inst/polynomial_multiplier/pointwise_engine/multiplier/y[3]_i_1__1_n_0
    SLICE_X6Y4           FDRE                                         r  design_1_i/poly_mul256_axis_batch_0/inst/polynomial_multiplier/pointwise_engine/multiplier/y_reg[3]/D
  -------------------------------------------------------------------    -------------------

                         (clock aclk rise edge)       0.000     0.000 r  
    BUFGCTRL_X0Y16       BUFG                         0.000     0.000 r  design_1_i/processing_system7_0/inst/buffer_fclk_clk_0.FCLK_CLK_0_BUFG/O
                         net (fo=10767, routed)       0.894     0.894    design_1_i/poly_mul256_axis_batch_0/inst/polynomial_multiplier/pointwise_engine/multiplier/aclk
    SLICE_X6Y4           FDRE                                         r  design_1_i/poly_mul256_axis_batch_0/inst/polynomial_multiplier/pointwise_engine/multiplier/y_reg[3]/C
                         clock pessimism             -0.256     0.638    
    SLICE_X6Y4           FDRE (Hold_fdre_C_D)         0.120     0.758    design_1_i/poly_mul256_axis_batch_0/inst/polynomial_multiplier/pointwise_engine/multiplier/y_reg[3]
  -------------------------------------------------------------------
                         required time                         -0.758    
                         arrival time                           0.867    
  -------------------------------------------------------------------
                         slack                                  0.109    





Pulse Width Checks
--------------------------------------------------------------------------------------
Clock Name:         aclk
Waveform(ns):       { 0.000 5.000 }
Period(ns):         10.000
Sources:            { design_1_i/poly_mul256_axis_batch_0/inst/aclk }

Check Type        Corner  Lib Pin             Reference Pin  Required(ns)  Actual(ns)  Slack(ns)  Location      Pin
Min Period        n/a     RAMB36E1/CLKARDCLK  n/a            2.944         10.000      7.056      RAMB36_X1Y2   design_1_i/poly_mul256_axis_batch_0/inst/polynomial_multiplier/forward_engine/cyclic_ntt/coefficient_memory/memory_reg/CLKARDCLK
Low Pulse Width   Slow    FDRE/C              n/a            0.500         5.000       4.500      SLICE_X15Y20  design_1_i/poly_mul256_axis_batch_0/inst/FSM_sequential_state_reg[0]/C
High Pulse Width  Slow    FDRE/C              n/a            0.500         5.000       4.500      SLICE_X15Y20  design_1_i/poly_mul256_axis_batch_0/inst/FSM_sequential_state_reg[0]/C



---------------------------------------------------------------------------------------------------
From Clock:  clk_fpga_0
  To Clock:  clk_fpga_0

Setup :            0  Failing Endpoints,  Worst Slack        0.169ns,  Total Violation        0.000ns
Hold  :            0  Failing Endpoints,  Worst Slack        0.050ns,  Total Violation        0.000ns
PW    :            0  Failing Endpoints,  Worst Slack        3.750ns,  Total Violation        0.000ns
---------------------------------------------------------------------------------------------------


Max Delay Paths
--------------------------------------------------------------------------------------
Slack (MET) :             0.169ns  (required time - arrival time)
  Source:                 design_1_i/rst_ps7_0_100M/U0/ACTIVE_LOW_PR_OUT_DFF[0].FDRE_PER_N/C
                            (rising edge-triggered cell FDRE clocked by clk_fpga_0  {rise@0.000ns fall@5.000ns period=10.000ns})
  Destination:            design_1_i/poly_mul16_0/inst/polynomial_multiplier/inverse_engine/inverse_cyclic_ntt/memory_reg[14][22]/CE
                            (rising edge-triggered cell FDRE clocked by clk_fpga_0  {rise@0.000ns fall@5.000ns period=10.000ns})
  Path Group:             clk_fpga_0
  Path Type:              Setup (Max at Slow Process Corner)
  Requirement:            10.000ns  (clk_fpga_0 rise@10.000ns - clk_fpga_0 rise@0.000ns)
  Data Path Delay:        9.294ns  (logic 0.419ns (4.508%)  route 8.875ns (95.492%))
  Logic Levels:           0  
  Clock Path Skew:        -0.003ns (DCD - SCD + CPR)
    Destination Clock Delay (DCD):    2.888ns = ( 12.888 - 10.000 ) 
    Source Clock Delay      (SCD):    3.006ns
    Clock Pessimism Removal (CPR):    0.115ns
  Clock Uncertainty:      0.154ns  ((TSJ^2 + TIJ^2)^1/2 + DJ) / 2 + PE
    Total System Jitter     (TSJ):    0.071ns
    Total Input Jitter      (TIJ):    0.300ns
    Discrete Jitter          (DJ):    0.000ns
    Phase Error              (PE):    0.000ns

    Location             Delay type                Incr(ns)  Path(ns)    Netlist Resource(s)
  -------------------------------------------------------------------    -------------------
                         (clock clk_fpga_0 rise edge)
                                                      0.000     0.000 r  
    PS7_X0Y0             PS7                          0.000     0.000 r  design_1_i/processing_system7_0/inst/PS7_i/FCLKCLK[0]
                         net (fo=1, routed)           1.193     1.193    design_1_i/processing_system7_0/inst/FCLK_CLK_unbuffered[0]
    BUFGCTRL_X0Y16       BUFG (Prop_bufg_I_O)         0.101     1.294 r  design_1_i/processing_system7_0/inst/buffer_fclk_clk_0.FCLK_CLK_0_BUFG/O
                         net (fo=10767, routed)       1.712     3.006    design_1_i/rst_ps7_0_100M/U0/slowest_sync_clk
    SLICE_X64Y25         FDRE                                         r  design_1_i/rst_ps7_0_100M/U0/ACTIVE_LOW_PR_OUT_DFF[0].FDRE_PER_N/C
  -------------------------------------------------------------------    -------------------
    SLICE_X64Y25         FDRE (Prop_fdre_C_Q)         0.419     3.425 r  design_1_i/rst_ps7_0_100M/U0/ACTIVE_LOW_PR_OUT_DFF[0].FDRE_PER_N/Q
                         net (fo=1194, routed)        8.875    12.300    design_1_i/poly_mul16_0/inst/polynomial_multiplier/inverse_engine/inverse_cyclic_ntt/S_AXI_ARESETN
    SLICE_X57Y139        FDRE                                         r  design_1_i/poly_mul16_0/inst/polynomial_multiplier/inverse_engine/inverse_cyclic_ntt/memory_reg[14][22]/CE
  -------------------------------------------------------------------    -------------------

                         (clock clk_fpga_0 rise edge)
                                                     10.000    10.000 r  
    PS7_X0Y0             PS7                          0.000    10.000 r  design_1_i/processing_system7_0/inst/PS7_i/FCLKCLK[0]
                         net (fo=1, routed)           1.088    11.088    design_1_i/processing_system7_0/inst/FCLK_CLK_unbuffered[0]
    BUFGCTRL_X0Y16       BUFG (Prop_bufg_I_O)         0.091    11.179 r  design_1_i/processing_system7_0/inst/buffer_fclk_clk_0.FCLK_CLK_0_BUFG/O
                         net (fo=10767, routed)       1.709    12.888    design_1_i/poly_mul16_0/inst/polynomial_multiplier/inverse_engine/inverse_cyclic_ntt/S_AXI_ACLK
    SLICE_X57Y139        FDRE                                         r  design_1_i/poly_mul16_0/inst/polynomial_multiplier/inverse_engine/inverse_cyclic_ntt/memory_reg[14][22]/C
                         clock pessimism              0.115    13.003    
                         clock uncertainty           -0.154    12.849    
    SLICE_X57Y139        FDRE (Setup_fdre_C_CE)      -0.380    12.469    design_1_i/poly_mul16_0/inst/polynomial_multiplier/inverse_engine/inverse_cyclic_ntt/memory_reg[14][22]
  -------------------------------------------------------------------
                         required time                         12.469    
                         arrival time                         -12.300    
  -------------------------------------------------------------------
                         slack                                  0.169    





Min Delay Paths
--------------------------------------------------------------------------------------
Slack (MET) :             0.050ns  (arrival time - required time)
  Source:                 design_1_i/axi_dma_0/U0/I_PRMRY_DATAMOVER/GEN_S2MM_FULL.I_S2MM_FULL_WRAPPER/I_WR_DATA_CNTL/GEN_INDET_BTT.lsig_byte_cntr_reg[16]/C
                            (rising edge-triggered cell FDRE clocked by clk_fpga_0  {rise@0.000ns fall@5.000ns period=10.000ns})
  Destination:            design_1_i/axi_dma_0/U0/I_PRMRY_DATAMOVER/GEN_S2MM_FULL.I_S2MM_FULL_WRAPPER/I_WR_STATUS_CNTLR/GEN_ENABLE_INDET_BTT.I_SF_DATA_CNTL_STATUS_FIFO/USE_SRL_FIFO.I_SYNC_FIFO/I_SRL_FIFO_RBU_F/DYNSHREG_F_I/INFERRED_GEN.data_reg[5][7]_srl6/D
                            (rising edge-triggered cell SRL16E clocked by clk_fpga_0  {rise@0.000ns fall@5.000ns period=10.000ns})
  Path Group:             clk_fpga_0
  Path Type:              Hold (Min at Fast Process Corner)
  Requirement:            0.000ns  (clk_fpga_0 rise@0.000ns - clk_fpga_0 rise@0.000ns)
  Data Path Delay:        0.267ns  (logic 0.141ns (52.782%)  route 0.126ns (47.218%))
  Logic Levels:           0  
  Clock Path Skew:        0.034ns (DCD - SCD - CPR)
    Destination Clock Delay (DCD):    1.195ns
    Source Clock Delay      (SCD):    0.898ns
    Clock Pessimism Removal (CPR):    0.263ns

    Location             Delay type                Incr(ns)  Path(ns)    Netlist Resource(s)
  -------------------------------------------------------------------    -------------------
                         (clock clk_fpga_0 rise edge)
                                                      0.000     0.000 r  
    PS7_X0Y0             PS7                          0.000     0.000 r  design_1_i/processing_system7_0/inst/PS7_i/FCLKCLK[0]
                         net (fo=1, routed)           0.310     0.310    design_1_i/processing_system7_0/inst/FCLK_CLK_unbuffered[0]
    BUFGCTRL_X0Y16       BUFG (Prop_bufg_I_O)         0.026     0.336 r  design_1_i/processing_system7_0/inst/buffer_fclk_clk_0.FCLK_CLK_0_BUFG/O
                         net (fo=10767, routed)       0.562     0.898    design_1_i/axi_dma_0/U0/I_PRMRY_DATAMOVER/GEN_S2MM_FULL.I_S2MM_FULL_WRAPPER/I_WR_DATA_CNTL/m_axi_s2mm_aclk
    SLICE_X45Y43         FDRE                                         r  design_1_i/axi_dma_0/U0/I_PRMRY_DATAMOVER/GEN_S2MM_FULL.I_S2MM_FULL_WRAPPER/I_WR_DATA_CNTL/GEN_INDET_BTT.lsig_byte_cntr_reg[16]/C
  -------------------------------------------------------------------    -------------------
    SLICE_X45Y43         FDRE (Prop_fdre_C_Q)         0.141     1.039 r  design_1_i/axi_dma_0/U0/I_PRMRY_DATAMOVER/GEN_S2MM_FULL.I_S2MM_FULL_WRAPPER/I_WR_DATA_CNTL/GEN_INDET_BTT.lsig_byte_cntr_reg[16]/Q
                         net (fo=2, routed)           0.126     1.165    design_1_i/axi_dma_0/U0/I_PRMRY_DATAMOVER/GEN_S2MM_FULL.I_S2MM_FULL_WRAPPER/I_WR_STATUS_CNTLR/GEN_ENABLE_INDET_BTT.I_SF_DATA_CNTL_STATUS_FIFO/USE_SRL_FIFO.I_SYNC_FIFO/I_SRL_FIFO_RBU_F/DYNSHREG_F_I/in[18]
    SLICE_X42Y43         SRL16E                                       r  design_1_i/axi_dma_0/U0/I_PRMRY_DATAMOVER/GEN_S2MM_FULL.I_S2MM_FULL_WRAPPER/I_WR_STATUS_CNTLR/GEN_ENABLE_INDET_BTT.I_SF_DATA_CNTL_STATUS_FIFO/USE_SRL_FIFO.I_SYNC_FIFO/I_SRL_FIFO_RBU_F/DYNSHREG_F_I/INFERRED_GEN.data_reg[5][7]_srl6/D
  -------------------------------------------------------------------    -------------------

                         (clock clk_fpga_0 rise edge)
                                                      0.000     0.000 r  
    PS7_X0Y0             PS7                          0.000     0.000 r  design_1_i/processing_system7_0/inst/PS7_i/FCLKCLK[0]
                         net (fo=1, routed)           0.337     0.337    design_1_i/processing_system7_0/inst/FCLK_CLK_unbuffered[0]
    BUFGCTRL_X0Y16       BUFG (Prop_bufg_I_O)         0.029     0.366 r  design_1_i/processing_system7_0/inst/buffer_fclk_clk_0.FCLK_CLK_0_BUFG/O
                         net (fo=10767, routed)       0.829     1.195    design_1_i/axi_dma_0/U0/I_PRMRY_DATAMOVER/GEN_S2MM_FULL.I_S2MM_FULL_WRAPPER/I_WR_STATUS_CNTLR/GEN_ENABLE_INDET_BTT.I_SF_DATA_CNTL_STATUS_FIFO/USE_SRL_FIFO.I_SYNC_FIFO/I_SRL_FIFO_RBU_F/DYNSHREG_F_I/m_axi_s2mm_aclk
    SLICE_X42Y43         SRL16E                                       r  design_1_i/axi_dma_0/U0/I_PRMRY_DATAMOVER/GEN_S2MM_FULL.I_S2MM_FULL_WRAPPER/I_WR_STATUS_CNTLR/GEN_ENABLE_INDET_BTT.I_SF_DATA_CNTL_STATUS_FIFO/USE_SRL_FIFO.I_SYNC_FIFO/I_SRL_FIFO_RBU_F/DYNSHREG_F_I/INFERRED_GEN.data_reg[5][7]_srl6/CLK
                         clock pessimism             -0.263     0.932    
    SLICE_X42Y43         SRL16E (Hold_srl16e_CLK_D)
                                                      0.183     1.115    design_1_i/axi_dma_0/U0/I_PRMRY_DATAMOVER/GEN_S2MM_FULL.I_S2MM_FULL_WRAPPER/I_WR_STATUS_CNTLR/GEN_ENABLE_INDET_BTT.I_SF_DATA_CNTL_STATUS_FIFO/USE_SRL_FIFO.I_SYNC_FIFO/I_SRL_FIFO_RBU_F/DYNSHREG_F_I/INFERRED_GEN.data_reg[5][7]_srl6
  -------------------------------------------------------------------
                         required time                         -1.115    
                         arrival time                           1.165    
  -------------------------------------------------------------------
                         slack                                  0.050    





Pulse Width Checks
--------------------------------------------------------------------------------------
Clock Name:         clk_fpga_0
Waveform(ns):       { 0.000 5.000 }
Period(ns):         10.000
Sources:            { design_1_i/processing_system7_0/inst/PS7_i/FCLKCLK[0] }

Check Type        Corner  Lib Pin             Reference Pin  Required(ns)  Actual(ns)  Slack(ns)  Location      Pin
Min Period        n/a     RAMB36E1/CLKARDCLK  n/a            2.576         10.000      7.424      RAMB36_X0Y5   design_1_i/axi_dma_0/U0/I_PRMRY_DATAMOVER/GEN_MM2S_FULL.I_MM2S_FULL_WRAPPER/GEN_INCLUDE_MM2S_SF.I_RD_SF/I_DATA_FIFO/BLK_MEM.I_SYNC_FIFOGEN_FIFO/xpm_fifo_instance.xpm_fifo_sync_inst/xpm_fifo_base_inst/gen_sdpram.xpm_memory_base_inst/gen_wr_a.gen_word_narrow.mem_reg/CLKARDCLK
Low Pulse Width   Slow    RAMD32/CLK          n/a            1.250         5.000       3.750      SLICE_X34Y28  design_1_i/axi_dma_0/U0/I_PRMRY_DATAMOVER/GEN_S2MM_FULL.I_S2MM_FULL_WRAPPER/GEN_ENABLE_INDET_BTT_SF.I_INDET_BTT/I_XD_FIFO/NON_BLK_MEM.I_SYNC_FIFOGEN_FIFO/xpm_fifo_instance.xpm_fifo_sync_inst/xpm_fifo_base_inst/gen_sdpram.xpm_memory_base_inst/gen_wr_a.gen_word_narrow.mem_reg_0_15_0_5/RAMA/CLK
High Pulse Width  Slow    RAMD32/CLK          n/a            1.250         5.000       3.750      SLICE_X34Y28  design_1_i/axi_dma_0/U0/I_PRMRY_DATAMOVER/GEN_S2MM_FULL.I_S2MM_FULL_WRAPPER/GEN_ENABLE_INDET_BTT_SF.I_INDET_BTT/I_XD_FIFO/NON_BLK_MEM.I_SYNC_FIFOGEN_FIFO/xpm_fifo_instance.xpm_fifo_sync_inst/xpm_fifo_base_inst/gen_sdpram.xpm_memory_base_inst/gen_wr_a.gen_word_narrow.mem_reg_0_15_0_5/RAMA/CLK



---------------------------------------------------------------------------------------------------
From Clock:  clk_fpga_0
  To Clock:  S_AXI_ACLK

Setup :            0  Failing Endpoints,  Worst Slack        1.425ns,  Total Violation        0.000ns
Hold  :            0  Failing Endpoints,  Worst Slack        0.730ns,  Total Violation        0.000ns
---------------------------------------------------------------------------------------------------


Max Delay Paths
--------------------------------------------------------------------------------------
Slack (MET) :             1.425ns  (required time - arrival time)
  Source:                 design_1_i/rst_ps7_0_100M/U0/ACTIVE_LOW_PR_OUT_DFF[0].FDRE_PER_N/C
                            (rising edge-triggered cell FDRE clocked by clk_fpga_0  {rise@0.000ns fall@5.000ns period=10.000ns})
  Destination:            design_1_i/poly_mul256_0/inst/S_AXI_RRESP_reg[1]/D
                            (rising edge-triggered cell FDRE clocked by S_AXI_ACLK  {rise@0.000ns fall@5.000ns period=10.000ns})
  Path Group:             S_AXI_ACLK
  Path Type:              Setup (Max at Slow Process Corner)
  Requirement:            10.000ns  (S_AXI_ACLK rise@10.000ns - clk_fpga_0 rise@0.000ns)
  Data Path Delay:        6.966ns  (logic 0.842ns (12.088%)  route 6.124ns (87.912%))
  Logic Levels:           2  (LUT5=1 LUT6=1)
  Clock Path Skew:        -1.532ns (DCD - SCD + CPR)
    Destination Clock Delay (DCD):    1.474ns = ( 11.474 - 10.000 ) 
    Source Clock Delay      (SCD):    3.006ns
    Clock Pessimism Removal (CPR):    0.000ns
  Clock Uncertainty:      0.154ns  ((TSJ^2 + TIJ^2)^1/2 + DJ) / 2 + PE
    Total System Jitter     (TSJ):    0.071ns
    Total Input Jitter      (TIJ):    0.300ns
    Discrete Jitter          (DJ):    0.000ns
    Phase Error              (PE):    0.000ns
  Clock Domain Crossing:  Inter clock paths are considered valid unless explicitly excluded by timing constraints such as set_clock_groups or set_false_path.

    Location             Delay type                Incr(ns)  Path(ns)    Netlist Resource(s)
  -------------------------------------------------------------------    -------------------
                         (clock clk_fpga_0 rise edge)
                                                      0.000     0.000 r  
    PS7_X0Y0             PS7                          0.000     0.000 r  design_1_i/processing_system7_0/inst/PS7_i/FCLKCLK[0]
                         net (fo=1, routed)           1.193     1.193    design_1_i/processing_system7_0/inst/FCLK_CLK_unbuffered[0]
    BUFGCTRL_X0Y16       BUFG (Prop_bufg_I_O)         0.101     1.294 r  design_1_i/processing_system7_0/inst/buffer_fclk_clk_0.FCLK_CLK_0_BUFG/O
                         net (fo=10767, routed)       1.712     3.006    design_1_i/rst_ps7_0_100M/U0/slowest_sync_clk
    SLICE_X64Y25         FDRE                                         r  design_1_i/rst_ps7_0_100M/U0/ACTIVE_LOW_PR_OUT_DFF[0].FDRE_PER_N/C
  -------------------------------------------------------------------    -------------------
    SLICE_X64Y25         FDRE (Prop_fdre_C_Q)         0.419     3.425 r  design_1_i/rst_ps7_0_100M/U0/ACTIVE_LOW_PR_OUT_DFF[0].FDRE_PER_N/Q
                         net (fo=1194, routed)        5.668     9.093    design_1_i/poly_mul256_0/inst/polynomial_multiplier/S_AXI_ARESETN
    SLICE_X38Y61         LUT6 (Prop_lut6_I4_O)        0.299     9.392 r  design_1_i/poly_mul256_0/inst/polynomial_multiplier/S_AXI_RRESP[1]_i_3/O
                         net (fo=1, routed)           0.456     9.848    design_1_i/poly_mul256_0/inst/polynomial_multiplier/S_AXI_RRESP[1]_i_3_n_0
    SLICE_X36Y63         LUT5 (Prop_lut5_I1_O)        0.124     9.972 r  design_1_i/poly_mul256_0/inst/polynomial_multiplier/S_AXI_RRESP[1]_i_1/O
                         net (fo=1, routed)           0.000     9.972    design_1_i/poly_mul256_0/inst/polynomial_multiplier_n_3
    SLICE_X36Y63         FDRE                                         r  design_1_i/poly_mul256_0/inst/S_AXI_RRESP_reg[1]/D
  -------------------------------------------------------------------    -------------------

                         (clock S_AXI_ACLK rise edge)
                                                     10.000    10.000 r  
    BUFGCTRL_X0Y16       BUFG                         0.000    10.000 r  design_1_i/processing_system7_0/inst/buffer_fclk_clk_0.FCLK_CLK_0_BUFG/O
                         net (fo=10767, routed)       1.474    11.474    design_1_i/poly_mul256_0/inst/S_AXI_ACLK
    SLICE_X36Y63         FDRE                                         r  design_1_i/poly_mul256_0/inst/S_AXI_RRESP_reg[1]/C
                         clock pessimism              0.000    11.474    
                         clock uncertainty           -0.154    11.320    
    SLICE_X36Y63         FDRE (Setup_fdre_C_D)        0.077    11.397    design_1_i/poly_mul256_0/inst/S_AXI_RRESP_reg[1]
  -------------------------------------------------------------------
                         required time                         11.397    
                         arrival time                          -9.972    
  -------------------------------------------------------------------
                         slack                                  1.425    





Min Delay Paths
--------------------------------------------------------------------------------------
Slack (MET) :             0.730ns  (arrival time - required time)
  Source:                 design_1_i/ps7_0_axi_periph/xbar/inst/gen_sasd.crossbar_sasd_0/addr_arbiter_inst/gen_no_arbiter.m_amesg_i_reg[2]/C
                            (rising edge-triggered cell FDRE clocked by clk_fpga_0  {rise@0.000ns fall@5.000ns period=10.000ns})
  Destination:            design_1_i/poly_mul256_0/inst/awaddr_hold_reg[1]/D
                            (rising edge-triggered cell FDRE clocked by S_AXI_ACLK  {rise@0.000ns fall@5.000ns period=10.000ns})
  Path Group:             S_AXI_ACLK
  Path Type:              Hold (Min at Fast Process Corner)
  Requirement:            0.000ns  (S_AXI_ACLK rise@0.000ns - clk_fpga_0 rise@0.000ns)
  Data Path Delay:        0.633ns  (logic 0.141ns (22.291%)  route 0.492ns (77.709%))
  Logic Levels:           0  
  Clock Path Skew:        -0.318ns (DCD - SCD - CPR)
    Destination Clock Delay (DCD):    0.808ns
    Source Clock Delay      (SCD):    0.892ns
    Clock Pessimism Removal (CPR):    0.234ns
  Clock Uncertainty:      0.154ns  ((TSJ^2 + TIJ^2)^1/2 + DJ) / 2 + PE
    Total System Jitter     (TSJ):    0.071ns
    Total Input Jitter      (TIJ):    0.300ns
    Discrete Jitter          (DJ):    0.000ns
    Phase Error              (PE):    0.000ns
  Clock Domain Crossing:  Inter clock paths are considered valid unless explicitly excluded by timing constraints such as set_clock_groups or set_false_path.

    Location             Delay type                Incr(ns)  Path(ns)    Netlist Resource(s)
  -------------------------------------------------------------------    -------------------
                         (clock clk_fpga_0 rise edge)
                                                      0.000     0.000 r  
    PS7_X0Y0             PS7                          0.000     0.000 r  design_1_i/processing_system7_0/inst/PS7_i/FCLKCLK[0]
                         net (fo=1, routed)           0.310     0.310    design_1_i/processing_system7_0/inst/FCLK_CLK_unbuffered[0]
    BUFGCTRL_X0Y16       BUFG (Prop_bufg_I_O)         0.026     0.336 r  design_1_i/processing_system7_0/inst/buffer_fclk_clk_0.FCLK_CLK_0_BUFG/O
                         net (fo=10767, routed)       0.556     0.892    design_1_i/ps7_0_axi_periph/xbar/inst/gen_sasd.crossbar_sasd_0/addr_arbiter_inst/aclk
    SLICE_X33Y89         FDRE                                         r  design_1_i/ps7_0_axi_periph/xbar/inst/gen_sasd.crossbar_sasd_0/addr_arbiter_inst/gen_no_arbiter.m_amesg_i_reg[2]/C
  -------------------------------------------------------------------    -------------------
    SLICE_X33Y89         FDRE (Prop_fdre_C_Q)         0.141     1.033 r  design_1_i/ps7_0_axi_periph/xbar/inst/gen_sasd.crossbar_sasd_0/addr_arbiter_inst/gen_no_arbiter.m_amesg_i_reg[2]/Q
                         net (fo=26, routed)          0.492     1.524    design_1_i/poly_mul256_0/inst/S_AXI_AWADDR[1]
    SLICE_X41Y74         FDRE                                         r  design_1_i/poly_mul256_0/inst/awaddr_hold_reg[1]/D
  -------------------------------------------------------------------    -------------------

                         (clock S_AXI_ACLK rise edge)
                                                      0.000     0.000 r  
    BUFGCTRL_X0Y16       BUFG                         0.000     0.000 r  design_1_i/processing_system7_0/inst/buffer_fclk_clk_0.FCLK_CLK_0_BUFG/O
                         net (fo=10767, routed)       0.808     0.808    design_1_i/poly_mul256_0/inst/S_AXI_ACLK
    SLICE_X41Y74         FDRE                                         r  design_1_i/poly_mul256_0/inst/awaddr_hold_reg[1]/C
                         clock pessimism             -0.234     0.574    
                         clock uncertainty            0.154     0.728    
    SLICE_X41Y74         FDRE (Hold_fdre_C_D)         0.066     0.794    design_1_i/poly_mul256_0/inst/awaddr_hold_reg[1]
  -------------------------------------------------------------------
                         required time                         -0.794    
                         arrival time                           1.524    
  -------------------------------------------------------------------
                         slack                                  0.730    





---------------------------------------------------------------------------------------------------
From Clock:  clk_fpga_0
  To Clock:  aclk

Setup :            0  Failing Endpoints,  Worst Slack        0.707ns,  Total Violation        0.000ns
Hold  :            0  Failing Endpoints,  Worst Slack        0.534ns,  Total Violation        0.000ns
---------------------------------------------------------------------------------------------------


Max Delay Paths
--------------------------------------------------------------------------------------
Slack (MET) :             0.707ns  (required time - arrival time)
  Source:                 design_1_i/rst_ps7_0_100M/U0/ACTIVE_LOW_PR_OUT_DFF[0].FDRE_PER_N/C
                            (rising edge-triggered cell FDRE clocked by clk_fpga_0  {rise@0.000ns fall@5.000ns period=10.000ns})
  Destination:            design_1_i/poly_mul256_axis_batch_0/inst/polynomial_multiplier/inverse_engine/inverse_cyclic_ntt/coefficient_memory/memory_reg/RSTREGARSTREG
                            (rising edge-triggered cell RAMB36E1 clocked by aclk  {rise@0.000ns fall@5.000ns period=10.000ns})
  Path Group:             aclk
  Path Type:              Setup (Max at Slow Process Corner)
  Requirement:            10.000ns  (aclk rise@10.000ns - clk_fpga_0 rise@0.000ns)
  Data Path Delay:        7.150ns  (logic 0.419ns (5.860%)  route 6.731ns (94.140%))
  Logic Levels:           0  
  Clock Path Skew:        -1.471ns (DCD - SCD + CPR)
    Destination Clock Delay (DCD):    1.521ns = ( 11.521 - 10.000 ) 
    Source Clock Delay      (SCD):    3.006ns
    Clock Pessimism Removal (CPR):    0.014ns
  Clock Uncertainty:      0.154ns  ((TSJ^2 + TIJ^2)^1/2 + DJ) / 2 + PE
    Total System Jitter     (TSJ):    0.071ns
    Total Input Jitter      (TIJ):    0.300ns
    Discrete Jitter          (DJ):    0.000ns
    Phase Error              (PE):    0.000ns
  Clock Domain Crossing:  Inter clock paths are considered valid unless explicitly excluded by timing constraints such as set_clock_groups or set_false_path.

    Location             Delay type                Incr(ns)  Path(ns)    Netlist Resource(s)
  -------------------------------------------------------------------    -------------------
                         (clock clk_fpga_0 rise edge)
                                                      0.000     0.000 r  
    PS7_X0Y0             PS7                          0.000     0.000 r  design_1_i/processing_system7_0/inst/PS7_i/FCLKCLK[0]
                         net (fo=1, routed)           1.193     1.193    design_1_i/processing_system7_0/inst/FCLK_CLK_unbuffered[0]
    BUFGCTRL_X0Y16       BUFG (Prop_bufg_I_O)         0.101     1.294 r  design_1_i/processing_system7_0/inst/buffer_fclk_clk_0.FCLK_CLK_0_BUFG/O
                         net (fo=10767, routed)       1.712     3.006    design_1_i/rst_ps7_0_100M/U0/slowest_sync_clk
    SLICE_X64Y25         FDRE                                         r  design_1_i/rst_ps7_0_100M/U0/ACTIVE_LOW_PR_OUT_DFF[0].FDRE_PER_N/C
  -------------------------------------------------------------------    -------------------
    SLICE_X64Y25         FDRE (Prop_fdre_C_Q)         0.419     3.425 f  design_1_i/rst_ps7_0_100M/U0/ACTIVE_LOW_PR_OUT_DFF[0].FDRE_PER_N/Q
                         net (fo=1194, routed)        6.731    10.156    design_1_i/poly_mul256_axis_batch_0/inst/polynomial_multiplier/inverse_engine/inverse_cyclic_ntt/coefficient_memory/lopt
    RAMB36_X2Y3          RAMB36E1                                     r  design_1_i/poly_mul256_axis_batch_0/inst/polynomial_multiplier/inverse_engine/inverse_cyclic_ntt/coefficient_memory/memory_reg/RSTREGARSTREG  (IS_INVERTED)
  -------------------------------------------------------------------    -------------------

                         (clock aclk rise edge)      10.000    10.000 r  
    BUFGCTRL_X0Y16       BUFG                         0.000    10.000 r  design_1_i/processing_system7_0/inst/buffer_fclk_clk_0.FCLK_CLK_0_BUFG/O
                         net (fo=10767, routed)       1.521    11.521    design_1_i/poly_mul256_axis_batch_0/inst/polynomial_multiplier/inverse_engine/inverse_cyclic_ntt/coefficient_memory/aclk
    RAMB36_X2Y3          RAMB36E1                                     r  design_1_i/poly_mul256_axis_batch_0/inst/polynomial_multiplier/inverse_engine/inverse_cyclic_ntt/coefficient_memory/memory_reg/CLKARDCLK
                         clock pessimism              0.014    11.535    
                         clock uncertainty           -0.154    11.381    
    RAMB36_X2Y3          RAMB36E1 (Setup_ramb36e1_CLKARDCLK_RSTREGARSTREG)
                                                     -0.517    10.864    design_1_i/poly_mul256_axis_batch_0/inst/polynomial_multiplier/inverse_engine/inverse_cyclic_ntt/coefficient_memory/memory_reg
  -------------------------------------------------------------------
                         required time                         10.864    
                         arrival time                         -10.156    
  -------------------------------------------------------------------
                         slack                                  0.707    





Min Delay Paths
--------------------------------------------------------------------------------------
Slack (MET) :             0.534ns  (arrival time - required time)
  Source:                 design_1_i/axi_dma_0/U0/I_PRMRY_DATAMOVER/GEN_MM2S_FULL.I_MM2S_FULL_WRAPPER/ENABLE_AXIS_SKID.I_MM2S_SKID_BUF/sig_data_reg_out_reg[12]/C
                            (rising edge-triggered cell FDRE clocked by clk_fpga_0  {rise@0.000ns fall@5.000ns period=10.000ns})
  Destination:            design_1_i/poly_mul256_axis_batch_0/inst/polynomial_multiplier/polynomial_b_memory/memory_reg/DIADI[12]
                            (rising edge-triggered cell RAMB18E1 clocked by aclk  {rise@0.000ns fall@5.000ns period=10.000ns})
  Path Group:             aclk
  Path Type:              Hold (Min at Fast Process Corner)
  Requirement:            0.000ns  (aclk rise@0.000ns - clk_fpga_0 rise@0.000ns)
  Data Path Delay:        0.567ns  (logic 0.186ns (32.819%)  route 0.381ns (67.181%))
  Logic Levels:           1  (LUT2=1)
  Clock Path Skew:        -0.276ns (DCD - SCD - CPR)
    Destination Clock Delay (DCD):    0.898ns
    Source Clock Delay      (SCD):    0.922ns
    Clock Pessimism Removal (CPR):    0.253ns
  Clock Uncertainty:      0.154ns  ((TSJ^2 + TIJ^2)^1/2 + DJ) / 2 + PE
    Total System Jitter     (TSJ):    0.071ns
    Total Input Jitter      (TIJ):    0.300ns
    Discrete Jitter          (DJ):    0.000ns
    Phase Error              (PE):    0.000ns
  Clock Domain Crossing:  Inter clock paths are considered valid unless explicitly excluded by timing constraints such as set_clock_groups or set_false_path.

    Location             Delay type                Incr(ns)  Path(ns)    Netlist Resource(s)
  -------------------------------------------------------------------    -------------------
                         (clock clk_fpga_0 rise edge)
                                                      0.000     0.000 r  
    PS7_X0Y0             PS7                          0.000     0.000 r  design_1_i/processing_system7_0/inst/PS7_i/FCLKCLK[0]
                         net (fo=1, routed)           0.310     0.310    design_1_i/processing_system7_0/inst/FCLK_CLK_unbuffered[0]
    BUFGCTRL_X0Y16       BUFG (Prop_bufg_I_O)         0.026     0.336 r  design_1_i/processing_system7_0/inst/buffer_fclk_clk_0.FCLK_CLK_0_BUFG/O
                         net (fo=10767, routed)       0.586     0.922    design_1_i/axi_dma_0/U0/I_PRMRY_DATAMOVER/GEN_MM2S_FULL.I_MM2S_FULL_WRAPPER/ENABLE_AXIS_SKID.I_MM2S_SKID_BUF/m_axi_mm2s_aclk
    SLICE_X9Y22          FDRE                                         r  design_1_i/axi_dma_0/U0/I_PRMRY_DATAMOVER/GEN_MM2S_FULL.I_MM2S_FULL_WRAPPER/ENABLE_AXIS_SKID.I_MM2S_SKID_BUF/sig_data_reg_out_reg[12]/C
  -------------------------------------------------------------------    -------------------
    SLICE_X9Y22          FDRE (Prop_fdre_C_Q)         0.141     1.062 r  design_1_i/axi_dma_0/U0/I_PRMRY_DATAMOVER/GEN_MM2S_FULL.I_MM2S_FULL_WRAPPER/ENABLE_AXIS_SKID.I_MM2S_SKID_BUF/sig_data_reg_out_reg[12]/Q
                         net (fo=2, routed)           0.274     1.336    design_1_i/poly_mul256_axis_batch_0/inst/polynomial_multiplier/polynomial_b_memory/s_axis_tdata[12]
    SLICE_X9Y16          LUT2 (Prop_lut2_I1_O)        0.045     1.381 r  design_1_i/poly_mul256_axis_batch_0/inst/polynomial_multiplier/polynomial_b_memory/memory_reg_i_13__7/O
                         net (fo=1, routed)           0.107     1.488    design_1_i/poly_mul256_axis_batch_0/inst/polynomial_multiplier/polynomial_b_memory/source_b_write_data[12]
    RAMB18_X0Y6          RAMB18E1                                     r  design_1_i/poly_mul256_axis_batch_0/inst/polynomial_multiplier/polynomial_b_memory/memory_reg/DIADI[12]
  -------------------------------------------------------------------    -------------------

                         (clock aclk rise edge)       0.000     0.000 r  
    BUFGCTRL_X0Y16       BUFG                         0.000     0.000 r  design_1_i/processing_system7_0/inst/buffer_fclk_clk_0.FCLK_CLK_0_BUFG/O
                         net (fo=10767, routed)       0.898     0.898    design_1_i/poly_mul256_axis_batch_0/inst/polynomial_multiplier/polynomial_b_memory/aclk
    RAMB18_X0Y6          RAMB18E1                                     r  design_1_i/poly_mul256_axis_batch_0/inst/polynomial_multiplier/polynomial_b_memory/memory_reg/CLKARDCLK
                         clock pessimism             -0.253     0.645    
                         clock uncertainty            0.154     0.799    
    RAMB18_X0Y6          RAMB18E1 (Hold_ramb18e1_CLKARDCLK_DIADI[12])
                                                      0.155     0.954    design_1_i/poly_mul256_axis_batch_0/inst/polynomial_multiplier/polynomial_b_memory/memory_reg
  -------------------------------------------------------------------
                         required time                         -0.954    
                         arrival time                           1.488    
  -------------------------------------------------------------------
                         slack                                  0.534    





---------------------------------------------------------------------------------------------------
From Clock:  S_AXI_ACLK
  To Clock:  clk_fpga_0

Setup :            0  Failing Endpoints,  Worst Slack        5.988ns,  Total Violation        0.000ns
Hold  :            0  Failing Endpoints,  Worst Slack        0.048ns,  Total Violation        0.000ns
---------------------------------------------------------------------------------------------------


Max Delay Paths
--------------------------------------------------------------------------------------
Slack (MET) :             5.988ns  (required time - arrival time)
  Source:                 design_1_i/poly_mul256_0/inst/S_AXI_BVALID_reg/C
                            (rising edge-triggered cell FDRE clocked by S_AXI_ACLK  {rise@0.000ns fall@5.000ns period=10.000ns})
  Destination:            design_1_i/ps7_0_axi_periph/s00_couplers/auto_pc/inst/gen_axilite.gen_b2s_conv.axilite_b2s/WR.b_channel_0/s_bresp_acc_reg[1]/D
                            (rising edge-triggered cell FDRE clocked by clk_fpga_0  {rise@0.000ns fall@5.000ns period=10.000ns})
  Path Group:             clk_fpga_0
  Path Type:              Setup (Max at Slow Process Corner)
  Requirement:            10.000ns  (clk_fpga_0 rise@10.000ns - S_AXI_ACLK rise@0.000ns)
  Data Path Delay:        5.194ns  (logic 1.398ns (26.918%)  route 3.796ns (73.082%))
  Logic Levels:           4  (LUT4=2 LUT5=1 LUT6=1)
  Clock Path Skew:        1.254ns (DCD - SCD + CPR)
    Destination Clock Delay (DCD):    2.879ns = ( 12.879 - 10.000 ) 
    Source Clock Delay      (SCD):    1.639ns
    Clock Pessimism Removal (CPR):    0.014ns
  Clock Uncertainty:      0.154ns  ((TSJ^2 + TIJ^2)^1/2 + DJ) / 2 + PE
    Total System Jitter     (TSJ):    0.071ns
    Total Input Jitter      (TIJ):    0.300ns
    Discrete Jitter          (DJ):    0.000ns
    Phase Error              (PE):    0.000ns
  Clock Domain Crossing:  Inter clock paths are considered valid unless explicitly excluded by timing constraints such as set_clock_groups or set_false_path.

    Location             Delay type                Incr(ns)  Path(ns)    Netlist Resource(s)
  -------------------------------------------------------------------    -------------------
                         (clock S_AXI_ACLK rise edge)
                                                      0.000     0.000 r  
    BUFGCTRL_X0Y16       BUFG                         0.000     0.000 r  design_1_i/processing_system7_0/inst/buffer_fclk_clk_0.FCLK_CLK_0_BUFG/O
                         net (fo=10767, routed)       1.639     1.639    design_1_i/poly_mul256_0/inst/S_AXI_ACLK
    SLICE_X33Y79         FDRE                                         r  design_1_i/poly_mul256_0/inst/S_AXI_BVALID_reg/C
  -------------------------------------------------------------------    -------------------
    SLICE_X33Y79         FDRE (Prop_fdre_C_Q)         0.456     2.095 r  design_1_i/poly_mul256_0/inst/S_AXI_BVALID_reg/Q
                         net (fo=12, routed)          1.293     3.388    design_1_i/ps7_0_axi_periph/xbar/inst/gen_sasd.crossbar_sasd_0/gen_decerr.decerr_slave_inst/m_axi_bvalid[1]
    SLICE_X30Y78         LUT6 (Prop_lut6_I2_O)        0.124     3.512 r  design_1_i/ps7_0_axi_periph/xbar/inst/gen_sasd.crossbar_sasd_0/gen_decerr.decerr_slave_inst/s_axi_bvalid[0]_INST_0_i_1/O
                         net (fo=1, routed)           0.415     3.927    design_1_i/ps7_0_axi_periph/xbar/inst/gen_sasd.crossbar_sasd_0/addr_arbiter_inst/f_mux_return__3
    SLICE_X30Y79         LUT5 (Prop_lut5_I4_O)        0.116     4.043 r  design_1_i/ps7_0_axi_periph/xbar/inst/gen_sasd.crossbar_sasd_0/addr_arbiter_inst/s_axi_bvalid[0]_INST_0/O
                         net (fo=1, routed)           1.487     5.529    design_1_i/ps7_0_axi_periph/s00_couplers/auto_pc/inst/gen_axilite.gen_b2s_conv.axilite_b2s/WR.b_channel_0/bresp_fifo_0/m_axi_bvalid
    SLICE_X30Y103        LUT4 (Prop_lut4_I0_O)        0.354     5.883 r  design_1_i/ps7_0_axi_periph/s00_couplers/auto_pc/inst/gen_axilite.gen_b2s_conv.axilite_b2s/WR.b_channel_0/bresp_fifo_0/mhandshake_r_i_1/O
                         net (fo=3, routed)           0.601     6.485    design_1_i/ps7_0_axi_periph/s00_couplers/auto_pc/inst/gen_axilite.gen_b2s_conv.axilite_b2s/WR.b_channel_0/mhandshake
    SLICE_X30Y101        LUT4 (Prop_lut4_I2_O)        0.348     6.833 r  design_1_i/ps7_0_axi_periph/s00_couplers/auto_pc/inst/gen_axilite.gen_b2s_conv.axilite_b2s/WR.b_channel_0/s_bresp_acc[1]_i_1/O
                         net (fo=1, routed)           0.000     6.833    design_1_i/ps7_0_axi_periph/s00_couplers/auto_pc/inst/gen_axilite.gen_b2s_conv.axilite_b2s/WR.b_channel_0/s_bresp_acc[1]_i_1_n_0
    SLICE_X30Y101        FDRE                                         r  design_1_i/ps7_0_axi_periph/s00_couplers/auto_pc/inst/gen_axilite.gen_b2s_conv.axilite_b2s/WR.b_channel_0/s_bresp_acc_reg[1]/D
  -------------------------------------------------------------------    -------------------

                         (clock clk_fpga_0 rise edge)
                                                     10.000    10.000 r  
    PS7_X0Y0             PS7                          0.000    10.000 r  design_1_i/processing_system7_0/inst/PS7_i/FCLKCLK[0]
                         net (fo=1, routed)           1.088    11.088    design_1_i/processing_system7_0/inst/FCLK_CLK_unbuffered[0]
    BUFGCTRL_X0Y16       BUFG (Prop_bufg_I_O)         0.091    11.179 r  design_1_i/processing_system7_0/inst/buffer_fclk_clk_0.FCLK_CLK_0_BUFG/O
                         net (fo=10767, routed)       1.700    12.879    design_1_i/ps7_0_axi_periph/s00_couplers/auto_pc/inst/gen_axilite.gen_b2s_conv.axilite_b2s/WR.b_channel_0/aclk
    SLICE_X30Y101        FDRE                                         r  design_1_i/ps7_0_axi_periph/s00_couplers/auto_pc/inst/gen_axilite.gen_b2s_conv.axilite_b2s/WR.b_channel_0/s_bresp_acc_reg[1]/C
                         clock pessimism              0.014    12.893    
                         clock uncertainty           -0.154    12.739    
    SLICE_X30Y101        FDRE (Setup_fdre_C_D)        0.081    12.820    design_1_i/ps7_0_axi_periph/s00_couplers/auto_pc/inst/gen_axilite.gen_b2s_conv.axilite_b2s/WR.b_channel_0/s_bresp_acc_reg[1]
  -------------------------------------------------------------------
                         required time                         12.820    
                         arrival time                          -6.833    
  -------------------------------------------------------------------
                         slack                                  5.988    





Min Delay Paths
--------------------------------------------------------------------------------------
Slack (MET) :             0.048ns  (arrival time - required time)
  Source:                 design_1_i/poly_mul256_0/inst/S_AXI_RDATA_reg[7]/C
                            (rising edge-triggered cell FDRE clocked by S_AXI_ACLK  {rise@0.000ns fall@5.000ns period=10.000ns})
  Destination:            design_1_i/ps7_0_axi_periph/xbar/inst/gen_sasd.crossbar_sasd_0/reg_slice_r/skid_buffer_reg[10]/D
                            (rising edge-triggered cell FDRE clocked by clk_fpga_0  {rise@0.000ns fall@5.000ns period=10.000ns})
  Path Group:             clk_fpga_0
  Path Type:              Hold (Min at Slow Process Corner)
  Requirement:            0.000ns  (clk_fpga_0 rise@0.000ns - S_AXI_ACLK rise@0.000ns)
  Data Path Delay:        1.804ns  (logic 0.618ns (34.250%)  route 1.186ns (65.750%))
  Logic Levels:           2  (LUT6=2)
  Clock Path Skew:        1.352ns (DCD - SCD - CPR)
    Destination Clock Delay (DCD):    2.941ns
    Source Clock Delay      (SCD):    1.475ns
    Clock Pessimism Removal (CPR):    0.114ns
  Clock Uncertainty:      0.154ns  ((TSJ^2 + TIJ^2)^1/2 + DJ) / 2 + PE
    Total System Jitter     (TSJ):    0.071ns
    Total Input Jitter      (TIJ):    0.300ns
    Discrete Jitter          (DJ):    0.000ns
    Phase Error              (PE):    0.000ns
  Clock Domain Crossing:  Inter clock paths are considered valid unless explicitly excluded by timing constraints such as set_clock_groups or set_false_path.

    Location             Delay type                Incr(ns)  Path(ns)    Netlist Resource(s)
  -------------------------------------------------------------------    -------------------
                         (clock S_AXI_ACLK rise edge)
                                                      0.000     0.000 r  
    BUFGCTRL_X0Y16       BUFG                         0.000     0.000 r  design_1_i/processing_system7_0/inst/buffer_fclk_clk_0.FCLK_CLK_0_BUFG/O
                         net (fo=10767, routed)       1.475     1.475    design_1_i/poly_mul256_0/inst/S_AXI_ACLK
    SLICE_X32Y62         FDRE                                         r  design_1_i/poly_mul256_0/inst/S_AXI_RDATA_reg[7]/C
  -------------------------------------------------------------------    -------------------
    SLICE_X32Y62         FDRE (Prop_fdre_C_Q)         0.418     1.893 r  design_1_i/poly_mul256_0/inst/S_AXI_RDATA_reg[7]/Q
                         net (fo=1, routed)           0.352     2.245    design_1_i/ps7_0_axi_periph/xbar/inst/gen_sasd.crossbar_sasd_0/reg_slice_r/m_axi_rdata[103]
    SLICE_X33Y62         LUT6 (Prop_lut6_I1_O)        0.100     2.345 r  design_1_i/ps7_0_axi_periph/xbar/inst/gen_sasd.crossbar_sasd_0/reg_slice_r/m_payload_i[10]_i_2/O
                         net (fo=1, routed)           0.470     2.815    design_1_i/ps7_0_axi_periph/xbar/inst/gen_sasd.crossbar_sasd_0/reg_slice_r/m_payload_i[10]_i_2_n_0
    SLICE_X33Y63         LUT6 (Prop_lut6_I0_O)        0.100     2.915 r  design_1_i/ps7_0_axi_periph/xbar/inst/gen_sasd.crossbar_sasd_0/reg_slice_r/m_payload_i[10]_i_1/O
                         net (fo=2, routed)           0.364     3.279    design_1_i/ps7_0_axi_periph/xbar/inst/gen_sasd.crossbar_sasd_0/reg_slice_r/skid_buffer[10]
    SLICE_X34Y63         FDRE                                         r  design_1_i/ps7_0_axi_periph/xbar/inst/gen_sasd.crossbar_sasd_0/reg_slice_r/skid_buffer_reg[10]/D
  -------------------------------------------------------------------    -------------------

                         (clock clk_fpga_0 rise edge)
                                                      0.000     0.000 r  
    PS7_X0Y0             PS7                          0.000     0.000 r  design_1_i/processing_system7_0/inst/PS7_i/FCLKCLK[0]
                         net (fo=1, routed)           1.193     1.193    design_1_i/processing_system7_0/inst/FCLK_CLK_unbuffered[0]
    BUFGCTRL_X0Y16       BUFG (Prop_bufg_I_O)         0.101     1.294 r  design_1_i/processing_system7_0/inst/buffer_fclk_clk_0.FCLK_CLK_0_BUFG/O
                         net (fo=10767, routed)       1.647     2.941    design_1_i/ps7_0_axi_periph/xbar/inst/gen_sasd.crossbar_sasd_0/reg_slice_r/aclk
    SLICE_X34Y63         FDRE                                         r  design_1_i/ps7_0_axi_periph/xbar/inst/gen_sasd.crossbar_sasd_0/reg_slice_r/skid_buffer_reg[10]/C
                         clock pessimism             -0.114     2.827    
                         clock uncertainty            0.154     2.981    
    SLICE_X34Y63         FDRE (Hold_fdre_C_D)         0.250     3.231    design_1_i/ps7_0_axi_periph/xbar/inst/gen_sasd.crossbar_sasd_0/reg_slice_r/skid_buffer_reg[10]
  -------------------------------------------------------------------
                         required time                         -3.231    
                         arrival time                           3.279    
  -------------------------------------------------------------------
                         slack                                  0.048    





---------------------------------------------------------------------------------------------------
From Clock:  aclk
  To Clock:  clk_fpga_0

Setup :            0  Failing Endpoints,  Worst Slack        5.924ns,  Total Violation        0.000ns
Hold  :            0  Failing Endpoints,  Worst Slack        0.053ns,  Total Violation        0.000ns
---------------------------------------------------------------------------------------------------


Max Delay Paths
--------------------------------------------------------------------------------------
Slack (MET) :             5.924ns  (required time - arrival time)
  Source:                 design_1_i/poly_mul256_axis_batch_0/inst/FSM_sequential_state_reg[1]/C
                            (rising edge-triggered cell FDRE clocked by aclk  {rise@0.000ns fall@5.000ns period=10.000ns})
  Destination:            design_1_i/axi_dma_0/U0/I_PRMRY_DATAMOVER/GEN_MM2S_FULL.I_MM2S_FULL_WRAPPER/GEN_INCLUDE_MM2S_SF.I_RD_SF/I_DATA_FIFO/BLK_MEM.I_SYNC_FIFOGEN_FIFO/xpm_fifo_instance.xpm_fifo_sync_inst/xpm_fifo_base_inst/gen_sdpram.xpm_memory_base_inst/gen_wr_a.gen_word_narrow.mem_reg/REGCEAREGCE
                            (rising edge-triggered cell RAMB36E1 clocked by clk_fpga_0  {rise@0.000ns fall@5.000ns period=10.000ns})
  Path Group:             clk_fpga_0
  Path Type:              Setup (Max at Slow Process Corner)
  Requirement:            10.000ns  (clk_fpga_0 rise@10.000ns - aclk rise@0.000ns)
  Data Path Delay:        4.717ns  (logic 1.315ns (27.876%)  route 3.402ns (72.124%))
  Logic Levels:           4  (LUT3=1 LUT4=1 LUT5=1 LUT6=1)
  Clock Path Skew:        1.155ns (DCD - SCD + CPR)
    Destination Clock Delay (DCD):    2.785ns = ( 12.785 - 10.000 ) 
    Source Clock Delay      (SCD):    1.744ns
    Clock Pessimism Removal (CPR):    0.115ns
  Clock Uncertainty:      0.154ns  ((TSJ^2 + TIJ^2)^1/2 + DJ) / 2 + PE
    Total System Jitter     (TSJ):    0.071ns
    Total Input Jitter      (TIJ):    0.300ns
    Discrete Jitter          (DJ):    0.000ns
    Phase Error              (PE):    0.000ns
  Clock Domain Crossing:  Inter clock paths are considered valid unless explicitly excluded by timing constraints such as set_clock_groups or set_false_path.

    Location             Delay type                Incr(ns)  Path(ns)    Netlist Resource(s)
  -------------------------------------------------------------------    -------------------
                         (clock aclk rise edge)       0.000     0.000 r  
    BUFGCTRL_X0Y16       BUFG                         0.000     0.000 r  design_1_i/processing_system7_0/inst/buffer_fclk_clk_0.FCLK_CLK_0_BUFG/O
                         net (fo=10767, routed)       1.744     1.744    design_1_i/poly_mul256_axis_batch_0/inst/aclk
    SLICE_X15Y20         FDRE                                         r  design_1_i/poly_mul256_axis_batch_0/inst/FSM_sequential_state_reg[1]/C
  -------------------------------------------------------------------    -------------------
    SLICE_X15Y20         FDRE (Prop_fdre_C_Q)         0.419     2.163 f  design_1_i/poly_mul256_axis_batch_0/inst/FSM_sequential_state_reg[1]/Q
                         net (fo=16, routed)          1.072     3.235    design_1_i/poly_mul256_axis_batch_0/inst/state[1]
    SLICE_X15Y20         LUT3 (Prop_lut3_I2_O)        0.322     3.557 r  design_1_i/poly_mul256_axis_batch_0/inst/s_axis_tready_INST_0/O
                         net (fo=5, routed)           1.082     4.639    design_1_i/axi_dma_0/U0/I_PRMRY_DATAMOVER/GEN_MM2S_FULL.I_MM2S_FULL_WRAPPER/ENABLE_AXIS_SKID.I_MM2S_SKID_BUF/m_axis_mm2s_tready
    SLICE_X13Y27         LUT6 (Prop_lut6_I4_O)        0.326     4.965 r  design_1_i/axi_dma_0/U0/I_PRMRY_DATAMOVER/GEN_MM2S_FULL.I_MM2S_FULL_WRAPPER/ENABLE_AXIS_SKID.I_MM2S_SKID_BUF/sig_s_ready_dup_i_2/O
                         net (fo=1, routed)           0.149     5.114    design_1_i/axi_dma_0/U0/I_PRMRY_DATAMOVER/GEN_MM2S_FULL.I_MM2S_FULL_WRAPPER/ENABLE_AXIS_SKID.I_MM2S_SKID_BUF/sig_s_ready_dup_i_2_n_0
    SLICE_X13Y27         LUT5 (Prop_lut5_I0_O)        0.124     5.238 r  design_1_i/axi_dma_0/U0/I_PRMRY_DATAMOVER/GEN_MM2S_FULL.I_MM2S_FULL_WRAPPER/ENABLE_AXIS_SKID.I_MM2S_SKID_BUF/sig_s_ready_dup_i_1/O
                         net (fo=3, routed)           0.433     5.672    design_1_i/axi_dma_0/U0/I_PRMRY_DATAMOVER/GEN_MM2S_FULL.I_MM2S_FULL_WRAPPER/GEN_INCLUDE_MM2S_SF.I_RD_SF/I_DATA_FIFO/BLK_MEM.I_SYNC_FIFOGEN_FIFO/xpm_fifo_instance.xpm_fifo_sync_inst/xpm_fifo_base_inst/gen_sdpram.xpm_memory_base_inst/pwropt
    SLICE_X13Y27         LUT4 (Prop_lut4_I2_O)        0.124     5.796 r  design_1_i/axi_dma_0/U0/I_PRMRY_DATAMOVER/GEN_MM2S_FULL.I_MM2S_FULL_WRAPPER/GEN_INCLUDE_MM2S_SF.I_RD_SF/I_DATA_FIFO/BLK_MEM.I_SYNC_FIFOGEN_FIFO/xpm_fifo_instance.xpm_fifo_sync_inst/xpm_fifo_base_inst/gen_sdpram.xpm_memory_base_inst/gen_wr_a.gen_word_narrow.mem_reg_REGCEAREGCE_cooolgate_en_gate_87/O
                         net (fo=1, routed)           0.666     6.461    design_1_i/axi_dma_0/U0/I_PRMRY_DATAMOVER/GEN_MM2S_FULL.I_MM2S_FULL_WRAPPER/GEN_INCLUDE_MM2S_SF.I_RD_SF/I_DATA_FIFO/BLK_MEM.I_SYNC_FIFOGEN_FIFO/xpm_fifo_instance.xpm_fifo_sync_inst/xpm_fifo_base_inst/gen_sdpram.xpm_memory_base_inst/gen_wr_a.gen_word_narrow.mem_reg_REGCEAREGCE_cooolgate_en_sig_45
    RAMB36_X0Y5          RAMB36E1                                     r  design_1_i/axi_dma_0/U0/I_PRMRY_DATAMOVER/GEN_MM2S_FULL.I_MM2S_FULL_WRAPPER/GEN_INCLUDE_MM2S_SF.I_RD_SF/I_DATA_FIFO/BLK_MEM.I_SYNC_FIFOGEN_FIFO/xpm_fifo_instance.xpm_fifo_sync_inst/xpm_fifo_base_inst/gen_sdpram.xpm_memory_base_inst/gen_wr_a.gen_word_narrow.mem_reg/REGCEAREGCE
  -------------------------------------------------------------------    -------------------

                         (clock clk_fpga_0 rise edge)
                                                     10.000    10.000 r  
    PS7_X0Y0             PS7                          0.000    10.000 r  design_1_i/processing_system7_0/inst/PS7_i/FCLKCLK[0]
                         net (fo=1, routed)           1.088    11.088    design_1_i/processing_system7_0/inst/FCLK_CLK_unbuffered[0]
    BUFGCTRL_X0Y16       BUFG (Prop_bufg_I_O)         0.091    11.179 r  design_1_i/processing_system7_0/inst/buffer_fclk_clk_0.FCLK_CLK_0_BUFG/O
                         net (fo=10767, routed)       1.606    12.785    design_1_i/axi_dma_0/U0/I_PRMRY_DATAMOVER/GEN_MM2S_FULL.I_MM2S_FULL_WRAPPER/GEN_INCLUDE_MM2S_SF.I_RD_SF/I_DATA_FIFO/BLK_MEM.I_SYNC_FIFOGEN_FIFO/xpm_fifo_instance.xpm_fifo_sync_inst/xpm_fifo_base_inst/gen_sdpram.xpm_memory_base_inst/clka
    RAMB36_X0Y5          RAMB36E1                                     r  design_1_i/axi_dma_0/U0/I_PRMRY_DATAMOVER/GEN_MM2S_FULL.I_MM2S_FULL_WRAPPER/GEN_INCLUDE_MM2S_SF.I_RD_SF/I_DATA_FIFO/BLK_MEM.I_SYNC_FIFOGEN_FIFO/xpm_fifo_instance.xpm_fifo_sync_inst/xpm_fifo_base_inst/gen_sdpram.xpm_memory_base_inst/gen_wr_a.gen_word_narrow.mem_reg/CLKARDCLK
                         clock pessimism              0.115    12.899    
                         clock uncertainty           -0.154    12.745    
    RAMB36_X0Y5          RAMB36E1 (Setup_ramb36e1_CLKARDCLK_REGCEAREGCE)
                                                     -0.360    12.385    design_1_i/axi_dma_0/U0/I_PRMRY_DATAMOVER/GEN_MM2S_FULL.I_MM2S_FULL_WRAPPER/GEN_INCLUDE_MM2S_SF.I_RD_SF/I_DATA_FIFO/BLK_MEM.I_SYNC_FIFOGEN_FIFO/xpm_fifo_instance.xpm_fifo_sync_inst/xpm_fifo_base_inst/gen_sdpram.xpm_memory_base_inst/gen_wr_a.gen_word_narrow.mem_reg
  -------------------------------------------------------------------
                         required time                         12.385    
                         arrival time                          -6.461    
  -------------------------------------------------------------------
                         slack                                  5.924    





Min Delay Paths
--------------------------------------------------------------------------------------
Slack (MET) :             0.053ns  (arrival time - required time)
  Source:                 design_1_i/poly_mul256_axis_batch_0/inst/polynomial_multiplier/inverse_engine/result_memory/memory_reg/CLKARDCLK
                            (rising edge-triggered cell RAMB18E1 clocked by aclk  {rise@0.000ns fall@5.000ns period=10.000ns})
  Destination:            design_1_i/axi_dma_0/U0/I_PRMRY_DATAMOVER/GEN_S2MM_FULL.I_S2MM_FULL_WRAPPER/ENABLE_AXIS_SKID.I_S2MM_STRM_SKID_BUF/sig_data_skid_reg_reg[5]/D
                            (rising edge-triggered cell FDRE clocked by clk_fpga_0  {rise@0.000ns fall@5.000ns period=10.000ns})
  Path Group:             clk_fpga_0
  Path Type:              Hold (Min at Slow Process Corner)
  Requirement:            0.000ns  (clk_fpga_0 rise@0.000ns - aclk rise@0.000ns)
  Data Path Delay:        1.697ns  (logic 0.468ns (27.575%)  route 1.229ns (72.425%))
  Logic Levels:           0  
  Clock Path Skew:        1.311ns (DCD - SCD - CPR)
    Destination Clock Delay (DCD):    3.023ns
    Source Clock Delay      (SCD):    1.598ns
    Clock Pessimism Removal (CPR):    0.115ns
  Clock Uncertainty:      0.154ns  ((TSJ^2 + TIJ^2)^1/2 + DJ) / 2 + PE
    Total System Jitter     (TSJ):    0.071ns
    Total Input Jitter      (TIJ):    0.300ns
    Discrete Jitter          (DJ):    0.000ns
    Phase Error              (PE):    0.000ns
  Clock Domain Crossing:  Inter clock paths are considered valid unless explicitly excluded by timing constraints such as set_clock_groups or set_false_path.

    Location             Delay type                Incr(ns)  Path(ns)    Netlist Resource(s)
  -------------------------------------------------------------------    -------------------
                         (clock aclk rise edge)       0.000     0.000 r  
    BUFGCTRL_X0Y16       BUFG                         0.000     0.000 r  design_1_i/processing_system7_0/inst/buffer_fclk_clk_0.FCLK_CLK_0_BUFG/O
                         net (fo=10767, routed)       1.598     1.598    design_1_i/poly_mul256_axis_batch_0/inst/polynomial_multiplier/inverse_engine/result_memory/aclk
    RAMB18_X1Y8          RAMB18E1                                     r  design_1_i/poly_mul256_axis_batch_0/inst/polynomial_multiplier/inverse_engine/result_memory/memory_reg/CLKARDCLK
  -------------------------------------------------------------------    -------------------
    RAMB18_X1Y8          RAMB18E1 (Prop_ramb18e1_CLKARDCLK_DOADO[5])
                                                      0.468     2.066 r  design_1_i/poly_mul256_axis_batch_0/inst/polynomial_multiplier/inverse_engine/result_memory/memory_reg/DOADO[5]
                         net (fo=2, routed)           1.229     3.295    design_1_i/axi_dma_0/U0/I_PRMRY_DATAMOVER/GEN_S2MM_FULL.I_S2MM_FULL_WRAPPER/ENABLE_AXIS_SKID.I_S2MM_STRM_SKID_BUF/s_axis_s2mm_tdata[5]
    SLICE_X25Y24         FDRE                                         r  design_1_i/axi_dma_0/U0/I_PRMRY_DATAMOVER/GEN_S2MM_FULL.I_S2MM_FULL_WRAPPER/ENABLE_AXIS_SKID.I_S2MM_STRM_SKID_BUF/sig_data_skid_reg_reg[5]/D
  -------------------------------------------------------------------    -------------------

                         (clock clk_fpga_0 rise edge)
                                                      0.000     0.000 r  
    PS7_X0Y0             PS7                          0.000     0.000 r  design_1_i/processing_system7_0/inst/PS7_i/FCLKCLK[0]
                         net (fo=1, routed)           1.193     1.193    design_1_i/processing_system7_0/inst/FCLK_CLK_unbuffered[0]
    BUFGCTRL_X0Y16       BUFG (Prop_bufg_I_O)         0.101     1.294 r  design_1_i/processing_system7_0/inst/buffer_fclk_clk_0.FCLK_CLK_0_BUFG/O
                         net (fo=10767, routed)       1.729     3.023    design_1_i/axi_dma_0/U0/I_PRMRY_DATAMOVER/GEN_S2MM_FULL.I_S2MM_FULL_WRAPPER/ENABLE_AXIS_SKID.I_S2MM_STRM_SKID_BUF/m_axi_s2mm_aclk
    SLICE_X25Y24         FDRE                                         r  design_1_i/axi_dma_0/U0/I_PRMRY_DATAMOVER/GEN_S2MM_FULL.I_S2MM_FULL_WRAPPER/ENABLE_AXIS_SKID.I_S2MM_STRM_SKID_BUF/sig_data_skid_reg_reg[5]/C
                         clock pessimism             -0.115     2.908    
                         clock uncertainty            0.154     3.063    
    SLICE_X25Y24         FDRE (Hold_fdre_C_D)         0.179     3.242    design_1_i/axi_dma_0/U0/I_PRMRY_DATAMOVER/GEN_S2MM_FULL.I_S2MM_FULL_WRAPPER/ENABLE_AXIS_SKID.I_S2MM_STRM_SKID_BUF/sig_data_skid_reg_reg[5]
  -------------------------------------------------------------------
                         required time                         -3.242    
                         arrival time                           3.295    
  -------------------------------------------------------------------
                         slack                                  0.053    





---------------------------------------------------------------------------------------------------
Path Group:  **async_default**
From Clock:  clk_fpga_0
  To Clock:  clk_fpga_0

Setup :            0  Failing Endpoints,  Worst Slack        6.502ns,  Total Violation        0.000ns
Hold  :            0  Failing Endpoints,  Worst Slack        0.637ns,  Total Violation        0.000ns
---------------------------------------------------------------------------------------------------


Max Delay Paths
--------------------------------------------------------------------------------------
Slack (MET) :             6.502ns  (required time - arrival time)
  Source:                 design_1_i/axi_dma_mem_interconnect/m00_couplers/auto_pc/inst/gen_axi4_axi3.axi3_conv_inst/USE_WRITE.write_addr_inst/USE_BURSTS.cmd_queue/inst/fifo_gen_inst/inst_fifo_gen/gconvfifo.rf/grf.rf/rstblk/ngwrdrst.grst.g7serrst.gnsckt_wrst.gcc_rst.sckt_wr_rst_cc_reg[0]/C
                            (rising edge-triggered cell FDRE clocked by clk_fpga_0  {rise@0.000ns fall@5.000ns period=10.000ns})
  Destination:            design_1_i/axi_dma_mem_interconnect/m00_couplers/auto_pc/inst/gen_axi4_axi3.axi3_conv_inst/USE_WRITE.write_addr_inst/USE_BURSTS.cmd_queue/inst/fifo_gen_inst/inst_fifo_gen/gconvfifo.rf/grf.rf/gntv_or_sync_fifo.gl0.wr/wpntr/gcc0.gc0.count_d1_reg[2]/CLR
                            (recovery check against rising-edge clock clk_fpga_0  {rise@0.000ns fall@5.000ns period=10.000ns})
  Path Group:             **async_default**
  Path Type:              Recovery (Max at Slow Process Corner)
  Requirement:            10.000ns  (clk_fpga_0 rise@10.000ns - clk_fpga_0 rise@0.000ns)
  Data Path Delay:        2.915ns  (logic 0.718ns (24.632%)  route 2.197ns (75.368%))
  Logic Levels:           1  (LUT3=1)
  Clock Path Skew:        -0.024ns (DCD - SCD + CPR)
    Destination Clock Delay (DCD):    2.757ns = ( 12.757 - 10.000 ) 
    Source Clock Delay      (SCD):    3.047ns
    Clock Pessimism Removal (CPR):    0.267ns
  Clock Uncertainty:      0.154ns  ((TSJ^2 + TIJ^2)^1/2 + DJ) / 2 + PE
    Total System Jitter     (TSJ):    0.071ns
    Total Input Jitter      (TIJ):    0.300ns
    Discrete Jitter          (DJ):    0.000ns
    Phase Error              (PE):    0.000ns

    Location             Delay type                Incr(ns)  Path(ns)    Netlist Resource(s)
  -------------------------------------------------------------------    -------------------
                         (clock clk_fpga_0 rise edge)
                                                      0.000     0.000 r  
    PS7_X0Y0             PS7                          0.000     0.000 r  design_1_i/processing_system7_0/inst/PS7_i/FCLKCLK[0]
                         net (fo=1, routed)           1.193     1.193    design_1_i/processing_system7_0/inst/FCLK_CLK_unbuffered[0]
    BUFGCTRL_X0Y16       BUFG (Prop_bufg_I_O)         0.101     1.294 r  design_1_i/processing_system7_0/inst/buffer_fclk_clk_0.FCLK_CLK_0_BUFG/O
                         net (fo=10767, routed)       1.753     3.047    design_1_i/axi_dma_mem_interconnect/m00_couplers/auto_pc/inst/gen_axi4_axi3.axi3_conv_inst/USE_WRITE.write_addr_inst/USE_BURSTS.cmd_queue/inst/fifo_gen_inst/inst_fifo_gen/gconvfifo.rf/grf.rf/rstblk/clk
    SLICE_X13Y37         FDRE                                         r  design_1_i/axi_dma_mem_interconnect/m00_couplers/auto_pc/inst/gen_axi4_axi3.axi3_conv_inst/USE_WRITE.write_addr_inst/USE_BURSTS.cmd_queue/inst/fifo_gen_inst/inst_fifo_gen/gconvfifo.rf/grf.rf/rstblk/ngwrdrst.grst.g7serrst.gnsckt_wrst.gcc_rst.sckt_wr_rst_cc_reg[0]/C
  -------------------------------------------------------------------    -------------------
    SLICE_X13Y37         FDRE (Prop_fdre_C_Q)         0.419     3.466 f  design_1_i/axi_dma_mem_interconnect/m00_couplers/auto_pc/inst/gen_axi4_axi3.axi3_conv_inst/USE_WRITE.write_addr_inst/USE_BURSTS.cmd_queue/inst/fifo_gen_inst/inst_fifo_gen/gconvfifo.rf/grf.rf/rstblk/ngwrdrst.grst.g7serrst.gnsckt_wrst.gcc_rst.sckt_wr_rst_cc_reg[0]/Q
                         net (fo=3, routed)           0.895     4.361    design_1_i/axi_dma_mem_interconnect/m00_couplers/auto_pc/inst/gen_axi4_axi3.axi3_conv_inst/USE_WRITE.write_addr_inst/USE_BURSTS.cmd_queue/inst/fifo_gen_inst/inst_fifo_gen/gconvfifo.rf/grf.rf/rstblk/ngwrdrst.grst.g7serrst.gnsckt_wrst.gcc_rst.sckt_wr_rst_cc[0]
    SLICE_X12Y37         LUT3 (Prop_lut3_I1_O)        0.299     4.660 f  design_1_i/axi_dma_mem_interconnect/m00_couplers/auto_pc/inst/gen_axi4_axi3.axi3_conv_inst/USE_WRITE.write_addr_inst/USE_BURSTS.cmd_queue/inst/fifo_gen_inst/inst_fifo_gen/gconvfifo.rf/grf.rf/rstblk/gpregsm1.curr_fwft_state[1]_i_2/O
                         net (fo=32, routed)          1.302     5.962    design_1_i/axi_dma_mem_interconnect/m00_couplers/auto_pc/inst/gen_axi4_axi3.axi3_conv_inst/USE_WRITE.write_addr_inst/USE_BURSTS.cmd_queue/inst/fifo_gen_inst/inst_fifo_gen/gconvfifo.rf/grf.rf/gntv_or_sync_fifo.gl0.wr/wpntr/AR[0]
    SLICE_X15Y38         FDCE                                         f  design_1_i/axi_dma_mem_interconnect/m00_couplers/auto_pc/inst/gen_axi4_axi3.axi3_conv_inst/USE_WRITE.write_addr_inst/USE_BURSTS.cmd_queue/inst/fifo_gen_inst/inst_fifo_gen/gconvfifo.rf/grf.rf/gntv_or_sync_fifo.gl0.wr/wpntr/gcc0.gc0.count_d1_reg[2]/CLR
  -------------------------------------------------------------------    -------------------

                         (clock clk_fpga_0 rise edge)
                                                     10.000    10.000 r  
    PS7_X0Y0             PS7                          0.000    10.000 r  design_1_i/processing_system7_0/inst/PS7_i/FCLKCLK[0]
                         net (fo=1, routed)           1.088    11.088    design_1_i/processing_system7_0/inst/FCLK_CLK_unbuffered[0]
    BUFGCTRL_X0Y16       BUFG (Prop_bufg_I_O)         0.091    11.179 r  design_1_i/processing_system7_0/inst/buffer_fclk_clk_0.FCLK_CLK_0_BUFG/O
                         net (fo=10767, routed)       1.577    12.757    design_1_i/axi_dma_mem_interconnect/m00_couplers/auto_pc/inst/gen_axi4_axi3.axi3_conv_inst/USE_WRITE.write_addr_inst/USE_BURSTS.cmd_queue/inst/fifo_gen_inst/inst_fifo_gen/gconvfifo.rf/grf.rf/gntv_or_sync_fifo.gl0.wr/wpntr/clk
    SLICE_X15Y38         FDCE                                         r  design_1_i/axi_dma_mem_interconnect/m00_couplers/auto_pc/inst/gen_axi4_axi3.axi3_conv_inst/USE_WRITE.write_addr_inst/USE_BURSTS.cmd_queue/inst/fifo_gen_inst/inst_fifo_gen/gconvfifo.rf/grf.rf/gntv_or_sync_fifo.gl0.wr/wpntr/gcc0.gc0.count_d1_reg[2]/C
                         clock pessimism              0.267    13.023    
                         clock uncertainty           -0.154    12.869    
    SLICE_X15Y38         FDCE (Recov_fdce_C_CLR)     -0.405    12.464    design_1_i/axi_dma_mem_interconnect/m00_couplers/auto_pc/inst/gen_axi4_axi3.axi3_conv_inst/USE_WRITE.write_addr_inst/USE_BURSTS.cmd_queue/inst/fifo_gen_inst/inst_fifo_gen/gconvfifo.rf/grf.rf/gntv_or_sync_fifo.gl0.wr/wpntr/gcc0.gc0.count_d1_reg[2]
  -------------------------------------------------------------------
                         required time                         12.464    
                         arrival time                          -5.962    
  -------------------------------------------------------------------
                         slack                                  6.502    





Min Delay Paths
--------------------------------------------------------------------------------------
Slack (MET) :             0.637ns  (arrival time - required time)
  Source:                 design_1_i/axi_dma_mem_interconnect/m00_couplers/auto_pc/inst/gen_axi4_axi3.axi3_conv_inst/USE_READ.USE_SPLIT_R.read_addr_inst/USE_R_CHANNEL.cmd_queue/inst/fifo_gen_inst/inst_fifo_gen/gconvfifo.rf/grf.rf/rstblk/ngwrdrst.grst.g7serrst.gnsckt_wrst.gcc_rst.sckt_wr_rst_cc_reg[1]/C
                            (rising edge-triggered cell FDRE clocked by clk_fpga_0  {rise@0.000ns fall@5.000ns period=10.000ns})
  Destination:            design_1_i/axi_dma_mem_interconnect/m00_couplers/auto_pc/inst/gen_axi4_axi3.axi3_conv_inst/USE_READ.USE_SPLIT_R.read_addr_inst/USE_R_CHANNEL.cmd_queue/inst/fifo_gen_inst/inst_fifo_gen/gconvfifo.rf/grf.rf/gntv_or_sync_fifo.gl0.rd/rpntr/gc0.count_d1_reg[3]/CLR
                            (removal check against rising-edge clock clk_fpga_0  {rise@0.000ns fall@5.000ns period=10.000ns})
  Path Group:             **async_default**
  Path Type:              Removal (Min at Fast Process Corner)
  Requirement:            0.000ns  (clk_fpga_0 rise@0.000ns - clk_fpga_0 rise@0.000ns)
  Data Path Delay:        0.583ns  (logic 0.247ns (42.396%)  route 0.336ns (57.604%))
  Logic Levels:           1  (LUT3=1)
  Clock Path Skew:        0.013ns (DCD - SCD - CPR)
    Destination Clock Delay (DCD):    1.227ns
    Source Clock Delay      (SCD):    0.931ns
    Clock Pessimism Removal (CPR):    0.283ns

    Location             Delay type                Incr(ns)  Path(ns)    Netlist Resource(s)
  -------------------------------------------------------------------    -------------------
                         (clock clk_fpga_0 rise edge)
                                                      0.000     0.000 r  
    PS7_X0Y0             PS7                          0.000     0.000 r  design_1_i/processing_system7_0/inst/PS7_i/FCLKCLK[0]
                         net (fo=1, routed)           0.310     0.310    design_1_i/processing_system7_0/inst/FCLK_CLK_unbuffered[0]
    BUFGCTRL_X0Y16       BUFG (Prop_bufg_I_O)         0.026     0.336 r  design_1_i/processing_system7_0/inst/buffer_fclk_clk_0.FCLK_CLK_0_BUFG/O
                         net (fo=10767, routed)       0.595     0.931    design_1_i/axi_dma_mem_interconnect/m00_couplers/auto_pc/inst/gen_axi4_axi3.axi3_conv_inst/USE_READ.USE_SPLIT_R.read_addr_inst/USE_R_CHANNEL.cmd_queue/inst/fifo_gen_inst/inst_fifo_gen/gconvfifo.rf/grf.rf/rstblk/clk
    SLICE_X10Y40         FDRE                                         r  design_1_i/axi_dma_mem_interconnect/m00_couplers/auto_pc/inst/gen_axi4_axi3.axi3_conv_inst/USE_READ.USE_SPLIT_R.read_addr_inst/USE_R_CHANNEL.cmd_queue/inst/fifo_gen_inst/inst_fifo_gen/gconvfifo.rf/grf.rf/rstblk/ngwrdrst.grst.g7serrst.gnsckt_wrst.gcc_rst.sckt_wr_rst_cc_reg[1]/C
  -------------------------------------------------------------------    -------------------
    SLICE_X10Y40         FDRE (Prop_fdre_C_Q)         0.148     1.079 f  design_1_i/axi_dma_mem_interconnect/m00_couplers/auto_pc/inst/gen_axi4_axi3.axi3_conv_inst/USE_READ.USE_SPLIT_R.read_addr_inst/USE_R_CHANNEL.cmd_queue/inst/fifo_gen_inst/inst_fifo_gen/gconvfifo.rf/grf.rf/rstblk/ngwrdrst.grst.g7serrst.gnsckt_wrst.gcc_rst.sckt_wr_rst_cc_reg[1]/Q
                         net (fo=1, routed)           0.150     1.229    design_1_i/axi_dma_mem_interconnect/m00_couplers/auto_pc/inst/gen_axi4_axi3.axi3_conv_inst/USE_READ.USE_SPLIT_R.read_addr_inst/USE_R_CHANNEL.cmd_queue/inst/fifo_gen_inst/inst_fifo_gen/gconvfifo.rf/grf.rf/rstblk/ngwrdrst.grst.g7serrst.gnsckt_wrst.gcc_rst.sckt_wr_rst_cc[1]
    SLICE_X10Y39         LUT3 (Prop_lut3_I0_O)        0.099     1.328 f  design_1_i/axi_dma_mem_interconnect/m00_couplers/auto_pc/inst/gen_axi4_axi3.axi3_conv_inst/USE_READ.USE_SPLIT_R.read_addr_inst/USE_R_CHANNEL.cmd_queue/inst/fifo_gen_inst/inst_fifo_gen/gconvfifo.rf/grf.rf/rstblk/gpregsm1.curr_fwft_state[1]_i_2/O
                         net (fo=33, routed)          0.185     1.513    design_1_i/axi_dma_mem_interconnect/m00_couplers/auto_pc/inst/gen_axi4_axi3.axi3_conv_inst/USE_READ.USE_SPLIT_R.read_addr_inst/USE_R_CHANNEL.cmd_queue/inst/fifo_gen_inst/inst_fifo_gen/gconvfifo.rf/grf.rf/gntv_or_sync_fifo.gl0.rd/rpntr/gc0.count_d1_reg[4]_1
    SLICE_X10Y37         FDCE                                         f  design_1_i/axi_dma_mem_interconnect/m00_couplers/auto_pc/inst/gen_axi4_axi3.axi3_conv_inst/USE_READ.USE_SPLIT_R.read_addr_inst/USE_R_CHANNEL.cmd_queue/inst/fifo_gen_inst/inst_fifo_gen/gconvfifo.rf/grf.rf/gntv_or_sync_fifo.gl0.rd/rpntr/gc0.count_d1_reg[3]/CLR
  -------------------------------------------------------------------    -------------------

                         (clock clk_fpga_0 rise edge)
                                                      0.000     0.000 r  
    PS7_X0Y0             PS7                          0.000     0.000 r  design_1_i/processing_system7_0/inst/PS7_i/FCLKCLK[0]
                         net (fo=1, routed)           0.337     0.337    design_1_i/processing_system7_0/inst/FCLK_CLK_unbuffered[0]
    BUFGCTRL_X0Y16       BUFG (Prop_bufg_I_O)         0.029     0.366 r  design_1_i/processing_system7_0/inst/buffer_fclk_clk_0.FCLK_CLK_0_BUFG/O
                         net (fo=10767, routed)       0.861     1.227    design_1_i/axi_dma_mem_interconnect/m00_couplers/auto_pc/inst/gen_axi4_axi3.axi3_conv_inst/USE_READ.USE_SPLIT_R.read_addr_inst/USE_R_CHANNEL.cmd_queue/inst/fifo_gen_inst/inst_fifo_gen/gconvfifo.rf/grf.rf/gntv_or_sync_fifo.gl0.rd/rpntr/clk
    SLICE_X10Y37         FDCE                                         r  design_1_i/axi_dma_mem_interconnect/m00_couplers/auto_pc/inst/gen_axi4_axi3.axi3_conv_inst/USE_READ.USE_SPLIT_R.read_addr_inst/USE_R_CHANNEL.cmd_queue/inst/fifo_gen_inst/inst_fifo_gen/gconvfifo.rf/grf.rf/gntv_or_sync_fifo.gl0.rd/rpntr/gc0.count_d1_reg[3]/C
                         clock pessimism             -0.283     0.944    
    SLICE_X10Y37         FDCE (Remov_fdce_C_CLR)     -0.067     0.877    design_1_i/axi_dma_mem_interconnect/m00_couplers/auto_pc/inst/gen_axi4_axi3.axi3_conv_inst/USE_READ.USE_SPLIT_R.read_addr_inst/USE_R_CHANNEL.cmd_queue/inst/fifo_gen_inst/inst_fifo_gen/gconvfifo.rf/grf.rf/gntv_or_sync_fifo.gl0.rd/rpntr/gc0.count_d1_reg[3]
  -------------------------------------------------------------------
                         required time                         -0.877    
                         arrival time                           1.513    
  -------------------------------------------------------------------
                         slack                                  0.637    





