Copyright 1986-2022 Xilinx, Inc. All Rights Reserved. Copyright 2022-2024 Advanced Micro Devices, Inc. All Rights Reserved.
----------------------------------------------------------------------------------------------------------------------------------------------------------------------------------------------
| Tool Version : Vivado v.2024.1 (win64) Build 5076996 Wed May 22 18:37:14 MDT 2024
| Date         : Sun Jul 19 19:06:22 2026
| Host         : DESKTOP-63734QH running 64-bit major release  (build 9200)
| Command      : report_timing_summary -delay_type max -max_paths 20 -file F:/repos/pynq_butterfly/reports/poly_mul4096_two_tower_parallel_dma/poly_mul4096_two_tower_parallel_dma_timing.rpt
| Design       : design_1_wrapper
| Device       : 7z020-clg400
| Speed File   : -1  PRODUCTION 1.12 2019-11-22
| Design State : Routed
----------------------------------------------------------------------------------------------------------------------------------------------------------------------------------------------

Timing Summary Report

------------------------------------------------------------------------------------------------
| Timer Settings
| --------------
------------------------------------------------------------------------------------------------

  Enable Multi Corner Analysis               :  Yes
  Enable Pessimism Removal                   :  Yes
  Pessimism Removal Resolution               :  Nearest Common Node
  Enable Input Delay Default Clock           :  No
  Enable Preset / Clear Arcs                 :  No
  Disable Flight Delays                      :  No
  Ignore I/O Paths                           :  No
  Timing Early Launch at Borrowing Latches   :  No
  Borrow Time for Max Delay Exceptions       :  Yes
  Merge Timing Exceptions                    :  Yes
  Inter-SLR Compensation                     :  Conservative

  Corner  Analyze    Analyze    
  Name    Max Paths  Min Paths  
  ------  ---------  ---------  
  Slow    Yes        Yes        
  Fast    Yes        Yes        


------------------------------------------------------------------------------------------------
| Report Methodology
| ------------------
------------------------------------------------------------------------------------------------

No report available as report_methodology has not been run prior. Run report_methodology on the current design for the summary of methodology violations.



check_timing report

Table of Contents
-----------------
1. checking no_clock (0)
2. checking constant_clock (0)
3. checking pulse_width_clock (0)
4. checking unconstrained_internal_endpoints (0)
5. checking no_input_delay (0)
6. checking no_output_delay (0)
7. checking multiple_clock (0)
8. checking generated_clocks (0)
9. checking loops (0)
10. checking partial_input_delay (0)
11. checking partial_output_delay (0)
12. checking latch_loops (0)

1. checking no_clock (0)
------------------------
 There are 0 register/latch pins with no clock.


2. checking constant_clock (0)
------------------------------
 There are 0 register/latch pins with constant_clock.


3. checking pulse_width_clock (0)
---------------------------------
 There are 0 register/latch pins which need pulse_width check


4. checking unconstrained_internal_endpoints (0)
------------------------------------------------
 There are 0 pins that are not constrained for maximum delay.

 There are 0 pins that are not constrained for maximum delay due to constant clock.


5. checking no_input_delay (0)
------------------------------
 There are 0 input ports with no input delay specified.

 There are 0 input ports with no input delay but user has a false path constraint.


6. checking no_output_delay (0)
-------------------------------
 There are 0 ports with no output delay specified.

 There are 0 ports with no output delay but user has a false path constraint

 There are 0 ports with no output delay but with a timing clock defined on it or propagating through it


7. checking multiple_clock (0)
------------------------------
 There are 0 register/latch pins with multiple clocks.


8. checking generated_clocks (0)
--------------------------------
 There are 0 generated clocks that are not connected to a clock source.


9. checking loops (0)
---------------------
 There are 0 combinational loops in the design.


10. checking partial_input_delay (0)
------------------------------------
 There are 0 input ports with partial input delay specified.


11. checking partial_output_delay (0)
-------------------------------------
 There are 0 ports with partial output delay specified.


12. checking latch_loops (0)
----------------------------
 There are 0 combinational latch loops in the design through latch input



------------------------------------------------------------------------------------------------
| Design Timing Summary
| ---------------------
------------------------------------------------------------------------------------------------

    WNS(ns)      TNS(ns)  TNS Failing Endpoints  TNS Total Endpoints     WPWS(ns)     TPWS(ns)  TPWS Failing Endpoints  TPWS Total Endpoints  
    -------      -------  ---------------------  -------------------     --------     --------  ----------------------  --------------------  
      0.181        0.000                      0                34381        3.750        0.000                       0                 11095  


All user specified timing constraints are met.


------------------------------------------------------------------------------------------------
| Clock Summary
| -------------
------------------------------------------------------------------------------------------------

Clock       Waveform(ns)       Period(ns)      Frequency(MHz)
-----       ------------       ----------      --------------
clk_fpga_0  {0.000 5.000}      10.000          100.000         


------------------------------------------------------------------------------------------------
| Intra Clock Table
| -----------------
------------------------------------------------------------------------------------------------

Clock             WNS(ns)      TNS(ns)  TNS Failing Endpoints  TNS Total Endpoints     WPWS(ns)     TPWS(ns)  TPWS Failing Endpoints  TPWS Total Endpoints  
-----             -------      -------  ---------------------  -------------------     --------     --------  ----------------------  --------------------  
clk_fpga_0          0.181        0.000                      0                34381        3.750        0.000                       0                 11095  


------------------------------------------------------------------------------------------------
| Inter Clock Table
| -----------------
------------------------------------------------------------------------------------------------

From Clock    To Clock          WNS(ns)      TNS(ns)  TNS Failing Endpoints  TNS Total Endpoints  
----------    --------          -------      -------  ---------------------  -------------------  


------------------------------------------------------------------------------------------------
| Other Path Groups Table
| -----------------------
------------------------------------------------------------------------------------------------

Path Group    From Clock    To Clock          WNS(ns)      TNS(ns)  TNS Failing Endpoints  TNS Total Endpoints  
----------    ----------    --------          -------      -------  ---------------------  -------------------  


------------------------------------------------------------------------------------------------
| Timing Details
| --------------
------------------------------------------------------------------------------------------------


---------------------------------------------------------------------------------------------------
From Clock:  clk_fpga_0
  To Clock:  clk_fpga_0

Setup :            0  Failing Endpoints,  Worst Slack        0.181ns,  Total Violation        0.000ns
Hold  :           NA  Failing Endpoints,  Worst Slack           NA  ,  Total Violation           NA
PW    :            0  Failing Endpoints,  Worst Slack        3.750ns,  Total Violation        0.000ns
---------------------------------------------------------------------------------------------------


Max Delay Paths
--------------------------------------------------------------------------------------
Slack (MET) :             0.181ns  (required time - arrival time)
  Source:                 design_1_i/poly_mul4096_two_tower_parallel_axis_0/inst/lane1/core/inverse_butterfly/multiplier/y_reg[1]/C
                            (rising edge-triggered cell FDRE clocked by clk_fpga_0  {rise@0.000ns fall@5.000ns period=10.000ns})
  Destination:            design_1_i/poly_mul4096_two_tower_parallel_axis_0/inst/lane1/core/inverse_butterfly/multiplier/acc_reg[15]/D
                            (rising edge-triggered cell FDRE clocked by clk_fpga_0  {rise@0.000ns fall@5.000ns period=10.000ns})
  Path Group:             clk_fpga_0
  Path Type:              Setup (Max at Slow Process Corner)
  Requirement:            10.000ns  (clk_fpga_0 rise@10.000ns - clk_fpga_0 rise@0.000ns)
  Data Path Delay:        9.562ns  (logic 4.625ns (48.370%)  route 4.937ns (51.630%))
  Logic Levels:           16  (CARRY4=11 LUT2=1 LUT3=2 LUT5=1 LUT6=1)
  Clock Path Skew:        -0.058ns (DCD - SCD + CPR)
    Destination Clock Delay (DCD):    2.750ns = ( 12.750 - 10.000 ) 
    Source Clock Delay      (SCD):    3.037ns
    Clock Pessimism Removal (CPR):    0.230ns
  Clock Uncertainty:      0.154ns  ((TSJ^2 + TIJ^2)^1/2 + DJ) / 2 + PE
    Total System Jitter     (TSJ):    0.071ns
    Total Input Jitter      (TIJ):    0.300ns
    Discrete Jitter          (DJ):    0.000ns
    Phase Error              (PE):    0.000ns

    Location             Delay type                Incr(ns)  Path(ns)    Netlist Resource(s)
  -------------------------------------------------------------------    -------------------
                         (clock clk_fpga_0 rise edge)
                                                      0.000     0.000 r  
    PS7_X0Y0             PS7                          0.000     0.000 r  design_1_i/processing_system7_0/inst/PS7_i/FCLKCLK[0]
                         net (fo=1, routed)           1.193     1.193    design_1_i/processing_system7_0/inst/FCLK_CLK_unbuffered[0]
    BUFGCTRL_X0Y16       BUFG (Prop_bufg_I_O)         0.101     1.294 r  design_1_i/processing_system7_0/inst/buffer_fclk_clk_0.FCLK_CLK_0_BUFG/O
                         net (fo=11096, routed)       1.743     3.037    design_1_i/poly_mul4096_two_tower_parallel_axis_0/inst/lane1/core/inverse_butterfly/multiplier/clk
    SLICE_X13Y28         FDRE                                         r  design_1_i/poly_mul4096_two_tower_parallel_axis_0/inst/lane1/core/inverse_butterfly/multiplier/y_reg[1]/C
  -------------------------------------------------------------------    -------------------
    SLICE_X13Y28         FDRE (Prop_fdre_C_Q)         0.419     3.456 f  design_1_i/poly_mul4096_two_tower_parallel_axis_0/inst/lane1/core/inverse_butterfly/multiplier/y_reg[1]/Q
                         net (fo=66, routed)          0.818     4.274    design_1_i/poly_mul4096_two_tower_parallel_axis_0/inst/lane1/core/inverse_butterfly/multiplier/y_reg_n_0_[1]
    SLICE_X14Y27         LUT3 (Prop_lut3_I0_O)        0.297     4.571 r  design_1_i/poly_mul4096_two_tower_parallel_axis_0/inst/lane1/core/inverse_butterfly/multiplier/acc_minus_q1_carry_i_10__4/O
                         net (fo=1, routed)           0.000     4.571    design_1_i/poly_mul4096_two_tower_parallel_axis_0/inst/lane1/core/inverse_butterfly/multiplier/acc_minus_q1_carry_i_10__4_n_0
    SLICE_X14Y27         CARRY4 (Prop_carry4_S[0]_CO[3])
                                                      0.513     5.084 r  design_1_i/poly_mul4096_two_tower_parallel_axis_0/inst/lane1/core/inverse_butterfly/multiplier/acc_minus_q1_carry_i_6__4/CO[3]
                         net (fo=1, routed)           0.000     5.084    design_1_i/poly_mul4096_two_tower_parallel_axis_0/inst/lane1/core/inverse_butterfly/multiplier/acc_minus_q1_carry_i_6__4_n_0
    SLICE_X14Y28         CARRY4 (Prop_carry4_CI_CO[3])
                                                      0.117     5.201 r  design_1_i/poly_mul4096_two_tower_parallel_axis_0/inst/lane1/core/inverse_butterfly/multiplier/acc_minus_q1_carry__0_i_6__4/CO[3]
                         net (fo=1, routed)           0.000     5.201    design_1_i/poly_mul4096_two_tower_parallel_axis_0/inst/lane1/core/inverse_butterfly/multiplier/acc_minus_q1_carry__0_i_6__4_n_0
    SLICE_X14Y29         CARRY4 (Prop_carry4_CI_CO[3])
                                                      0.117     5.318 r  design_1_i/poly_mul4096_two_tower_parallel_axis_0/inst/lane1/core/inverse_butterfly/multiplier/acc_minus_q1_carry__1_i_6__4/CO[3]
                         net (fo=1, routed)           0.000     5.318    design_1_i/poly_mul4096_two_tower_parallel_axis_0/inst/lane1/core/inverse_butterfly/multiplier/acc_minus_q1_carry__1_i_6__4_n_0
    SLICE_X14Y30         CARRY4 (Prop_carry4_CI_O[3])
                                                      0.315     5.633 r  design_1_i/poly_mul4096_two_tower_parallel_axis_0/inst/lane1/core/inverse_butterfly/multiplier/acc_minus_q1_carry__2_i_6__4/O[3]
                         net (fo=1, routed)           0.639     6.272    design_1_i/poly_mul4096_two_tower_parallel_axis_0/inst/lane1/core/inverse_butterfly/multiplier/selected_raw1[15]
    SLICE_X15Y30         LUT5 (Prop_lut5_I4_O)        0.307     6.579 r  design_1_i/poly_mul4096_two_tower_parallel_axis_0/inst/lane1/core/inverse_butterfly/multiplier/acc_minus_q1_carry__2_i_2__4/O
                         net (fo=1, routed)           0.000     6.579    design_1_i/poly_mul4096_two_tower_parallel_axis_0/inst/lane1/core/inverse_butterfly/multiplier/acc_minus_q1_carry__2_i_2__4_n_0
    SLICE_X15Y30         CARRY4 (Prop_carry4_S[3]_CO[3])
                                                      0.401     6.980 r  design_1_i/poly_mul4096_two_tower_parallel_axis_0/inst/lane1/core/inverse_butterfly/multiplier/acc_minus_q1_carry__2_i_1__4/CO[3]
                         net (fo=1, routed)           0.000     6.980    design_1_i/poly_mul4096_two_tower_parallel_axis_0/inst/lane1/core/inverse_butterfly/multiplier/acc_minus_q1_carry__2_i_1__4_n_0
    SLICE_X15Y31         CARRY4 (Prop_carry4_CI_CO[3])
                                                      0.114     7.094 r  design_1_i/poly_mul4096_two_tower_parallel_axis_0/inst/lane1/core/inverse_butterfly/multiplier/acc_minus_q1_carry__3_i_1__4/CO[3]
                         net (fo=1, routed)           0.000     7.094    design_1_i/poly_mul4096_two_tower_parallel_axis_0/inst/lane1/core/inverse_butterfly/multiplier/acc_minus_q1_carry__3_i_1__4_n_0
    SLICE_X15Y32         CARRY4 (Prop_carry4_CI_CO[3])
                                                      0.114     7.208 r  design_1_i/poly_mul4096_two_tower_parallel_axis_0/inst/lane1/core/inverse_butterfly/multiplier/acc_minus_q1_carry__4_i_1__4/CO[3]
                         net (fo=1, routed)           0.000     7.208    design_1_i/poly_mul4096_two_tower_parallel_axis_0/inst/lane1/core/inverse_butterfly/multiplier/acc_minus_q1_carry__4_i_1__4_n_0
    SLICE_X15Y33         CARRY4 (Prop_carry4_CI_O[1])
                                                      0.334     7.542 r  design_1_i/poly_mul4096_two_tower_parallel_axis_0/inst/lane1/core/inverse_butterfly/multiplier/acc_minus_q1_carry__5_i_1__4/O[1]
                         net (fo=8, routed)           0.933     8.474    design_1_i/poly_mul4096_two_tower_parallel_axis_0/inst/lane1/core_n_979
    SLICE_X11Y31         LUT2 (Prop_lut2_I0_O)        0.303     8.777 r  design_1_i/poly_mul4096_two_tower_parallel_axis_0/inst/lane1/i___1086/O
                         net (fo=1, routed)           0.000     8.777    design_1_i/poly_mul4096_two_tower_parallel_axis_0/inst/lane1/core/inverse_butterfly/multiplier/result_reg[27]_0[1]
    SLICE_X11Y31         CARRY4 (Prop_carry4_S[1]_CO[3])
                                                      0.550     9.327 r  design_1_i/poly_mul4096_two_tower_parallel_axis_0/inst/lane1/core/inverse_butterfly/multiplier/acc_reg[27]_i_2__10/CO[3]
                         net (fo=1, routed)           0.000     9.327    design_1_i/poly_mul4096_two_tower_parallel_axis_0/inst/lane1/core/inverse_butterfly/multiplier/acc_reg[27]_i_2__10_n_0
    SLICE_X11Y32         CARRY4 (Prop_carry4_CI_CO[3])
                                                      0.114     9.441 r  design_1_i/poly_mul4096_two_tower_parallel_axis_0/inst/lane1/core/inverse_butterfly/multiplier/acc_reg[31]_i_4__4/CO[3]
                         net (fo=1, routed)           0.000     9.441    design_1_i/poly_mul4096_two_tower_parallel_axis_0/inst/lane1/core/inverse_butterfly/multiplier/acc_reg[31]_i_4__4_n_0
    SLICE_X11Y33         CARRY4 (Prop_carry4_CI_CO[1])
                                                      0.157     9.598 f  design_1_i/poly_mul4096_two_tower_parallel_axis_0/inst/lane1/core/inverse_butterfly/multiplier/acc_reg[31]_i_3__10/CO[1]
                         net (fo=63, routed)          1.201    10.799    design_1_i/poly_mul4096_two_tower_parallel_axis_0/inst/lane1/core/inverse_butterfly/multiplier/acc_reg[31]_i_3__10_n_2
    SLICE_X13Y29         LUT6 (Prop_lut6_I3_O)        0.329    11.128 r  design_1_i/poly_mul4096_two_tower_parallel_axis_0/inst/lane1/core/inverse_butterfly/multiplier/acc[15]_i_3__10/O
                         net (fo=1, routed)           0.813    11.942    design_1_i/poly_mul4096_two_tower_parallel_axis_0/inst/lane1/core/inverse_butterfly/multiplier/acc[15]_i_3__10_n_0
    SLICE_X10Y30         LUT3 (Prop_lut3_I2_O)        0.124    12.066 r  design_1_i/poly_mul4096_two_tower_parallel_axis_0/inst/lane1/core/inverse_butterfly/multiplier/acc[15]_i_1__10/O
                         net (fo=2, routed)           0.533    12.599    design_1_i/poly_mul4096_two_tower_parallel_axis_0/inst/lane1/core/inverse_butterfly/multiplier/next_acc[15]
    SLICE_X10Y30         FDRE                                         r  design_1_i/poly_mul4096_two_tower_parallel_axis_0/inst/lane1/core/inverse_butterfly/multiplier/acc_reg[15]/D
  -------------------------------------------------------------------    -------------------

                         (clock clk_fpga_0 rise edge)
                                                     10.000    10.000 r  
    PS7_X0Y0             PS7                          0.000    10.000 r  design_1_i/processing_system7_0/inst/PS7_i/FCLKCLK[0]
                         net (fo=1, routed)           1.088    11.088    design_1_i/processing_system7_0/inst/FCLK_CLK_unbuffered[0]
    BUFGCTRL_X0Y16       BUFG (Prop_bufg_I_O)         0.091    11.179 r  design_1_i/processing_system7_0/inst/buffer_fclk_clk_0.FCLK_CLK_0_BUFG/O
                         net (fo=11096, routed)       1.570    12.750    design_1_i/poly_mul4096_two_tower_parallel_axis_0/inst/lane1/core/inverse_butterfly/multiplier/clk
    SLICE_X10Y30         FDRE                                         r  design_1_i/poly_mul4096_two_tower_parallel_axis_0/inst/lane1/core/inverse_butterfly/multiplier/acc_reg[15]/C
                         clock pessimism              0.230    12.979    
                         clock uncertainty           -0.154    12.825    
    SLICE_X10Y30         FDRE (Setup_fdre_C_D)       -0.045    12.780    design_1_i/poly_mul4096_two_tower_parallel_axis_0/inst/lane1/core/inverse_butterfly/multiplier/acc_reg[15]
  -------------------------------------------------------------------
                         required time                         12.780    
                         arrival time                         -12.599    
  -------------------------------------------------------------------
                         slack                                  0.181    

Slack (MET) :             0.185ns  (required time - arrival time)
  Source:                 design_1_i/poly_mul4096_two_tower_parallel_axis_0/inst/lane1/core/inverse_butterfly/multiplier/y_reg[1]/C
                            (rising edge-triggered cell FDRE clocked by clk_fpga_0  {rise@0.000ns fall@5.000ns period=10.000ns})
  Destination:            design_1_i/poly_mul4096_two_tower_parallel_axis_0/inst/lane1/core/inverse_butterfly/multiplier/acc_reg[27]/D
                            (rising edge-triggered cell FDRE clocked by clk_fpga_0  {rise@0.000ns fall@5.000ns period=10.000ns})
  Path Group:             clk_fpga_0
  Path Type:              Setup (Max at Slow Process Corner)
  Requirement:            10.000ns  (clk_fpga_0 rise@10.000ns - clk_fpga_0 rise@0.000ns)
  Data Path Delay:        9.581ns  (logic 4.625ns (48.273%)  route 4.956ns (51.727%))
  Logic Levels:           16  (CARRY4=11 LUT2=1 LUT3=2 LUT5=1 LUT6=1)
  Clock Path Skew:        -0.017ns (DCD - SCD + CPR)
    Destination Clock Delay (DCD):    2.753ns = ( 12.753 - 10.000 ) 
    Source Clock Delay      (SCD):    3.037ns
    Clock Pessimism Removal (CPR):    0.267ns
  Clock Uncertainty:      0.154ns  ((TSJ^2 + TIJ^2)^1/2 + DJ) / 2 + PE
    Total System Jitter     (TSJ):    0.071ns
    Total Input Jitter      (TIJ):    0.300ns
    Discrete Jitter          (DJ):    0.000ns
    Phase Error              (PE):    0.000ns

    Location             Delay type                Incr(ns)  Path(ns)    Netlist Resource(s)
  -------------------------------------------------------------------    -------------------
                         (clock clk_fpga_0 rise edge)
                                                      0.000     0.000 r  
    PS7_X0Y0             PS7                          0.000     0.000 r  design_1_i/processing_system7_0/inst/PS7_i/FCLKCLK[0]
                         net (fo=1, routed)           1.193     1.193    design_1_i/processing_system7_0/inst/FCLK_CLK_unbuffered[0]
    BUFGCTRL_X0Y16       BUFG (Prop_bufg_I_O)         0.101     1.294 r  design_1_i/processing_system7_0/inst/buffer_fclk_clk_0.FCLK_CLK_0_BUFG/O
                         net (fo=11096, routed)       1.743     3.037    design_1_i/poly_mul4096_two_tower_parallel_axis_0/inst/lane1/core/inverse_butterfly/multiplier/clk
    SLICE_X13Y28         FDRE                                         r  design_1_i/poly_mul4096_two_tower_parallel_axis_0/inst/lane1/core/inverse_butterfly/multiplier/y_reg[1]/C
  -------------------------------------------------------------------    -------------------
    SLICE_X13Y28         FDRE (Prop_fdre_C_Q)         0.419     3.456 f  design_1_i/poly_mul4096_two_tower_parallel_axis_0/inst/lane1/core/inverse_butterfly/multiplier/y_reg[1]/Q
                         net (fo=66, routed)          0.818     4.274    design_1_i/poly_mul4096_two_tower_parallel_axis_0/inst/lane1/core/inverse_butterfly/multiplier/y_reg_n_0_[1]
    SLICE_X14Y27         LUT3 (Prop_lut3_I0_O)        0.297     4.571 r  design_1_i/poly_mul4096_two_tower_parallel_axis_0/inst/lane1/core/inverse_butterfly/multiplier/acc_minus_q1_carry_i_10__4/O
                         net (fo=1, routed)           0.000     4.571    design_1_i/poly_mul4096_two_tower_parallel_axis_0/inst/lane1/core/inverse_butterfly/multiplier/acc_minus_q1_carry_i_10__4_n_0
    SLICE_X14Y27         CARRY4 (Prop_carry4_S[0]_CO[3])
                                                      0.513     5.084 r  design_1_i/poly_mul4096_two_tower_parallel_axis_0/inst/lane1/core/inverse_butterfly/multiplier/acc_minus_q1_carry_i_6__4/CO[3]
                         net (fo=1, routed)           0.000     5.084    design_1_i/poly_mul4096_two_tower_parallel_axis_0/inst/lane1/core/inverse_butterfly/multiplier/acc_minus_q1_carry_i_6__4_n_0
    SLICE_X14Y28         CARRY4 (Prop_carry4_CI_CO[3])
                                                      0.117     5.201 r  design_1_i/poly_mul4096_two_tower_parallel_axis_0/inst/lane1/core/inverse_butterfly/multiplier/acc_minus_q1_carry__0_i_6__4/CO[3]
                         net (fo=1, routed)           0.000     5.201    design_1_i/poly_mul4096_two_tower_parallel_axis_0/inst/lane1/core/inverse_butterfly/multiplier/acc_minus_q1_carry__0_i_6__4_n_0
    SLICE_X14Y29         CARRY4 (Prop_carry4_CI_CO[3])
                                                      0.117     5.318 r  design_1_i/poly_mul4096_two_tower_parallel_axis_0/inst/lane1/core/inverse_butterfly/multiplier/acc_minus_q1_carry__1_i_6__4/CO[3]
                         net (fo=1, routed)           0.000     5.318    design_1_i/poly_mul4096_two_tower_parallel_axis_0/inst/lane1/core/inverse_butterfly/multiplier/acc_minus_q1_carry__1_i_6__4_n_0
    SLICE_X14Y30         CARRY4 (Prop_carry4_CI_O[3])
                                                      0.315     5.633 r  design_1_i/poly_mul4096_two_tower_parallel_axis_0/inst/lane1/core/inverse_butterfly/multiplier/acc_minus_q1_carry__2_i_6__4/O[3]
                         net (fo=1, routed)           0.639     6.272    design_1_i/poly_mul4096_two_tower_parallel_axis_0/inst/lane1/core/inverse_butterfly/multiplier/selected_raw1[15]
    SLICE_X15Y30         LUT5 (Prop_lut5_I4_O)        0.307     6.579 r  design_1_i/poly_mul4096_two_tower_parallel_axis_0/inst/lane1/core/inverse_butterfly/multiplier/acc_minus_q1_carry__2_i_2__4/O
                         net (fo=1, routed)           0.000     6.579    design_1_i/poly_mul4096_two_tower_parallel_axis_0/inst/lane1/core/inverse_butterfly/multiplier/acc_minus_q1_carry__2_i_2__4_n_0
    SLICE_X15Y30         CARRY4 (Prop_carry4_S[3]_CO[3])
                                                      0.401     6.980 r  design_1_i/poly_mul4096_two_tower_parallel_axis_0/inst/lane1/core/inverse_butterfly/multiplier/acc_minus_q1_carry__2_i_1__4/CO[3]
                         net (fo=1, routed)           0.000     6.980    design_1_i/poly_mul4096_two_tower_parallel_axis_0/inst/lane1/core/inverse_butterfly/multiplier/acc_minus_q1_carry__2_i_1__4_n_0
    SLICE_X15Y31         CARRY4 (Prop_carry4_CI_CO[3])
                                                      0.114     7.094 r  design_1_i/poly_mul4096_two_tower_parallel_axis_0/inst/lane1/core/inverse_butterfly/multiplier/acc_minus_q1_carry__3_i_1__4/CO[3]
                         net (fo=1, routed)           0.000     7.094    design_1_i/poly_mul4096_two_tower_parallel_axis_0/inst/lane1/core/inverse_butterfly/multiplier/acc_minus_q1_carry__3_i_1__4_n_0
    SLICE_X15Y32         CARRY4 (Prop_carry4_CI_CO[3])
                                                      0.114     7.208 r  design_1_i/poly_mul4096_two_tower_parallel_axis_0/inst/lane1/core/inverse_butterfly/multiplier/acc_minus_q1_carry__4_i_1__4/CO[3]
                         net (fo=1, routed)           0.000     7.208    design_1_i/poly_mul4096_two_tower_parallel_axis_0/inst/lane1/core/inverse_butterfly/multiplier/acc_minus_q1_carry__4_i_1__4_n_0
    SLICE_X15Y33         CARRY4 (Prop_carry4_CI_O[1])
                                                      0.334     7.542 r  design_1_i/poly_mul4096_two_tower_parallel_axis_0/inst/lane1/core/inverse_butterfly/multiplier/acc_minus_q1_carry__5_i_1__4/O[1]
                         net (fo=8, routed)           0.933     8.474    design_1_i/poly_mul4096_two_tower_parallel_axis_0/inst/lane1/core_n_979
    SLICE_X11Y31         LUT2 (Prop_lut2_I0_O)        0.303     8.777 r  design_1_i/poly_mul4096_two_tower_parallel_axis_0/inst/lane1/i___1086/O
                         net (fo=1, routed)           0.000     8.777    design_1_i/poly_mul4096_two_tower_parallel_axis_0/inst/lane1/core/inverse_butterfly/multiplier/result_reg[27]_0[1]
    SLICE_X11Y31         CARRY4 (Prop_carry4_S[1]_CO[3])
                                                      0.550     9.327 r  design_1_i/poly_mul4096_two_tower_parallel_axis_0/inst/lane1/core/inverse_butterfly/multiplier/acc_reg[27]_i_2__10/CO[3]
                         net (fo=1, routed)           0.000     9.327    design_1_i/poly_mul4096_two_tower_parallel_axis_0/inst/lane1/core/inverse_butterfly/multiplier/acc_reg[27]_i_2__10_n_0
    SLICE_X11Y32         CARRY4 (Prop_carry4_CI_CO[3])
                                                      0.114     9.441 r  design_1_i/poly_mul4096_two_tower_parallel_axis_0/inst/lane1/core/inverse_butterfly/multiplier/acc_reg[31]_i_4__4/CO[3]
                         net (fo=1, routed)           0.000     9.441    design_1_i/poly_mul4096_two_tower_parallel_axis_0/inst/lane1/core/inverse_butterfly/multiplier/acc_reg[31]_i_4__4_n_0
    SLICE_X11Y33         CARRY4 (Prop_carry4_CI_CO[1])
                                                      0.157     9.598 f  design_1_i/poly_mul4096_two_tower_parallel_axis_0/inst/lane1/core/inverse_butterfly/multiplier/acc_reg[31]_i_3__10/CO[1]
                         net (fo=63, routed)          1.207    10.805    design_1_i/poly_mul4096_two_tower_parallel_axis_0/inst/lane1/core/inverse_butterfly/multiplier/acc_reg[31]_i_3__10_n_2
    SLICE_X16Y33         LUT6 (Prop_lut6_I3_O)        0.329    11.134 r  design_1_i/poly_mul4096_two_tower_parallel_axis_0/inst/lane1/core/inverse_butterfly/multiplier/acc[27]_i_3__10/O
                         net (fo=1, routed)           0.561    11.695    design_1_i/poly_mul4096_two_tower_parallel_axis_0/inst/lane1/core/inverse_butterfly/multiplier/acc[27]_i_3__10_n_0
    SLICE_X13Y34         LUT3 (Prop_lut3_I2_O)        0.124    11.819 r  design_1_i/poly_mul4096_two_tower_parallel_axis_0/inst/lane1/core/inverse_butterfly/multiplier/acc[27]_i_1__10/O
                         net (fo=2, routed)           0.799    12.618    design_1_i/poly_mul4096_two_tower_parallel_axis_0/inst/lane1/core/inverse_butterfly/multiplier/next_acc[27]
    SLICE_X14Y34         FDRE                                         r  design_1_i/poly_mul4096_two_tower_parallel_axis_0/inst/lane1/core/inverse_butterfly/multiplier/acc_reg[27]/D
  -------------------------------------------------------------------    -------------------

                         (clock clk_fpga_0 rise edge)
                                                     10.000    10.000 r  
    PS7_X0Y0             PS7                          0.000    10.000 r  design_1_i/processing_system7_0/inst/PS7_i/FCLKCLK[0]
                         net (fo=1, routed)           1.088    11.088    design_1_i/processing_system7_0/inst/FCLK_CLK_unbuffered[0]
    BUFGCTRL_X0Y16       BUFG (Prop_bufg_I_O)         0.091    11.179 r  design_1_i/processing_system7_0/inst/buffer_fclk_clk_0.FCLK_CLK_0_BUFG/O
                         net (fo=11096, routed)       1.574    12.753    design_1_i/poly_mul4096_two_tower_parallel_axis_0/inst/lane1/core/inverse_butterfly/multiplier/clk
    SLICE_X14Y34         FDRE                                         r  design_1_i/poly_mul4096_two_tower_parallel_axis_0/inst/lane1/core/inverse_butterfly/multiplier/acc_reg[27]/C
                         clock pessimism              0.267    13.020    
                         clock uncertainty           -0.154    12.866    
    SLICE_X14Y34         FDRE (Setup_fdre_C_D)       -0.063    12.803    design_1_i/poly_mul4096_two_tower_parallel_axis_0/inst/lane1/core/inverse_butterfly/multiplier/acc_reg[27]
  -------------------------------------------------------------------
                         required time                         12.803    
                         arrival time                         -12.618    
  -------------------------------------------------------------------
                         slack                                  0.185    

Slack (MET) :             0.213ns  (required time - arrival time)
  Source:                 design_1_i/poly_mul4096_two_tower_parallel_axis_0/inst/lane1/core/inverse_butterfly/multiplier/y_reg[1]/C
                            (rising edge-triggered cell FDRE clocked by clk_fpga_0  {rise@0.000ns fall@5.000ns period=10.000ns})
  Destination:            design_1_i/poly_mul4096_two_tower_parallel_axis_0/inst/lane1/core/inverse_butterfly/multiplier/result_reg[4]/D
                            (rising edge-triggered cell FDRE clocked by clk_fpga_0  {rise@0.000ns fall@5.000ns period=10.000ns})
  Path Group:             clk_fpga_0
  Path Type:              Setup (Max at Slow Process Corner)
  Requirement:            10.000ns  (clk_fpga_0 rise@10.000ns - clk_fpga_0 rise@0.000ns)
  Data Path Delay:        9.468ns  (logic 4.625ns (48.848%)  route 4.843ns (51.152%))
  Logic Levels:           16  (CARRY4=11 LUT2=1 LUT3=2 LUT5=1 LUT6=1)
  Clock Path Skew:        -0.057ns (DCD - SCD + CPR)
    Destination Clock Delay (DCD):    2.750ns = ( 12.750 - 10.000 ) 
    Source Clock Delay      (SCD):    3.037ns
    Clock Pessimism Removal (CPR):    0.230ns
  Clock Uncertainty:      0.154ns  ((TSJ^2 + TIJ^2)^1/2 + DJ) / 2 + PE
    Total System Jitter     (TSJ):    0.071ns
    Total Input Jitter      (TIJ):    0.300ns
    Discrete Jitter          (DJ):    0.000ns
    Phase Error              (PE):    0.000ns

    Location             Delay type                Incr(ns)  Path(ns)    Netlist Resource(s)
  -------------------------------------------------------------------    -------------------
                         (clock clk_fpga_0 rise edge)
                                                      0.000     0.000 r  
    PS7_X0Y0             PS7                          0.000     0.000 r  design_1_i/processing_system7_0/inst/PS7_i/FCLKCLK[0]
                         net (fo=1, routed)           1.193     1.193    design_1_i/processing_system7_0/inst/FCLK_CLK_unbuffered[0]
    BUFGCTRL_X0Y16       BUFG (Prop_bufg_I_O)         0.101     1.294 r  design_1_i/processing_system7_0/inst/buffer_fclk_clk_0.FCLK_CLK_0_BUFG/O
                         net (fo=11096, routed)       1.743     3.037    design_1_i/poly_mul4096_two_tower_parallel_axis_0/inst/lane1/core/inverse_butterfly/multiplier/clk
    SLICE_X13Y28         FDRE                                         r  design_1_i/poly_mul4096_two_tower_parallel_axis_0/inst/lane1/core/inverse_butterfly/multiplier/y_reg[1]/C
  -------------------------------------------------------------------    -------------------
    SLICE_X13Y28         FDRE (Prop_fdre_C_Q)         0.419     3.456 f  design_1_i/poly_mul4096_two_tower_parallel_axis_0/inst/lane1/core/inverse_butterfly/multiplier/y_reg[1]/Q
                         net (fo=66, routed)          0.818     4.274    design_1_i/poly_mul4096_two_tower_parallel_axis_0/inst/lane1/core/inverse_butterfly/multiplier/y_reg_n_0_[1]
    SLICE_X14Y27         LUT3 (Prop_lut3_I0_O)        0.297     4.571 r  design_1_i/poly_mul4096_two_tower_parallel_axis_0/inst/lane1/core/inverse_butterfly/multiplier/acc_minus_q1_carry_i_10__4/O
                         net (fo=1, routed)           0.000     4.571    design_1_i/poly_mul4096_two_tower_parallel_axis_0/inst/lane1/core/inverse_butterfly/multiplier/acc_minus_q1_carry_i_10__4_n_0
    SLICE_X14Y27         CARRY4 (Prop_carry4_S[0]_CO[3])
                                                      0.513     5.084 r  design_1_i/poly_mul4096_two_tower_parallel_axis_0/inst/lane1/core/inverse_butterfly/multiplier/acc_minus_q1_carry_i_6__4/CO[3]
                         net (fo=1, routed)           0.000     5.084    design_1_i/poly_mul4096_two_tower_parallel_axis_0/inst/lane1/core/inverse_butterfly/multiplier/acc_minus_q1_carry_i_6__4_n_0
    SLICE_X14Y28         CARRY4 (Prop_carry4_CI_CO[3])
                                                      0.117     5.201 r  design_1_i/poly_mul4096_two_tower_parallel_axis_0/inst/lane1/core/inverse_butterfly/multiplier/acc_minus_q1_carry__0_i_6__4/CO[3]
                         net (fo=1, routed)           0.000     5.201    design_1_i/poly_mul4096_two_tower_parallel_axis_0/inst/lane1/core/inverse_butterfly/multiplier/acc_minus_q1_carry__0_i_6__4_n_0
    SLICE_X14Y29         CARRY4 (Prop_carry4_CI_CO[3])
                                                      0.117     5.318 r  design_1_i/poly_mul4096_two_tower_parallel_axis_0/inst/lane1/core/inverse_butterfly/multiplier/acc_minus_q1_carry__1_i_6__4/CO[3]
                         net (fo=1, routed)           0.000     5.318    design_1_i/poly_mul4096_two_tower_parallel_axis_0/inst/lane1/core/inverse_butterfly/multiplier/acc_minus_q1_carry__1_i_6__4_n_0
    SLICE_X14Y30         CARRY4 (Prop_carry4_CI_O[3])
                                                      0.315     5.633 r  design_1_i/poly_mul4096_two_tower_parallel_axis_0/inst/lane1/core/inverse_butterfly/multiplier/acc_minus_q1_carry__2_i_6__4/O[3]
                         net (fo=1, routed)           0.639     6.272    design_1_i/poly_mul4096_two_tower_parallel_axis_0/inst/lane1/core/inverse_butterfly/multiplier/selected_raw1[15]
    SLICE_X15Y30         LUT5 (Prop_lut5_I4_O)        0.307     6.579 r  design_1_i/poly_mul4096_two_tower_parallel_axis_0/inst/lane1/core/inverse_butterfly/multiplier/acc_minus_q1_carry__2_i_2__4/O
                         net (fo=1, routed)           0.000     6.579    design_1_i/poly_mul4096_two_tower_parallel_axis_0/inst/lane1/core/inverse_butterfly/multiplier/acc_minus_q1_carry__2_i_2__4_n_0
    SLICE_X15Y30         CARRY4 (Prop_carry4_S[3]_CO[3])
                                                      0.401     6.980 r  design_1_i/poly_mul4096_two_tower_parallel_axis_0/inst/lane1/core/inverse_butterfly/multiplier/acc_minus_q1_carry__2_i_1__4/CO[3]
                         net (fo=1, routed)           0.000     6.980    design_1_i/poly_mul4096_two_tower_parallel_axis_0/inst/lane1/core/inverse_butterfly/multiplier/acc_minus_q1_carry__2_i_1__4_n_0
    SLICE_X15Y31         CARRY4 (Prop_carry4_CI_CO[3])
                                                      0.114     7.094 r  design_1_i/poly_mul4096_two_tower_parallel_axis_0/inst/lane1/core/inverse_butterfly/multiplier/acc_minus_q1_carry__3_i_1__4/CO[3]
                         net (fo=1, routed)           0.000     7.094    design_1_i/poly_mul4096_two_tower_parallel_axis_0/inst/lane1/core/inverse_butterfly/multiplier/acc_minus_q1_carry__3_i_1__4_n_0
    SLICE_X15Y32         CARRY4 (Prop_carry4_CI_CO[3])
                                                      0.114     7.208 r  design_1_i/poly_mul4096_two_tower_parallel_axis_0/inst/lane1/core/inverse_butterfly/multiplier/acc_minus_q1_carry__4_i_1__4/CO[3]
                         net (fo=1, routed)           0.000     7.208    design_1_i/poly_mul4096_two_tower_parallel_axis_0/inst/lane1/core/inverse_butterfly/multiplier/acc_minus_q1_carry__4_i_1__4_n_0
    SLICE_X15Y33         CARRY4 (Prop_carry4_CI_O[1])
                                                      0.334     7.542 r  design_1_i/poly_mul4096_two_tower_parallel_axis_0/inst/lane1/core/inverse_butterfly/multiplier/acc_minus_q1_carry__5_i_1__4/O[1]
                         net (fo=8, routed)           0.933     8.474    design_1_i/poly_mul4096_two_tower_parallel_axis_0/inst/lane1/core_n_979
    SLICE_X11Y31         LUT2 (Prop_lut2_I0_O)        0.303     8.777 r  design_1_i/poly_mul4096_two_tower_parallel_axis_0/inst/lane1/i___1086/O
                         net (fo=1, routed)           0.000     8.777    design_1_i/poly_mul4096_two_tower_parallel_axis_0/inst/lane1/core/inverse_butterfly/multiplier/result_reg[27]_0[1]
    SLICE_X11Y31         CARRY4 (Prop_carry4_S[1]_CO[3])
                                                      0.550     9.327 r  design_1_i/poly_mul4096_two_tower_parallel_axis_0/inst/lane1/core/inverse_butterfly/multiplier/acc_reg[27]_i_2__10/CO[3]
                         net (fo=1, routed)           0.000     9.327    design_1_i/poly_mul4096_two_tower_parallel_axis_0/inst/lane1/core/inverse_butterfly/multiplier/acc_reg[27]_i_2__10_n_0
    SLICE_X11Y32         CARRY4 (Prop_carry4_CI_CO[3])
                                                      0.114     9.441 r  design_1_i/poly_mul4096_two_tower_parallel_axis_0/inst/lane1/core/inverse_butterfly/multiplier/acc_reg[31]_i_4__4/CO[3]
                         net (fo=1, routed)           0.000     9.441    design_1_i/poly_mul4096_two_tower_parallel_axis_0/inst/lane1/core/inverse_butterfly/multiplier/acc_reg[31]_i_4__4_n_0
    SLICE_X11Y33         CARRY4 (Prop_carry4_CI_CO[1])
                                                      0.157     9.598 f  design_1_i/poly_mul4096_two_tower_parallel_axis_0/inst/lane1/core/inverse_butterfly/multiplier/acc_reg[31]_i_3__10/CO[1]
                         net (fo=63, routed)          1.160    10.758    design_1_i/poly_mul4096_two_tower_parallel_axis_0/inst/lane1/core/inverse_butterfly/multiplier/acc_reg[31]_i_3__10_n_2
    SLICE_X13Y29         LUT6 (Prop_lut6_I3_O)        0.329    11.087 r  design_1_i/poly_mul4096_two_tower_parallel_axis_0/inst/lane1/core/inverse_butterfly/multiplier/acc[4]_i_2__10/O
                         net (fo=1, routed)           0.546    11.633    design_1_i/poly_mul4096_two_tower_parallel_axis_0/inst/lane1/core/inverse_butterfly/multiplier/acc[4]_i_2__10_n_0
    SLICE_X13Y32         LUT3 (Prop_lut3_I2_O)        0.124    11.757 r  design_1_i/poly_mul4096_two_tower_parallel_axis_0/inst/lane1/core/inverse_butterfly/multiplier/acc[4]_i_1__10/O
                         net (fo=2, routed)           0.748    12.505    design_1_i/poly_mul4096_two_tower_parallel_axis_0/inst/lane1/core/inverse_butterfly/multiplier/next_acc[4]
    SLICE_X11Y31         FDRE                                         r  design_1_i/poly_mul4096_two_tower_parallel_axis_0/inst/lane1/core/inverse_butterfly/multiplier/result_reg[4]/D
  -------------------------------------------------------------------    -------------------

                         (clock clk_fpga_0 rise edge)
                                                     10.000    10.000 r  
    PS7_X0Y0             PS7                          0.000    10.000 r  design_1_i/processing_system7_0/inst/PS7_i/FCLKCLK[0]
                         net (fo=1, routed)           1.088    11.088    design_1_i/processing_system7_0/inst/FCLK_CLK_unbuffered[0]
    BUFGCTRL_X0Y16       BUFG (Prop_bufg_I_O)         0.091    11.179 r  design_1_i/processing_system7_0/inst/buffer_fclk_clk_0.FCLK_CLK_0_BUFG/O
                         net (fo=11096, routed)       1.571    12.750    design_1_i/poly_mul4096_two_tower_parallel_axis_0/inst/lane1/core/inverse_butterfly/multiplier/clk
    SLICE_X11Y31         FDRE                                         r  design_1_i/poly_mul4096_two_tower_parallel_axis_0/inst/lane1/core/inverse_butterfly/multiplier/result_reg[4]/C
                         clock pessimism              0.230    12.980    
                         clock uncertainty           -0.154    12.826    
    SLICE_X11Y31         FDRE (Setup_fdre_C_D)       -0.108    12.718    design_1_i/poly_mul4096_two_tower_parallel_axis_0/inst/lane1/core/inverse_butterfly/multiplier/result_reg[4]
  -------------------------------------------------------------------
                         required time                         12.718    
                         arrival time                         -12.505    
  -------------------------------------------------------------------
                         slack                                  0.213    

Slack (MET) :             0.228ns  (required time - arrival time)
  Source:                 design_1_i/poly_mul4096_two_tower_parallel_axis_0/inst/lane1/core/inverse_butterfly/multiplier/y_reg[1]/C
                            (rising edge-triggered cell FDRE clocked by clk_fpga_0  {rise@0.000ns fall@5.000ns period=10.000ns})
  Destination:            design_1_i/poly_mul4096_two_tower_parallel_axis_0/inst/lane1/core/inverse_butterfly/multiplier/result_reg[15]/D
                            (rising edge-triggered cell FDRE clocked by clk_fpga_0  {rise@0.000ns fall@5.000ns period=10.000ns})
  Path Group:             clk_fpga_0
  Path Type:              Setup (Max at Slow Process Corner)
  Requirement:            10.000ns  (clk_fpga_0 rise@10.000ns - clk_fpga_0 rise@0.000ns)
  Data Path Delay:        9.516ns  (logic 4.625ns (48.605%)  route 4.891ns (51.395%))
  Logic Levels:           16  (CARRY4=11 LUT2=1 LUT3=2 LUT5=1 LUT6=1)
  Clock Path Skew:        -0.057ns (DCD - SCD + CPR)
    Destination Clock Delay (DCD):    2.750ns = ( 12.750 - 10.000 ) 
    Source Clock Delay      (SCD):    3.037ns
    Clock Pessimism Removal (CPR):    0.230ns
  Clock Uncertainty:      0.154ns  ((TSJ^2 + TIJ^2)^1/2 + DJ) / 2 + PE
    Total System Jitter     (TSJ):    0.071ns
    Total Input Jitter      (TIJ):    0.300ns
    Discrete Jitter          (DJ):    0.000ns
    Phase Error              (PE):    0.000ns

    Location             Delay type                Incr(ns)  Path(ns)    Netlist Resource(s)
  -------------------------------------------------------------------    -------------------
                         (clock clk_fpga_0 rise edge)
                                                      0.000     0.000 r  
    PS7_X0Y0             PS7                          0.000     0.000 r  design_1_i/processing_system7_0/inst/PS7_i/FCLKCLK[0]
                         net (fo=1, routed)           1.193     1.193    design_1_i/processing_system7_0/inst/FCLK_CLK_unbuffered[0]
    BUFGCTRL_X0Y16       BUFG (Prop_bufg_I_O)         0.101     1.294 r  design_1_i/processing_system7_0/inst/buffer_fclk_clk_0.FCLK_CLK_0_BUFG/O
                         net (fo=11096, routed)       1.743     3.037    design_1_i/poly_mul4096_two_tower_parallel_axis_0/inst/lane1/core/inverse_butterfly/multiplier/clk
    SLICE_X13Y28         FDRE                                         r  design_1_i/poly_mul4096_two_tower_parallel_axis_0/inst/lane1/core/inverse_butterfly/multiplier/y_reg[1]/C
  -------------------------------------------------------------------    -------------------
    SLICE_X13Y28         FDRE (Prop_fdre_C_Q)         0.419     3.456 f  design_1_i/poly_mul4096_two_tower_parallel_axis_0/inst/lane1/core/inverse_butterfly/multiplier/y_reg[1]/Q
                         net (fo=66, routed)          0.818     4.274    design_1_i/poly_mul4096_two_tower_parallel_axis_0/inst/lane1/core/inverse_butterfly/multiplier/y_reg_n_0_[1]
    SLICE_X14Y27         LUT3 (Prop_lut3_I0_O)        0.297     4.571 r  design_1_i/poly_mul4096_two_tower_parallel_axis_0/inst/lane1/core/inverse_butterfly/multiplier/acc_minus_q1_carry_i_10__4/O
                         net (fo=1, routed)           0.000     4.571    design_1_i/poly_mul4096_two_tower_parallel_axis_0/inst/lane1/core/inverse_butterfly/multiplier/acc_minus_q1_carry_i_10__4_n_0
    SLICE_X14Y27         CARRY4 (Prop_carry4_S[0]_CO[3])
                                                      0.513     5.084 r  design_1_i/poly_mul4096_two_tower_parallel_axis_0/inst/lane1/core/inverse_butterfly/multiplier/acc_minus_q1_carry_i_6__4/CO[3]
                         net (fo=1, routed)           0.000     5.084    design_1_i/poly_mul4096_two_tower_parallel_axis_0/inst/lane1/core/inverse_butterfly/multiplier/acc_minus_q1_carry_i_6__4_n_0
    SLICE_X14Y28         CARRY4 (Prop_carry4_CI_CO[3])
                                                      0.117     5.201 r  design_1_i/poly_mul4096_two_tower_parallel_axis_0/inst/lane1/core/inverse_butterfly/multiplier/acc_minus_q1_carry__0_i_6__4/CO[3]
                         net (fo=1, routed)           0.000     5.201    design_1_i/poly_mul4096_two_tower_parallel_axis_0/inst/lane1/core/inverse_butterfly/multiplier/acc_minus_q1_carry__0_i_6__4_n_0
    SLICE_X14Y29         CARRY4 (Prop_carry4_CI_CO[3])
                                                      0.117     5.318 r  design_1_i/poly_mul4096_two_tower_parallel_axis_0/inst/lane1/core/inverse_butterfly/multiplier/acc_minus_q1_carry__1_i_6__4/CO[3]
                         net (fo=1, routed)           0.000     5.318    design_1_i/poly_mul4096_two_tower_parallel_axis_0/inst/lane1/core/inverse_butterfly/multiplier/acc_minus_q1_carry__1_i_6__4_n_0
    SLICE_X14Y30         CARRY4 (Prop_carry4_CI_O[3])
                                                      0.315     5.633 r  design_1_i/poly_mul4096_two_tower_parallel_axis_0/inst/lane1/core/inverse_butterfly/multiplier/acc_minus_q1_carry__2_i_6__4/O[3]
                         net (fo=1, routed)           0.639     6.272    design_1_i/poly_mul4096_two_tower_parallel_axis_0/inst/lane1/core/inverse_butterfly/multiplier/selected_raw1[15]
    SLICE_X15Y30         LUT5 (Prop_lut5_I4_O)        0.307     6.579 r  design_1_i/poly_mul4096_two_tower_parallel_axis_0/inst/lane1/core/inverse_butterfly/multiplier/acc_minus_q1_carry__2_i_2__4/O
                         net (fo=1, routed)           0.000     6.579    design_1_i/poly_mul4096_two_tower_parallel_axis_0/inst/lane1/core/inverse_butterfly/multiplier/acc_minus_q1_carry__2_i_2__4_n_0
    SLICE_X15Y30         CARRY4 (Prop_carry4_S[3]_CO[3])
                                                      0.401     6.980 r  design_1_i/poly_mul4096_two_tower_parallel_axis_0/inst/lane1/core/inverse_butterfly/multiplier/acc_minus_q1_carry__2_i_1__4/CO[3]
                         net (fo=1, routed)           0.000     6.980    design_1_i/poly_mul4096_two_tower_parallel_axis_0/inst/lane1/core/inverse_butterfly/multiplier/acc_minus_q1_carry__2_i_1__4_n_0
    SLICE_X15Y31         CARRY4 (Prop_carry4_CI_CO[3])
                                                      0.114     7.094 r  design_1_i/poly_mul4096_two_tower_parallel_axis_0/inst/lane1/core/inverse_butterfly/multiplier/acc_minus_q1_carry__3_i_1__4/CO[3]
                         net (fo=1, routed)           0.000     7.094    design_1_i/poly_mul4096_two_tower_parallel_axis_0/inst/lane1/core/inverse_butterfly/multiplier/acc_minus_q1_carry__3_i_1__4_n_0
    SLICE_X15Y32         CARRY4 (Prop_carry4_CI_CO[3])
                                                      0.114     7.208 r  design_1_i/poly_mul4096_two_tower_parallel_axis_0/inst/lane1/core/inverse_butterfly/multiplier/acc_minus_q1_carry__4_i_1__4/CO[3]
                         net (fo=1, routed)           0.000     7.208    design_1_i/poly_mul4096_two_tower_parallel_axis_0/inst/lane1/core/inverse_butterfly/multiplier/acc_minus_q1_carry__4_i_1__4_n_0
    SLICE_X15Y33         CARRY4 (Prop_carry4_CI_O[1])
                                                      0.334     7.542 r  design_1_i/poly_mul4096_two_tower_parallel_axis_0/inst/lane1/core/inverse_butterfly/multiplier/acc_minus_q1_carry__5_i_1__4/O[1]
                         net (fo=8, routed)           0.933     8.474    design_1_i/poly_mul4096_two_tower_parallel_axis_0/inst/lane1/core_n_979
    SLICE_X11Y31         LUT2 (Prop_lut2_I0_O)        0.303     8.777 r  design_1_i/poly_mul4096_two_tower_parallel_axis_0/inst/lane1/i___1086/O
                         net (fo=1, routed)           0.000     8.777    design_1_i/poly_mul4096_two_tower_parallel_axis_0/inst/lane1/core/inverse_butterfly/multiplier/result_reg[27]_0[1]
    SLICE_X11Y31         CARRY4 (Prop_carry4_S[1]_CO[3])
                                                      0.550     9.327 r  design_1_i/poly_mul4096_two_tower_parallel_axis_0/inst/lane1/core/inverse_butterfly/multiplier/acc_reg[27]_i_2__10/CO[3]
                         net (fo=1, routed)           0.000     9.327    design_1_i/poly_mul4096_two_tower_parallel_axis_0/inst/lane1/core/inverse_butterfly/multiplier/acc_reg[27]_i_2__10_n_0
    SLICE_X11Y32         CARRY4 (Prop_carry4_CI_CO[3])
                                                      0.114     9.441 r  design_1_i/poly_mul4096_two_tower_parallel_axis_0/inst/lane1/core/inverse_butterfly/multiplier/acc_reg[31]_i_4__4/CO[3]
                         net (fo=1, routed)           0.000     9.441    design_1_i/poly_mul4096_two_tower_parallel_axis_0/inst/lane1/core/inverse_butterfly/multiplier/acc_reg[31]_i_4__4_n_0
    SLICE_X11Y33         CARRY4 (Prop_carry4_CI_CO[1])
                                                      0.157     9.598 f  design_1_i/poly_mul4096_two_tower_parallel_axis_0/inst/lane1/core/inverse_butterfly/multiplier/acc_reg[31]_i_3__10/CO[1]
                         net (fo=63, routed)          1.201    10.799    design_1_i/poly_mul4096_two_tower_parallel_axis_0/inst/lane1/core/inverse_butterfly/multiplier/acc_reg[31]_i_3__10_n_2
    SLICE_X13Y29         LUT6 (Prop_lut6_I3_O)        0.329    11.128 r  design_1_i/poly_mul4096_two_tower_parallel_axis_0/inst/lane1/core/inverse_butterfly/multiplier/acc[15]_i_3__10/O
                         net (fo=1, routed)           0.813    11.942    design_1_i/poly_mul4096_two_tower_parallel_axis_0/inst/lane1/core/inverse_butterfly/multiplier/acc[15]_i_3__10_n_0
    SLICE_X10Y30         LUT3 (Prop_lut3_I2_O)        0.124    12.066 r  design_1_i/poly_mul4096_two_tower_parallel_axis_0/inst/lane1/core/inverse_butterfly/multiplier/acc[15]_i_1__10/O
                         net (fo=2, routed)           0.487    12.553    design_1_i/poly_mul4096_two_tower_parallel_axis_0/inst/lane1/core/inverse_butterfly/multiplier/next_acc[15]
    SLICE_X10Y31         FDRE                                         r  design_1_i/poly_mul4096_two_tower_parallel_axis_0/inst/lane1/core/inverse_butterfly/multiplier/result_reg[15]/D
  -------------------------------------------------------------------    -------------------

                         (clock clk_fpga_0 rise edge)
                                                     10.000    10.000 r  
    PS7_X0Y0             PS7                          0.000    10.000 r  design_1_i/processing_system7_0/inst/PS7_i/FCLKCLK[0]
                         net (fo=1, routed)           1.088    11.088    design_1_i/processing_system7_0/inst/FCLK_CLK_unbuffered[0]
    BUFGCTRL_X0Y16       BUFG (Prop_bufg_I_O)         0.091    11.179 r  design_1_i/processing_system7_0/inst/buffer_fclk_clk_0.FCLK_CLK_0_BUFG/O
                         net (fo=11096, routed)       1.571    12.750    design_1_i/poly_mul4096_two_tower_parallel_axis_0/inst/lane1/core/inverse_butterfly/multiplier/clk
    SLICE_X10Y31         FDRE                                         r  design_1_i/poly_mul4096_two_tower_parallel_axis_0/inst/lane1/core/inverse_butterfly/multiplier/result_reg[15]/C
                         clock pessimism              0.230    12.980    
                         clock uncertainty           -0.154    12.826    
    SLICE_X10Y31         FDRE (Setup_fdre_C_D)       -0.045    12.781    design_1_i/poly_mul4096_two_tower_parallel_axis_0/inst/lane1/core/inverse_butterfly/multiplier/result_reg[15]
  -------------------------------------------------------------------
                         required time                         12.781    
                         arrival time                         -12.553    
  -------------------------------------------------------------------
                         slack                                  0.228    

Slack (MET) :             0.278ns  (required time - arrival time)
  Source:                 design_1_i/poly_mul4096_two_tower_parallel_axis_0/inst/lane1/core/preprocessing_lane_b/y_reg[1]/C
                            (rising edge-triggered cell FDRE clocked by clk_fpga_0  {rise@0.000ns fall@5.000ns period=10.000ns})
  Destination:            design_1_i/poly_mul4096_two_tower_parallel_axis_0/inst/lane1/core/preprocessing_lane_b/acc_reg[8]/D
                            (rising edge-triggered cell FDRE clocked by clk_fpga_0  {rise@0.000ns fall@5.000ns period=10.000ns})
  Path Group:             clk_fpga_0
  Path Type:              Setup (Max at Slow Process Corner)
  Requirement:            10.000ns  (clk_fpga_0 rise@10.000ns - clk_fpga_0 rise@0.000ns)
  Data Path Delay:        9.441ns  (logic 4.684ns (49.615%)  route 4.757ns (50.385%))
  Logic Levels:           15  (CARRY4=10 LUT3=1 LUT4=2 LUT5=2)
  Clock Path Skew:        -0.064ns (DCD - SCD + CPR)
    Destination Clock Delay (DCD):    2.750ns = ( 12.750 - 10.000 ) 
    Source Clock Delay      (SCD):    3.044ns
    Clock Pessimism Removal (CPR):    0.230ns
  Clock Uncertainty:      0.154ns  ((TSJ^2 + TIJ^2)^1/2 + DJ) / 2 + PE
    Total System Jitter     (TSJ):    0.071ns
    Total Input Jitter      (TIJ):    0.300ns
    Discrete Jitter          (DJ):    0.000ns
    Phase Error              (PE):    0.000ns

    Location             Delay type                Incr(ns)  Path(ns)    Netlist Resource(s)
  -------------------------------------------------------------------    -------------------
                         (clock clk_fpga_0 rise edge)
                                                      0.000     0.000 r  
    PS7_X0Y0             PS7                          0.000     0.000 r  design_1_i/processing_system7_0/inst/PS7_i/FCLKCLK[0]
                         net (fo=1, routed)           1.193     1.193    design_1_i/processing_system7_0/inst/FCLK_CLK_unbuffered[0]
    BUFGCTRL_X0Y16       BUFG (Prop_bufg_I_O)         0.101     1.294 r  design_1_i/processing_system7_0/inst/buffer_fclk_clk_0.FCLK_CLK_0_BUFG/O
                         net (fo=11096, routed)       1.750     3.044    design_1_i/poly_mul4096_two_tower_parallel_axis_0/inst/lane1/core/preprocessing_lane_b/clk
    SLICE_X25Y2          FDRE                                         r  design_1_i/poly_mul4096_two_tower_parallel_axis_0/inst/lane1/core/preprocessing_lane_b/y_reg[1]/C
  -------------------------------------------------------------------    -------------------
    SLICE_X25Y2          FDRE (Prop_fdre_C_Q)         0.419     3.463 r  design_1_i/poly_mul4096_two_tower_parallel_axis_0/inst/lane1/core/preprocessing_lane_b/y_reg[1]/Q
                         net (fo=66, routed)          1.064     4.527    design_1_i/poly_mul4096_two_tower_parallel_axis_0/inst/lane1/core/preprocessing_lane_b/y_reg_n_0_[1]
    SLICE_X26Y4          LUT4 (Prop_lut4_I0_O)        0.299     4.826 r  design_1_i/poly_mul4096_two_tower_parallel_axis_0/inst/lane1/core/preprocessing_lane_b/i___190_i_10__0/O
                         net (fo=1, routed)           0.000     4.826    design_1_i/poly_mul4096_two_tower_parallel_axis_0/inst/lane1/core/preprocessing_lane_b/i___190_i_10__0_n_0
    SLICE_X26Y4          CARRY4 (Prop_carry4_S[0]_CO[3])
                                                      0.513     5.339 r  design_1_i/poly_mul4096_two_tower_parallel_axis_0/inst/lane1/core/preprocessing_lane_b/i___190_i_6__0/CO[3]
                         net (fo=1, routed)           0.000     5.339    design_1_i/poly_mul4096_two_tower_parallel_axis_0/inst/lane1/core/preprocessing_lane_b/i___190_i_6__0_n_0
    SLICE_X26Y5          CARRY4 (Prop_carry4_CI_CO[3])
                                                      0.117     5.456 r  design_1_i/poly_mul4096_two_tower_parallel_axis_0/inst/lane1/core/preprocessing_lane_b/i___202_i_6__0/CO[3]
                         net (fo=1, routed)           0.000     5.456    design_1_i/poly_mul4096_two_tower_parallel_axis_0/inst/lane1/core/preprocessing_lane_b/i___202_i_6__0_n_0
    SLICE_X26Y6          CARRY4 (Prop_carry4_CI_O[0])
                                                      0.219     5.675 r  design_1_i/poly_mul4096_two_tower_parallel_axis_0/inst/lane1/core/preprocessing_lane_b/i___214_i_6__0/O[0]
                         net (fo=1, routed)           0.567     6.242    design_1_i/poly_mul4096_two_tower_parallel_axis_0/inst/lane1/core/preprocessing_lane_b/selected_raw1[12]
    SLICE_X28Y6          LUT5 (Prop_lut5_I4_O)        0.295     6.537 r  design_1_i/poly_mul4096_two_tower_parallel_axis_0/inst/lane1/core/preprocessing_lane_b/i___214_i_5__0/O
                         net (fo=1, routed)           0.000     6.537    design_1_i/poly_mul4096_two_tower_parallel_axis_0/inst/lane1/core/preprocessing_lane_b/i___214_i_5__0_n_0
    SLICE_X28Y6          CARRY4 (Prop_carry4_S[0]_CO[3])
                                                      0.532     7.069 r  design_1_i/poly_mul4096_two_tower_parallel_axis_0/inst/lane1/core/preprocessing_lane_b/i___214_i_1__0/CO[3]
                         net (fo=1, routed)           0.000     7.069    design_1_i/poly_mul4096_two_tower_parallel_axis_0/inst/lane1/core/preprocessing_lane_b/i___214_i_1__0_n_0
    SLICE_X28Y7          CARRY4 (Prop_carry4_CI_CO[3])
                                                      0.114     7.183 r  design_1_i/poly_mul4096_two_tower_parallel_axis_0/inst/lane1/core/preprocessing_lane_b/i___226_i_1__0/CO[3]
                         net (fo=1, routed)           0.000     7.183    design_1_i/poly_mul4096_two_tower_parallel_axis_0/inst/lane1/core/preprocessing_lane_b/i___226_i_1__0_n_0
    SLICE_X28Y8          CARRY4 (Prop_carry4_CI_CO[3])
                                                      0.114     7.297 r  design_1_i/poly_mul4096_two_tower_parallel_axis_0/inst/lane1/core/preprocessing_lane_b/i___238_i_1__0/CO[3]
                         net (fo=1, routed)           0.000     7.297    design_1_i/poly_mul4096_two_tower_parallel_axis_0/inst/lane1/core/preprocessing_lane_b/i___238_i_1__0_n_0
    SLICE_X28Y9          CARRY4 (Prop_carry4_CI_CO[3])
                                                      0.114     7.411 r  design_1_i/poly_mul4096_two_tower_parallel_axis_0/inst/lane1/core/preprocessing_lane_b/i___250_i_1__0/CO[3]
                         net (fo=1, routed)           0.000     7.411    design_1_i/poly_mul4096_two_tower_parallel_axis_0/inst/lane1/core/preprocessing_lane_b/i___250_i_1__0_n_0
    SLICE_X28Y10         CARRY4 (Prop_carry4_CI_O[1])
                                                      0.334     7.745 r  design_1_i/poly_mul4096_two_tower_parallel_axis_0/inst/lane1/core/preprocessing_lane_b/i___262_i_1__0/O[1]
                         net (fo=8, routed)           0.763     8.508    design_1_i/poly_mul4096_two_tower_parallel_axis_0/inst/lane1/core/preprocessing_lane_b/acc_reg[31]_0[1]
    SLICE_X29Y9          LUT4 (Prop_lut4_I1_O)        0.303     8.811 r  design_1_i/poly_mul4096_two_tower_parallel_axis_0/inst/lane1/core/preprocessing_lane_b/acc[31]_i_13__3/O
                         net (fo=1, routed)           0.000     8.811    design_1_i/poly_mul4096_two_tower_parallel_axis_0/inst/lane1/core/preprocessing_lane_b/acc[31]_i_13__3_n_0
    SLICE_X29Y9          CARRY4 (Prop_carry4_S[1]_CO[3])
                                                      0.550     9.361 r  design_1_i/poly_mul4096_two_tower_parallel_axis_0/inst/lane1/core/preprocessing_lane_b/acc_reg[31]_i_6__3/CO[3]
                         net (fo=1, routed)           0.000     9.361    design_1_i/poly_mul4096_two_tower_parallel_axis_0/inst/lane1/core/preprocessing_lane_b/acc_reg[31]_i_6__3_n_0
    SLICE_X29Y10         CARRY4 (Prop_carry4_CI_O[1])
                                                      0.334     9.695 r  design_1_i/poly_mul4096_two_tower_parallel_axis_0/inst/lane1/core/preprocessing_lane_b/acc_reg[0]_i_2__3/O[1]
                         net (fo=32, routed)          0.905    10.600    design_1_i/poly_mul4096_two_tower_parallel_axis_0/inst/lane1/core/preprocessing_lane_b/acc_reg[0]_i_2__3_n_6
    SLICE_X31Y3          LUT5 (Prop_lut5_I3_O)        0.303    10.903 r  design_1_i/poly_mul4096_two_tower_parallel_axis_0/inst/lane1/core/preprocessing_lane_b/acc[8]_i_2__6/O
                         net (fo=1, routed)           0.667    11.570    design_1_i/poly_mul4096_two_tower_parallel_axis_0/inst/lane1/core/preprocessing_lane_b/acc[8]_i_2__6_n_0
    SLICE_X31Y3          LUT3 (Prop_lut3_I2_O)        0.124    11.694 r  design_1_i/poly_mul4096_two_tower_parallel_axis_0/inst/lane1/core/preprocessing_lane_b/acc[8]_i_1__6/O
                         net (fo=2, routed)           0.790    12.485    design_1_i/poly_mul4096_two_tower_parallel_axis_0/inst/lane1/core/preprocessing_lane_b/next_acc[8]
    SLICE_X30Y3          FDRE                                         r  design_1_i/poly_mul4096_two_tower_parallel_axis_0/inst/lane1/core/preprocessing_lane_b/acc_reg[8]/D
  -------------------------------------------------------------------    -------------------

                         (clock clk_fpga_0 rise edge)
                                                     10.000    10.000 r  
    PS7_X0Y0             PS7                          0.000    10.000 r  design_1_i/processing_system7_0/inst/PS7_i/FCLKCLK[0]
                         net (fo=1, routed)           1.088    11.088    design_1_i/processing_system7_0/inst/FCLK_CLK_unbuffered[0]
    BUFGCTRL_X0Y16       BUFG (Prop_bufg_I_O)         0.091    11.179 r  design_1_i/processing_system7_0/inst/buffer_fclk_clk_0.FCLK_CLK_0_BUFG/O
                         net (fo=11096, routed)       1.571    12.750    design_1_i/poly_mul4096_two_tower_parallel_axis_0/inst/lane1/core/preprocessing_lane_b/clk
    SLICE_X30Y3          FDRE                                         r  design_1_i/poly_mul4096_two_tower_parallel_axis_0/inst/lane1/core/preprocessing_lane_b/acc_reg[8]/C
                         clock pessimism              0.230    12.980    
                         clock uncertainty           -0.154    12.826    
    SLICE_X30Y3          FDRE (Setup_fdre_C_D)       -0.063    12.763    design_1_i/poly_mul4096_two_tower_parallel_axis_0/inst/lane1/core/preprocessing_lane_b/acc_reg[8]
  -------------------------------------------------------------------
                         required time                         12.763    
                         arrival time                         -12.485    
  -------------------------------------------------------------------
                         slack                                  0.278    

Slack (MET) :             0.289ns  (required time - arrival time)
  Source:                 design_1_i/poly_mul4096_two_tower_parallel_axis_0/inst/lane1/core/inverse_butterfly/multiplier/y_reg[1]/C
                            (rising edge-triggered cell FDRE clocked by clk_fpga_0  {rise@0.000ns fall@5.000ns period=10.000ns})
  Destination:            design_1_i/poly_mul4096_two_tower_parallel_axis_0/inst/lane1/core/inverse_butterfly/multiplier/acc_reg[16]/D
                            (rising edge-triggered cell FDRE clocked by clk_fpga_0  {rise@0.000ns fall@5.000ns period=10.000ns})
  Path Group:             clk_fpga_0
  Path Type:              Setup (Max at Slow Process Corner)
  Requirement:            10.000ns  (clk_fpga_0 rise@10.000ns - clk_fpga_0 rise@0.000ns)
  Data Path Delay:        9.267ns  (logic 4.775ns (51.529%)  route 4.492ns (48.471%))
  Logic Levels:           16  (CARRY4=11 LUT3=2 LUT4=1 LUT5=1 LUT6=1)
  Clock Path Skew:        -0.058ns (DCD - SCD + CPR)
    Destination Clock Delay (DCD):    2.750ns = ( 12.750 - 10.000 ) 
    Source Clock Delay      (SCD):    3.037ns
    Clock Pessimism Removal (CPR):    0.230ns
  Clock Uncertainty:      0.154ns  ((TSJ^2 + TIJ^2)^1/2 + DJ) / 2 + PE
    Total System Jitter     (TSJ):    0.071ns
    Total Input Jitter      (TIJ):    0.300ns
    Discrete Jitter          (DJ):    0.000ns
    Phase Error              (PE):    0.000ns

    Location             Delay type                Incr(ns)  Path(ns)    Netlist Resource(s)
  -------------------------------------------------------------------    -------------------
                         (clock clk_fpga_0 rise edge)
                                                      0.000     0.000 r  
    PS7_X0Y0             PS7                          0.000     0.000 r  design_1_i/processing_system7_0/inst/PS7_i/FCLKCLK[0]
                         net (fo=1, routed)           1.193     1.193    design_1_i/processing_system7_0/inst/FCLK_CLK_unbuffered[0]
    BUFGCTRL_X0Y16       BUFG (Prop_bufg_I_O)         0.101     1.294 r  design_1_i/processing_system7_0/inst/buffer_fclk_clk_0.FCLK_CLK_0_BUFG/O
                         net (fo=11096, routed)       1.743     3.037    design_1_i/poly_mul4096_two_tower_parallel_axis_0/inst/lane1/core/inverse_butterfly/multiplier/clk
    SLICE_X13Y28         FDRE                                         r  design_1_i/poly_mul4096_two_tower_parallel_axis_0/inst/lane1/core/inverse_butterfly/multiplier/y_reg[1]/C
  -------------------------------------------------------------------    -------------------
    SLICE_X13Y28         FDRE (Prop_fdre_C_Q)         0.419     3.456 f  design_1_i/poly_mul4096_two_tower_parallel_axis_0/inst/lane1/core/inverse_butterfly/multiplier/y_reg[1]/Q
                         net (fo=66, routed)          0.818     4.274    design_1_i/poly_mul4096_two_tower_parallel_axis_0/inst/lane1/core/inverse_butterfly/multiplier/y_reg_n_0_[1]
    SLICE_X14Y27         LUT3 (Prop_lut3_I0_O)        0.297     4.571 r  design_1_i/poly_mul4096_two_tower_parallel_axis_0/inst/lane1/core/inverse_butterfly/multiplier/acc_minus_q1_carry_i_10__4/O
                         net (fo=1, routed)           0.000     4.571    design_1_i/poly_mul4096_two_tower_parallel_axis_0/inst/lane1/core/inverse_butterfly/multiplier/acc_minus_q1_carry_i_10__4_n_0
    SLICE_X14Y27         CARRY4 (Prop_carry4_S[0]_CO[3])
                                                      0.513     5.084 r  design_1_i/poly_mul4096_two_tower_parallel_axis_0/inst/lane1/core/inverse_butterfly/multiplier/acc_minus_q1_carry_i_6__4/CO[3]
                         net (fo=1, routed)           0.000     5.084    design_1_i/poly_mul4096_two_tower_parallel_axis_0/inst/lane1/core/inverse_butterfly/multiplier/acc_minus_q1_carry_i_6__4_n_0
    SLICE_X14Y28         CARRY4 (Prop_carry4_CI_CO[3])
                                                      0.117     5.201 r  design_1_i/poly_mul4096_two_tower_parallel_axis_0/inst/lane1/core/inverse_butterfly/multiplier/acc_minus_q1_carry__0_i_6__4/CO[3]
                         net (fo=1, routed)           0.000     5.201    design_1_i/poly_mul4096_two_tower_parallel_axis_0/inst/lane1/core/inverse_butterfly/multiplier/acc_minus_q1_carry__0_i_6__4_n_0
    SLICE_X14Y29         CARRY4 (Prop_carry4_CI_CO[3])
                                                      0.117     5.318 r  design_1_i/poly_mul4096_two_tower_parallel_axis_0/inst/lane1/core/inverse_butterfly/multiplier/acc_minus_q1_carry__1_i_6__4/CO[3]
                         net (fo=1, routed)           0.000     5.318    design_1_i/poly_mul4096_two_tower_parallel_axis_0/inst/lane1/core/inverse_butterfly/multiplier/acc_minus_q1_carry__1_i_6__4_n_0
    SLICE_X14Y30         CARRY4 (Prop_carry4_CI_CO[3])
                                                      0.117     5.435 r  design_1_i/poly_mul4096_two_tower_parallel_axis_0/inst/lane1/core/inverse_butterfly/multiplier/acc_minus_q1_carry__2_i_6__4/CO[3]
                         net (fo=1, routed)           0.000     5.435    design_1_i/poly_mul4096_two_tower_parallel_axis_0/inst/lane1/core/inverse_butterfly/multiplier/acc_minus_q1_carry__2_i_6__4_n_0
    SLICE_X14Y31         CARRY4 (Prop_carry4_CI_CO[3])
                                                      0.117     5.552 r  design_1_i/poly_mul4096_two_tower_parallel_axis_0/inst/lane1/core/inverse_butterfly/multiplier/acc_minus_q1_carry__3_i_6__4/CO[3]
                         net (fo=1, routed)           0.000     5.552    design_1_i/poly_mul4096_two_tower_parallel_axis_0/inst/lane1/core/inverse_butterfly/multiplier/acc_minus_q1_carry__3_i_6__4_n_0
    SLICE_X14Y32         CARRY4 (Prop_carry4_CI_CO[3])
                                                      0.117     5.669 r  design_1_i/poly_mul4096_two_tower_parallel_axis_0/inst/lane1/core/inverse_butterfly/multiplier/acc_minus_q1_carry__4_i_6__4/CO[3]
                         net (fo=1, routed)           0.000     5.669    design_1_i/poly_mul4096_two_tower_parallel_axis_0/inst/lane1/core/inverse_butterfly/multiplier/acc_minus_q1_carry__4_i_6__4_n_0
    SLICE_X14Y33         CARRY4 (Prop_carry4_CI_O[0])
                                                      0.219     5.888 r  design_1_i/poly_mul4096_two_tower_parallel_axis_0/inst/lane1/core/inverse_butterfly/multiplier/acc_minus_q1_carry__5_i_6__4/O[0]
                         net (fo=1, routed)           0.647     6.534    design_1_i/poly_mul4096_two_tower_parallel_axis_0/inst/lane1/core/inverse_butterfly/multiplier/selected_raw1[24]
    SLICE_X15Y33         LUT5 (Prop_lut5_I4_O)        0.295     6.829 r  design_1_i/poly_mul4096_two_tower_parallel_axis_0/inst/lane1/core/inverse_butterfly/multiplier/acc_minus_q1_carry__5_i_5__4/O
                         net (fo=1, routed)           0.000     6.829    design_1_i/poly_mul4096_two_tower_parallel_axis_0/inst/lane1/core/inverse_butterfly/multiplier/acc_minus_q1_carry__5_i_5__4_n_0
    SLICE_X15Y33         CARRY4 (Prop_carry4_S[0]_CO[3])
                                                      0.532     7.361 r  design_1_i/poly_mul4096_two_tower_parallel_axis_0/inst/lane1/core/inverse_butterfly/multiplier/acc_minus_q1_carry__5_i_1__4/CO[3]
                         net (fo=1, routed)           0.000     7.361    design_1_i/poly_mul4096_two_tower_parallel_axis_0/inst/lane1/core/inverse_butterfly/multiplier/acc_minus_q1_carry__5_i_1__4_n_0
    SLICE_X15Y34         CARRY4 (Prop_carry4_CI_O[1])
                                                      0.334     7.695 r  design_1_i/poly_mul4096_two_tower_parallel_axis_0/inst/lane1/core/inverse_butterfly/multiplier/acc_minus_q1_carry__6_i_1__4/O[1]
                         net (fo=8, routed)           0.812     8.507    design_1_i/poly_mul4096_two_tower_parallel_axis_0/inst/lane1/core/inverse_butterfly/multiplier/acc_reg[31]_0[1]
    SLICE_X18Y33         LUT4 (Prop_lut4_I1_O)        0.303     8.810 r  design_1_i/poly_mul4096_two_tower_parallel_axis_0/inst/lane1/core/inverse_butterfly/multiplier/acc_minus_q2_carry__6_i_3__4/O
                         net (fo=1, routed)           0.000     8.810    design_1_i/poly_mul4096_two_tower_parallel_axis_0/inst/lane1/core/inverse_butterfly/multiplier/acc_minus_q2_carry__6_i_3__4_n_0
    SLICE_X18Y33         CARRY4 (Prop_carry4_S[1]_CO[3])
                                                      0.533     9.343 r  design_1_i/poly_mul4096_two_tower_parallel_axis_0/inst/lane1/core/inverse_butterfly/multiplier/acc_minus_q2_carry__6/CO[3]
                         net (fo=1, routed)           0.000     9.343    design_1_i/poly_mul4096_two_tower_parallel_axis_0/inst/lane1/core/inverse_butterfly/multiplier/acc_minus_q2_carry__6_n_0
    SLICE_X18Y34         CARRY4 (Prop_carry4_CI_O[1])
                                                      0.323     9.666 r  design_1_i/poly_mul4096_two_tower_parallel_axis_0/inst/lane1/core/inverse_butterfly/multiplier/acc_minus_q2_carry__7/O[1]
                         net (fo=32, routed)          1.159    10.826    design_1_i/poly_mul4096_two_tower_parallel_axis_0/inst/lane1/core/inverse_butterfly/multiplier/acc_minus_q2_carry__7_n_6
    SLICE_X10Y30         LUT6 (Prop_lut6_I4_O)        0.306    11.132 r  design_1_i/poly_mul4096_two_tower_parallel_axis_0/inst/lane1/core/inverse_butterfly/multiplier/acc[16]_i_2__10/O
                         net (fo=1, routed)           0.425    11.557    design_1_i/poly_mul4096_two_tower_parallel_axis_0/inst/lane1/core/inverse_butterfly/multiplier/acc[16]_i_2__10_n_0
    SLICE_X10Y30         LUT3 (Prop_lut3_I2_O)        0.116    11.673 r  design_1_i/poly_mul4096_two_tower_parallel_axis_0/inst/lane1/core/inverse_butterfly/multiplier/acc[16]_i_1__10/O
                         net (fo=2, routed)           0.631    12.304    design_1_i/poly_mul4096_two_tower_parallel_axis_0/inst/lane1/core/inverse_butterfly/multiplier/next_acc[16]
    SLICE_X10Y30         FDRE                                         r  design_1_i/poly_mul4096_two_tower_parallel_axis_0/inst/lane1/core/inverse_butterfly/multiplier/acc_reg[16]/D
  -------------------------------------------------------------------    -------------------

                         (clock clk_fpga_0 rise edge)
                                                     10.000    10.000 r  
    PS7_X0Y0             PS7                          0.000    10.000 r  design_1_i/processing_system7_0/inst/PS7_i/FCLKCLK[0]
                         net (fo=1, routed)           1.088    11.088    design_1_i/processing_system7_0/inst/FCLK_CLK_unbuffered[0]
    BUFGCTRL_X0Y16       BUFG (Prop_bufg_I_O)         0.091    11.179 r  design_1_i/processing_system7_0/inst/buffer_fclk_clk_0.FCLK_CLK_0_BUFG/O
                         net (fo=11096, routed)       1.570    12.750    design_1_i/poly_mul4096_two_tower_parallel_axis_0/inst/lane1/core/inverse_butterfly/multiplier/clk
    SLICE_X10Y30         FDRE                                         r  design_1_i/poly_mul4096_two_tower_parallel_axis_0/inst/lane1/core/inverse_butterfly/multiplier/acc_reg[16]/C
                         clock pessimism              0.230    12.979    
                         clock uncertainty           -0.154    12.825    
    SLICE_X10Y30         FDRE (Setup_fdre_C_D)       -0.232    12.593    design_1_i/poly_mul4096_two_tower_parallel_axis_0/inst/lane1/core/inverse_butterfly/multiplier/acc_reg[16]
  -------------------------------------------------------------------
                         required time                         12.593    
                         arrival time                         -12.304    
  -------------------------------------------------------------------
                         slack                                  0.289    

Slack (MET) :             0.290ns  (required time - arrival time)
  Source:                 design_1_i/poly_mul4096_two_tower_parallel_axis_0/inst/lane0/core/preprocessing_lane_b/y_reg[1]/C
                            (rising edge-triggered cell FDRE clocked by clk_fpga_0  {rise@0.000ns fall@5.000ns period=10.000ns})
  Destination:            design_1_i/poly_mul4096_two_tower_parallel_axis_0/inst/lane0/core/preprocessing_lane_b/result_reg[21]/D
                            (rising edge-triggered cell FDRE clocked by clk_fpga_0  {rise@0.000ns fall@5.000ns period=10.000ns})
  Path Group:             clk_fpga_0
  Path Type:              Setup (Max at Slow Process Corner)
  Requirement:            10.000ns  (clk_fpga_0 rise@10.000ns - clk_fpga_0 rise@0.000ns)
  Data Path Delay:        9.228ns  (logic 4.955ns (53.694%)  route 4.273ns (46.306%))
  Logic Levels:           16  (CARRY4=11 LUT3=1 LUT4=2 LUT5=2)
  Clock Path Skew:        -0.068ns (DCD - SCD + CPR)
    Destination Clock Delay (DCD):    2.798ns = ( 12.799 - 10.000 ) 
    Source Clock Delay      (SCD):    3.096ns
    Clock Pessimism Removal (CPR):    0.230ns
  Clock Uncertainty:      0.154ns  ((TSJ^2 + TIJ^2)^1/2 + DJ) / 2 + PE
    Total System Jitter     (TSJ):    0.071ns
    Total Input Jitter      (TIJ):    0.300ns
    Discrete Jitter          (DJ):    0.000ns
    Phase Error              (PE):    0.000ns

    Location             Delay type                Incr(ns)  Path(ns)    Netlist Resource(s)
  -------------------------------------------------------------------    -------------------
                         (clock clk_fpga_0 rise edge)
                                                      0.000     0.000 r  
    PS7_X0Y0             PS7                          0.000     0.000 r  design_1_i/processing_system7_0/inst/PS7_i/FCLKCLK[0]
                         net (fo=1, routed)           1.193     1.193    design_1_i/processing_system7_0/inst/FCLK_CLK_unbuffered[0]
    BUFGCTRL_X0Y16       BUFG (Prop_bufg_I_O)         0.101     1.294 r  design_1_i/processing_system7_0/inst/buffer_fclk_clk_0.FCLK_CLK_0_BUFG/O
                         net (fo=11096, routed)       1.802     3.096    design_1_i/poly_mul4096_two_tower_parallel_axis_0/inst/lane0/core/preprocessing_lane_b/clk
    SLICE_X103Y7         FDRE                                         r  design_1_i/poly_mul4096_two_tower_parallel_axis_0/inst/lane0/core/preprocessing_lane_b/y_reg[1]/C
  -------------------------------------------------------------------    -------------------
    SLICE_X103Y7         FDRE (Prop_fdre_C_Q)         0.419     3.515 r  design_1_i/poly_mul4096_two_tower_parallel_axis_0/inst/lane0/core/preprocessing_lane_b/y_reg[1]/Q
                         net (fo=66, routed)          0.749     4.264    design_1_i/poly_mul4096_two_tower_parallel_axis_0/inst/lane0/core/preprocessing_lane_b/y_reg_n_0_[1]
    SLICE_X103Y8         LUT4 (Prop_lut4_I0_O)        0.297     4.561 r  design_1_i/poly_mul4096_two_tower_parallel_axis_0/inst/lane0/core/preprocessing_lane_b/i___182_i_9/O
                         net (fo=1, routed)           0.000     4.561    design_1_i/poly_mul4096_two_tower_parallel_axis_0/inst/lane0/core/preprocessing_lane_b/i___182_i_9_n_0
    SLICE_X103Y8         CARRY4 (Prop_carry4_S[1]_CO[3])
                                                      0.550     5.111 r  design_1_i/poly_mul4096_two_tower_parallel_axis_0/inst/lane0/core/preprocessing_lane_b/i___182_i_6/CO[3]
                         net (fo=1, routed)           0.000     5.111    design_1_i/poly_mul4096_two_tower_parallel_axis_0/inst/lane0/core/preprocessing_lane_b/i___182_i_6_n_0
    SLICE_X103Y9         CARRY4 (Prop_carry4_CI_O[1])
                                                      0.334     5.445 r  design_1_i/poly_mul4096_two_tower_parallel_axis_0/inst/lane0/core/preprocessing_lane_b/i___190_i_6/O[1]
                         net (fo=1, routed)           0.355     5.800    design_1_i/poly_mul4096_two_tower_parallel_axis_0/inst/lane0/core/preprocessing_lane_b/selected_raw1[5]
    SLICE_X102Y9         LUT5 (Prop_lut5_I4_O)        0.303     6.103 r  design_1_i/poly_mul4096_two_tower_parallel_axis_0/inst/lane0/core/preprocessing_lane_b/i___190_i_4/O
                         net (fo=1, routed)           0.000     6.103    design_1_i/poly_mul4096_two_tower_parallel_axis_0/inst/lane0/core/preprocessing_lane_b/i___190_i_4_n_0
    SLICE_X102Y9         CARRY4 (Prop_carry4_S[1]_CO[3])
                                                      0.533     6.636 r  design_1_i/poly_mul4096_two_tower_parallel_axis_0/inst/lane0/core/preprocessing_lane_b/i___190_i_1/CO[3]
                         net (fo=1, routed)           0.000     6.636    design_1_i/poly_mul4096_two_tower_parallel_axis_0/inst/lane0/core/preprocessing_lane_b/i___190_i_1_n_0
    SLICE_X102Y10        CARRY4 (Prop_carry4_CI_CO[3])
                                                      0.117     6.753 r  design_1_i/poly_mul4096_two_tower_parallel_axis_0/inst/lane0/core/preprocessing_lane_b/i___202_i_1/CO[3]
                         net (fo=1, routed)           0.000     6.753    design_1_i/poly_mul4096_two_tower_parallel_axis_0/inst/lane0/core/preprocessing_lane_b/i___202_i_1_n_0
    SLICE_X102Y11        CARRY4 (Prop_carry4_CI_CO[3])
                                                      0.117     6.870 r  design_1_i/poly_mul4096_two_tower_parallel_axis_0/inst/lane0/core/preprocessing_lane_b/i___214_i_1/CO[3]
                         net (fo=1, routed)           0.000     6.870    design_1_i/poly_mul4096_two_tower_parallel_axis_0/inst/lane0/core/preprocessing_lane_b/i___214_i_1_n_0
    SLICE_X102Y12        CARRY4 (Prop_carry4_CI_CO[3])
                                                      0.117     6.987 r  design_1_i/poly_mul4096_two_tower_parallel_axis_0/inst/lane0/core/preprocessing_lane_b/i___226_i_1/CO[3]
                         net (fo=1, routed)           0.000     6.987    design_1_i/poly_mul4096_two_tower_parallel_axis_0/inst/lane0/core/preprocessing_lane_b/i___226_i_1_n_0
    SLICE_X102Y13        CARRY4 (Prop_carry4_CI_CO[3])
                                                      0.117     7.104 r  design_1_i/poly_mul4096_two_tower_parallel_axis_0/inst/lane0/core/preprocessing_lane_b/i___238_i_1/CO[3]
                         net (fo=1, routed)           0.000     7.104    design_1_i/poly_mul4096_two_tower_parallel_axis_0/inst/lane0/core/preprocessing_lane_b/i___238_i_1_n_0
    SLICE_X102Y14        CARRY4 (Prop_carry4_CI_CO[3])
                                                      0.117     7.221 r  design_1_i/poly_mul4096_two_tower_parallel_axis_0/inst/lane0/core/preprocessing_lane_b/i___250_i_1/CO[3]
                         net (fo=1, routed)           0.000     7.221    design_1_i/poly_mul4096_two_tower_parallel_axis_0/inst/lane0/core/preprocessing_lane_b/i___250_i_1_n_0
    SLICE_X102Y15        CARRY4 (Prop_carry4_CI_O[1])
                                                      0.323     7.544 r  design_1_i/poly_mul4096_two_tower_parallel_axis_0/inst/lane0/core/preprocessing_lane_b/i___262_i_1/O[1]
                         net (fo=8, routed)           0.924     8.468    design_1_i/poly_mul4096_two_tower_parallel_axis_0/inst/lane0/core/preprocessing_lane_b/acc_reg[31]_0[1]
    SLICE_X97Y16         LUT4 (Prop_lut4_I1_O)        0.306     8.774 r  design_1_i/poly_mul4096_two_tower_parallel_axis_0/inst/lane0/core/preprocessing_lane_b/acc[31]_i_13__0/O
                         net (fo=1, routed)           0.000     8.774    design_1_i/poly_mul4096_two_tower_parallel_axis_0/inst/lane0/core/preprocessing_lane_b/acc[31]_i_13__0_n_0
    SLICE_X97Y16         CARRY4 (Prop_carry4_S[1]_CO[3])
                                                      0.550     9.324 r  design_1_i/poly_mul4096_two_tower_parallel_axis_0/inst/lane0/core/preprocessing_lane_b/acc_reg[31]_i_6__0/CO[3]
                         net (fo=1, routed)           0.000     9.324    design_1_i/poly_mul4096_two_tower_parallel_axis_0/inst/lane0/core/preprocessing_lane_b/acc_reg[31]_i_6__0_n_0
    SLICE_X97Y17         CARRY4 (Prop_carry4_CI_O[1])
                                                      0.334     9.658 r  design_1_i/poly_mul4096_two_tower_parallel_axis_0/inst/lane0/core/preprocessing_lane_b/acc_reg[0]_i_2__0/O[1]
                         net (fo=32, routed)          0.734    10.392    design_1_i/poly_mul4096_two_tower_parallel_axis_0/inst/lane0/core/preprocessing_lane_b/acc_reg[0]_i_2__0_n_6
    SLICE_X95Y17         LUT5 (Prop_lut5_I3_O)        0.303    10.695 r  design_1_i/poly_mul4096_two_tower_parallel_axis_0/inst/lane0/core/preprocessing_lane_b/acc[21]_i_2__0/O
                         net (fo=1, routed)           0.886    11.581    design_1_i/poly_mul4096_two_tower_parallel_axis_0/inst/lane0/core/preprocessing_lane_b/acc[21]_i_2__0_n_0
    SLICE_X101Y13        LUT3 (Prop_lut3_I2_O)        0.118    11.699 r  design_1_i/poly_mul4096_two_tower_parallel_axis_0/inst/lane0/core/preprocessing_lane_b/acc[21]_i_1__0/O
                         net (fo=2, routed)           0.625    12.324    design_1_i/poly_mul4096_two_tower_parallel_axis_0/inst/lane0/core/preprocessing_lane_b/next_acc[21]
    SLICE_X97Y13         FDRE                                         r  design_1_i/poly_mul4096_two_tower_parallel_axis_0/inst/lane0/core/preprocessing_lane_b/result_reg[21]/D
  -------------------------------------------------------------------    -------------------

                         (clock clk_fpga_0 rise edge)
                                                     10.000    10.000 r  
    PS7_X0Y0             PS7                          0.000    10.000 r  design_1_i/processing_system7_0/inst/PS7_i/FCLKCLK[0]
                         net (fo=1, routed)           1.088    11.088    design_1_i/processing_system7_0/inst/FCLK_CLK_unbuffered[0]
    BUFGCTRL_X0Y16       BUFG (Prop_bufg_I_O)         0.091    11.179 r  design_1_i/processing_system7_0/inst/buffer_fclk_clk_0.FCLK_CLK_0_BUFG/O
                         net (fo=11096, routed)       1.619    12.799    design_1_i/poly_mul4096_two_tower_parallel_axis_0/inst/lane0/core/preprocessing_lane_b/clk
    SLICE_X97Y13         FDRE                                         r  design_1_i/poly_mul4096_two_tower_parallel_axis_0/inst/lane0/core/preprocessing_lane_b/result_reg[21]/C
                         clock pessimism              0.230    13.028    
                         clock uncertainty           -0.154    12.874    
    SLICE_X97Y13         FDRE (Setup_fdre_C_D)       -0.260    12.614    design_1_i/poly_mul4096_two_tower_parallel_axis_0/inst/lane0/core/preprocessing_lane_b/result_reg[21]
  -------------------------------------------------------------------
                         required time                         12.614    
                         arrival time                         -12.324    
  -------------------------------------------------------------------
                         slack                                  0.290    

Slack (MET) :             0.294ns  (required time - arrival time)
  Source:                 design_1_i/poly_mul4096_two_tower_parallel_axis_0/inst/lane1/core/preprocessing_lane_b/y_reg[1]/C
                            (rising edge-triggered cell FDRE clocked by clk_fpga_0  {rise@0.000ns fall@5.000ns period=10.000ns})
  Destination:            design_1_i/poly_mul4096_two_tower_parallel_axis_0/inst/lane1/core/preprocessing_lane_b/acc_reg[19]/D
                            (rising edge-triggered cell FDRE clocked by clk_fpga_0  {rise@0.000ns fall@5.000ns period=10.000ns})
  Path Group:             clk_fpga_0
  Path Type:              Setup (Max at Slow Process Corner)
  Requirement:            10.000ns  (clk_fpga_0 rise@10.000ns - clk_fpga_0 rise@0.000ns)
  Data Path Delay:        9.225ns  (logic 4.712ns (51.077%)  route 4.513ns (48.923%))
  Logic Levels:           15  (CARRY4=10 LUT3=1 LUT4=2 LUT5=2)
  Clock Path Skew:        -0.064ns (DCD - SCD + CPR)
    Destination Clock Delay (DCD):    2.750ns = ( 12.750 - 10.000 ) 
    Source Clock Delay      (SCD):    3.044ns
    Clock Pessimism Removal (CPR):    0.230ns
  Clock Uncertainty:      0.154ns  ((TSJ^2 + TIJ^2)^1/2 + DJ) / 2 + PE
    Total System Jitter     (TSJ):    0.071ns
    Total Input Jitter      (TIJ):    0.300ns
    Discrete Jitter          (DJ):    0.000ns
    Phase Error              (PE):    0.000ns

    Location             Delay type                Incr(ns)  Path(ns)    Netlist Resource(s)
  -------------------------------------------------------------------    -------------------
                         (clock clk_fpga_0 rise edge)
                                                      0.000     0.000 r  
    PS7_X0Y0             PS7                          0.000     0.000 r  design_1_i/processing_system7_0/inst/PS7_i/FCLKCLK[0]
                         net (fo=1, routed)           1.193     1.193    design_1_i/processing_system7_0/inst/FCLK_CLK_unbuffered[0]
    BUFGCTRL_X0Y16       BUFG (Prop_bufg_I_O)         0.101     1.294 r  design_1_i/processing_system7_0/inst/buffer_fclk_clk_0.FCLK_CLK_0_BUFG/O
                         net (fo=11096, routed)       1.750     3.044    design_1_i/poly_mul4096_two_tower_parallel_axis_0/inst/lane1/core/preprocessing_lane_b/clk
    SLICE_X25Y2          FDRE                                         r  design_1_i/poly_mul4096_two_tower_parallel_axis_0/inst/lane1/core/preprocessing_lane_b/y_reg[1]/C
  -------------------------------------------------------------------    -------------------
    SLICE_X25Y2          FDRE (Prop_fdre_C_Q)         0.419     3.463 r  design_1_i/poly_mul4096_two_tower_parallel_axis_0/inst/lane1/core/preprocessing_lane_b/y_reg[1]/Q
                         net (fo=66, routed)          1.064     4.527    design_1_i/poly_mul4096_two_tower_parallel_axis_0/inst/lane1/core/preprocessing_lane_b/y_reg_n_0_[1]
    SLICE_X26Y4          LUT4 (Prop_lut4_I0_O)        0.299     4.826 r  design_1_i/poly_mul4096_two_tower_parallel_axis_0/inst/lane1/core/preprocessing_lane_b/i___190_i_10__0/O
                         net (fo=1, routed)           0.000     4.826    design_1_i/poly_mul4096_two_tower_parallel_axis_0/inst/lane1/core/preprocessing_lane_b/i___190_i_10__0_n_0
    SLICE_X26Y4          CARRY4 (Prop_carry4_S[0]_CO[3])
                                                      0.513     5.339 r  design_1_i/poly_mul4096_two_tower_parallel_axis_0/inst/lane1/core/preprocessing_lane_b/i___190_i_6__0/CO[3]
                         net (fo=1, routed)           0.000     5.339    design_1_i/poly_mul4096_two_tower_parallel_axis_0/inst/lane1/core/preprocessing_lane_b/i___190_i_6__0_n_0
    SLICE_X26Y5          CARRY4 (Prop_carry4_CI_CO[3])
                                                      0.117     5.456 r  design_1_i/poly_mul4096_two_tower_parallel_axis_0/inst/lane1/core/preprocessing_lane_b/i___202_i_6__0/CO[3]
                         net (fo=1, routed)           0.000     5.456    design_1_i/poly_mul4096_two_tower_parallel_axis_0/inst/lane1/core/preprocessing_lane_b/i___202_i_6__0_n_0
    SLICE_X26Y6          CARRY4 (Prop_carry4_CI_O[0])
                                                      0.219     5.675 r  design_1_i/poly_mul4096_two_tower_parallel_axis_0/inst/lane1/core/preprocessing_lane_b/i___214_i_6__0/O[0]
                         net (fo=1, routed)           0.567     6.242    design_1_i/poly_mul4096_two_tower_parallel_axis_0/inst/lane1/core/preprocessing_lane_b/selected_raw1[12]
    SLICE_X28Y6          LUT5 (Prop_lut5_I4_O)        0.295     6.537 r  design_1_i/poly_mul4096_two_tower_parallel_axis_0/inst/lane1/core/preprocessing_lane_b/i___214_i_5__0/O
                         net (fo=1, routed)           0.000     6.537    design_1_i/poly_mul4096_two_tower_parallel_axis_0/inst/lane1/core/preprocessing_lane_b/i___214_i_5__0_n_0
    SLICE_X28Y6          CARRY4 (Prop_carry4_S[0]_CO[3])
                                                      0.532     7.069 r  design_1_i/poly_mul4096_two_tower_parallel_axis_0/inst/lane1/core/preprocessing_lane_b/i___214_i_1__0/CO[3]
                         net (fo=1, routed)           0.000     7.069    design_1_i/poly_mul4096_two_tower_parallel_axis_0/inst/lane1/core/preprocessing_lane_b/i___214_i_1__0_n_0
    SLICE_X28Y7          CARRY4 (Prop_carry4_CI_CO[3])
                                                      0.114     7.183 r  design_1_i/poly_mul4096_two_tower_parallel_axis_0/inst/lane1/core/preprocessing_lane_b/i___226_i_1__0/CO[3]
                         net (fo=1, routed)           0.000     7.183    design_1_i/poly_mul4096_two_tower_parallel_axis_0/inst/lane1/core/preprocessing_lane_b/i___226_i_1__0_n_0
    SLICE_X28Y8          CARRY4 (Prop_carry4_CI_CO[3])
                                                      0.114     7.297 r  design_1_i/poly_mul4096_two_tower_parallel_axis_0/inst/lane1/core/preprocessing_lane_b/i___238_i_1__0/CO[3]
                         net (fo=1, routed)           0.000     7.297    design_1_i/poly_mul4096_two_tower_parallel_axis_0/inst/lane1/core/preprocessing_lane_b/i___238_i_1__0_n_0
    SLICE_X28Y9          CARRY4 (Prop_carry4_CI_CO[3])
                                                      0.114     7.411 r  design_1_i/poly_mul4096_two_tower_parallel_axis_0/inst/lane1/core/preprocessing_lane_b/i___250_i_1__0/CO[3]
                         net (fo=1, routed)           0.000     7.411    design_1_i/poly_mul4096_two_tower_parallel_axis_0/inst/lane1/core/preprocessing_lane_b/i___250_i_1__0_n_0
    SLICE_X28Y10         CARRY4 (Prop_carry4_CI_O[1])
                                                      0.334     7.745 r  design_1_i/poly_mul4096_two_tower_parallel_axis_0/inst/lane1/core/preprocessing_lane_b/i___262_i_1__0/O[1]
                         net (fo=8, routed)           0.763     8.508    design_1_i/poly_mul4096_two_tower_parallel_axis_0/inst/lane1/core/preprocessing_lane_b/acc_reg[31]_0[1]
    SLICE_X29Y9          LUT4 (Prop_lut4_I1_O)        0.303     8.811 r  design_1_i/poly_mul4096_two_tower_parallel_axis_0/inst/lane1/core/preprocessing_lane_b/acc[31]_i_13__3/O
                         net (fo=1, routed)           0.000     8.811    design_1_i/poly_mul4096_two_tower_parallel_axis_0/inst/lane1/core/preprocessing_lane_b/acc[31]_i_13__3_n_0
    SLICE_X29Y9          CARRY4 (Prop_carry4_S[1]_CO[3])
                                                      0.550     9.361 r  design_1_i/poly_mul4096_two_tower_parallel_axis_0/inst/lane1/core/preprocessing_lane_b/acc_reg[31]_i_6__3/CO[3]
                         net (fo=1, routed)           0.000     9.361    design_1_i/poly_mul4096_two_tower_parallel_axis_0/inst/lane1/core/preprocessing_lane_b/acc_reg[31]_i_6__3_n_0
    SLICE_X29Y10         CARRY4 (Prop_carry4_CI_O[1])
                                                      0.334     9.695 r  design_1_i/poly_mul4096_two_tower_parallel_axis_0/inst/lane1/core/preprocessing_lane_b/acc_reg[0]_i_2__3/O[1]
                         net (fo=32, routed)          0.917    10.612    design_1_i/poly_mul4096_two_tower_parallel_axis_0/inst/lane1/core/preprocessing_lane_b/acc_reg[0]_i_2__3_n_6
    SLICE_X31Y7          LUT5 (Prop_lut5_I3_O)        0.303    10.915 r  design_1_i/poly_mul4096_two_tower_parallel_axis_0/inst/lane1/core/preprocessing_lane_b/acc[19]_i_3__6/O
                         net (fo=1, routed)           0.846    11.761    design_1_i/poly_mul4096_two_tower_parallel_axis_0/inst/lane1/core/preprocessing_lane_b/acc[19]_i_3__6_n_0
    SLICE_X31Y7          LUT3 (Prop_lut3_I2_O)        0.152    11.913 r  design_1_i/poly_mul4096_two_tower_parallel_axis_0/inst/lane1/core/preprocessing_lane_b/acc[19]_i_1__6/O
                         net (fo=2, routed)           0.357    12.269    design_1_i/poly_mul4096_two_tower_parallel_axis_0/inst/lane1/core/preprocessing_lane_b/next_acc[19]
    SLICE_X29Y6          FDRE                                         r  design_1_i/poly_mul4096_two_tower_parallel_axis_0/inst/lane1/core/preprocessing_lane_b/acc_reg[19]/D
  -------------------------------------------------------------------    -------------------

                         (clock clk_fpga_0 rise edge)
                                                     10.000    10.000 r  
    PS7_X0Y0             PS7                          0.000    10.000 r  design_1_i/processing_system7_0/inst/PS7_i/FCLKCLK[0]
                         net (fo=1, routed)           1.088    11.088    design_1_i/processing_system7_0/inst/FCLK_CLK_unbuffered[0]
    BUFGCTRL_X0Y16       BUFG (Prop_bufg_I_O)         0.091    11.179 r  design_1_i/processing_system7_0/inst/buffer_fclk_clk_0.FCLK_CLK_0_BUFG/O
                         net (fo=11096, routed)       1.571    12.750    design_1_i/poly_mul4096_two_tower_parallel_axis_0/inst/lane1/core/preprocessing_lane_b/clk
    SLICE_X29Y6          FDRE                                         r  design_1_i/poly_mul4096_two_tower_parallel_axis_0/inst/lane1/core/preprocessing_lane_b/acc_reg[19]/C
                         clock pessimism              0.230    12.980    
                         clock uncertainty           -0.154    12.826    
    SLICE_X29Y6          FDRE (Setup_fdre_C_D)       -0.263    12.563    design_1_i/poly_mul4096_two_tower_parallel_axis_0/inst/lane1/core/preprocessing_lane_b/acc_reg[19]
  -------------------------------------------------------------------
                         required time                         12.563    
                         arrival time                         -12.269    
  -------------------------------------------------------------------
                         slack                                  0.294    

Slack (MET) :             0.295ns  (required time - arrival time)
  Source:                 design_1_i/poly_mul4096_two_tower_parallel_axis_0/inst/lane1/core/inverse_butterfly/multiplier/y_reg[1]/C
                            (rising edge-triggered cell FDRE clocked by clk_fpga_0  {rise@0.000ns fall@5.000ns period=10.000ns})
  Destination:            design_1_i/poly_mul4096_two_tower_parallel_axis_0/inst/lane1/core/inverse_butterfly/multiplier/acc_reg[4]/D
                            (rising edge-triggered cell FDRE clocked by clk_fpga_0  {rise@0.000ns fall@5.000ns period=10.000ns})
  Path Group:             clk_fpga_0
  Path Type:              Setup (Max at Slow Process Corner)
  Requirement:            10.000ns  (clk_fpga_0 rise@10.000ns - clk_fpga_0 rise@0.000ns)
  Data Path Delay:        9.395ns  (logic 4.625ns (49.227%)  route 4.770ns (50.773%))
  Logic Levels:           16  (CARRY4=11 LUT2=1 LUT3=2 LUT5=1 LUT6=1)
  Clock Path Skew:        -0.055ns (DCD - SCD + CPR)
    Destination Clock Delay (DCD):    2.753ns = ( 12.753 - 10.000 ) 
    Source Clock Delay      (SCD):    3.037ns
    Clock Pessimism Removal (CPR):    0.230ns
  Clock Uncertainty:      0.154ns  ((TSJ^2 + TIJ^2)^1/2 + DJ) / 2 + PE
    Total System Jitter     (TSJ):    0.071ns
    Total Input Jitter      (TIJ):    0.300ns
    Discrete Jitter          (DJ):    0.000ns
    Phase Error              (PE):    0.000ns

    Location             Delay type                Incr(ns)  Path(ns)    Netlist Resource(s)
  -------------------------------------------------------------------    -------------------
                         (clock clk_fpga_0 rise edge)
                                                      0.000     0.000 r  
    PS7_X0Y0             PS7                          0.000     0.000 r  design_1_i/processing_system7_0/inst/PS7_i/FCLKCLK[0]
                         net (fo=1, routed)           1.193     1.193    design_1_i/processing_system7_0/inst/FCLK_CLK_unbuffered[0]
    BUFGCTRL_X0Y16       BUFG (Prop_bufg_I_O)         0.101     1.294 r  design_1_i/processing_system7_0/inst/buffer_fclk_clk_0.FCLK_CLK_0_BUFG/O
                         net (fo=11096, routed)       1.743     3.037    design_1_i/poly_mul4096_two_tower_parallel_axis_0/inst/lane1/core/inverse_butterfly/multiplier/clk
    SLICE_X13Y28         FDRE                                         r  design_1_i/poly_mul4096_two_tower_parallel_axis_0/inst/lane1/core/inverse_butterfly/multiplier/y_reg[1]/C
  -------------------------------------------------------------------    -------------------
    SLICE_X13Y28         FDRE (Prop_fdre_C_Q)         0.419     3.456 f  design_1_i/poly_mul4096_two_tower_parallel_axis_0/inst/lane1/core/inverse_butterfly/multiplier/y_reg[1]/Q
                         net (fo=66, routed)          0.818     4.274    design_1_i/poly_mul4096_two_tower_parallel_axis_0/inst/lane1/core/inverse_butterfly/multiplier/y_reg_n_0_[1]
    SLICE_X14Y27         LUT3 (Prop_lut3_I0_O)        0.297     4.571 r  design_1_i/poly_mul4096_two_tower_parallel_axis_0/inst/lane1/core/inverse_butterfly/multiplier/acc_minus_q1_carry_i_10__4/O
                         net (fo=1, routed)           0.000     4.571    design_1_i/poly_mul4096_two_tower_parallel_axis_0/inst/lane1/core/inverse_butterfly/multiplier/acc_minus_q1_carry_i_10__4_n_0
    SLICE_X14Y27         CARRY4 (Prop_carry4_S[0]_CO[3])
                                                      0.513     5.084 r  design_1_i/poly_mul4096_two_tower_parallel_axis_0/inst/lane1/core/inverse_butterfly/multiplier/acc_minus_q1_carry_i_6__4/CO[3]
                         net (fo=1, routed)           0.000     5.084    design_1_i/poly_mul4096_two_tower_parallel_axis_0/inst/lane1/core/inverse_butterfly/multiplier/acc_minus_q1_carry_i_6__4_n_0
    SLICE_X14Y28         CARRY4 (Prop_carry4_CI_CO[3])
                                                      0.117     5.201 r  design_1_i/poly_mul4096_two_tower_parallel_axis_0/inst/lane1/core/inverse_butterfly/multiplier/acc_minus_q1_carry__0_i_6__4/CO[3]
                         net (fo=1, routed)           0.000     5.201    design_1_i/poly_mul4096_two_tower_parallel_axis_0/inst/lane1/core/inverse_butterfly/multiplier/acc_minus_q1_carry__0_i_6__4_n_0
    SLICE_X14Y29         CARRY4 (Prop_carry4_CI_CO[3])
                                                      0.117     5.318 r  design_1_i/poly_mul4096_two_tower_parallel_axis_0/inst/lane1/core/inverse_butterfly/multiplier/acc_minus_q1_carry__1_i_6__4/CO[3]
                         net (fo=1, routed)           0.000     5.318    design_1_i/poly_mul4096_two_tower_parallel_axis_0/inst/lane1/core/inverse_butterfly/multiplier/acc_minus_q1_carry__1_i_6__4_n_0
    SLICE_X14Y30         CARRY4 (Prop_carry4_CI_O[3])
                                                      0.315     5.633 r  design_1_i/poly_mul4096_two_tower_parallel_axis_0/inst/lane1/core/inverse_butterfly/multiplier/acc_minus_q1_carry__2_i_6__4/O[3]
                         net (fo=1, routed)           0.639     6.272    design_1_i/poly_mul4096_two_tower_parallel_axis_0/inst/lane1/core/inverse_butterfly/multiplier/selected_raw1[15]
    SLICE_X15Y30         LUT5 (Prop_lut5_I4_O)        0.307     6.579 r  design_1_i/poly_mul4096_two_tower_parallel_axis_0/inst/lane1/core/inverse_butterfly/multiplier/acc_minus_q1_carry__2_i_2__4/O
                         net (fo=1, routed)           0.000     6.579    design_1_i/poly_mul4096_two_tower_parallel_axis_0/inst/lane1/core/inverse_butterfly/multiplier/acc_minus_q1_carry__2_i_2__4_n_0
    SLICE_X15Y30         CARRY4 (Prop_carry4_S[3]_CO[3])
                                                      0.401     6.980 r  design_1_i/poly_mul4096_two_tower_parallel_axis_0/inst/lane1/core/inverse_butterfly/multiplier/acc_minus_q1_carry__2_i_1__4/CO[3]
                         net (fo=1, routed)           0.000     6.980    design_1_i/poly_mul4096_two_tower_parallel_axis_0/inst/lane1/core/inverse_butterfly/multiplier/acc_minus_q1_carry__2_i_1__4_n_0
    SLICE_X15Y31         CARRY4 (Prop_carry4_CI_CO[3])
                                                      0.114     7.094 r  design_1_i/poly_mul4096_two_tower_parallel_axis_0/inst/lane1/core/inverse_butterfly/multiplier/acc_minus_q1_carry__3_i_1__4/CO[3]
                         net (fo=1, routed)           0.000     7.094    design_1_i/poly_mul4096_two_tower_parallel_axis_0/inst/lane1/core/inverse_butterfly/multiplier/acc_minus_q1_carry__3_i_1__4_n_0
    SLICE_X15Y32         CARRY4 (Prop_carry4_CI_CO[3])
                                                      0.114     7.208 r  design_1_i/poly_mul4096_two_tower_parallel_axis_0/inst/lane1/core/inverse_butterfly/multiplier/acc_minus_q1_carry__4_i_1__4/CO[3]
                         net (fo=1, routed)           0.000     7.208    design_1_i/poly_mul4096_two_tower_parallel_axis_0/inst/lane1/core/inverse_butterfly/multiplier/acc_minus_q1_carry__4_i_1__4_n_0
    SLICE_X15Y33         CARRY4 (Prop_carry4_CI_O[1])
                                                      0.334     7.542 r  design_1_i/poly_mul4096_two_tower_parallel_axis_0/inst/lane1/core/inverse_butterfly/multiplier/acc_minus_q1_carry__5_i_1__4/O[1]
                         net (fo=8, routed)           0.933     8.474    design_1_i/poly_mul4096_two_tower_parallel_axis_0/inst/lane1/core_n_979
    SLICE_X11Y31         LUT2 (Prop_lut2_I0_O)        0.303     8.777 r  design_1_i/poly_mul4096_two_tower_parallel_axis_0/inst/lane1/i___1086/O
                         net (fo=1, routed)           0.000     8.777    design_1_i/poly_mul4096_two_tower_parallel_axis_0/inst/lane1/core/inverse_butterfly/multiplier/result_reg[27]_0[1]
    SLICE_X11Y31         CARRY4 (Prop_carry4_S[1]_CO[3])
                                                      0.550     9.327 r  design_1_i/poly_mul4096_two_tower_parallel_axis_0/inst/lane1/core/inverse_butterfly/multiplier/acc_reg[27]_i_2__10/CO[3]
                         net (fo=1, routed)           0.000     9.327    design_1_i/poly_mul4096_two_tower_parallel_axis_0/inst/lane1/core/inverse_butterfly/multiplier/acc_reg[27]_i_2__10_n_0
    SLICE_X11Y32         CARRY4 (Prop_carry4_CI_CO[3])
                                                      0.114     9.441 r  design_1_i/poly_mul4096_two_tower_parallel_axis_0/inst/lane1/core/inverse_butterfly/multiplier/acc_reg[31]_i_4__4/CO[3]
                         net (fo=1, routed)           0.000     9.441    design_1_i/poly_mul4096_two_tower_parallel_axis_0/inst/lane1/core/inverse_butterfly/multiplier/acc_reg[31]_i_4__4_n_0
    SLICE_X11Y33         CARRY4 (Prop_carry4_CI_CO[1])
                                                      0.157     9.598 f  design_1_i/poly_mul4096_two_tower_parallel_axis_0/inst/lane1/core/inverse_butterfly/multiplier/acc_reg[31]_i_3__10/CO[1]
                         net (fo=63, routed)          1.160    10.758    design_1_i/poly_mul4096_two_tower_parallel_axis_0/inst/lane1/core/inverse_butterfly/multiplier/acc_reg[31]_i_3__10_n_2
    SLICE_X13Y29         LUT6 (Prop_lut6_I3_O)        0.329    11.087 r  design_1_i/poly_mul4096_two_tower_parallel_axis_0/inst/lane1/core/inverse_butterfly/multiplier/acc[4]_i_2__10/O
                         net (fo=1, routed)           0.546    11.633    design_1_i/poly_mul4096_two_tower_parallel_axis_0/inst/lane1/core/inverse_butterfly/multiplier/acc[4]_i_2__10_n_0
    SLICE_X13Y32         LUT3 (Prop_lut3_I2_O)        0.124    11.757 r  design_1_i/poly_mul4096_two_tower_parallel_axis_0/inst/lane1/core/inverse_butterfly/multiplier/acc[4]_i_1__10/O
                         net (fo=2, routed)           0.675    12.432    design_1_i/poly_mul4096_two_tower_parallel_axis_0/inst/lane1/core/inverse_butterfly/multiplier/next_acc[4]
    SLICE_X11Y32         FDRE                                         r  design_1_i/poly_mul4096_two_tower_parallel_axis_0/inst/lane1/core/inverse_butterfly/multiplier/acc_reg[4]/D
  -------------------------------------------------------------------    -------------------

                         (clock clk_fpga_0 rise edge)
                                                     10.000    10.000 r  
    PS7_X0Y0             PS7                          0.000    10.000 r  design_1_i/processing_system7_0/inst/PS7_i/FCLKCLK[0]
                         net (fo=1, routed)           1.088    11.088    design_1_i/processing_system7_0/inst/FCLK_CLK_unbuffered[0]
    BUFGCTRL_X0Y16       BUFG (Prop_bufg_I_O)         0.091    11.179 r  design_1_i/processing_system7_0/inst/buffer_fclk_clk_0.FCLK_CLK_0_BUFG/O
                         net (fo=11096, routed)       1.573    12.753    design_1_i/poly_mul4096_two_tower_parallel_axis_0/inst/lane1/core/inverse_butterfly/multiplier/clk
    SLICE_X11Y32         FDRE                                         r  design_1_i/poly_mul4096_two_tower_parallel_axis_0/inst/lane1/core/inverse_butterfly/multiplier/acc_reg[4]/C
                         clock pessimism              0.230    12.982    
                         clock uncertainty           -0.154    12.828    
    SLICE_X11Y32         FDRE (Setup_fdre_C_D)       -0.101    12.727    design_1_i/poly_mul4096_two_tower_parallel_axis_0/inst/lane1/core/inverse_butterfly/multiplier/acc_reg[4]
  -------------------------------------------------------------------
                         required time                         12.727    
                         arrival time                         -12.432    
  -------------------------------------------------------------------
                         slack                                  0.295    

Slack (MET) :             0.303ns  (required time - arrival time)
  Source:                 design_1_i/poly_mul4096_two_tower_parallel_axis_0/inst/lane0/core/forward_butterfly_lane_b/multiplier/x_reg[0]/C
                            (rising edge-triggered cell FDRE clocked by clk_fpga_0  {rise@0.000ns fall@5.000ns period=10.000ns})
  Destination:            design_1_i/poly_mul4096_two_tower_parallel_axis_0/inst/lane0/core/forward_butterfly_lane_b/multiplier/result_reg[19]/D
                            (rising edge-triggered cell FDRE clocked by clk_fpga_0  {rise@0.000ns fall@5.000ns period=10.000ns})
  Path Group:             clk_fpga_0
  Path Type:              Setup (Max at Slow Process Corner)
  Requirement:            10.000ns  (clk_fpga_0 rise@10.000ns - clk_fpga_0 rise@0.000ns)
  Data Path Delay:        9.277ns  (logic 4.831ns (52.072%)  route 4.446ns (47.928%))
  Logic Levels:           16  (CARRY4=11 LUT3=2 LUT4=1 LUT5=2)
  Clock Path Skew:        -0.003ns (DCD - SCD + CPR)
    Destination Clock Delay (DCD):    2.798ns = ( 12.799 - 10.000 ) 
    Source Clock Delay      (SCD):    3.031ns
    Clock Pessimism Removal (CPR):    0.230ns
  Clock Uncertainty:      0.154ns  ((TSJ^2 + TIJ^2)^1/2 + DJ) / 2 + PE
    Total System Jitter     (TSJ):    0.071ns
    Total Input Jitter      (TIJ):    0.300ns
    Discrete Jitter          (DJ):    0.000ns
    Phase Error              (PE):    0.000ns

    Location             Delay type                Incr(ns)  Path(ns)    Netlist Resource(s)
  -------------------------------------------------------------------    -------------------
                         (clock clk_fpga_0 rise edge)
                                                      0.000     0.000 r  
    PS7_X0Y0             PS7                          0.000     0.000 r  design_1_i/processing_system7_0/inst/PS7_i/FCLKCLK[0]
                         net (fo=1, routed)           1.193     1.193    design_1_i/processing_system7_0/inst/FCLK_CLK_unbuffered[0]
    BUFGCTRL_X0Y16       BUFG (Prop_bufg_I_O)         0.101     1.294 r  design_1_i/processing_system7_0/inst/buffer_fclk_clk_0.FCLK_CLK_0_BUFG/O
                         net (fo=11096, routed)       1.737     3.031    design_1_i/poly_mul4096_two_tower_parallel_axis_0/inst/lane0/core/forward_butterfly_lane_b/multiplier/clk
    SLICE_X84Y9          FDRE                                         r  design_1_i/poly_mul4096_two_tower_parallel_axis_0/inst/lane0/core/forward_butterfly_lane_b/multiplier/x_reg[0]/C
  -------------------------------------------------------------------    -------------------
    SLICE_X84Y9          FDRE (Prop_fdre_C_Q)         0.456     3.487 r  design_1_i/poly_mul4096_two_tower_parallel_axis_0/inst/lane0/core/forward_butterfly_lane_b/multiplier/x_reg[0]/Q
                         net (fo=12, routed)          0.865     4.352    design_1_i/poly_mul4096_two_tower_parallel_axis_0/inst/lane0/core/forward_butterfly_lane_b/multiplier/x_reg[31]_0[0]
    SLICE_X82Y9          LUT3 (Prop_lut3_I0_O)        0.124     4.476 r  design_1_i/poly_mul4096_two_tower_parallel_axis_0/inst/lane0/core/forward_butterfly_lane_b/multiplier/acc_minus_q1_carry_i_10__0/O
                         net (fo=1, routed)           0.000     4.476    design_1_i/poly_mul4096_two_tower_parallel_axis_0/inst/lane0/core/forward_butterfly_lane_b/multiplier/acc_minus_q1_carry_i_10__0_n_0
    SLICE_X82Y9          CARRY4 (Prop_carry4_S[0]_CO[3])
                                                      0.513     4.989 r  design_1_i/poly_mul4096_two_tower_parallel_axis_0/inst/lane0/core/forward_butterfly_lane_b/multiplier/acc_minus_q1_carry_i_6__0/CO[3]
                         net (fo=1, routed)           0.000     4.989    design_1_i/poly_mul4096_two_tower_parallel_axis_0/inst/lane0/core/forward_butterfly_lane_b/multiplier/acc_minus_q1_carry_i_6__0_n_0
    SLICE_X82Y10         CARRY4 (Prop_carry4_CI_CO[3])
                                                      0.117     5.106 r  design_1_i/poly_mul4096_two_tower_parallel_axis_0/inst/lane0/core/forward_butterfly_lane_b/multiplier/acc_minus_q1_carry__0_i_6__0/CO[3]
                         net (fo=1, routed)           0.000     5.106    design_1_i/poly_mul4096_two_tower_parallel_axis_0/inst/lane0/core/forward_butterfly_lane_b/multiplier/acc_minus_q1_carry__0_i_6__0_n_0
    SLICE_X82Y11         CARRY4 (Prop_carry4_CI_CO[3])
                                                      0.117     5.223 r  design_1_i/poly_mul4096_two_tower_parallel_axis_0/inst/lane0/core/forward_butterfly_lane_b/multiplier/acc_minus_q1_carry__1_i_6__0/CO[3]
                         net (fo=1, routed)           0.000     5.223    design_1_i/poly_mul4096_two_tower_parallel_axis_0/inst/lane0/core/forward_butterfly_lane_b/multiplier/acc_minus_q1_carry__1_i_6__0_n_0
    SLICE_X82Y12         CARRY4 (Prop_carry4_CI_CO[3])
                                                      0.117     5.340 r  design_1_i/poly_mul4096_two_tower_parallel_axis_0/inst/lane0/core/forward_butterfly_lane_b/multiplier/acc_minus_q1_carry__2_i_6__0/CO[3]
                         net (fo=1, routed)           0.000     5.340    design_1_i/poly_mul4096_two_tower_parallel_axis_0/inst/lane0/core/forward_butterfly_lane_b/multiplier/acc_minus_q1_carry__2_i_6__0_n_0
    SLICE_X82Y13         CARRY4 (Prop_carry4_CI_CO[3])
                                                      0.117     5.457 r  design_1_i/poly_mul4096_two_tower_parallel_axis_0/inst/lane0/core/forward_butterfly_lane_b/multiplier/acc_minus_q1_carry__3_i_6__0/CO[3]
                         net (fo=1, routed)           0.000     5.457    design_1_i/poly_mul4096_two_tower_parallel_axis_0/inst/lane0/core/forward_butterfly_lane_b/multiplier/acc_minus_q1_carry__3_i_6__0_n_0
    SLICE_X82Y14         CARRY4 (Prop_carry4_CI_CO[3])
                                                      0.117     5.574 r  design_1_i/poly_mul4096_two_tower_parallel_axis_0/inst/lane0/core/forward_butterfly_lane_b/multiplier/acc_minus_q1_carry__4_i_6__0/CO[3]
                         net (fo=1, routed)           0.000     5.574    design_1_i/poly_mul4096_two_tower_parallel_axis_0/inst/lane0/core/forward_butterfly_lane_b/multiplier/acc_minus_q1_carry__4_i_6__0_n_0
    SLICE_X82Y15         CARRY4 (Prop_carry4_CI_O[1])
                                                      0.323     5.897 r  design_1_i/poly_mul4096_two_tower_parallel_axis_0/inst/lane0/core/forward_butterfly_lane_b/multiplier/acc_minus_q1_carry__5_i_6__0/O[1]
                         net (fo=1, routed)           0.429     6.326    design_1_i/poly_mul4096_two_tower_parallel_axis_0/inst/lane0/core/forward_butterfly_lane_b/multiplier/selected_raw1[25]
    SLICE_X85Y14         LUT5 (Prop_lut5_I4_O)        0.306     6.632 r  design_1_i/poly_mul4096_two_tower_parallel_axis_0/inst/lane0/core/forward_butterfly_lane_b/multiplier/acc_minus_q1_carry__5_i_4__0/O
                         net (fo=1, routed)           0.000     6.632    design_1_i/poly_mul4096_two_tower_parallel_axis_0/inst/lane0/core/forward_butterfly_lane_b/multiplier/acc_minus_q1_carry__5_i_4__0_n_0
    SLICE_X85Y14         CARRY4 (Prop_carry4_S[1]_CO[3])
                                                      0.550     7.182 r  design_1_i/poly_mul4096_two_tower_parallel_axis_0/inst/lane0/core/forward_butterfly_lane_b/multiplier/acc_minus_q1_carry__5_i_1__0/CO[3]
                         net (fo=1, routed)           0.000     7.182    design_1_i/poly_mul4096_two_tower_parallel_axis_0/inst/lane0/core/forward_butterfly_lane_b/multiplier/acc_minus_q1_carry__5_i_1__0_n_0
    SLICE_X85Y15         CARRY4 (Prop_carry4_CI_O[1])
                                                      0.334     7.516 r  design_1_i/poly_mul4096_two_tower_parallel_axis_0/inst/lane0/core/forward_butterfly_lane_b/multiplier/acc_minus_q1_carry__6_i_1__0/O[1]
                         net (fo=8, routed)           0.864     8.380    design_1_i/poly_mul4096_two_tower_parallel_axis_0/inst/lane0/core/forward_butterfly_lane_b/multiplier/acc_reg[31]_0[1]
    SLICE_X88Y15         LUT4 (Prop_lut4_I1_O)        0.303     8.683 r  design_1_i/poly_mul4096_two_tower_parallel_axis_0/inst/lane0/core/forward_butterfly_lane_b/multiplier/acc_minus_q2_carry__6_i_7__0/O
                         net (fo=1, routed)           0.000     8.683    design_1_i/poly_mul4096_two_tower_parallel_axis_0/inst/lane0/core/forward_butterfly_lane_b/multiplier/acc_minus_q2_carry__6_i_7__0_n_0
    SLICE_X88Y15         CARRY4 (Prop_carry4_S[1]_CO[3])
                                                      0.550     9.233 r  design_1_i/poly_mul4096_two_tower_parallel_axis_0/inst/lane0/core/forward_butterfly_lane_b/multiplier/acc_minus_q2_carry__6/CO[3]
                         net (fo=1, routed)           0.000     9.233    design_1_i/poly_mul4096_two_tower_parallel_axis_0/inst/lane0/core/forward_butterfly_lane_b/multiplier/acc_minus_q2_carry__6_n_0
    SLICE_X88Y16         CARRY4 (Prop_carry4_CI_O[1])
                                                      0.334     9.567 r  design_1_i/poly_mul4096_two_tower_parallel_axis_0/inst/lane0/core/forward_butterfly_lane_b/multiplier/acc_minus_q2_carry__7/O[1]
                         net (fo=32, routed)          0.980    10.546    design_1_i/poly_mul4096_two_tower_parallel_axis_0/inst/lane0/core/forward_butterfly_lane_b/multiplier/acc_minus_q2_carry__7_n_6
    SLICE_X90Y11         LUT5 (Prop_lut5_I3_O)        0.303    10.849 r  design_1_i/poly_mul4096_two_tower_parallel_axis_0/inst/lane0/core/forward_butterfly_lane_b/multiplier/acc[19]_i_3__2/O
                         net (fo=1, routed)           0.680    11.529    design_1_i/poly_mul4096_two_tower_parallel_axis_0/inst/lane0/core/forward_butterfly_lane_b/multiplier/acc[19]_i_3__2_n_0
    SLICE_X90Y11         LUT3 (Prop_lut3_I2_O)        0.150    11.679 r  design_1_i/poly_mul4096_two_tower_parallel_axis_0/inst/lane0/core/forward_butterfly_lane_b/multiplier/acc[19]_i_1__2/O
                         net (fo=2, routed)           0.629    12.308    design_1_i/poly_mul4096_two_tower_parallel_axis_0/inst/lane0/core/forward_butterfly_lane_b/multiplier/next_acc[19]
    SLICE_X91Y11         FDRE                                         r  design_1_i/poly_mul4096_two_tower_parallel_axis_0/inst/lane0/core/forward_butterfly_lane_b/multiplier/result_reg[19]/D
  -------------------------------------------------------------------    -------------------

                         (clock clk_fpga_0 rise edge)
                                                     10.000    10.000 r  
    PS7_X0Y0             PS7                          0.000    10.000 r  design_1_i/processing_system7_0/inst/PS7_i/FCLKCLK[0]
                         net (fo=1, routed)           1.088    11.088    design_1_i/processing_system7_0/inst/FCLK_CLK_unbuffered[0]
    BUFGCTRL_X0Y16       BUFG (Prop_bufg_I_O)         0.091    11.179 r  design_1_i/processing_system7_0/inst/buffer_fclk_clk_0.FCLK_CLK_0_BUFG/O
                         net (fo=11096, routed)       1.619    12.799    design_1_i/poly_mul4096_two_tower_parallel_axis_0/inst/lane0/core/forward_butterfly_lane_b/multiplier/clk
    SLICE_X91Y11         FDRE                                         r  design_1_i/poly_mul4096_two_tower_parallel_axis_0/inst/lane0/core/forward_butterfly_lane_b/multiplier/result_reg[19]/C
                         clock pessimism              0.230    13.028    
                         clock uncertainty           -0.154    12.874    
    SLICE_X91Y11         FDRE (Setup_fdre_C_D)       -0.262    12.612    design_1_i/poly_mul4096_two_tower_parallel_axis_0/inst/lane0/core/forward_butterfly_lane_b/multiplier/result_reg[19]
  -------------------------------------------------------------------
                         required time                         12.612    
                         arrival time                         -12.308    
  -------------------------------------------------------------------
                         slack                                  0.303    

Slack (MET) :             0.315ns  (required time - arrival time)
  Source:                 design_1_i/poly_mul4096_two_tower_parallel_axis_0/inst/lane1/core/inverse_butterfly/multiplier/y_reg[1]/C
                            (rising edge-triggered cell FDRE clocked by clk_fpga_0  {rise@0.000ns fall@5.000ns period=10.000ns})
  Destination:            design_1_i/poly_mul4096_two_tower_parallel_axis_0/inst/lane1/core/inverse_butterfly/multiplier/result_reg[27]/D
                            (rising edge-triggered cell FDRE clocked by clk_fpga_0  {rise@0.000ns fall@5.000ns period=10.000ns})
  Path Group:             clk_fpga_0
  Path Type:              Setup (Max at Slow Process Corner)
  Requirement:            10.000ns  (clk_fpga_0 rise@10.000ns - clk_fpga_0 rise@0.000ns)
  Data Path Delay:        9.453ns  (logic 4.625ns (48.925%)  route 4.828ns (51.075%))
  Logic Levels:           16  (CARRY4=11 LUT2=1 LUT3=2 LUT5=1 LUT6=1)
  Clock Path Skew:        -0.017ns (DCD - SCD + CPR)
    Destination Clock Delay (DCD):    2.753ns = ( 12.753 - 10.000 ) 
    Source Clock Delay      (SCD):    3.037ns
    Clock Pessimism Removal (CPR):    0.267ns
  Clock Uncertainty:      0.154ns  ((TSJ^2 + TIJ^2)^1/2 + DJ) / 2 + PE
    Total System Jitter     (TSJ):    0.071ns
    Total Input Jitter      (TIJ):    0.300ns
    Discrete Jitter          (DJ):    0.000ns
    Phase Error              (PE):    0.000ns

    Location             Delay type                Incr(ns)  Path(ns)    Netlist Resource(s)
  -------------------------------------------------------------------    -------------------
                         (clock clk_fpga_0 rise edge)
                                                      0.000     0.000 r  
    PS7_X0Y0             PS7                          0.000     0.000 r  design_1_i/processing_system7_0/inst/PS7_i/FCLKCLK[0]
                         net (fo=1, routed)           1.193     1.193    design_1_i/processing_system7_0/inst/FCLK_CLK_unbuffered[0]
    BUFGCTRL_X0Y16       BUFG (Prop_bufg_I_O)         0.101     1.294 r  design_1_i/processing_system7_0/inst/buffer_fclk_clk_0.FCLK_CLK_0_BUFG/O
                         net (fo=11096, routed)       1.743     3.037    design_1_i/poly_mul4096_two_tower_parallel_axis_0/inst/lane1/core/inverse_butterfly/multiplier/clk
    SLICE_X13Y28         FDRE                                         r  design_1_i/poly_mul4096_two_tower_parallel_axis_0/inst/lane1/core/inverse_butterfly/multiplier/y_reg[1]/C
  -------------------------------------------------------------------    -------------------
    SLICE_X13Y28         FDRE (Prop_fdre_C_Q)         0.419     3.456 f  design_1_i/poly_mul4096_two_tower_parallel_axis_0/inst/lane1/core/inverse_butterfly/multiplier/y_reg[1]/Q
                         net (fo=66, routed)          0.818     4.274    design_1_i/poly_mul4096_two_tower_parallel_axis_0/inst/lane1/core/inverse_butterfly/multiplier/y_reg_n_0_[1]
    SLICE_X14Y27         LUT3 (Prop_lut3_I0_O)        0.297     4.571 r  design_1_i/poly_mul4096_two_tower_parallel_axis_0/inst/lane1/core/inverse_butterfly/multiplier/acc_minus_q1_carry_i_10__4/O
                         net (fo=1, routed)           0.000     4.571    design_1_i/poly_mul4096_two_tower_parallel_axis_0/inst/lane1/core/inverse_butterfly/multiplier/acc_minus_q1_carry_i_10__4_n_0
    SLICE_X14Y27         CARRY4 (Prop_carry4_S[0]_CO[3])
                                                      0.513     5.084 r  design_1_i/poly_mul4096_two_tower_parallel_axis_0/inst/lane1/core/inverse_butterfly/multiplier/acc_minus_q1_carry_i_6__4/CO[3]
                         net (fo=1, routed)           0.000     5.084    design_1_i/poly_mul4096_two_tower_parallel_axis_0/inst/lane1/core/inverse_butterfly/multiplier/acc_minus_q1_carry_i_6__4_n_0
    SLICE_X14Y28         CARRY4 (Prop_carry4_CI_CO[3])
                                                      0.117     5.201 r  design_1_i/poly_mul4096_two_tower_parallel_axis_0/inst/lane1/core/inverse_butterfly/multiplier/acc_minus_q1_carry__0_i_6__4/CO[3]
                         net (fo=1, routed)           0.000     5.201    design_1_i/poly_mul4096_two_tower_parallel_axis_0/inst/lane1/core/inverse_butterfly/multiplier/acc_minus_q1_carry__0_i_6__4_n_0
    SLICE_X14Y29         CARRY4 (Prop_carry4_CI_CO[3])
                                                      0.117     5.318 r  design_1_i/poly_mul4096_two_tower_parallel_axis_0/inst/lane1/core/inverse_butterfly/multiplier/acc_minus_q1_carry__1_i_6__4/CO[3]
                         net (fo=1, routed)           0.000     5.318    design_1_i/poly_mul4096_two_tower_parallel_axis_0/inst/lane1/core/inverse_butterfly/multiplier/acc_minus_q1_carry__1_i_6__4_n_0
    SLICE_X14Y30         CARRY4 (Prop_carry4_CI_O[3])
                                                      0.315     5.633 r  design_1_i/poly_mul4096_two_tower_parallel_axis_0/inst/lane1/core/inverse_butterfly/multiplier/acc_minus_q1_carry__2_i_6__4/O[3]
                         net (fo=1, routed)           0.639     6.272    design_1_i/poly_mul4096_two_tower_parallel_axis_0/inst/lane1/core/inverse_butterfly/multiplier/selected_raw1[15]
    SLICE_X15Y30         LUT5 (Prop_lut5_I4_O)        0.307     6.579 r  design_1_i/poly_mul4096_two_tower_parallel_axis_0/inst/lane1/core/inverse_butterfly/multiplier/acc_minus_q1_carry__2_i_2__4/O
                         net (fo=1, routed)           0.000     6.579    design_1_i/poly_mul4096_two_tower_parallel_axis_0/inst/lane1/core/inverse_butterfly/multiplier/acc_minus_q1_carry__2_i_2__4_n_0
    SLICE_X15Y30         CARRY4 (Prop_carry4_S[3]_CO[3])
                                                      0.401     6.980 r  design_1_i/poly_mul4096_two_tower_parallel_axis_0/inst/lane1/core/inverse_butterfly/multiplier/acc_minus_q1_carry__2_i_1__4/CO[3]
                         net (fo=1, routed)           0.000     6.980    design_1_i/poly_mul4096_two_tower_parallel_axis_0/inst/lane1/core/inverse_butterfly/multiplier/acc_minus_q1_carry__2_i_1__4_n_0
    SLICE_X15Y31         CARRY4 (Prop_carry4_CI_CO[3])
                                                      0.114     7.094 r  design_1_i/poly_mul4096_two_tower_parallel_axis_0/inst/lane1/core/inverse_butterfly/multiplier/acc_minus_q1_carry__3_i_1__4/CO[3]
                         net (fo=1, routed)           0.000     7.094    design_1_i/poly_mul4096_two_tower_parallel_axis_0/inst/lane1/core/inverse_butterfly/multiplier/acc_minus_q1_carry__3_i_1__4_n_0
    SLICE_X15Y32         CARRY4 (Prop_carry4_CI_CO[3])
                                                      0.114     7.208 r  design_1_i/poly_mul4096_two_tower_parallel_axis_0/inst/lane1/core/inverse_butterfly/multiplier/acc_minus_q1_carry__4_i_1__4/CO[3]
                         net (fo=1, routed)           0.000     7.208    design_1_i/poly_mul4096_two_tower_parallel_axis_0/inst/lane1/core/inverse_butterfly/multiplier/acc_minus_q1_carry__4_i_1__4_n_0
    SLICE_X15Y33         CARRY4 (Prop_carry4_CI_O[1])
                                                      0.334     7.542 r  design_1_i/poly_mul4096_two_tower_parallel_axis_0/inst/lane1/core/inverse_butterfly/multiplier/acc_minus_q1_carry__5_i_1__4/O[1]
                         net (fo=8, routed)           0.933     8.474    design_1_i/poly_mul4096_two_tower_parallel_axis_0/inst/lane1/core_n_979
    SLICE_X11Y31         LUT2 (Prop_lut2_I0_O)        0.303     8.777 r  design_1_i/poly_mul4096_two_tower_parallel_axis_0/inst/lane1/i___1086/O
                         net (fo=1, routed)           0.000     8.777    design_1_i/poly_mul4096_two_tower_parallel_axis_0/inst/lane1/core/inverse_butterfly/multiplier/result_reg[27]_0[1]
    SLICE_X11Y31         CARRY4 (Prop_carry4_S[1]_CO[3])
                                                      0.550     9.327 r  design_1_i/poly_mul4096_two_tower_parallel_axis_0/inst/lane1/core/inverse_butterfly/multiplier/acc_reg[27]_i_2__10/CO[3]
                         net (fo=1, routed)           0.000     9.327    design_1_i/poly_mul4096_two_tower_parallel_axis_0/inst/lane1/core/inverse_butterfly/multiplier/acc_reg[27]_i_2__10_n_0
    SLICE_X11Y32         CARRY4 (Prop_carry4_CI_CO[3])
                                                      0.114     9.441 r  design_1_i/poly_mul4096_two_tower_parallel_axis_0/inst/lane1/core/inverse_butterfly/multiplier/acc_reg[31]_i_4__4/CO[3]
                         net (fo=1, routed)           0.000     9.441    design_1_i/poly_mul4096_two_tower_parallel_axis_0/inst/lane1/core/inverse_butterfly/multiplier/acc_reg[31]_i_4__4_n_0
    SLICE_X11Y33         CARRY4 (Prop_carry4_CI_CO[1])
                                                      0.157     9.598 f  design_1_i/poly_mul4096_two_tower_parallel_axis_0/inst/lane1/core/inverse_butterfly/multiplier/acc_reg[31]_i_3__10/CO[1]
                         net (fo=63, routed)          1.207    10.805    design_1_i/poly_mul4096_two_tower_parallel_axis_0/inst/lane1/core/inverse_butterfly/multiplier/acc_reg[31]_i_3__10_n_2
    SLICE_X16Y33         LUT6 (Prop_lut6_I3_O)        0.329    11.134 r  design_1_i/poly_mul4096_two_tower_parallel_axis_0/inst/lane1/core/inverse_butterfly/multiplier/acc[27]_i_3__10/O
                         net (fo=1, routed)           0.561    11.695    design_1_i/poly_mul4096_two_tower_parallel_axis_0/inst/lane1/core/inverse_butterfly/multiplier/acc[27]_i_3__10_n_0
    SLICE_X13Y34         LUT3 (Prop_lut3_I2_O)        0.124    11.819 r  design_1_i/poly_mul4096_two_tower_parallel_axis_0/inst/lane1/core/inverse_butterfly/multiplier/acc[27]_i_1__10/O
                         net (fo=2, routed)           0.671    12.490    design_1_i/poly_mul4096_two_tower_parallel_axis_0/inst/lane1/core/inverse_butterfly/multiplier/next_acc[27]
    SLICE_X13Y34         FDRE                                         r  design_1_i/poly_mul4096_two_tower_parallel_axis_0/inst/lane1/core/inverse_butterfly/multiplier/result_reg[27]/D
  -------------------------------------------------------------------    -------------------

                         (clock clk_fpga_0 rise edge)
                                                     10.000    10.000 r  
    PS7_X0Y0             PS7                          0.000    10.000 r  design_1_i/processing_system7_0/inst/PS7_i/FCLKCLK[0]
                         net (fo=1, routed)           1.088    11.088    design_1_i/processing_system7_0/inst/FCLK_CLK_unbuffered[0]
    BUFGCTRL_X0Y16       BUFG (Prop_bufg_I_O)         0.091    11.179 r  design_1_i/processing_system7_0/inst/buffer_fclk_clk_0.FCLK_CLK_0_BUFG/O
                         net (fo=11096, routed)       1.574    12.753    design_1_i/poly_mul4096_two_tower_parallel_axis_0/inst/lane1/core/inverse_butterfly/multiplier/clk
    SLICE_X13Y34         FDRE                                         r  design_1_i/poly_mul4096_two_tower_parallel_axis_0/inst/lane1/core/inverse_butterfly/multiplier/result_reg[27]/C
                         clock pessimism              0.267    13.020    
                         clock uncertainty           -0.154    12.866    
    SLICE_X13Y34         FDRE (Setup_fdre_C_D)       -0.061    12.805    design_1_i/poly_mul4096_two_tower_parallel_axis_0/inst/lane1/core/inverse_butterfly/multiplier/result_reg[27]
  -------------------------------------------------------------------
                         required time                         12.805    
                         arrival time                         -12.490    
  -------------------------------------------------------------------
                         slack                                  0.315    

Slack (MET) :             0.317ns  (required time - arrival time)
  Source:                 design_1_i/poly_mul4096_two_tower_parallel_axis_0/inst/lane1/core/inverse_butterfly/multiplier/y_reg[1]/C
                            (rising edge-triggered cell FDRE clocked by clk_fpga_0  {rise@0.000ns fall@5.000ns period=10.000ns})
  Destination:            design_1_i/poly_mul4096_two_tower_parallel_axis_0/inst/lane1/core/inverse_butterfly/multiplier/result_reg[9]/D
                            (rising edge-triggered cell FDRE clocked by clk_fpga_0  {rise@0.000ns fall@5.000ns period=10.000ns})
  Path Group:             clk_fpga_0
  Path Type:              Setup (Max at Slow Process Corner)
  Requirement:            10.000ns  (clk_fpga_0 rise@10.000ns - clk_fpga_0 rise@0.000ns)
  Data Path Delay:        9.236ns  (logic 4.649ns (50.334%)  route 4.587ns (49.666%))
  Logic Levels:           16  (CARRY4=11 LUT2=1 LUT3=2 LUT5=1 LUT6=1)
  Clock Path Skew:        -0.061ns (DCD - SCD + CPR)
    Destination Clock Delay (DCD):    2.747ns = ( 12.747 - 10.000 ) 
    Source Clock Delay      (SCD):    3.037ns
    Clock Pessimism Removal (CPR):    0.230ns
  Clock Uncertainty:      0.154ns  ((TSJ^2 + TIJ^2)^1/2 + DJ) / 2 + PE
    Total System Jitter     (TSJ):    0.071ns
    Total Input Jitter      (TIJ):    0.300ns
    Discrete Jitter          (DJ):    0.000ns
    Phase Error              (PE):    0.000ns

    Location             Delay type                Incr(ns)  Path(ns)    Netlist Resource(s)
  -------------------------------------------------------------------    -------------------
                         (clock clk_fpga_0 rise edge)
                                                      0.000     0.000 r  
    PS7_X0Y0             PS7                          0.000     0.000 r  design_1_i/processing_system7_0/inst/PS7_i/FCLKCLK[0]
                         net (fo=1, routed)           1.193     1.193    design_1_i/processing_system7_0/inst/FCLK_CLK_unbuffered[0]
    BUFGCTRL_X0Y16       BUFG (Prop_bufg_I_O)         0.101     1.294 r  design_1_i/processing_system7_0/inst/buffer_fclk_clk_0.FCLK_CLK_0_BUFG/O
                         net (fo=11096, routed)       1.743     3.037    design_1_i/poly_mul4096_two_tower_parallel_axis_0/inst/lane1/core/inverse_butterfly/multiplier/clk
    SLICE_X13Y28         FDRE                                         r  design_1_i/poly_mul4096_two_tower_parallel_axis_0/inst/lane1/core/inverse_butterfly/multiplier/y_reg[1]/C
  -------------------------------------------------------------------    -------------------
    SLICE_X13Y28         FDRE (Prop_fdre_C_Q)         0.419     3.456 f  design_1_i/poly_mul4096_two_tower_parallel_axis_0/inst/lane1/core/inverse_butterfly/multiplier/y_reg[1]/Q
                         net (fo=66, routed)          0.818     4.274    design_1_i/poly_mul4096_two_tower_parallel_axis_0/inst/lane1/core/inverse_butterfly/multiplier/y_reg_n_0_[1]
    SLICE_X14Y27         LUT3 (Prop_lut3_I0_O)        0.297     4.571 r  design_1_i/poly_mul4096_two_tower_parallel_axis_0/inst/lane1/core/inverse_butterfly/multiplier/acc_minus_q1_carry_i_10__4/O
                         net (fo=1, routed)           0.000     4.571    design_1_i/poly_mul4096_two_tower_parallel_axis_0/inst/lane1/core/inverse_butterfly/multiplier/acc_minus_q1_carry_i_10__4_n_0
    SLICE_X14Y27         CARRY4 (Prop_carry4_S[0]_CO[3])
                                                      0.513     5.084 r  design_1_i/poly_mul4096_two_tower_parallel_axis_0/inst/lane1/core/inverse_butterfly/multiplier/acc_minus_q1_carry_i_6__4/CO[3]
                         net (fo=1, routed)           0.000     5.084    design_1_i/poly_mul4096_two_tower_parallel_axis_0/inst/lane1/core/inverse_butterfly/multiplier/acc_minus_q1_carry_i_6__4_n_0
    SLICE_X14Y28         CARRY4 (Prop_carry4_CI_CO[3])
                                                      0.117     5.201 r  design_1_i/poly_mul4096_two_tower_parallel_axis_0/inst/lane1/core/inverse_butterfly/multiplier/acc_minus_q1_carry__0_i_6__4/CO[3]
                         net (fo=1, routed)           0.000     5.201    design_1_i/poly_mul4096_two_tower_parallel_axis_0/inst/lane1/core/inverse_butterfly/multiplier/acc_minus_q1_carry__0_i_6__4_n_0
    SLICE_X14Y29         CARRY4 (Prop_carry4_CI_CO[3])
                                                      0.117     5.318 r  design_1_i/poly_mul4096_two_tower_parallel_axis_0/inst/lane1/core/inverse_butterfly/multiplier/acc_minus_q1_carry__1_i_6__4/CO[3]
                         net (fo=1, routed)           0.000     5.318    design_1_i/poly_mul4096_two_tower_parallel_axis_0/inst/lane1/core/inverse_butterfly/multiplier/acc_minus_q1_carry__1_i_6__4_n_0
    SLICE_X14Y30         CARRY4 (Prop_carry4_CI_O[3])
                                                      0.315     5.633 r  design_1_i/poly_mul4096_two_tower_parallel_axis_0/inst/lane1/core/inverse_butterfly/multiplier/acc_minus_q1_carry__2_i_6__4/O[3]
                         net (fo=1, routed)           0.639     6.272    design_1_i/poly_mul4096_two_tower_parallel_axis_0/inst/lane1/core/inverse_butterfly/multiplier/selected_raw1[15]
    SLICE_X15Y30         LUT5 (Prop_lut5_I4_O)        0.307     6.579 r  design_1_i/poly_mul4096_two_tower_parallel_axis_0/inst/lane1/core/inverse_butterfly/multiplier/acc_minus_q1_carry__2_i_2__4/O
                         net (fo=1, routed)           0.000     6.579    design_1_i/poly_mul4096_two_tower_parallel_axis_0/inst/lane1/core/inverse_butterfly/multiplier/acc_minus_q1_carry__2_i_2__4_n_0
    SLICE_X15Y30         CARRY4 (Prop_carry4_S[3]_CO[3])
                                                      0.401     6.980 r  design_1_i/poly_mul4096_two_tower_parallel_axis_0/inst/lane1/core/inverse_butterfly/multiplier/acc_minus_q1_carry__2_i_1__4/CO[3]
                         net (fo=1, routed)           0.000     6.980    design_1_i/poly_mul4096_two_tower_parallel_axis_0/inst/lane1/core/inverse_butterfly/multiplier/acc_minus_q1_carry__2_i_1__4_n_0
    SLICE_X15Y31         CARRY4 (Prop_carry4_CI_CO[3])
                                                      0.114     7.094 r  design_1_i/poly_mul4096_two_tower_parallel_axis_0/inst/lane1/core/inverse_butterfly/multiplier/acc_minus_q1_carry__3_i_1__4/CO[3]
                         net (fo=1, routed)           0.000     7.094    design_1_i/poly_mul4096_two_tower_parallel_axis_0/inst/lane1/core/inverse_butterfly/multiplier/acc_minus_q1_carry__3_i_1__4_n_0
    SLICE_X15Y32         CARRY4 (Prop_carry4_CI_CO[3])
                                                      0.114     7.208 r  design_1_i/poly_mul4096_two_tower_parallel_axis_0/inst/lane1/core/inverse_butterfly/multiplier/acc_minus_q1_carry__4_i_1__4/CO[3]
                         net (fo=1, routed)           0.000     7.208    design_1_i/poly_mul4096_two_tower_parallel_axis_0/inst/lane1/core/inverse_butterfly/multiplier/acc_minus_q1_carry__4_i_1__4_n_0
    SLICE_X15Y33         CARRY4 (Prop_carry4_CI_O[1])
                                                      0.334     7.542 r  design_1_i/poly_mul4096_two_tower_parallel_axis_0/inst/lane1/core/inverse_butterfly/multiplier/acc_minus_q1_carry__5_i_1__4/O[1]
                         net (fo=8, routed)           0.933     8.474    design_1_i/poly_mul4096_two_tower_parallel_axis_0/inst/lane1/core_n_979
    SLICE_X11Y31         LUT2 (Prop_lut2_I0_O)        0.303     8.777 r  design_1_i/poly_mul4096_two_tower_parallel_axis_0/inst/lane1/i___1086/O
                         net (fo=1, routed)           0.000     8.777    design_1_i/poly_mul4096_two_tower_parallel_axis_0/inst/lane1/core/inverse_butterfly/multiplier/result_reg[27]_0[1]
    SLICE_X11Y31         CARRY4 (Prop_carry4_S[1]_CO[3])
                                                      0.550     9.327 r  design_1_i/poly_mul4096_two_tower_parallel_axis_0/inst/lane1/core/inverse_butterfly/multiplier/acc_reg[27]_i_2__10/CO[3]
                         net (fo=1, routed)           0.000     9.327    design_1_i/poly_mul4096_two_tower_parallel_axis_0/inst/lane1/core/inverse_butterfly/multiplier/acc_reg[27]_i_2__10_n_0
    SLICE_X11Y32         CARRY4 (Prop_carry4_CI_CO[3])
                                                      0.114     9.441 r  design_1_i/poly_mul4096_two_tower_parallel_axis_0/inst/lane1/core/inverse_butterfly/multiplier/acc_reg[31]_i_4__4/CO[3]
                         net (fo=1, routed)           0.000     9.441    design_1_i/poly_mul4096_two_tower_parallel_axis_0/inst/lane1/core/inverse_butterfly/multiplier/acc_reg[31]_i_4__4_n_0
    SLICE_X11Y33         CARRY4 (Prop_carry4_CI_CO[1])
                                                      0.157     9.598 f  design_1_i/poly_mul4096_two_tower_parallel_axis_0/inst/lane1/core/inverse_butterfly/multiplier/acc_reg[31]_i_3__10/CO[1]
                         net (fo=63, routed)          0.973    10.572    design_1_i/poly_mul4096_two_tower_parallel_axis_0/inst/lane1/core/inverse_butterfly/multiplier/acc_reg[31]_i_3__10_n_2
    SLICE_X9Y33          LUT6 (Prop_lut6_I3_O)        0.329    10.901 r  design_1_i/poly_mul4096_two_tower_parallel_axis_0/inst/lane1/core/inverse_butterfly/multiplier/acc[9]_i_2__10/O
                         net (fo=1, routed)           0.875    11.775    design_1_i/poly_mul4096_two_tower_parallel_axis_0/inst/lane1/core/inverse_butterfly/multiplier/acc[9]_i_2__10_n_0
    SLICE_X10Y28         LUT3 (Prop_lut3_I2_O)        0.148    11.923 r  design_1_i/poly_mul4096_two_tower_parallel_axis_0/inst/lane1/core/inverse_butterfly/multiplier/acc[9]_i_1__10/O
                         net (fo=2, routed)           0.350    12.273    design_1_i/poly_mul4096_two_tower_parallel_axis_0/inst/lane1/core/inverse_butterfly/multiplier/next_acc[9]
    SLICE_X10Y27         FDRE                                         r  design_1_i/poly_mul4096_two_tower_parallel_axis_0/inst/lane1/core/inverse_butterfly/multiplier/result_reg[9]/D
  -------------------------------------------------------------------    -------------------

                         (clock clk_fpga_0 rise edge)
                                                     10.000    10.000 r  
    PS7_X0Y0             PS7                          0.000    10.000 r  design_1_i/processing_system7_0/inst/PS7_i/FCLKCLK[0]
                         net (fo=1, routed)           1.088    11.088    design_1_i/processing_system7_0/inst/FCLK_CLK_unbuffered[0]
    BUFGCTRL_X0Y16       BUFG (Prop_bufg_I_O)         0.091    11.179 r  design_1_i/processing_system7_0/inst/buffer_fclk_clk_0.FCLK_CLK_0_BUFG/O
                         net (fo=11096, routed)       1.567    12.747    design_1_i/poly_mul4096_two_tower_parallel_axis_0/inst/lane1/core/inverse_butterfly/multiplier/clk
    SLICE_X10Y27         FDRE                                         r  design_1_i/poly_mul4096_two_tower_parallel_axis_0/inst/lane1/core/inverse_butterfly/multiplier/result_reg[9]/C
                         clock pessimism              0.230    12.976    
                         clock uncertainty           -0.154    12.822    
    SLICE_X10Y27         FDRE (Setup_fdre_C_D)       -0.232    12.590    design_1_i/poly_mul4096_two_tower_parallel_axis_0/inst/lane1/core/inverse_butterfly/multiplier/result_reg[9]
  -------------------------------------------------------------------
                         required time                         12.590    
                         arrival time                         -12.273    
  -------------------------------------------------------------------
                         slack                                  0.317    

Slack (MET) :             0.317ns  (required time - arrival time)
  Source:                 design_1_i/poly_mul4096_two_tower_parallel_axis_0/inst/lane1/core/preprocessing_lane_b/y_reg[1]/C
                            (rising edge-triggered cell FDRE clocked by clk_fpga_0  {rise@0.000ns fall@5.000ns period=10.000ns})
  Destination:            design_1_i/poly_mul4096_two_tower_parallel_axis_0/inst/lane1/core/preprocessing_lane_b/result_reg[19]/D
                            (rising edge-triggered cell FDRE clocked by clk_fpga_0  {rise@0.000ns fall@5.000ns period=10.000ns})
  Path Group:             clk_fpga_0
  Path Type:              Setup (Max at Slow Process Corner)
  Requirement:            10.000ns  (clk_fpga_0 rise@10.000ns - clk_fpga_0 rise@0.000ns)
  Data Path Delay:        9.219ns  (logic 4.712ns (51.111%)  route 4.507ns (48.889%))
  Logic Levels:           15  (CARRY4=10 LUT3=1 LUT4=2 LUT5=2)
  Clock Path Skew:        -0.065ns (DCD - SCD + CPR)
    Destination Clock Delay (DCD):    2.750ns = ( 12.750 - 10.000 ) 
    Source Clock Delay      (SCD):    3.044ns
    Clock Pessimism Removal (CPR):    0.230ns
  Clock Uncertainty:      0.154ns  ((TSJ^2 + TIJ^2)^1/2 + DJ) / 2 + PE
    Total System Jitter     (TSJ):    0.071ns
    Total Input Jitter      (TIJ):    0.300ns
    Discrete Jitter          (DJ):    0.000ns
    Phase Error              (PE):    0.000ns

    Location             Delay type                Incr(ns)  Path(ns)    Netlist Resource(s)
  -------------------------------------------------------------------    -------------------
                         (clock clk_fpga_0 rise edge)
                                                      0.000     0.000 r  
    PS7_X0Y0             PS7                          0.000     0.000 r  design_1_i/processing_system7_0/inst/PS7_i/FCLKCLK[0]
                         net (fo=1, routed)           1.193     1.193    design_1_i/processing_system7_0/inst/FCLK_CLK_unbuffered[0]
    BUFGCTRL_X0Y16       BUFG (Prop_bufg_I_O)         0.101     1.294 r  design_1_i/processing_system7_0/inst/buffer_fclk_clk_0.FCLK_CLK_0_BUFG/O
                         net (fo=11096, routed)       1.750     3.044    design_1_i/poly_mul4096_two_tower_parallel_axis_0/inst/lane1/core/preprocessing_lane_b/clk
    SLICE_X25Y2          FDRE                                         r  design_1_i/poly_mul4096_two_tower_parallel_axis_0/inst/lane1/core/preprocessing_lane_b/y_reg[1]/C
  -------------------------------------------------------------------    -------------------
    SLICE_X25Y2          FDRE (Prop_fdre_C_Q)         0.419     3.463 r  design_1_i/poly_mul4096_two_tower_parallel_axis_0/inst/lane1/core/preprocessing_lane_b/y_reg[1]/Q
                         net (fo=66, routed)          1.064     4.527    design_1_i/poly_mul4096_two_tower_parallel_axis_0/inst/lane1/core/preprocessing_lane_b/y_reg_n_0_[1]
    SLICE_X26Y4          LUT4 (Prop_lut4_I0_O)        0.299     4.826 r  design_1_i/poly_mul4096_two_tower_parallel_axis_0/inst/lane1/core/preprocessing_lane_b/i___190_i_10__0/O
                         net (fo=1, routed)           0.000     4.826    design_1_i/poly_mul4096_two_tower_parallel_axis_0/inst/lane1/core/preprocessing_lane_b/i___190_i_10__0_n_0
    SLICE_X26Y4          CARRY4 (Prop_carry4_S[0]_CO[3])
                                                      0.513     5.339 r  design_1_i/poly_mul4096_two_tower_parallel_axis_0/inst/lane1/core/preprocessing_lane_b/i___190_i_6__0/CO[3]
                         net (fo=1, routed)           0.000     5.339    design_1_i/poly_mul4096_two_tower_parallel_axis_0/inst/lane1/core/preprocessing_lane_b/i___190_i_6__0_n_0
    SLICE_X26Y5          CARRY4 (Prop_carry4_CI_CO[3])
                                                      0.117     5.456 r  design_1_i/poly_mul4096_two_tower_parallel_axis_0/inst/lane1/core/preprocessing_lane_b/i___202_i_6__0/CO[3]
                         net (fo=1, routed)           0.000     5.456    design_1_i/poly_mul4096_two_tower_parallel_axis_0/inst/lane1/core/preprocessing_lane_b/i___202_i_6__0_n_0
    SLICE_X26Y6          CARRY4 (Prop_carry4_CI_O[0])
                                                      0.219     5.675 r  design_1_i/poly_mul4096_two_tower_parallel_axis_0/inst/lane1/core/preprocessing_lane_b/i___214_i_6__0/O[0]
                         net (fo=1, routed)           0.567     6.242    design_1_i/poly_mul4096_two_tower_parallel_axis_0/inst/lane1/core/preprocessing_lane_b/selected_raw1[12]
    SLICE_X28Y6          LUT5 (Prop_lut5_I4_O)        0.295     6.537 r  design_1_i/poly_mul4096_two_tower_parallel_axis_0/inst/lane1/core/preprocessing_lane_b/i___214_i_5__0/O
                         net (fo=1, routed)           0.000     6.537    design_1_i/poly_mul4096_two_tower_parallel_axis_0/inst/lane1/core/preprocessing_lane_b/i___214_i_5__0_n_0
    SLICE_X28Y6          CARRY4 (Prop_carry4_S[0]_CO[3])
                                                      0.532     7.069 r  design_1_i/poly_mul4096_two_tower_parallel_axis_0/inst/lane1/core/preprocessing_lane_b/i___214_i_1__0/CO[3]
                         net (fo=1, routed)           0.000     7.069    design_1_i/poly_mul4096_two_tower_parallel_axis_0/inst/lane1/core/preprocessing_lane_b/i___214_i_1__0_n_0
    SLICE_X28Y7          CARRY4 (Prop_carry4_CI_CO[3])
                                                      0.114     7.183 r  design_1_i/poly_mul4096_two_tower_parallel_axis_0/inst/lane1/core/preprocessing_lane_b/i___226_i_1__0/CO[3]
                         net (fo=1, routed)           0.000     7.183    design_1_i/poly_mul4096_two_tower_parallel_axis_0/inst/lane1/core/preprocessing_lane_b/i___226_i_1__0_n_0
    SLICE_X28Y8          CARRY4 (Prop_carry4_CI_CO[3])
                                                      0.114     7.297 r  design_1_i/poly_mul4096_two_tower_parallel_axis_0/inst/lane1/core/preprocessing_lane_b/i___238_i_1__0/CO[3]
                         net (fo=1, routed)           0.000     7.297    design_1_i/poly_mul4096_two_tower_parallel_axis_0/inst/lane1/core/preprocessing_lane_b/i___238_i_1__0_n_0
    SLICE_X28Y9          CARRY4 (Prop_carry4_CI_CO[3])
                                                      0.114     7.411 r  design_1_i/poly_mul4096_two_tower_parallel_axis_0/inst/lane1/core/preprocessing_lane_b/i___250_i_1__0/CO[3]
                         net (fo=1, routed)           0.000     7.411    design_1_i/poly_mul4096_two_tower_parallel_axis_0/inst/lane1/core/preprocessing_lane_b/i___250_i_1__0_n_0
    SLICE_X28Y10         CARRY4 (Prop_carry4_CI_O[1])
                                                      0.334     7.745 r  design_1_i/poly_mul4096_two_tower_parallel_axis_0/inst/lane1/core/preprocessing_lane_b/i___262_i_1__0/O[1]
                         net (fo=8, routed)           0.763     8.508    design_1_i/poly_mul4096_two_tower_parallel_axis_0/inst/lane1/core/preprocessing_lane_b/acc_reg[31]_0[1]
    SLICE_X29Y9          LUT4 (Prop_lut4_I1_O)        0.303     8.811 r  design_1_i/poly_mul4096_two_tower_parallel_axis_0/inst/lane1/core/preprocessing_lane_b/acc[31]_i_13__3/O
                         net (fo=1, routed)           0.000     8.811    design_1_i/poly_mul4096_two_tower_parallel_axis_0/inst/lane1/core/preprocessing_lane_b/acc[31]_i_13__3_n_0
    SLICE_X29Y9          CARRY4 (Prop_carry4_S[1]_CO[3])
                                                      0.550     9.361 r  design_1_i/poly_mul4096_two_tower_parallel_axis_0/inst/lane1/core/preprocessing_lane_b/acc_reg[31]_i_6__3/CO[3]
                         net (fo=1, routed)           0.000     9.361    design_1_i/poly_mul4096_two_tower_parallel_axis_0/inst/lane1/core/preprocessing_lane_b/acc_reg[31]_i_6__3_n_0
    SLICE_X29Y10         CARRY4 (Prop_carry4_CI_O[1])
                                                      0.334     9.695 r  design_1_i/poly_mul4096_two_tower_parallel_axis_0/inst/lane1/core/preprocessing_lane_b/acc_reg[0]_i_2__3/O[1]
                         net (fo=32, routed)          0.917    10.612    design_1_i/poly_mul4096_two_tower_parallel_axis_0/inst/lane1/core/preprocessing_lane_b/acc_reg[0]_i_2__3_n_6
    SLICE_X31Y7          LUT5 (Prop_lut5_I3_O)        0.303    10.915 r  design_1_i/poly_mul4096_two_tower_parallel_axis_0/inst/lane1/core/preprocessing_lane_b/acc[19]_i_3__6/O
                         net (fo=1, routed)           0.846    11.761    design_1_i/poly_mul4096_two_tower_parallel_axis_0/inst/lane1/core/preprocessing_lane_b/acc[19]_i_3__6_n_0
    SLICE_X31Y7          LUT3 (Prop_lut3_I2_O)        0.152    11.913 r  design_1_i/poly_mul4096_two_tower_parallel_axis_0/inst/lane1/core/preprocessing_lane_b/acc[19]_i_1__6/O
                         net (fo=2, routed)           0.350    12.263    design_1_i/poly_mul4096_two_tower_parallel_axis_0/inst/lane1/core/preprocessing_lane_b/next_acc[19]
    SLICE_X31Y8          FDRE                                         r  design_1_i/poly_mul4096_two_tower_parallel_axis_0/inst/lane1/core/preprocessing_lane_b/result_reg[19]/D
  -------------------------------------------------------------------    -------------------

                         (clock clk_fpga_0 rise edge)
                                                     10.000    10.000 r  
    PS7_X0Y0             PS7                          0.000    10.000 r  design_1_i/processing_system7_0/inst/PS7_i/FCLKCLK[0]
                         net (fo=1, routed)           1.088    11.088    design_1_i/processing_system7_0/inst/FCLK_CLK_unbuffered[0]
    BUFGCTRL_X0Y16       BUFG (Prop_bufg_I_O)         0.091    11.179 r  design_1_i/processing_system7_0/inst/buffer_fclk_clk_0.FCLK_CLK_0_BUFG/O
                         net (fo=11096, routed)       1.570    12.750    design_1_i/poly_mul4096_two_tower_parallel_axis_0/inst/lane1/core/preprocessing_lane_b/clk
    SLICE_X31Y8          FDRE                                         r  design_1_i/poly_mul4096_two_tower_parallel_axis_0/inst/lane1/core/preprocessing_lane_b/result_reg[19]/C
                         clock pessimism              0.230    12.979    
                         clock uncertainty           -0.154    12.825    
    SLICE_X31Y8          FDRE (Setup_fdre_C_D)       -0.245    12.580    design_1_i/poly_mul4096_two_tower_parallel_axis_0/inst/lane1/core/preprocessing_lane_b/result_reg[19]
  -------------------------------------------------------------------
                         required time                         12.580    
                         arrival time                         -12.263    
  -------------------------------------------------------------------
                         slack                                  0.317    

Slack (MET) :             0.319ns  (required time - arrival time)
  Source:                 design_1_i/poly_mul4096_two_tower_parallel_axis_0/inst/lane1/core/inverse_butterfly/multiplier/y_reg[1]/C
                            (rising edge-triggered cell FDRE clocked by clk_fpga_0  {rise@0.000ns fall@5.000ns period=10.000ns})
  Destination:            design_1_i/poly_mul4096_two_tower_parallel_axis_0/inst/lane1/core/inverse_butterfly/multiplier/acc_reg[9]/D
                            (rising edge-triggered cell FDRE clocked by clk_fpga_0  {rise@0.000ns fall@5.000ns period=10.000ns})
  Path Group:             clk_fpga_0
  Path Type:              Setup (Max at Slow Process Corner)
  Requirement:            10.000ns  (clk_fpga_0 rise@10.000ns - clk_fpga_0 rise@0.000ns)
  Data Path Delay:        9.235ns  (logic 4.649ns (50.339%)  route 4.586ns (49.660%))
  Logic Levels:           16  (CARRY4=11 LUT2=1 LUT3=2 LUT5=1 LUT6=1)
  Clock Path Skew:        -0.058ns (DCD - SCD + CPR)
    Destination Clock Delay (DCD):    2.750ns = ( 12.750 - 10.000 ) 
    Source Clock Delay      (SCD):    3.037ns
    Clock Pessimism Removal (CPR):    0.230ns
  Clock Uncertainty:      0.154ns  ((TSJ^2 + TIJ^2)^1/2 + DJ) / 2 + PE
    Total System Jitter     (TSJ):    0.071ns
    Total Input Jitter      (TIJ):    0.300ns
    Discrete Jitter          (DJ):    0.000ns
    Phase Error              (PE):    0.000ns

    Location             Delay type                Incr(ns)  Path(ns)    Netlist Resource(s)
  -------------------------------------------------------------------    -------------------
                         (clock clk_fpga_0 rise edge)
                                                      0.000     0.000 r  
    PS7_X0Y0             PS7                          0.000     0.000 r  design_1_i/processing_system7_0/inst/PS7_i/FCLKCLK[0]
                         net (fo=1, routed)           1.193     1.193    design_1_i/processing_system7_0/inst/FCLK_CLK_unbuffered[0]
    BUFGCTRL_X0Y16       BUFG (Prop_bufg_I_O)         0.101     1.294 r  design_1_i/processing_system7_0/inst/buffer_fclk_clk_0.FCLK_CLK_0_BUFG/O
                         net (fo=11096, routed)       1.743     3.037    design_1_i/poly_mul4096_two_tower_parallel_axis_0/inst/lane1/core/inverse_butterfly/multiplier/clk
    SLICE_X13Y28         FDRE                                         r  design_1_i/poly_mul4096_two_tower_parallel_axis_0/inst/lane1/core/inverse_butterfly/multiplier/y_reg[1]/C
  -------------------------------------------------------------------    -------------------
    SLICE_X13Y28         FDRE (Prop_fdre_C_Q)         0.419     3.456 f  design_1_i/poly_mul4096_two_tower_parallel_axis_0/inst/lane1/core/inverse_butterfly/multiplier/y_reg[1]/Q
                         net (fo=66, routed)          0.818     4.274    design_1_i/poly_mul4096_two_tower_parallel_axis_0/inst/lane1/core/inverse_butterfly/multiplier/y_reg_n_0_[1]
    SLICE_X14Y27         LUT3 (Prop_lut3_I0_O)        0.297     4.571 r  design_1_i/poly_mul4096_two_tower_parallel_axis_0/inst/lane1/core/inverse_butterfly/multiplier/acc_minus_q1_carry_i_10__4/O
                         net (fo=1, routed)           0.000     4.571    design_1_i/poly_mul4096_two_tower_parallel_axis_0/inst/lane1/core/inverse_butterfly/multiplier/acc_minus_q1_carry_i_10__4_n_0
    SLICE_X14Y27         CARRY4 (Prop_carry4_S[0]_CO[3])
                                                      0.513     5.084 r  design_1_i/poly_mul4096_two_tower_parallel_axis_0/inst/lane1/core/inverse_butterfly/multiplier/acc_minus_q1_carry_i_6__4/CO[3]
                         net (fo=1, routed)           0.000     5.084    design_1_i/poly_mul4096_two_tower_parallel_axis_0/inst/lane1/core/inverse_butterfly/multiplier/acc_minus_q1_carry_i_6__4_n_0
    SLICE_X14Y28         CARRY4 (Prop_carry4_CI_CO[3])
                                                      0.117     5.201 r  design_1_i/poly_mul4096_two_tower_parallel_axis_0/inst/lane1/core/inverse_butterfly/multiplier/acc_minus_q1_carry__0_i_6__4/CO[3]
                         net (fo=1, routed)           0.000     5.201    design_1_i/poly_mul4096_two_tower_parallel_axis_0/inst/lane1/core/inverse_butterfly/multiplier/acc_minus_q1_carry__0_i_6__4_n_0
    SLICE_X14Y29         CARRY4 (Prop_carry4_CI_CO[3])
                                                      0.117     5.318 r  design_1_i/poly_mul4096_two_tower_parallel_axis_0/inst/lane1/core/inverse_butterfly/multiplier/acc_minus_q1_carry__1_i_6__4/CO[3]
                         net (fo=1, routed)           0.000     5.318    design_1_i/poly_mul4096_two_tower_parallel_axis_0/inst/lane1/core/inverse_butterfly/multiplier/acc_minus_q1_carry__1_i_6__4_n_0
    SLICE_X14Y30         CARRY4 (Prop_carry4_CI_O[3])
                                                      0.315     5.633 r  design_1_i/poly_mul4096_two_tower_parallel_axis_0/inst/lane1/core/inverse_butterfly/multiplier/acc_minus_q1_carry__2_i_6__4/O[3]
                         net (fo=1, routed)           0.639     6.272    design_1_i/poly_mul4096_two_tower_parallel_axis_0/inst/lane1/core/inverse_butterfly/multiplier/selected_raw1[15]
    SLICE_X15Y30         LUT5 (Prop_lut5_I4_O)        0.307     6.579 r  design_1_i/poly_mul4096_two_tower_parallel_axis_0/inst/lane1/core/inverse_butterfly/multiplier/acc_minus_q1_carry__2_i_2__4/O
                         net (fo=1, routed)           0.000     6.579    design_1_i/poly_mul4096_two_tower_parallel_axis_0/inst/lane1/core/inverse_butterfly/multiplier/acc_minus_q1_carry__2_i_2__4_n_0
    SLICE_X15Y30         CARRY4 (Prop_carry4_S[3]_CO[3])
                                                      0.401     6.980 r  design_1_i/poly_mul4096_two_tower_parallel_axis_0/inst/lane1/core/inverse_butterfly/multiplier/acc_minus_q1_carry__2_i_1__4/CO[3]
                         net (fo=1, routed)           0.000     6.980    design_1_i/poly_mul4096_two_tower_parallel_axis_0/inst/lane1/core/inverse_butterfly/multiplier/acc_minus_q1_carry__2_i_1__4_n_0
    SLICE_X15Y31         CARRY4 (Prop_carry4_CI_CO[3])
                                                      0.114     7.094 r  design_1_i/poly_mul4096_two_tower_parallel_axis_0/inst/lane1/core/inverse_butterfly/multiplier/acc_minus_q1_carry__3_i_1__4/CO[3]
                         net (fo=1, routed)           0.000     7.094    design_1_i/poly_mul4096_two_tower_parallel_axis_0/inst/lane1/core/inverse_butterfly/multiplier/acc_minus_q1_carry__3_i_1__4_n_0
    SLICE_X15Y32         CARRY4 (Prop_carry4_CI_CO[3])
                                                      0.114     7.208 r  design_1_i/poly_mul4096_two_tower_parallel_axis_0/inst/lane1/core/inverse_butterfly/multiplier/acc_minus_q1_carry__4_i_1__4/CO[3]
                         net (fo=1, routed)           0.000     7.208    design_1_i/poly_mul4096_two_tower_parallel_axis_0/inst/lane1/core/inverse_butterfly/multiplier/acc_minus_q1_carry__4_i_1__4_n_0
    SLICE_X15Y33         CARRY4 (Prop_carry4_CI_O[1])
                                                      0.334     7.542 r  design_1_i/poly_mul4096_two_tower_parallel_axis_0/inst/lane1/core/inverse_butterfly/multiplier/acc_minus_q1_carry__5_i_1__4/O[1]
                         net (fo=8, routed)           0.933     8.474    design_1_i/poly_mul4096_two_tower_parallel_axis_0/inst/lane1/core_n_979
    SLICE_X11Y31         LUT2 (Prop_lut2_I0_O)        0.303     8.777 r  design_1_i/poly_mul4096_two_tower_parallel_axis_0/inst/lane1/i___1086/O
                         net (fo=1, routed)           0.000     8.777    design_1_i/poly_mul4096_two_tower_parallel_axis_0/inst/lane1/core/inverse_butterfly/multiplier/result_reg[27]_0[1]
    SLICE_X11Y31         CARRY4 (Prop_carry4_S[1]_CO[3])
                                                      0.550     9.327 r  design_1_i/poly_mul4096_two_tower_parallel_axis_0/inst/lane1/core/inverse_butterfly/multiplier/acc_reg[27]_i_2__10/CO[3]
                         net (fo=1, routed)           0.000     9.327    design_1_i/poly_mul4096_two_tower_parallel_axis_0/inst/lane1/core/inverse_butterfly/multiplier/acc_reg[27]_i_2__10_n_0
    SLICE_X11Y32         CARRY4 (Prop_carry4_CI_CO[3])
                                                      0.114     9.441 r  design_1_i/poly_mul4096_two_tower_parallel_axis_0/inst/lane1/core/inverse_butterfly/multiplier/acc_reg[31]_i_4__4/CO[3]
                         net (fo=1, routed)           0.000     9.441    design_1_i/poly_mul4096_two_tower_parallel_axis_0/inst/lane1/core/inverse_butterfly/multiplier/acc_reg[31]_i_4__4_n_0
    SLICE_X11Y33         CARRY4 (Prop_carry4_CI_CO[1])
                                                      0.157     9.598 f  design_1_i/poly_mul4096_two_tower_parallel_axis_0/inst/lane1/core/inverse_butterfly/multiplier/acc_reg[31]_i_3__10/CO[1]
                         net (fo=63, routed)          0.973    10.572    design_1_i/poly_mul4096_two_tower_parallel_axis_0/inst/lane1/core/inverse_butterfly/multiplier/acc_reg[31]_i_3__10_n_2
    SLICE_X9Y33          LUT6 (Prop_lut6_I3_O)        0.329    10.901 r  design_1_i/poly_mul4096_two_tower_parallel_axis_0/inst/lane1/core/inverse_butterfly/multiplier/acc[9]_i_2__10/O
                         net (fo=1, routed)           0.875    11.775    design_1_i/poly_mul4096_two_tower_parallel_axis_0/inst/lane1/core/inverse_butterfly/multiplier/acc[9]_i_2__10_n_0
    SLICE_X10Y28         LUT3 (Prop_lut3_I2_O)        0.148    11.923 r  design_1_i/poly_mul4096_two_tower_parallel_axis_0/inst/lane1/core/inverse_butterfly/multiplier/acc[9]_i_1__10/O
                         net (fo=2, routed)           0.349    12.272    design_1_i/poly_mul4096_two_tower_parallel_axis_0/inst/lane1/core/inverse_butterfly/multiplier/next_acc[9]
    SLICE_X10Y29         FDRE                                         r  design_1_i/poly_mul4096_two_tower_parallel_axis_0/inst/lane1/core/inverse_butterfly/multiplier/acc_reg[9]/D
  -------------------------------------------------------------------    -------------------

                         (clock clk_fpga_0 rise edge)
                                                     10.000    10.000 r  
    PS7_X0Y0             PS7                          0.000    10.000 r  design_1_i/processing_system7_0/inst/PS7_i/FCLKCLK[0]
                         net (fo=1, routed)           1.088    11.088    design_1_i/processing_system7_0/inst/FCLK_CLK_unbuffered[0]
    BUFGCTRL_X0Y16       BUFG (Prop_bufg_I_O)         0.091    11.179 r  design_1_i/processing_system7_0/inst/buffer_fclk_clk_0.FCLK_CLK_0_BUFG/O
                         net (fo=11096, routed)       1.570    12.750    design_1_i/poly_mul4096_two_tower_parallel_axis_0/inst/lane1/core/inverse_butterfly/multiplier/clk
    SLICE_X10Y29         FDRE                                         r  design_1_i/poly_mul4096_two_tower_parallel_axis_0/inst/lane1/core/inverse_butterfly/multiplier/acc_reg[9]/C
                         clock pessimism              0.230    12.979    
                         clock uncertainty           -0.154    12.825    
    SLICE_X10Y29         FDRE (Setup_fdre_C_D)       -0.234    12.591    design_1_i/poly_mul4096_two_tower_parallel_axis_0/inst/lane1/core/inverse_butterfly/multiplier/acc_reg[9]
  -------------------------------------------------------------------
                         required time                         12.591    
                         arrival time                         -12.272    
  -------------------------------------------------------------------
                         slack                                  0.319    

Slack (MET) :             0.329ns  (required time - arrival time)
  Source:                 design_1_i/poly_mul4096_two_tower_parallel_axis_0/inst/lane0/core/inverse_butterfly/multiplier/y_reg[1]/C
                            (rising edge-triggered cell FDRE clocked by clk_fpga_0  {rise@0.000ns fall@5.000ns period=10.000ns})
  Destination:            design_1_i/poly_mul4096_two_tower_parallel_axis_0/inst/lane0/core/inverse_butterfly/multiplier/result_reg[7]/D
                            (rising edge-triggered cell FDRE clocked by clk_fpga_0  {rise@0.000ns fall@5.000ns period=10.000ns})
  Path Group:             clk_fpga_0
  Path Type:              Setup (Max at Slow Process Corner)
  Requirement:            10.000ns  (clk_fpga_0 rise@10.000ns - clk_fpga_0 rise@0.000ns)
  Data Path Delay:        9.354ns  (logic 4.536ns (48.493%)  route 4.818ns (51.507%))
  Logic Levels:           16  (CARRY4=11 LUT2=1 LUT3=2 LUT5=1 LUT6=1)
  Clock Path Skew:        -0.055ns (DCD - SCD + CPR)
    Destination Clock Delay (DCD):    2.730ns = ( 12.730 - 10.000 ) 
    Source Clock Delay      (SCD):    3.015ns
    Clock Pessimism Removal (CPR):    0.230ns
  Clock Uncertainty:      0.154ns  ((TSJ^2 + TIJ^2)^1/2 + DJ) / 2 + PE
    Total System Jitter     (TSJ):    0.071ns
    Total Input Jitter      (TIJ):    0.300ns
    Discrete Jitter          (DJ):    0.000ns
    Phase Error              (PE):    0.000ns

    Location             Delay type                Incr(ns)  Path(ns)    Netlist Resource(s)
  -------------------------------------------------------------------    -------------------
                         (clock clk_fpga_0 rise edge)
                                                      0.000     0.000 r  
    PS7_X0Y0             PS7                          0.000     0.000 r  design_1_i/processing_system7_0/inst/PS7_i/FCLKCLK[0]
                         net (fo=1, routed)           1.193     1.193    design_1_i/processing_system7_0/inst/FCLK_CLK_unbuffered[0]
    BUFGCTRL_X0Y16       BUFG (Prop_bufg_I_O)         0.101     1.294 r  design_1_i/processing_system7_0/inst/buffer_fclk_clk_0.FCLK_CLK_0_BUFG/O
                         net (fo=11096, routed)       1.721     3.015    design_1_i/poly_mul4096_two_tower_parallel_axis_0/inst/lane0/core/inverse_butterfly/multiplier/clk
    SLICE_X74Y29         FDRE                                         r  design_1_i/poly_mul4096_two_tower_parallel_axis_0/inst/lane0/core/inverse_butterfly/multiplier/y_reg[1]/C
  -------------------------------------------------------------------    -------------------
    SLICE_X74Y29         FDRE (Prop_fdre_C_Q)         0.419     3.434 f  design_1_i/poly_mul4096_two_tower_parallel_axis_0/inst/lane0/core/inverse_butterfly/multiplier/y_reg[1]/Q
                         net (fo=66, routed)          0.758     4.192    design_1_i/poly_mul4096_two_tower_parallel_axis_0/inst/lane0/core/inverse_butterfly/multiplier/y_reg_n_0_[1]
    SLICE_X75Y30         LUT3 (Prop_lut3_I0_O)        0.299     4.491 r  design_1_i/poly_mul4096_two_tower_parallel_axis_0/inst/lane0/core/inverse_butterfly/multiplier/acc_minus_q1_carry_i_10__1/O
                         net (fo=1, routed)           0.000     4.491    design_1_i/poly_mul4096_two_tower_parallel_axis_0/inst/lane0/core/inverse_butterfly/multiplier/acc_minus_q1_carry_i_10__1_n_0
    SLICE_X75Y30         CARRY4 (Prop_carry4_S[0]_CO[3])
                                                      0.532     5.023 r  design_1_i/poly_mul4096_two_tower_parallel_axis_0/inst/lane0/core/inverse_butterfly/multiplier/acc_minus_q1_carry_i_6__1/CO[3]
                         net (fo=1, routed)           0.000     5.023    design_1_i/poly_mul4096_two_tower_parallel_axis_0/inst/lane0/core/inverse_butterfly/multiplier/acc_minus_q1_carry_i_6__1_n_0
    SLICE_X75Y31         CARRY4 (Prop_carry4_CI_CO[3])
                                                      0.114     5.137 r  design_1_i/poly_mul4096_two_tower_parallel_axis_0/inst/lane0/core/inverse_butterfly/multiplier/acc_minus_q1_carry__0_i_6__1/CO[3]
                         net (fo=1, routed)           0.000     5.137    design_1_i/poly_mul4096_two_tower_parallel_axis_0/inst/lane0/core/inverse_butterfly/multiplier/acc_minus_q1_carry__0_i_6__1_n_0
    SLICE_X75Y32         CARRY4 (Prop_carry4_CI_CO[3])
                                                      0.114     5.251 r  design_1_i/poly_mul4096_two_tower_parallel_axis_0/inst/lane0/core/inverse_butterfly/multiplier/acc_minus_q1_carry__1_i_6__1/CO[3]
                         net (fo=1, routed)           0.000     5.251    design_1_i/poly_mul4096_two_tower_parallel_axis_0/inst/lane0/core/inverse_butterfly/multiplier/acc_minus_q1_carry__1_i_6__1_n_0
    SLICE_X75Y33         CARRY4 (Prop_carry4_CI_O[0])
                                                      0.222     5.473 r  design_1_i/poly_mul4096_two_tower_parallel_axis_0/inst/lane0/core/inverse_butterfly/multiplier/acc_minus_q1_carry__2_i_6__1/O[0]
                         net (fo=1, routed)           0.470     5.943    design_1_i/poly_mul4096_two_tower_parallel_axis_0/inst/lane0/core/inverse_butterfly/multiplier/selected_raw1[12]
    SLICE_X76Y33         LUT5 (Prop_lut5_I4_O)        0.299     6.242 r  design_1_i/poly_mul4096_two_tower_parallel_axis_0/inst/lane0/core/inverse_butterfly/multiplier/acc_minus_q1_carry__2_i_5__1/O
                         net (fo=1, routed)           0.000     6.242    design_1_i/poly_mul4096_two_tower_parallel_axis_0/inst/lane0/core/inverse_butterfly/multiplier/acc_minus_q1_carry__2_i_5__1_n_0
    SLICE_X76Y33         CARRY4 (Prop_carry4_S[0]_CO[3])
                                                      0.532     6.774 r  design_1_i/poly_mul4096_two_tower_parallel_axis_0/inst/lane0/core/inverse_butterfly/multiplier/acc_minus_q1_carry__2_i_1__1/CO[3]
                         net (fo=1, routed)           0.000     6.774    design_1_i/poly_mul4096_two_tower_parallel_axis_0/inst/lane0/core/inverse_butterfly/multiplier/acc_minus_q1_carry__2_i_1__1_n_0
    SLICE_X76Y34         CARRY4 (Prop_carry4_CI_CO[3])
                                                      0.114     6.888 r  design_1_i/poly_mul4096_two_tower_parallel_axis_0/inst/lane0/core/inverse_butterfly/multiplier/acc_minus_q1_carry__3_i_1__1/CO[3]
                         net (fo=1, routed)           0.000     6.888    design_1_i/poly_mul4096_two_tower_parallel_axis_0/inst/lane0/core/inverse_butterfly/multiplier/acc_minus_q1_carry__3_i_1__1_n_0
    SLICE_X76Y35         CARRY4 (Prop_carry4_CI_CO[3])
                                                      0.114     7.002 r  design_1_i/poly_mul4096_two_tower_parallel_axis_0/inst/lane0/core/inverse_butterfly/multiplier/acc_minus_q1_carry__4_i_1__1/CO[3]
                         net (fo=1, routed)           0.000     7.002    design_1_i/poly_mul4096_two_tower_parallel_axis_0/inst/lane0/core/inverse_butterfly/multiplier/acc_minus_q1_carry__4_i_1__1_n_0
    SLICE_X76Y36         CARRY4 (Prop_carry4_CI_CO[3])
                                                      0.114     7.116 r  design_1_i/poly_mul4096_two_tower_parallel_axis_0/inst/lane0/core/inverse_butterfly/multiplier/acc_minus_q1_carry__5_i_1__1/CO[3]
                         net (fo=1, routed)           0.000     7.116    design_1_i/poly_mul4096_two_tower_parallel_axis_0/inst/lane0/core/inverse_butterfly/multiplier/acc_minus_q1_carry__5_i_1__1_n_0
    SLICE_X76Y37         CARRY4 (Prop_carry4_CI_O[0])
                                                      0.222     7.338 r  design_1_i/poly_mul4096_two_tower_parallel_axis_0/inst/lane0/core/inverse_butterfly/multiplier/acc_minus_q1_carry__6_i_1__1/O[0]
                         net (fo=8, routed)           0.693     8.031    design_1_i/poly_mul4096_two_tower_parallel_axis_0/inst/lane0/core_n_985
    SLICE_X77Y37         LUT2 (Prop_lut2_I0_O)        0.299     8.330 r  design_1_i/poly_mul4096_two_tower_parallel_axis_0/inst/lane0/i___1080/O
                         net (fo=1, routed)           0.000     8.330    design_1_i/poly_mul4096_two_tower_parallel_axis_0/inst/lane0/core/inverse_butterfly/multiplier/result_reg[31]_0[0]
    SLICE_X77Y37         CARRY4 (Prop_carry4_S[0]_CO[3])
                                                      0.532     8.862 r  design_1_i/poly_mul4096_two_tower_parallel_axis_0/inst/lane0/core/inverse_butterfly/multiplier/acc_reg[31]_i_4__1/CO[3]
                         net (fo=1, routed)           0.000     8.862    design_1_i/poly_mul4096_two_tower_parallel_axis_0/inst/lane0/core/inverse_butterfly/multiplier/acc_reg[31]_i_4__1_n_0
    SLICE_X77Y38         CARRY4 (Prop_carry4_CI_CO[1])
                                                      0.157     9.019 f  design_1_i/poly_mul4096_two_tower_parallel_axis_0/inst/lane0/core/inverse_butterfly/multiplier/acc_reg[31]_i_3__4/CO[1]
                         net (fo=63, routed)          1.425    10.444    design_1_i/poly_mul4096_two_tower_parallel_axis_0/inst/lane0/core/inverse_butterfly/multiplier/acc_reg[31]_i_3__4_n_2
    SLICE_X82Y30         LUT6 (Prop_lut6_I3_O)        0.329    10.773 r  design_1_i/poly_mul4096_two_tower_parallel_axis_0/inst/lane0/core/inverse_butterfly/multiplier/acc[7]_i_3__4/O
                         net (fo=1, routed)           0.659    11.432    design_1_i/poly_mul4096_two_tower_parallel_axis_0/inst/lane0/core/inverse_butterfly/multiplier/acc[7]_i_3__4_n_0
    SLICE_X82Y31         LUT3 (Prop_lut3_I2_O)        0.124    11.556 r  design_1_i/poly_mul4096_two_tower_parallel_axis_0/inst/lane0/core/inverse_butterfly/multiplier/acc[7]_i_1__4/O
                         net (fo=2, routed)           0.813    12.369    design_1_i/poly_mul4096_two_tower_parallel_axis_0/inst/lane0/core/inverse_butterfly/multiplier/next_acc[7]
    SLICE_X78Y31         FDRE                                         r  design_1_i/poly_mul4096_two_tower_parallel_axis_0/inst/lane0/core/inverse_butterfly/multiplier/result_reg[7]/D
  -------------------------------------------------------------------    -------------------

                         (clock clk_fpga_0 rise edge)
                                                     10.000    10.000 r  
    PS7_X0Y0             PS7                          0.000    10.000 r  design_1_i/processing_system7_0/inst/PS7_i/FCLKCLK[0]
                         net (fo=1, routed)           1.088    11.088    design_1_i/processing_system7_0/inst/FCLK_CLK_unbuffered[0]
    BUFGCTRL_X0Y16       BUFG (Prop_bufg_I_O)         0.091    11.179 r  design_1_i/processing_system7_0/inst/buffer_fclk_clk_0.FCLK_CLK_0_BUFG/O
                         net (fo=11096, routed)       1.551    12.731    design_1_i/poly_mul4096_two_tower_parallel_axis_0/inst/lane0/core/inverse_butterfly/multiplier/clk
    SLICE_X78Y31         FDRE                                         r  design_1_i/poly_mul4096_two_tower_parallel_axis_0/inst/lane0/core/inverse_butterfly/multiplier/result_reg[7]/C
                         clock pessimism              0.230    12.960    
                         clock uncertainty           -0.154    12.806    
    SLICE_X78Y31         FDRE (Setup_fdre_C_D)       -0.108    12.698    design_1_i/poly_mul4096_two_tower_parallel_axis_0/inst/lane0/core/inverse_butterfly/multiplier/result_reg[7]
  -------------------------------------------------------------------
                         required time                         12.698    
                         arrival time                         -12.369    
  -------------------------------------------------------------------
                         slack                                  0.329    

Slack (MET) :             0.343ns  (required time - arrival time)
  Source:                 design_1_i/poly_mul4096_two_tower_parallel_axis_0/inst/lane1/core/inverse_butterfly/multiplier/y_reg[1]/C
                            (rising edge-triggered cell FDRE clocked by clk_fpga_0  {rise@0.000ns fall@5.000ns period=10.000ns})
  Destination:            design_1_i/poly_mul4096_two_tower_parallel_axis_0/inst/lane1/core/inverse_butterfly/multiplier/acc_reg[31]/D
                            (rising edge-triggered cell FDRE clocked by clk_fpga_0  {rise@0.000ns fall@5.000ns period=10.000ns})
  Path Group:             clk_fpga_0
  Path Type:              Setup (Max at Slow Process Corner)
  Requirement:            10.000ns  (clk_fpga_0 rise@10.000ns - clk_fpga_0 rise@0.000ns)
  Data Path Delay:        9.422ns  (logic 4.625ns (49.088%)  route 4.797ns (50.912%))
  Logic Levels:           16  (CARRY4=11 LUT2=1 LUT3=2 LUT5=1 LUT6=1)
  Clock Path Skew:        -0.018ns (DCD - SCD + CPR)
    Destination Clock Delay (DCD):    2.752ns = ( 12.752 - 10.000 ) 
    Source Clock Delay      (SCD):    3.037ns
    Clock Pessimism Removal (CPR):    0.267ns
  Clock Uncertainty:      0.154ns  ((TSJ^2 + TIJ^2)^1/2 + DJ) / 2 + PE
    Total System Jitter     (TSJ):    0.071ns
    Total Input Jitter      (TIJ):    0.300ns
    Discrete Jitter          (DJ):    0.000ns
    Phase Error              (PE):    0.000ns

    Location             Delay type                Incr(ns)  Path(ns)    Netlist Resource(s)
  -------------------------------------------------------------------    -------------------
                         (clock clk_fpga_0 rise edge)
                                                      0.000     0.000 r  
    PS7_X0Y0             PS7                          0.000     0.000 r  design_1_i/processing_system7_0/inst/PS7_i/FCLKCLK[0]
                         net (fo=1, routed)           1.193     1.193    design_1_i/processing_system7_0/inst/FCLK_CLK_unbuffered[0]
    BUFGCTRL_X0Y16       BUFG (Prop_bufg_I_O)         0.101     1.294 r  design_1_i/processing_system7_0/inst/buffer_fclk_clk_0.FCLK_CLK_0_BUFG/O
                         net (fo=11096, routed)       1.743     3.037    design_1_i/poly_mul4096_two_tower_parallel_axis_0/inst/lane1/core/inverse_butterfly/multiplier/clk
    SLICE_X13Y28         FDRE                                         r  design_1_i/poly_mul4096_two_tower_parallel_axis_0/inst/lane1/core/inverse_butterfly/multiplier/y_reg[1]/C
  -------------------------------------------------------------------    -------------------
    SLICE_X13Y28         FDRE (Prop_fdre_C_Q)         0.419     3.456 f  design_1_i/poly_mul4096_two_tower_parallel_axis_0/inst/lane1/core/inverse_butterfly/multiplier/y_reg[1]/Q
                         net (fo=66, routed)          0.818     4.274    design_1_i/poly_mul4096_two_tower_parallel_axis_0/inst/lane1/core/inverse_butterfly/multiplier/y_reg_n_0_[1]
    SLICE_X14Y27         LUT3 (Prop_lut3_I0_O)        0.297     4.571 r  design_1_i/poly_mul4096_two_tower_parallel_axis_0/inst/lane1/core/inverse_butterfly/multiplier/acc_minus_q1_carry_i_10__4/O
                         net (fo=1, routed)           0.000     4.571    design_1_i/poly_mul4096_two_tower_parallel_axis_0/inst/lane1/core/inverse_butterfly/multiplier/acc_minus_q1_carry_i_10__4_n_0
    SLICE_X14Y27         CARRY4 (Prop_carry4_S[0]_CO[3])
                                                      0.513     5.084 r  design_1_i/poly_mul4096_two_tower_parallel_axis_0/inst/lane1/core/inverse_butterfly/multiplier/acc_minus_q1_carry_i_6__4/CO[3]
                         net (fo=1, routed)           0.000     5.084    design_1_i/poly_mul4096_two_tower_parallel_axis_0/inst/lane1/core/inverse_butterfly/multiplier/acc_minus_q1_carry_i_6__4_n_0
    SLICE_X14Y28         CARRY4 (Prop_carry4_CI_CO[3])
                                                      0.117     5.201 r  design_1_i/poly_mul4096_two_tower_parallel_axis_0/inst/lane1/core/inverse_butterfly/multiplier/acc_minus_q1_carry__0_i_6__4/CO[3]
                         net (fo=1, routed)           0.000     5.201    design_1_i/poly_mul4096_two_tower_parallel_axis_0/inst/lane1/core/inverse_butterfly/multiplier/acc_minus_q1_carry__0_i_6__4_n_0
    SLICE_X14Y29         CARRY4 (Prop_carry4_CI_CO[3])
                                                      0.117     5.318 r  design_1_i/poly_mul4096_two_tower_parallel_axis_0/inst/lane1/core/inverse_butterfly/multiplier/acc_minus_q1_carry__1_i_6__4/CO[3]
                         net (fo=1, routed)           0.000     5.318    design_1_i/poly_mul4096_two_tower_parallel_axis_0/inst/lane1/core/inverse_butterfly/multiplier/acc_minus_q1_carry__1_i_6__4_n_0
    SLICE_X14Y30         CARRY4 (Prop_carry4_CI_O[3])
                                                      0.315     5.633 r  design_1_i/poly_mul4096_two_tower_parallel_axis_0/inst/lane1/core/inverse_butterfly/multiplier/acc_minus_q1_carry__2_i_6__4/O[3]
                         net (fo=1, routed)           0.639     6.272    design_1_i/poly_mul4096_two_tower_parallel_axis_0/inst/lane1/core/inverse_butterfly/multiplier/selected_raw1[15]
    SLICE_X15Y30         LUT5 (Prop_lut5_I4_O)        0.307     6.579 r  design_1_i/poly_mul4096_two_tower_parallel_axis_0/inst/lane1/core/inverse_butterfly/multiplier/acc_minus_q1_carry__2_i_2__4/O
                         net (fo=1, routed)           0.000     6.579    design_1_i/poly_mul4096_two_tower_parallel_axis_0/inst/lane1/core/inverse_butterfly/multiplier/acc_minus_q1_carry__2_i_2__4_n_0
    SLICE_X15Y30         CARRY4 (Prop_carry4_S[3]_CO[3])
                                                      0.401     6.980 r  design_1_i/poly_mul4096_two_tower_parallel_axis_0/inst/lane1/core/inverse_butterfly/multiplier/acc_minus_q1_carry__2_i_1__4/CO[3]
                         net (fo=1, routed)           0.000     6.980    design_1_i/poly_mul4096_two_tower_parallel_axis_0/inst/lane1/core/inverse_butterfly/multiplier/acc_minus_q1_carry__2_i_1__4_n_0
    SLICE_X15Y31         CARRY4 (Prop_carry4_CI_CO[3])
                                                      0.114     7.094 r  design_1_i/poly_mul4096_two_tower_parallel_axis_0/inst/lane1/core/inverse_butterfly/multiplier/acc_minus_q1_carry__3_i_1__4/CO[3]
                         net (fo=1, routed)           0.000     7.094    design_1_i/poly_mul4096_two_tower_parallel_axis_0/inst/lane1/core/inverse_butterfly/multiplier/acc_minus_q1_carry__3_i_1__4_n_0
    SLICE_X15Y32         CARRY4 (Prop_carry4_CI_CO[3])
                                                      0.114     7.208 r  design_1_i/poly_mul4096_two_tower_parallel_axis_0/inst/lane1/core/inverse_butterfly/multiplier/acc_minus_q1_carry__4_i_1__4/CO[3]
                         net (fo=1, routed)           0.000     7.208    design_1_i/poly_mul4096_two_tower_parallel_axis_0/inst/lane1/core/inverse_butterfly/multiplier/acc_minus_q1_carry__4_i_1__4_n_0
    SLICE_X15Y33         CARRY4 (Prop_carry4_CI_O[1])
                                                      0.334     7.542 r  design_1_i/poly_mul4096_two_tower_parallel_axis_0/inst/lane1/core/inverse_butterfly/multiplier/acc_minus_q1_carry__5_i_1__4/O[1]
                         net (fo=8, routed)           0.933     8.474    design_1_i/poly_mul4096_two_tower_parallel_axis_0/inst/lane1/core_n_979
    SLICE_X11Y31         LUT2 (Prop_lut2_I0_O)        0.303     8.777 r  design_1_i/poly_mul4096_two_tower_parallel_axis_0/inst/lane1/i___1086/O
                         net (fo=1, routed)           0.000     8.777    design_1_i/poly_mul4096_two_tower_parallel_axis_0/inst/lane1/core/inverse_butterfly/multiplier/result_reg[27]_0[1]
    SLICE_X11Y31         CARRY4 (Prop_carry4_S[1]_CO[3])
                                                      0.550     9.327 r  design_1_i/poly_mul4096_two_tower_parallel_axis_0/inst/lane1/core/inverse_butterfly/multiplier/acc_reg[27]_i_2__10/CO[3]
                         net (fo=1, routed)           0.000     9.327    design_1_i/poly_mul4096_two_tower_parallel_axis_0/inst/lane1/core/inverse_butterfly/multiplier/acc_reg[27]_i_2__10_n_0
    SLICE_X11Y32         CARRY4 (Prop_carry4_CI_CO[3])
                                                      0.114     9.441 r  design_1_i/poly_mul4096_two_tower_parallel_axis_0/inst/lane1/core/inverse_butterfly/multiplier/acc_reg[31]_i_4__4/CO[3]
                         net (fo=1, routed)           0.000     9.441    design_1_i/poly_mul4096_two_tower_parallel_axis_0/inst/lane1/core/inverse_butterfly/multiplier/acc_reg[31]_i_4__4_n_0
    SLICE_X11Y33         CARRY4 (Prop_carry4_CI_CO[1])
                                                      0.157     9.598 f  design_1_i/poly_mul4096_two_tower_parallel_axis_0/inst/lane1/core/inverse_butterfly/multiplier/acc_reg[31]_i_3__10/CO[1]
                         net (fo=63, routed)          1.176    10.774    design_1_i/poly_mul4096_two_tower_parallel_axis_0/inst/lane1/core/inverse_butterfly/multiplier/acc_reg[31]_i_3__10_n_2
    SLICE_X16Y33         LUT6 (Prop_lut6_I3_O)        0.329    11.103 r  design_1_i/poly_mul4096_two_tower_parallel_axis_0/inst/lane1/core/inverse_butterfly/multiplier/acc[31]_i_5__4/O
                         net (fo=1, routed)           0.414    11.517    design_1_i/poly_mul4096_two_tower_parallel_axis_0/inst/lane1/core/inverse_butterfly/multiplier/acc[31]_i_5__4_n_0
    SLICE_X13Y33         LUT3 (Prop_lut3_I2_O)        0.124    11.641 r  design_1_i/poly_mul4096_two_tower_parallel_axis_0/inst/lane1/core/inverse_butterfly/multiplier/acc[31]_i_2__4/O
                         net (fo=2, routed)           0.818    12.459    design_1_i/poly_mul4096_two_tower_parallel_axis_0/inst/lane1/core/inverse_butterfly/multiplier/next_acc[31]
    SLICE_X14Y33         FDRE                                         r  design_1_i/poly_mul4096_two_tower_parallel_axis_0/inst/lane1/core/inverse_butterfly/multiplier/acc_reg[31]/D
  -------------------------------------------------------------------    -------------------

                         (clock clk_fpga_0 rise edge)
                                                     10.000    10.000 r  
    PS7_X0Y0             PS7                          0.000    10.000 r  design_1_i/processing_system7_0/inst/PS7_i/FCLKCLK[0]
                         net (fo=1, routed)           1.088    11.088    design_1_i/processing_system7_0/inst/FCLK_CLK_unbuffered[0]
    BUFGCTRL_X0Y16       BUFG (Prop_bufg_I_O)         0.091    11.179 r  design_1_i/processing_system7_0/inst/buffer_fclk_clk_0.FCLK_CLK_0_BUFG/O
                         net (fo=11096, routed)       1.573    12.752    design_1_i/poly_mul4096_two_tower_parallel_axis_0/inst/lane1/core/inverse_butterfly/multiplier/clk
    SLICE_X14Y33         FDRE                                         r  design_1_i/poly_mul4096_two_tower_parallel_axis_0/inst/lane1/core/inverse_butterfly/multiplier/acc_reg[31]/C
                         clock pessimism              0.267    13.019    
                         clock uncertainty           -0.154    12.865    
    SLICE_X14Y33         FDRE (Setup_fdre_C_D)       -0.063    12.802    design_1_i/poly_mul4096_two_tower_parallel_axis_0/inst/lane1/core/inverse_butterfly/multiplier/acc_reg[31]
  -------------------------------------------------------------------
                         required time                         12.802    
                         arrival time                         -12.459    
  -------------------------------------------------------------------
                         slack                                  0.343    

Slack (MET) :             0.349ns  (required time - arrival time)
  Source:                 design_1_i/poly_mul4096_two_tower_parallel_axis_0/inst/lane1/core/preprocessing_lane_a/y_reg[1]/C
                            (rising edge-triggered cell FDRE clocked by clk_fpga_0  {rise@0.000ns fall@5.000ns period=10.000ns})
  Destination:            design_1_i/poly_mul4096_two_tower_parallel_axis_0/inst/lane1/core/preprocessing_lane_a/acc_reg[12]/D
                            (rising edge-triggered cell FDRE clocked by clk_fpga_0  {rise@0.000ns fall@5.000ns period=10.000ns})
  Path Group:             clk_fpga_0
  Path Type:              Setup (Max at Slow Process Corner)
  Requirement:            10.000ns  (clk_fpga_0 rise@10.000ns - clk_fpga_0 rise@0.000ns)
  Data Path Delay:        9.456ns  (logic 4.821ns (50.981%)  route 4.635ns (49.019%))
  Logic Levels:           16  (CARRY4=11 LUT3=1 LUT4=2 LUT5=2)
  Clock Path Skew:        -0.027ns (DCD - SCD + CPR)
    Destination Clock Delay (DCD):    2.665ns = ( 12.665 - 10.000 ) 
    Source Clock Delay      (SCD):    2.955ns
    Clock Pessimism Removal (CPR):    0.263ns
  Clock Uncertainty:      0.154ns  ((TSJ^2 + TIJ^2)^1/2 + DJ) / 2 + PE
    Total System Jitter     (TSJ):    0.071ns
    Total Input Jitter      (TIJ):    0.300ns
    Discrete Jitter          (DJ):    0.000ns
    Phase Error              (PE):    0.000ns

    Location             Delay type                Incr(ns)  Path(ns)    Netlist Resource(s)
  -------------------------------------------------------------------    -------------------
                         (clock clk_fpga_0 rise edge)
                                                      0.000     0.000 r  
    PS7_X0Y0             PS7                          0.000     0.000 r  design_1_i/processing_system7_0/inst/PS7_i/FCLKCLK[0]
                         net (fo=1, routed)           1.193     1.193    design_1_i/processing_system7_0/inst/FCLK_CLK_unbuffered[0]
    BUFGCTRL_X0Y16       BUFG (Prop_bufg_I_O)         0.101     1.294 r  design_1_i/processing_system7_0/inst/buffer_fclk_clk_0.FCLK_CLK_0_BUFG/O
                         net (fo=11096, routed)       1.661     2.955    design_1_i/poly_mul4096_two_tower_parallel_axis_0/inst/lane1/core/preprocessing_lane_a/clk
    SLICE_X35Y16         FDRE                                         r  design_1_i/poly_mul4096_two_tower_parallel_axis_0/inst/lane1/core/preprocessing_lane_a/y_reg[1]/C
  -------------------------------------------------------------------    -------------------
    SLICE_X35Y16         FDRE (Prop_fdre_C_Q)         0.419     3.374 r  design_1_i/poly_mul4096_two_tower_parallel_axis_0/inst/lane1/core/preprocessing_lane_a/y_reg[1]/Q
                         net (fo=66, routed)          1.106     4.480    design_1_i/poly_mul4096_two_tower_parallel_axis_0/inst/lane1/core/preprocessing_lane_a/y_reg_n_0_[1]
    SLICE_X35Y17         LUT4 (Prop_lut4_I0_O)        0.299     4.779 r  design_1_i/poly_mul4096_two_tower_parallel_axis_0/inst/lane1/core/preprocessing_lane_a/i___23_i_8__0/O
                         net (fo=1, routed)           0.000     4.779    design_1_i/poly_mul4096_two_tower_parallel_axis_0/inst/lane1/core/preprocessing_lane_a/i___23_i_8__0_n_0
    SLICE_X35Y17         CARRY4 (Prop_carry4_S[2]_CO[3])
                                                      0.398     5.177 r  design_1_i/poly_mul4096_two_tower_parallel_axis_0/inst/lane1/core/preprocessing_lane_a/i___23_i_6__0/CO[3]
                         net (fo=1, routed)           0.000     5.177    design_1_i/poly_mul4096_two_tower_parallel_axis_0/inst/lane1/core/preprocessing_lane_a/i___23_i_6__0_n_0
    SLICE_X35Y18         CARRY4 (Prop_carry4_CI_CO[3])
                                                      0.114     5.291 r  design_1_i/poly_mul4096_two_tower_parallel_axis_0/inst/lane1/core/preprocessing_lane_a/i___31_i_6__0/CO[3]
                         net (fo=1, routed)           0.000     5.291    design_1_i/poly_mul4096_two_tower_parallel_axis_0/inst/lane1/core/preprocessing_lane_a/i___31_i_6__0_n_0
    SLICE_X35Y19         CARRY4 (Prop_carry4_CI_CO[3])
                                                      0.114     5.405 r  design_1_i/poly_mul4096_two_tower_parallel_axis_0/inst/lane1/core/preprocessing_lane_a/i___43_i_6__0/CO[3]
                         net (fo=1, routed)           0.000     5.405    design_1_i/poly_mul4096_two_tower_parallel_axis_0/inst/lane1/core/preprocessing_lane_a/i___43_i_6__0_n_0
    SLICE_X35Y20         CARRY4 (Prop_carry4_CI_CO[3])
                                                      0.114     5.519 r  design_1_i/poly_mul4096_two_tower_parallel_axis_0/inst/lane1/core/preprocessing_lane_a/i___55_i_6__0/CO[3]
                         net (fo=1, routed)           0.000     5.519    design_1_i/poly_mul4096_two_tower_parallel_axis_0/inst/lane1/core/preprocessing_lane_a/i___55_i_6__0_n_0
    SLICE_X35Y21         CARRY4 (Prop_carry4_CI_CO[3])
                                                      0.114     5.633 r  design_1_i/poly_mul4096_two_tower_parallel_axis_0/inst/lane1/core/preprocessing_lane_a/i___67_i_6__0/CO[3]
                         net (fo=1, routed)           0.000     5.633    design_1_i/poly_mul4096_two_tower_parallel_axis_0/inst/lane1/core/preprocessing_lane_a/i___67_i_6__0_n_0
    SLICE_X35Y22         CARRY4 (Prop_carry4_CI_CO[3])
                                                      0.114     5.747 r  design_1_i/poly_mul4096_two_tower_parallel_axis_0/inst/lane1/core/preprocessing_lane_a/i___79_i_6__0/CO[3]
                         net (fo=1, routed)           0.000     5.747    design_1_i/poly_mul4096_two_tower_parallel_axis_0/inst/lane1/core/preprocessing_lane_a/i___79_i_6__0_n_0
    SLICE_X35Y23         CARRY4 (Prop_carry4_CI_O[1])
                                                      0.334     6.081 r  design_1_i/poly_mul4096_two_tower_parallel_axis_0/inst/lane1/core/preprocessing_lane_a/i___91_i_6__0/O[1]
                         net (fo=1, routed)           0.445     6.526    design_1_i/poly_mul4096_two_tower_parallel_axis_0/inst/lane1/core/preprocessing_lane_a/selected_raw1[25]
    SLICE_X33Y22         LUT5 (Prop_lut5_I4_O)        0.303     6.829 r  design_1_i/poly_mul4096_two_tower_parallel_axis_0/inst/lane1/core/preprocessing_lane_a/i___91_i_4__0/O
                         net (fo=1, routed)           0.000     6.829    design_1_i/poly_mul4096_two_tower_parallel_axis_0/inst/lane1/core/preprocessing_lane_a/i___91_i_4__0_n_0
    SLICE_X33Y22         CARRY4 (Prop_carry4_S[1]_CO[3])
                                                      0.550     7.379 r  design_1_i/poly_mul4096_two_tower_parallel_axis_0/inst/lane1/core/preprocessing_lane_a/i___91_i_1__0/CO[3]
                         net (fo=1, routed)           0.000     7.379    design_1_i/poly_mul4096_two_tower_parallel_axis_0/inst/lane1/core/preprocessing_lane_a/i___91_i_1__0_n_0
    SLICE_X33Y23         CARRY4 (Prop_carry4_CI_O[1])
                                                      0.334     7.713 r  design_1_i/poly_mul4096_two_tower_parallel_axis_0/inst/lane1/core/preprocessing_lane_a/i___103_i_1__0/O[1]
                         net (fo=8, routed)           0.994     8.708    design_1_i/poly_mul4096_two_tower_parallel_axis_0/inst/lane1/core/preprocessing_lane_a/acc_reg[31]_0[1]
    SLICE_X31Y25         LUT4 (Prop_lut4_I1_O)        0.303     9.011 r  design_1_i/poly_mul4096_two_tower_parallel_axis_0/inst/lane1/core/preprocessing_lane_a/acc[31]_i_13__2/O
                         net (fo=1, routed)           0.000     9.011    design_1_i/poly_mul4096_two_tower_parallel_axis_0/inst/lane1/core/preprocessing_lane_a/acc[31]_i_13__2_n_0
    SLICE_X31Y25         CARRY4 (Prop_carry4_S[1]_CO[3])
                                                      0.550     9.561 r  design_1_i/poly_mul4096_two_tower_parallel_axis_0/inst/lane1/core/preprocessing_lane_a/acc_reg[31]_i_6__2/CO[3]
                         net (fo=1, routed)           0.000     9.561    design_1_i/poly_mul4096_two_tower_parallel_axis_0/inst/lane1/core/preprocessing_lane_a/acc_reg[31]_i_6__2_n_0
    SLICE_X31Y26         CARRY4 (Prop_carry4_CI_O[1])
                                                      0.334     9.895 r  design_1_i/poly_mul4096_two_tower_parallel_axis_0/inst/lane1/core/preprocessing_lane_a/acc_reg[0]_i_2__2/O[1]
                         net (fo=32, routed)          1.258    11.153    design_1_i/poly_mul4096_two_tower_parallel_axis_0/inst/lane1/core/preprocessing_lane_a/acc_reg[0]_i_2__2_n_6
    SLICE_X34Y19         LUT5 (Prop_lut5_I3_O)        0.303    11.456 r  design_1_i/poly_mul4096_two_tower_parallel_axis_0/inst/lane1/core/preprocessing_lane_a/acc[12]_i_2__5/O
                         net (fo=1, routed)           0.452    11.908    design_1_i/poly_mul4096_two_tower_parallel_axis_0/inst/lane1/core/preprocessing_lane_a/acc[12]_i_2__5_n_0
    SLICE_X34Y19         LUT3 (Prop_lut3_I2_O)        0.124    12.032 r  design_1_i/poly_mul4096_two_tower_parallel_axis_0/inst/lane1/core/preprocessing_lane_a/acc[12]_i_1__5/O
                         net (fo=2, routed)           0.379    12.411    design_1_i/poly_mul4096_two_tower_parallel_axis_0/inst/lane1/core/preprocessing_lane_a/next_acc[12]
    SLICE_X34Y18         FDRE                                         r  design_1_i/poly_mul4096_two_tower_parallel_axis_0/inst/lane1/core/preprocessing_lane_a/acc_reg[12]/D
  -------------------------------------------------------------------    -------------------

                         (clock clk_fpga_0 rise edge)
                                                     10.000    10.000 r  
    PS7_X0Y0             PS7                          0.000    10.000 r  design_1_i/processing_system7_0/inst/PS7_i/FCLKCLK[0]
                         net (fo=1, routed)           1.088    11.088    design_1_i/processing_system7_0/inst/FCLK_CLK_unbuffered[0]
    BUFGCTRL_X0Y16       BUFG (Prop_bufg_I_O)         0.091    11.179 r  design_1_i/processing_system7_0/inst/buffer_fclk_clk_0.FCLK_CLK_0_BUFG/O
                         net (fo=11096, routed)       1.486    12.665    design_1_i/poly_mul4096_two_tower_parallel_axis_0/inst/lane1/core/preprocessing_lane_a/clk
    SLICE_X34Y18         FDRE                                         r  design_1_i/poly_mul4096_two_tower_parallel_axis_0/inst/lane1/core/preprocessing_lane_a/acc_reg[12]/C
                         clock pessimism              0.263    12.928    
                         clock uncertainty           -0.154    12.774    
    SLICE_X34Y18         FDRE (Setup_fdre_C_D)       -0.013    12.761    design_1_i/poly_mul4096_two_tower_parallel_axis_0/inst/lane1/core/preprocessing_lane_a/acc_reg[12]
  -------------------------------------------------------------------
                         required time                         12.761    
                         arrival time                         -12.411    
  -------------------------------------------------------------------
                         slack                                  0.349    

Slack (MET) :             0.358ns  (required time - arrival time)
  Source:                 design_1_i/poly_mul4096_two_tower_parallel_axis_0/inst/lane1/core/preprocessing_lane_a/y_reg[1]/C
                            (rising edge-triggered cell FDRE clocked by clk_fpga_0  {rise@0.000ns fall@5.000ns period=10.000ns})
  Destination:            design_1_i/poly_mul4096_two_tower_parallel_axis_0/inst/lane1/core/preprocessing_lane_a/acc_reg[18]/D
                            (rising edge-triggered cell FDRE clocked by clk_fpga_0  {rise@0.000ns fall@5.000ns period=10.000ns})
  Path Group:             clk_fpga_0
  Path Type:              Setup (Max at Slow Process Corner)
  Requirement:            10.000ns  (clk_fpga_0 rise@10.000ns - clk_fpga_0 rise@0.000ns)
  Data Path Delay:        9.317ns  (logic 4.821ns (51.745%)  route 4.496ns (48.255%))
  Logic Levels:           16  (CARRY4=11 LUT3=1 LUT4=2 LUT5=2)
  Clock Path Skew:        -0.068ns (DCD - SCD + CPR)
    Destination Clock Delay (DCD):    2.657ns = ( 12.657 - 10.000 ) 
    Source Clock Delay      (SCD):    2.955ns
    Clock Pessimism Removal (CPR):    0.230ns
  Clock Uncertainty:      0.154ns  ((TSJ^2 + TIJ^2)^1/2 + DJ) / 2 + PE
    Total System Jitter     (TSJ):    0.071ns
    Total Input Jitter      (TIJ):    0.300ns
    Discrete Jitter          (DJ):    0.000ns
    Phase Error              (PE):    0.000ns

    Location             Delay type                Incr(ns)  Path(ns)    Netlist Resource(s)
  -------------------------------------------------------------------    -------------------
                         (clock clk_fpga_0 rise edge)
                                                      0.000     0.000 r  
    PS7_X0Y0             PS7                          0.000     0.000 r  design_1_i/processing_system7_0/inst/PS7_i/FCLKCLK[0]
                         net (fo=1, routed)           1.193     1.193    design_1_i/processing_system7_0/inst/FCLK_CLK_unbuffered[0]
    BUFGCTRL_X0Y16       BUFG (Prop_bufg_I_O)         0.101     1.294 r  design_1_i/processing_system7_0/inst/buffer_fclk_clk_0.FCLK_CLK_0_BUFG/O
                         net (fo=11096, routed)       1.661     2.955    design_1_i/poly_mul4096_two_tower_parallel_axis_0/inst/lane1/core/preprocessing_lane_a/clk
    SLICE_X35Y16         FDRE                                         r  design_1_i/poly_mul4096_two_tower_parallel_axis_0/inst/lane1/core/preprocessing_lane_a/y_reg[1]/C
  -------------------------------------------------------------------    -------------------
    SLICE_X35Y16         FDRE (Prop_fdre_C_Q)         0.419     3.374 r  design_1_i/poly_mul4096_two_tower_parallel_axis_0/inst/lane1/core/preprocessing_lane_a/y_reg[1]/Q
                         net (fo=66, routed)          1.106     4.480    design_1_i/poly_mul4096_two_tower_parallel_axis_0/inst/lane1/core/preprocessing_lane_a/y_reg_n_0_[1]
    SLICE_X35Y17         LUT4 (Prop_lut4_I0_O)        0.299     4.779 r  design_1_i/poly_mul4096_two_tower_parallel_axis_0/inst/lane1/core/preprocessing_lane_a/i___23_i_8__0/O
                         net (fo=1, routed)           0.000     4.779    design_1_i/poly_mul4096_two_tower_parallel_axis_0/inst/lane1/core/preprocessing_lane_a/i___23_i_8__0_n_0
    SLICE_X35Y17         CARRY4 (Prop_carry4_S[2]_CO[3])
                                                      0.398     5.177 r  design_1_i/poly_mul4096_two_tower_parallel_axis_0/inst/lane1/core/preprocessing_lane_a/i___23_i_6__0/CO[3]
                         net (fo=1, routed)           0.000     5.177    design_1_i/poly_mul4096_two_tower_parallel_axis_0/inst/lane1/core/preprocessing_lane_a/i___23_i_6__0_n_0
    SLICE_X35Y18         CARRY4 (Prop_carry4_CI_CO[3])
                                                      0.114     5.291 r  design_1_i/poly_mul4096_two_tower_parallel_axis_0/inst/lane1/core/preprocessing_lane_a/i___31_i_6__0/CO[3]
                         net (fo=1, routed)           0.000     5.291    design_1_i/poly_mul4096_two_tower_parallel_axis_0/inst/lane1/core/preprocessing_lane_a/i___31_i_6__0_n_0
    SLICE_X35Y19         CARRY4 (Prop_carry4_CI_CO[3])
                                                      0.114     5.405 r  design_1_i/poly_mul4096_two_tower_parallel_axis_0/inst/lane1/core/preprocessing_lane_a/i___43_i_6__0/CO[3]
                         net (fo=1, routed)           0.000     5.405    design_1_i/poly_mul4096_two_tower_parallel_axis_0/inst/lane1/core/preprocessing_lane_a/i___43_i_6__0_n_0
    SLICE_X35Y20         CARRY4 (Prop_carry4_CI_CO[3])
                                                      0.114     5.519 r  design_1_i/poly_mul4096_two_tower_parallel_axis_0/inst/lane1/core/preprocessing_lane_a/i___55_i_6__0/CO[3]
                         net (fo=1, routed)           0.000     5.519    design_1_i/poly_mul4096_two_tower_parallel_axis_0/inst/lane1/core/preprocessing_lane_a/i___55_i_6__0_n_0
    SLICE_X35Y21         CARRY4 (Prop_carry4_CI_CO[3])
                                                      0.114     5.633 r  design_1_i/poly_mul4096_two_tower_parallel_axis_0/inst/lane1/core/preprocessing_lane_a/i___67_i_6__0/CO[3]
                         net (fo=1, routed)           0.000     5.633    design_1_i/poly_mul4096_two_tower_parallel_axis_0/inst/lane1/core/preprocessing_lane_a/i___67_i_6__0_n_0
    SLICE_X35Y22         CARRY4 (Prop_carry4_CI_CO[3])
                                                      0.114     5.747 r  design_1_i/poly_mul4096_two_tower_parallel_axis_0/inst/lane1/core/preprocessing_lane_a/i___79_i_6__0/CO[3]
                         net (fo=1, routed)           0.000     5.747    design_1_i/poly_mul4096_two_tower_parallel_axis_0/inst/lane1/core/preprocessing_lane_a/i___79_i_6__0_n_0
    SLICE_X35Y23         CARRY4 (Prop_carry4_CI_O[1])
                                                      0.334     6.081 r  design_1_i/poly_mul4096_two_tower_parallel_axis_0/inst/lane1/core/preprocessing_lane_a/i___91_i_6__0/O[1]
                         net (fo=1, routed)           0.445     6.526    design_1_i/poly_mul4096_two_tower_parallel_axis_0/inst/lane1/core/preprocessing_lane_a/selected_raw1[25]
    SLICE_X33Y22         LUT5 (Prop_lut5_I4_O)        0.303     6.829 r  design_1_i/poly_mul4096_two_tower_parallel_axis_0/inst/lane1/core/preprocessing_lane_a/i___91_i_4__0/O
                         net (fo=1, routed)           0.000     6.829    design_1_i/poly_mul4096_two_tower_parallel_axis_0/inst/lane1/core/preprocessing_lane_a/i___91_i_4__0_n_0
    SLICE_X33Y22         CARRY4 (Prop_carry4_S[1]_CO[3])
                                                      0.550     7.379 r  design_1_i/poly_mul4096_two_tower_parallel_axis_0/inst/lane1/core/preprocessing_lane_a/i___91_i_1__0/CO[3]
                         net (fo=1, routed)           0.000     7.379    design_1_i/poly_mul4096_two_tower_parallel_axis_0/inst/lane1/core/preprocessing_lane_a/i___91_i_1__0_n_0
    SLICE_X33Y23         CARRY4 (Prop_carry4_CI_O[1])
                                                      0.334     7.713 r  design_1_i/poly_mul4096_two_tower_parallel_axis_0/inst/lane1/core/preprocessing_lane_a/i___103_i_1__0/O[1]
                         net (fo=8, routed)           0.994     8.708    design_1_i/poly_mul4096_two_tower_parallel_axis_0/inst/lane1/core/preprocessing_lane_a/acc_reg[31]_0[1]
    SLICE_X31Y25         LUT4 (Prop_lut4_I1_O)        0.303     9.011 r  design_1_i/poly_mul4096_two_tower_parallel_axis_0/inst/lane1/core/preprocessing_lane_a/acc[31]_i_13__2/O
                         net (fo=1, routed)           0.000     9.011    design_1_i/poly_mul4096_two_tower_parallel_axis_0/inst/lane1/core/preprocessing_lane_a/acc[31]_i_13__2_n_0
    SLICE_X31Y25         CARRY4 (Prop_carry4_S[1]_CO[3])
                                                      0.550     9.561 r  design_1_i/poly_mul4096_two_tower_parallel_axis_0/inst/lane1/core/preprocessing_lane_a/acc_reg[31]_i_6__2/CO[3]
                         net (fo=1, routed)           0.000     9.561    design_1_i/poly_mul4096_two_tower_parallel_axis_0/inst/lane1/core/preprocessing_lane_a/acc_reg[31]_i_6__2_n_0
    SLICE_X31Y26         CARRY4 (Prop_carry4_CI_O[1])
                                                      0.334     9.895 r  design_1_i/poly_mul4096_two_tower_parallel_axis_0/inst/lane1/core/preprocessing_lane_a/acc_reg[0]_i_2__2/O[1]
                         net (fo=32, routed)          0.841    10.736    design_1_i/poly_mul4096_two_tower_parallel_axis_0/inst/lane1/core/preprocessing_lane_a/acc_reg[0]_i_2__2_n_6
    SLICE_X33Y25         LUT5 (Prop_lut5_I3_O)        0.303    11.039 r  design_1_i/poly_mul4096_two_tower_parallel_axis_0/inst/lane1/core/preprocessing_lane_a/acc[18]_i_2__5/O
                         net (fo=1, routed)           0.433    11.472    design_1_i/poly_mul4096_two_tower_parallel_axis_0/inst/lane1/core/preprocessing_lane_a/acc[18]_i_2__5_n_0
    SLICE_X33Y25         LUT3 (Prop_lut3_I2_O)        0.124    11.596 r  design_1_i/poly_mul4096_two_tower_parallel_axis_0/inst/lane1/core/preprocessing_lane_a/acc[18]_i_1__5/O
                         net (fo=2, routed)           0.676    12.272    design_1_i/poly_mul4096_two_tower_parallel_axis_0/inst/lane1/core/preprocessing_lane_a/next_acc[18]
    SLICE_X33Y24         FDRE                                         r  design_1_i/poly_mul4096_two_tower_parallel_axis_0/inst/lane1/core/preprocessing_lane_a/acc_reg[18]/D
  -------------------------------------------------------------------    -------------------

                         (clock clk_fpga_0 rise edge)
                                                     10.000    10.000 r  
    PS7_X0Y0             PS7                          0.000    10.000 r  design_1_i/processing_system7_0/inst/PS7_i/FCLKCLK[0]
                         net (fo=1, routed)           1.088    11.088    design_1_i/processing_system7_0/inst/FCLK_CLK_unbuffered[0]
    BUFGCTRL_X0Y16       BUFG (Prop_bufg_I_O)         0.091    11.179 r  design_1_i/processing_system7_0/inst/buffer_fclk_clk_0.FCLK_CLK_0_BUFG/O
                         net (fo=11096, routed)       1.478    12.658    design_1_i/poly_mul4096_two_tower_parallel_axis_0/inst/lane1/core/preprocessing_lane_a/clk
    SLICE_X33Y24         FDRE                                         r  design_1_i/poly_mul4096_two_tower_parallel_axis_0/inst/lane1/core/preprocessing_lane_a/acc_reg[18]/C
                         clock pessimism              0.230    12.887    
                         clock uncertainty           -0.154    12.733    
    SLICE_X33Y24         FDRE (Setup_fdre_C_D)       -0.103    12.630    design_1_i/poly_mul4096_two_tower_parallel_axis_0/inst/lane1/core/preprocessing_lane_a/acc_reg[18]
  -------------------------------------------------------------------
                         required time                         12.630    
                         arrival time                         -12.272    
  -------------------------------------------------------------------
                         slack                                  0.358    

Slack (MET) :             0.360ns  (required time - arrival time)
  Source:                 design_1_i/poly_mul4096_two_tower_parallel_axis_0/inst/lane1/core/preprocessing_lane_b/y_reg[1]/C
                            (rising edge-triggered cell FDRE clocked by clk_fpga_0  {rise@0.000ns fall@5.000ns period=10.000ns})
  Destination:            design_1_i/poly_mul4096_two_tower_parallel_axis_0/inst/lane1/core/preprocessing_lane_b/result_reg[7]/D
                            (rising edge-triggered cell FDRE clocked by clk_fpga_0  {rise@0.000ns fall@5.000ns period=10.000ns})
  Path Group:             clk_fpga_0
  Path Type:              Setup (Max at Slow Process Corner)
  Requirement:            10.000ns  (clk_fpga_0 rise@10.000ns - clk_fpga_0 rise@0.000ns)
  Data Path Delay:        9.355ns  (logic 4.684ns (50.068%)  route 4.671ns (49.932%))
  Logic Levels:           15  (CARRY4=10 LUT3=1 LUT4=2 LUT5=2)
  Clock Path Skew:        -0.026ns (DCD - SCD + CPR)
    Destination Clock Delay (DCD):    2.751ns = ( 12.751 - 10.000 ) 
    Source Clock Delay      (SCD):    3.044ns
    Clock Pessimism Removal (CPR):    0.267ns
  Clock Uncertainty:      0.154ns  ((TSJ^2 + TIJ^2)^1/2 + DJ) / 2 + PE
    Total System Jitter     (TSJ):    0.071ns
    Total Input Jitter      (TIJ):    0.300ns
    Discrete Jitter          (DJ):    0.000ns
    Phase Error              (PE):    0.000ns

    Location             Delay type                Incr(ns)  Path(ns)    Netlist Resource(s)
  -------------------------------------------------------------------    -------------------
                         (clock clk_fpga_0 rise edge)
                                                      0.000     0.000 r  
    PS7_X0Y0             PS7                          0.000     0.000 r  design_1_i/processing_system7_0/inst/PS7_i/FCLKCLK[0]
                         net (fo=1, routed)           1.193     1.193    design_1_i/processing_system7_0/inst/FCLK_CLK_unbuffered[0]
    BUFGCTRL_X0Y16       BUFG (Prop_bufg_I_O)         0.101     1.294 r  design_1_i/processing_system7_0/inst/buffer_fclk_clk_0.FCLK_CLK_0_BUFG/O
                         net (fo=11096, routed)       1.750     3.044    design_1_i/poly_mul4096_two_tower_parallel_axis_0/inst/lane1/core/preprocessing_lane_b/clk
    SLICE_X25Y2          FDRE                                         r  design_1_i/poly_mul4096_two_tower_parallel_axis_0/inst/lane1/core/preprocessing_lane_b/y_reg[1]/C
  -------------------------------------------------------------------    -------------------
    SLICE_X25Y2          FDRE (Prop_fdre_C_Q)         0.419     3.463 r  design_1_i/poly_mul4096_two_tower_parallel_axis_0/inst/lane1/core/preprocessing_lane_b/y_reg[1]/Q
                         net (fo=66, routed)          1.064     4.527    design_1_i/poly_mul4096_two_tower_parallel_axis_0/inst/lane1/core/preprocessing_lane_b/y_reg_n_0_[1]
    SLICE_X26Y4          LUT4 (Prop_lut4_I0_O)        0.299     4.826 r  design_1_i/poly_mul4096_two_tower_parallel_axis_0/inst/lane1/core/preprocessing_lane_b/i___190_i_10__0/O
                         net (fo=1, routed)           0.000     4.826    design_1_i/poly_mul4096_two_tower_parallel_axis_0/inst/lane1/core/preprocessing_lane_b/i___190_i_10__0_n_0
    SLICE_X26Y4          CARRY4 (Prop_carry4_S[0]_CO[3])
                                                      0.513     5.339 r  design_1_i/poly_mul4096_two_tower_parallel_axis_0/inst/lane1/core/preprocessing_lane_b/i___190_i_6__0/CO[3]
                         net (fo=1, routed)           0.000     5.339    design_1_i/poly_mul4096_two_tower_parallel_axis_0/inst/lane1/core/preprocessing_lane_b/i___190_i_6__0_n_0
    SLICE_X26Y5          CARRY4 (Prop_carry4_CI_CO[3])
                                                      0.117     5.456 r  design_1_i/poly_mul4096_two_tower_parallel_axis_0/inst/lane1/core/preprocessing_lane_b/i___202_i_6__0/CO[3]
                         net (fo=1, routed)           0.000     5.456    design_1_i/poly_mul4096_two_tower_parallel_axis_0/inst/lane1/core/preprocessing_lane_b/i___202_i_6__0_n_0
    SLICE_X26Y6          CARRY4 (Prop_carry4_CI_O[0])
                                                      0.219     5.675 r  design_1_i/poly_mul4096_two_tower_parallel_axis_0/inst/lane1/core/preprocessing_lane_b/i___214_i_6__0/O[0]
                         net (fo=1, routed)           0.567     6.242    design_1_i/poly_mul4096_two_tower_parallel_axis_0/inst/lane1/core/preprocessing_lane_b/selected_raw1[12]
    SLICE_X28Y6          LUT5 (Prop_lut5_I4_O)        0.295     6.537 r  design_1_i/poly_mul4096_two_tower_parallel_axis_0/inst/lane1/core/preprocessing_lane_b/i___214_i_5__0/O
                         net (fo=1, routed)           0.000     6.537    design_1_i/poly_mul4096_two_tower_parallel_axis_0/inst/lane1/core/preprocessing_lane_b/i___214_i_5__0_n_0
    SLICE_X28Y6          CARRY4 (Prop_carry4_S[0]_CO[3])
                                                      0.532     7.069 r  design_1_i/poly_mul4096_two_tower_parallel_axis_0/inst/lane1/core/preprocessing_lane_b/i___214_i_1__0/CO[3]
                         net (fo=1, routed)           0.000     7.069    design_1_i/poly_mul4096_two_tower_parallel_axis_0/inst/lane1/core/preprocessing_lane_b/i___214_i_1__0_n_0
    SLICE_X28Y7          CARRY4 (Prop_carry4_CI_CO[3])
                                                      0.114     7.183 r  design_1_i/poly_mul4096_two_tower_parallel_axis_0/inst/lane1/core/preprocessing_lane_b/i___226_i_1__0/CO[3]
                         net (fo=1, routed)           0.000     7.183    design_1_i/poly_mul4096_two_tower_parallel_axis_0/inst/lane1/core/preprocessing_lane_b/i___226_i_1__0_n_0
    SLICE_X28Y8          CARRY4 (Prop_carry4_CI_CO[3])
                                                      0.114     7.297 r  design_1_i/poly_mul4096_two_tower_parallel_axis_0/inst/lane1/core/preprocessing_lane_b/i___238_i_1__0/CO[3]
                         net (fo=1, routed)           0.000     7.297    design_1_i/poly_mul4096_two_tower_parallel_axis_0/inst/lane1/core/preprocessing_lane_b/i___238_i_1__0_n_0
    SLICE_X28Y9          CARRY4 (Prop_carry4_CI_CO[3])
                                                      0.114     7.411 r  design_1_i/poly_mul4096_two_tower_parallel_axis_0/inst/lane1/core/preprocessing_lane_b/i___250_i_1__0/CO[3]
                         net (fo=1, routed)           0.000     7.411    design_1_i/poly_mul4096_two_tower_parallel_axis_0/inst/lane1/core/preprocessing_lane_b/i___250_i_1__0_n_0
    SLICE_X28Y10         CARRY4 (Prop_carry4_CI_O[1])
                                                      0.334     7.745 r  design_1_i/poly_mul4096_two_tower_parallel_axis_0/inst/lane1/core/preprocessing_lane_b/i___262_i_1__0/O[1]
                         net (fo=8, routed)           0.763     8.508    design_1_i/poly_mul4096_two_tower_parallel_axis_0/inst/lane1/core/preprocessing_lane_b/acc_reg[31]_0[1]
    SLICE_X29Y9          LUT4 (Prop_lut4_I1_O)        0.303     8.811 r  design_1_i/poly_mul4096_two_tower_parallel_axis_0/inst/lane1/core/preprocessing_lane_b/acc[31]_i_13__3/O
                         net (fo=1, routed)           0.000     8.811    design_1_i/poly_mul4096_two_tower_parallel_axis_0/inst/lane1/core/preprocessing_lane_b/acc[31]_i_13__3_n_0
    SLICE_X29Y9          CARRY4 (Prop_carry4_S[1]_CO[3])
                                                      0.550     9.361 r  design_1_i/poly_mul4096_two_tower_parallel_axis_0/inst/lane1/core/preprocessing_lane_b/acc_reg[31]_i_6__3/CO[3]
                         net (fo=1, routed)           0.000     9.361    design_1_i/poly_mul4096_two_tower_parallel_axis_0/inst/lane1/core/preprocessing_lane_b/acc_reg[31]_i_6__3_n_0
    SLICE_X29Y10         CARRY4 (Prop_carry4_CI_O[1])
                                                      0.334     9.695 r  design_1_i/poly_mul4096_two_tower_parallel_axis_0/inst/lane1/core/preprocessing_lane_b/acc_reg[0]_i_2__3/O[1]
                         net (fo=32, routed)          0.988    10.683    design_1_i/poly_mul4096_two_tower_parallel_axis_0/inst/lane1/core/preprocessing_lane_b/acc_reg[0]_i_2__3_n_6
    SLICE_X26Y2          LUT5 (Prop_lut5_I3_O)        0.303    10.986 r  design_1_i/poly_mul4096_two_tower_parallel_axis_0/inst/lane1/core/preprocessing_lane_b/acc[7]_i_3__6/O
                         net (fo=1, routed)           0.430    11.416    design_1_i/poly_mul4096_two_tower_parallel_axis_0/inst/lane1/core/preprocessing_lane_b/acc[7]_i_3__6_n_0
    SLICE_X25Y2          LUT3 (Prop_lut3_I2_O)        0.124    11.540 r  design_1_i/poly_mul4096_two_tower_parallel_axis_0/inst/lane1/core/preprocessing_lane_b/acc[7]_i_1__6/O
                         net (fo=2, routed)           0.859    12.399    design_1_i/poly_mul4096_two_tower_parallel_axis_0/inst/lane1/core/preprocessing_lane_b/next_acc[7]
    SLICE_X27Y4          FDRE                                         r  design_1_i/poly_mul4096_two_tower_parallel_axis_0/inst/lane1/core/preprocessing_lane_b/result_reg[7]/D
  -------------------------------------------------------------------    -------------------

                         (clock clk_fpga_0 rise edge)
                                                     10.000    10.000 r  
    PS7_X0Y0             PS7                          0.000    10.000 r  design_1_i/processing_system7_0/inst/PS7_i/FCLKCLK[0]
                         net (fo=1, routed)           1.088    11.088    design_1_i/processing_system7_0/inst/FCLK_CLK_unbuffered[0]
    BUFGCTRL_X0Y16       BUFG (Prop_bufg_I_O)         0.091    11.179 r  design_1_i/processing_system7_0/inst/buffer_fclk_clk_0.FCLK_CLK_0_BUFG/O
                         net (fo=11096, routed)       1.572    12.752    design_1_i/poly_mul4096_two_tower_parallel_axis_0/inst/lane1/core/preprocessing_lane_b/clk
    SLICE_X27Y4          FDRE                                         r  design_1_i/poly_mul4096_two_tower_parallel_axis_0/inst/lane1/core/preprocessing_lane_b/result_reg[7]/C
                         clock pessimism              0.267    13.018    
                         clock uncertainty           -0.154    12.864    
    SLICE_X27Y4          FDRE (Setup_fdre_C_D)       -0.105    12.759    design_1_i/poly_mul4096_two_tower_parallel_axis_0/inst/lane1/core/preprocessing_lane_b/result_reg[7]
  -------------------------------------------------------------------
                         required time                         12.759    
                         arrival time                         -12.399    
  -------------------------------------------------------------------
                         slack                                  0.360    

Slack (MET) :             0.368ns  (required time - arrival time)
  Source:                 design_1_i/poly_mul4096_two_tower_parallel_axis_0/inst/lane0/core/preprocessing_lane_a/y_reg[1]/C
                            (rising edge-triggered cell FDRE clocked by clk_fpga_0  {rise@0.000ns fall@5.000ns period=10.000ns})
  Destination:            design_1_i/poly_mul4096_two_tower_parallel_axis_0/inst/lane0/core/preprocessing_lane_a/acc_reg[11]/D
                            (rising edge-triggered cell FDRE clocked by clk_fpga_0  {rise@0.000ns fall@5.000ns period=10.000ns})
  Path Group:             clk_fpga_0
  Path Type:              Setup (Max at Slow Process Corner)
  Requirement:            10.000ns  (clk_fpga_0 rise@10.000ns - clk_fpga_0 rise@0.000ns)
  Data Path Delay:        9.134ns  (logic 4.707ns (51.532%)  route 4.427ns (48.468%))
  Logic Levels:           14  (CARRY4=9 LUT3=1 LUT4=2 LUT5=2)
  Clock Path Skew:        -0.061ns (DCD - SCD + CPR)
    Destination Clock Delay (DCD):    2.730ns = ( 12.730 - 10.000 ) 
    Source Clock Delay      (SCD):    3.021ns
    Clock Pessimism Removal (CPR):    0.230ns
  Clock Uncertainty:      0.154ns  ((TSJ^2 + TIJ^2)^1/2 + DJ) / 2 + PE
    Total System Jitter     (TSJ):    0.071ns
    Total Input Jitter      (TIJ):    0.300ns
    Discrete Jitter          (DJ):    0.000ns
    Phase Error              (PE):    0.000ns

    Location             Delay type                Incr(ns)  Path(ns)    Netlist Resource(s)
  -------------------------------------------------------------------    -------------------
                         (clock clk_fpga_0 rise edge)
                                                      0.000     0.000 r  
    PS7_X0Y0             PS7                          0.000     0.000 r  design_1_i/processing_system7_0/inst/PS7_i/FCLKCLK[0]
                         net (fo=1, routed)           1.193     1.193    design_1_i/processing_system7_0/inst/FCLK_CLK_unbuffered[0]
    BUFGCTRL_X0Y16       BUFG (Prop_bufg_I_O)         0.101     1.294 r  design_1_i/processing_system7_0/inst/buffer_fclk_clk_0.FCLK_CLK_0_BUFG/O
                         net (fo=11096, routed)       1.727     3.021    design_1_i/poly_mul4096_two_tower_parallel_axis_0/inst/lane0/core/preprocessing_lane_a/clk
    SLICE_X56Y10         FDRE                                         r  design_1_i/poly_mul4096_two_tower_parallel_axis_0/inst/lane0/core/preprocessing_lane_a/y_reg[1]/C
  -------------------------------------------------------------------    -------------------
    SLICE_X56Y10         FDRE (Prop_fdre_C_Q)         0.419     3.440 r  design_1_i/poly_mul4096_two_tower_parallel_axis_0/inst/lane0/core/preprocessing_lane_a/y_reg[1]/Q
                         net (fo=66, routed)          1.131     4.571    design_1_i/poly_mul4096_two_tower_parallel_axis_0/inst/lane0/core/preprocessing_lane_a/y_reg_n_0_[1]
    SLICE_X54Y12         LUT4 (Prop_lut4_I0_O)        0.299     4.870 r  design_1_i/poly_mul4096_two_tower_parallel_axis_0/inst/lane0/core/preprocessing_lane_a/i___43_i_10/O
                         net (fo=1, routed)           0.000     4.870    design_1_i/poly_mul4096_two_tower_parallel_axis_0/inst/lane0/core/preprocessing_lane_a/i___43_i_10_n_0
    SLICE_X54Y12         CARRY4 (Prop_carry4_S[0]_CO[3])
                                                      0.513     5.383 r  design_1_i/poly_mul4096_two_tower_parallel_axis_0/inst/lane0/core/preprocessing_lane_a/i___43_i_6/CO[3]
                         net (fo=1, routed)           0.000     5.383    design_1_i/poly_mul4096_two_tower_parallel_axis_0/inst/lane0/core/preprocessing_lane_a/i___43_i_6_n_0
    SLICE_X54Y13         CARRY4 (Prop_carry4_CI_O[1])
                                                      0.323     5.706 r  design_1_i/poly_mul4096_two_tower_parallel_axis_0/inst/lane0/core/preprocessing_lane_a/i___55_i_6/O[1]
                         net (fo=1, routed)           0.485     6.192    design_1_i/poly_mul4096_two_tower_parallel_axis_0/inst/lane0/core/preprocessing_lane_a/selected_raw1[13]
    SLICE_X55Y14         LUT5 (Prop_lut5_I4_O)        0.306     6.498 r  design_1_i/poly_mul4096_two_tower_parallel_axis_0/inst/lane0/core/preprocessing_lane_a/i___55_i_4/O
                         net (fo=1, routed)           0.000     6.498    design_1_i/poly_mul4096_two_tower_parallel_axis_0/inst/lane0/core/preprocessing_lane_a/i___55_i_4_n_0
    SLICE_X55Y14         CARRY4 (Prop_carry4_S[1]_CO[3])
                                                      0.550     7.048 r  design_1_i/poly_mul4096_two_tower_parallel_axis_0/inst/lane0/core/preprocessing_lane_a/i___55_i_1/CO[3]
                         net (fo=1, routed)           0.000     7.048    design_1_i/poly_mul4096_two_tower_parallel_axis_0/inst/lane0/core/preprocessing_lane_a/i___55_i_1_n_0
    SLICE_X55Y15         CARRY4 (Prop_carry4_CI_CO[3])
                                                      0.114     7.162 r  design_1_i/poly_mul4096_two_tower_parallel_axis_0/inst/lane0/core/preprocessing_lane_a/i___67_i_1/CO[3]
                         net (fo=1, routed)           0.000     7.162    design_1_i/poly_mul4096_two_tower_parallel_axis_0/inst/lane0/core/preprocessing_lane_a/i___67_i_1_n_0
    SLICE_X55Y16         CARRY4 (Prop_carry4_CI_O[1])
                                                      0.334     7.496 r  design_1_i/poly_mul4096_two_tower_parallel_axis_0/inst/lane0/core/preprocessing_lane_a/i___79_i_1/O[1]
                         net (fo=8, routed)           0.874     8.370    design_1_i/poly_mul4096_two_tower_parallel_axis_0/inst/lane0/core/preprocessing_lane_a/acc_reg[23]_0[1]
    SLICE_X58Y16         LUT4 (Prop_lut4_I1_O)        0.303     8.673 r  design_1_i/poly_mul4096_two_tower_parallel_axis_0/inst/lane0/core/preprocessing_lane_a/acc[24]_i_10/O
                         net (fo=1, routed)           0.000     8.673    design_1_i/poly_mul4096_two_tower_parallel_axis_0/inst/lane0/core/preprocessing_lane_a/acc[24]_i_10_n_0
    SLICE_X58Y16         CARRY4 (Prop_carry4_S[1]_CO[3])
                                                      0.533     9.206 r  design_1_i/poly_mul4096_two_tower_parallel_axis_0/inst/lane0/core/preprocessing_lane_a/acc_reg[24]_i_3/CO[3]
                         net (fo=1, routed)           0.000     9.206    design_1_i/poly_mul4096_two_tower_parallel_axis_0/inst/lane0/core/preprocessing_lane_a/acc_reg[24]_i_3_n_0
    SLICE_X58Y17         CARRY4 (Prop_carry4_CI_CO[3])
                                                      0.117     9.323 r  design_1_i/poly_mul4096_two_tower_parallel_axis_0/inst/lane0/core/preprocessing_lane_a/acc_reg[28]_i_3/CO[3]
                         net (fo=1, routed)           0.000     9.323    design_1_i/poly_mul4096_two_tower_parallel_axis_0/inst/lane0/core/preprocessing_lane_a/acc_reg[28]_i_3_n_0
    SLICE_X58Y18         CARRY4 (Prop_carry4_CI_CO[3])
                                                      0.117     9.440 r  design_1_i/poly_mul4096_two_tower_parallel_axis_0/inst/lane0/core/preprocessing_lane_a/acc_reg[31]_i_6/CO[3]
                         net (fo=1, routed)           0.000     9.440    design_1_i/poly_mul4096_two_tower_parallel_axis_0/inst/lane0/core/preprocessing_lane_a/acc_reg[31]_i_6_n_0
    SLICE_X58Y19         CARRY4 (Prop_carry4_CI_O[1])
                                                      0.323     9.763 r  design_1_i/poly_mul4096_two_tower_parallel_axis_0/inst/lane0/core/preprocessing_lane_a/acc_reg[0]_i_2/O[1]
                         net (fo=32, routed)          0.746    10.508    design_1_i/poly_mul4096_two_tower_parallel_axis_0/inst/lane0/core/preprocessing_lane_a/acc_reg[0]_i_2_n_6
    SLICE_X59Y12         LUT5 (Prop_lut5_I3_O)        0.306    10.814 r  design_1_i/poly_mul4096_two_tower_parallel_axis_0/inst/lane0/core/preprocessing_lane_a/acc[11]_i_3/O
                         net (fo=1, routed)           0.603    11.418    design_1_i/poly_mul4096_two_tower_parallel_axis_0/inst/lane0/core/preprocessing_lane_a/acc[11]_i_3_n_0
    SLICE_X60Y13         LUT3 (Prop_lut3_I2_O)        0.150    11.568 r  design_1_i/poly_mul4096_two_tower_parallel_axis_0/inst/lane0/core/preprocessing_lane_a/acc[11]_i_1/O
                         net (fo=2, routed)           0.587    12.155    design_1_i/poly_mul4096_two_tower_parallel_axis_0/inst/lane0/core/preprocessing_lane_a/next_acc[11]
    SLICE_X60Y13         FDRE                                         r  design_1_i/poly_mul4096_two_tower_parallel_axis_0/inst/lane0/core/preprocessing_lane_a/acc_reg[11]/D
  -------------------------------------------------------------------    -------------------

                         (clock clk_fpga_0 rise edge)
                                                     10.000    10.000 r  
    PS7_X0Y0             PS7                          0.000    10.000 r  design_1_i/processing_system7_0/inst/PS7_i/FCLKCLK[0]
                         net (fo=1, routed)           1.088    11.088    design_1_i/processing_system7_0/inst/FCLK_CLK_unbuffered[0]
    BUFGCTRL_X0Y16       BUFG (Prop_bufg_I_O)         0.091    11.179 r  design_1_i/processing_system7_0/inst/buffer_fclk_clk_0.FCLK_CLK_0_BUFG/O
                         net (fo=11096, routed)       1.551    12.731    design_1_i/poly_mul4096_two_tower_parallel_axis_0/inst/lane0/core/preprocessing_lane_a/clk
    SLICE_X60Y13         FDRE                                         r  design_1_i/poly_mul4096_two_tower_parallel_axis_0/inst/lane0/core/preprocessing_lane_a/acc_reg[11]/C
                         clock pessimism              0.230    12.960    
                         clock uncertainty           -0.154    12.806    
    SLICE_X60Y13         FDRE (Setup_fdre_C_D)       -0.283    12.523    design_1_i/poly_mul4096_two_tower_parallel_axis_0/inst/lane0/core/preprocessing_lane_a/acc_reg[11]
  -------------------------------------------------------------------
                         required time                         12.523    
                         arrival time                         -12.155    
  -------------------------------------------------------------------
                         slack                                  0.368    





Pulse Width Checks
--------------------------------------------------------------------------------------
Clock Name:         clk_fpga_0
Waveform(ns):       { 0.000 5.000 }
Period(ns):         10.000
Sources:            { design_1_i/processing_system7_0/inst/PS7_i/FCLKCLK[0] }

Check Type        Corner  Lib Pin             Reference Pin  Required(ns)  Actual(ns)  Slack(ns)  Location      Pin
Min Period        n/a     RAMB36E1/CLKARDCLK  n/a            2.944         10.000      7.056      RAMB36_X3Y5   design_1_i/poly_mul4096_two_tower_parallel_axis_0/inst/lane0/core/coefficient_bank_a/memory_reg_0/CLKARDCLK
Min Period        n/a     RAMB36E1/CLKBWRCLK  n/a            2.944         10.000      7.056      RAMB36_X3Y5   design_1_i/poly_mul4096_two_tower_parallel_axis_0/inst/lane0/core/coefficient_bank_a/memory_reg_0/CLKBWRCLK
Min Period        n/a     RAMB36E1/CLKARDCLK  n/a            2.944         10.000      7.056      RAMB36_X3Y6   design_1_i/poly_mul4096_two_tower_parallel_axis_0/inst/lane0/core/coefficient_bank_a/memory_reg_1/CLKARDCLK
Min Period        n/a     RAMB36E1/CLKBWRCLK  n/a            2.944         10.000      7.056      RAMB36_X3Y6   design_1_i/poly_mul4096_two_tower_parallel_axis_0/inst/lane0/core/coefficient_bank_a/memory_reg_1/CLKBWRCLK
Min Period        n/a     RAMB36E1/CLKARDCLK  n/a            2.944         10.000      7.056      RAMB36_X3Y7   design_1_i/poly_mul4096_two_tower_parallel_axis_0/inst/lane0/core/coefficient_bank_a/memory_reg_2/CLKARDCLK
Min Period        n/a     RAMB36E1/CLKBWRCLK  n/a            2.944         10.000      7.056      RAMB36_X3Y7   design_1_i/poly_mul4096_two_tower_parallel_axis_0/inst/lane0/core/coefficient_bank_a/memory_reg_2/CLKBWRCLK
Min Period        n/a     RAMB36E1/CLKARDCLK  n/a            2.944         10.000      7.056      RAMB36_X3Y8   design_1_i/poly_mul4096_two_tower_parallel_axis_0/inst/lane0/core/coefficient_bank_a/memory_reg_3/CLKARDCLK
Min Period        n/a     RAMB36E1/CLKBWRCLK  n/a            2.944         10.000      7.056      RAMB36_X3Y8   design_1_i/poly_mul4096_two_tower_parallel_axis_0/inst/lane0/core/coefficient_bank_a/memory_reg_3/CLKBWRCLK
Min Period        n/a     RAMB36E1/CLKARDCLK  n/a            2.944         10.000      7.056      RAMB36_X4Y2   design_1_i/poly_mul4096_two_tower_parallel_axis_0/inst/lane0/core/coefficient_bank_b/memory_reg_0/CLKARDCLK
Min Period        n/a     RAMB36E1/CLKBWRCLK  n/a            2.944         10.000      7.056      RAMB36_X4Y2   design_1_i/poly_mul4096_two_tower_parallel_axis_0/inst/lane0/core/coefficient_bank_b/memory_reg_0/CLKBWRCLK
Min Period        n/a     RAMB36E1/CLKARDCLK  n/a            2.944         10.000      7.056      RAMB36_X4Y3   design_1_i/poly_mul4096_two_tower_parallel_axis_0/inst/lane0/core/coefficient_bank_b/memory_reg_1/CLKARDCLK
Min Period        n/a     RAMB36E1/CLKBWRCLK  n/a            2.944         10.000      7.056      RAMB36_X4Y3   design_1_i/poly_mul4096_two_tower_parallel_axis_0/inst/lane0/core/coefficient_bank_b/memory_reg_1/CLKBWRCLK
Min Period        n/a     RAMB36E1/CLKARDCLK  n/a            2.944         10.000      7.056      RAMB36_X4Y4   design_1_i/poly_mul4096_two_tower_parallel_axis_0/inst/lane0/core/coefficient_bank_b/memory_reg_2/CLKARDCLK
Min Period        n/a     RAMB36E1/CLKBWRCLK  n/a            2.944         10.000      7.056      RAMB36_X4Y4   design_1_i/poly_mul4096_two_tower_parallel_axis_0/inst/lane0/core/coefficient_bank_b/memory_reg_2/CLKBWRCLK
Min Period        n/a     RAMB36E1/CLKARDCLK  n/a            2.944         10.000      7.056      RAMB36_X3Y4   design_1_i/poly_mul4096_two_tower_parallel_axis_0/inst/lane0/core/coefficient_bank_b/memory_reg_3/CLKARDCLK
Min Period        n/a     RAMB36E1/CLKBWRCLK  n/a            2.944         10.000      7.056      RAMB36_X3Y4   design_1_i/poly_mul4096_two_tower_parallel_axis_0/inst/lane0/core/coefficient_bank_b/memory_reg_3/CLKBWRCLK
Min Period        n/a     RAMB36E1/CLKARDCLK  n/a            2.944         10.000      7.056      RAMB36_X4Y1   design_1_i/poly_mul4096_two_tower_parallel_axis_0/inst/lane0/core/forward_twiddle_profile_memory/memory_reg_0/CLKARDCLK
Min Period        n/a     RAMB36E1/CLKARDCLK  n/a            2.944         10.000      7.056      RAMB36_X4Y0   design_1_i/poly_mul4096_two_tower_parallel_axis_0/inst/lane0/core/forward_twiddle_profile_memory/memory_reg_1/CLKARDCLK
Min Period        n/a     RAMB36E1/CLKARDCLK  n/a            2.944         10.000      7.056      RAMB36_X3Y2   design_1_i/poly_mul4096_two_tower_parallel_axis_0/inst/lane0/core/forward_twiddle_profile_memory/memory_reg_2/CLKARDCLK
Min Period        n/a     RAMB36E1/CLKARDCLK  n/a            2.944         10.000      7.056      RAMB36_X3Y0   design_1_i/poly_mul4096_two_tower_parallel_axis_0/inst/lane0/core/forward_twiddle_profile_memory/memory_reg_3/CLKARDCLK
Low Pulse Width   Slow    RAMD32/CLK          n/a            1.250         5.000       3.750      SLICE_X46Y67  design_1_i/axi_dma_0/U0/I_PRMRY_DATAMOVER/GEN_S2MM_FULL.I_S2MM_FULL_WRAPPER/GEN_ENABLE_INDET_BTT_SF.I_INDET_BTT/I_XD_FIFO/NON_BLK_MEM.I_SYNC_FIFOGEN_FIFO/xpm_fifo_instance.xpm_fifo_sync_inst/xpm_fifo_base_inst/gen_sdpram.xpm_memory_base_inst/gen_wr_a.gen_word_narrow.mem_reg_0_15_0_5/RAMA/CLK
Low Pulse Width   Fast    RAMD32/CLK          n/a            1.250         5.000       3.750      SLICE_X46Y67  design_1_i/axi_dma_0/U0/I_PRMRY_DATAMOVER/GEN_S2MM_FULL.I_S2MM_FULL_WRAPPER/GEN_ENABLE_INDET_BTT_SF.I_INDET_BTT/I_XD_FIFO/NON_BLK_MEM.I_SYNC_FIFOGEN_FIFO/xpm_fifo_instance.xpm_fifo_sync_inst/xpm_fifo_base_inst/gen_sdpram.xpm_memory_base_inst/gen_wr_a.gen_word_narrow.mem_reg_0_15_0_5/RAMA/CLK
Low Pulse Width   Slow    RAMD32/CLK          n/a            1.250         5.000       3.750      SLICE_X46Y67  design_1_i/axi_dma_0/U0/I_PRMRY_DATAMOVER/GEN_S2MM_FULL.I_S2MM_FULL_WRAPPER/GEN_ENABLE_INDET_BTT_SF.I_INDET_BTT/I_XD_FIFO/NON_BLK_MEM.I_SYNC_FIFOGEN_FIFO/xpm_fifo_instance.xpm_fifo_sync_inst/xpm_fifo_base_inst/gen_sdpram.xpm_memory_base_inst/gen_wr_a.gen_word_narrow.mem_reg_0_15_0_5/RAMA_D1/CLK
Low Pulse Width   Fast    RAMD32/CLK          n/a            1.250         5.000       3.750      SLICE_X46Y67  design_1_i/axi_dma_0/U0/I_PRMRY_DATAMOVER/GEN_S2MM_FULL.I_S2MM_FULL_WRAPPER/GEN_ENABLE_INDET_BTT_SF.I_INDET_BTT/I_XD_FIFO/NON_BLK_MEM.I_SYNC_FIFOGEN_FIFO/xpm_fifo_instance.xpm_fifo_sync_inst/xpm_fifo_base_inst/gen_sdpram.xpm_memory_base_inst/gen_wr_a.gen_word_narrow.mem_reg_0_15_0_5/RAMA_D1/CLK
Low Pulse Width   Slow    RAMD32/CLK          n/a            1.250         5.000       3.750      SLICE_X46Y67  design_1_i/axi_dma_0/U0/I_PRMRY_DATAMOVER/GEN_S2MM_FULL.I_S2MM_FULL_WRAPPER/GEN_ENABLE_INDET_BTT_SF.I_INDET_BTT/I_XD_FIFO/NON_BLK_MEM.I_SYNC_FIFOGEN_FIFO/xpm_fifo_instance.xpm_fifo_sync_inst/xpm_fifo_base_inst/gen_sdpram.xpm_memory_base_inst/gen_wr_a.gen_word_narrow.mem_reg_0_15_0_5/RAMB/CLK
Low Pulse Width   Fast    RAMD32/CLK          n/a            1.250         5.000       3.750      SLICE_X46Y67  design_1_i/axi_dma_0/U0/I_PRMRY_DATAMOVER/GEN_S2MM_FULL.I_S2MM_FULL_WRAPPER/GEN_ENABLE_INDET_BTT_SF.I_INDET_BTT/I_XD_FIFO/NON_BLK_MEM.I_SYNC_FIFOGEN_FIFO/xpm_fifo_instance.xpm_fifo_sync_inst/xpm_fifo_base_inst/gen_sdpram.xpm_memory_base_inst/gen_wr_a.gen_word_narrow.mem_reg_0_15_0_5/RAMB/CLK
Low Pulse Width   Slow    RAMD32/CLK          n/a            1.250         5.000       3.750      SLICE_X46Y67  design_1_i/axi_dma_0/U0/I_PRMRY_DATAMOVER/GEN_S2MM_FULL.I_S2MM_FULL_WRAPPER/GEN_ENABLE_INDET_BTT_SF.I_INDET_BTT/I_XD_FIFO/NON_BLK_MEM.I_SYNC_FIFOGEN_FIFO/xpm_fifo_instance.xpm_fifo_sync_inst/xpm_fifo_base_inst/gen_sdpram.xpm_memory_base_inst/gen_wr_a.gen_word_narrow.mem_reg_0_15_0_5/RAMB_D1/CLK
Low Pulse Width   Fast    RAMD32/CLK          n/a            1.250         5.000       3.750      SLICE_X46Y67  design_1_i/axi_dma_0/U0/I_PRMRY_DATAMOVER/GEN_S2MM_FULL.I_S2MM_FULL_WRAPPER/GEN_ENABLE_INDET_BTT_SF.I_INDET_BTT/I_XD_FIFO/NON_BLK_MEM.I_SYNC_FIFOGEN_FIFO/xpm_fifo_instance.xpm_fifo_sync_inst/xpm_fifo_base_inst/gen_sdpram.xpm_memory_base_inst/gen_wr_a.gen_word_narrow.mem_reg_0_15_0_5/RAMB_D1/CLK
Low Pulse Width   Slow    RAMD32/CLK          n/a            1.250         5.000       3.750      SLICE_X46Y67  design_1_i/axi_dma_0/U0/I_PRMRY_DATAMOVER/GEN_S2MM_FULL.I_S2MM_FULL_WRAPPER/GEN_ENABLE_INDET_BTT_SF.I_INDET_BTT/I_XD_FIFO/NON_BLK_MEM.I_SYNC_FIFOGEN_FIFO/xpm_fifo_instance.xpm_fifo_sync_inst/xpm_fifo_base_inst/gen_sdpram.xpm_memory_base_inst/gen_wr_a.gen_word_narrow.mem_reg_0_15_0_5/RAMC/CLK
Low Pulse Width   Fast    RAMD32/CLK          n/a            1.250         5.000       3.750      SLICE_X46Y67  design_1_i/axi_dma_0/U0/I_PRMRY_DATAMOVER/GEN_S2MM_FULL.I_S2MM_FULL_WRAPPER/GEN_ENABLE_INDET_BTT_SF.I_INDET_BTT/I_XD_FIFO/NON_BLK_MEM.I_SYNC_FIFOGEN_FIFO/xpm_fifo_instance.xpm_fifo_sync_inst/xpm_fifo_base_inst/gen_sdpram.xpm_memory_base_inst/gen_wr_a.gen_word_narrow.mem_reg_0_15_0_5/RAMC/CLK
Low Pulse Width   Slow    RAMD32/CLK          n/a            1.250         5.000       3.750      SLICE_X46Y67  design_1_i/axi_dma_0/U0/I_PRMRY_DATAMOVER/GEN_S2MM_FULL.I_S2MM_FULL_WRAPPER/GEN_ENABLE_INDET_BTT_SF.I_INDET_BTT/I_XD_FIFO/NON_BLK_MEM.I_SYNC_FIFOGEN_FIFO/xpm_fifo_instance.xpm_fifo_sync_inst/xpm_fifo_base_inst/gen_sdpram.xpm_memory_base_inst/gen_wr_a.gen_word_narrow.mem_reg_0_15_0_5/RAMC_D1/CLK
Low Pulse Width   Fast    RAMD32/CLK          n/a            1.250         5.000       3.750      SLICE_X46Y67  design_1_i/axi_dma_0/U0/I_PRMRY_DATAMOVER/GEN_S2MM_FULL.I_S2MM_FULL_WRAPPER/GEN_ENABLE_INDET_BTT_SF.I_INDET_BTT/I_XD_FIFO/NON_BLK_MEM.I_SYNC_FIFOGEN_FIFO/xpm_fifo_instance.xpm_fifo_sync_inst/xpm_fifo_base_inst/gen_sdpram.xpm_memory_base_inst/gen_wr_a.gen_word_narrow.mem_reg_0_15_0_5/RAMC_D1/CLK
Low Pulse Width   Slow    RAMS32/CLK          n/a            1.250         5.000       3.750      SLICE_X46Y67  design_1_i/axi_dma_0/U0/I_PRMRY_DATAMOVER/GEN_S2MM_FULL.I_S2MM_FULL_WRAPPER/GEN_ENABLE_INDET_BTT_SF.I_INDET_BTT/I_XD_FIFO/NON_BLK_MEM.I_SYNC_FIFOGEN_FIFO/xpm_fifo_instance.xpm_fifo_sync_inst/xpm_fifo_base_inst/gen_sdpram.xpm_memory_base_inst/gen_wr_a.gen_word_narrow.mem_reg_0_15_0_5/RAMD/CLK
Low Pulse Width   Fast    RAMS32/CLK          n/a            1.250         5.000       3.750      SLICE_X46Y67  design_1_i/axi_dma_0/U0/I_PRMRY_DATAMOVER/GEN_S2MM_FULL.I_S2MM_FULL_WRAPPER/GEN_ENABLE_INDET_BTT_SF.I_INDET_BTT/I_XD_FIFO/NON_BLK_MEM.I_SYNC_FIFOGEN_FIFO/xpm_fifo_instance.xpm_fifo_sync_inst/xpm_fifo_base_inst/gen_sdpram.xpm_memory_base_inst/gen_wr_a.gen_word_narrow.mem_reg_0_15_0_5/RAMD/CLK
Low Pulse Width   Slow    RAMS32/CLK          n/a            1.250         5.000       3.750      SLICE_X46Y67  design_1_i/axi_dma_0/U0/I_PRMRY_DATAMOVER/GEN_S2MM_FULL.I_S2MM_FULL_WRAPPER/GEN_ENABLE_INDET_BTT_SF.I_INDET_BTT/I_XD_FIFO/NON_BLK_MEM.I_SYNC_FIFOGEN_FIFO/xpm_fifo_instance.xpm_fifo_sync_inst/xpm_fifo_base_inst/gen_sdpram.xpm_memory_base_inst/gen_wr_a.gen_word_narrow.mem_reg_0_15_0_5/RAMD_D1/CLK
Low Pulse Width   Fast    RAMS32/CLK          n/a            1.250         5.000       3.750      SLICE_X46Y67  design_1_i/axi_dma_0/U0/I_PRMRY_DATAMOVER/GEN_S2MM_FULL.I_S2MM_FULL_WRAPPER/GEN_ENABLE_INDET_BTT_SF.I_INDET_BTT/I_XD_FIFO/NON_BLK_MEM.I_SYNC_FIFOGEN_FIFO/xpm_fifo_instance.xpm_fifo_sync_inst/xpm_fifo_base_inst/gen_sdpram.xpm_memory_base_inst/gen_wr_a.gen_word_narrow.mem_reg_0_15_0_5/RAMD_D1/CLK
Low Pulse Width   Slow    RAMD32/CLK          n/a            1.250         5.000       3.750      SLICE_X46Y68  design_1_i/axi_dma_0/U0/I_PRMRY_DATAMOVER/GEN_S2MM_FULL.I_S2MM_FULL_WRAPPER/GEN_ENABLE_INDET_BTT_SF.I_INDET_BTT/I_XD_FIFO/NON_BLK_MEM.I_SYNC_FIFOGEN_FIFO/xpm_fifo_instance.xpm_fifo_sync_inst/xpm_fifo_base_inst/gen_sdpram.xpm_memory_base_inst/gen_wr_a.gen_word_narrow.mem_reg_0_15_6_9/RAMA/CLK
Low Pulse Width   Fast    RAMD32/CLK          n/a            1.250         5.000       3.750      SLICE_X46Y68  design_1_i/axi_dma_0/U0/I_PRMRY_DATAMOVER/GEN_S2MM_FULL.I_S2MM_FULL_WRAPPER/GEN_ENABLE_INDET_BTT_SF.I_INDET_BTT/I_XD_FIFO/NON_BLK_MEM.I_SYNC_FIFOGEN_FIFO/xpm_fifo_instance.xpm_fifo_sync_inst/xpm_fifo_base_inst/gen_sdpram.xpm_memory_base_inst/gen_wr_a.gen_word_narrow.mem_reg_0_15_6_9/RAMA/CLK
Low Pulse Width   Slow    RAMD32/CLK          n/a            1.250         5.000       3.750      SLICE_X46Y68  design_1_i/axi_dma_0/U0/I_PRMRY_DATAMOVER/GEN_S2MM_FULL.I_S2MM_FULL_WRAPPER/GEN_ENABLE_INDET_BTT_SF.I_INDET_BTT/I_XD_FIFO/NON_BLK_MEM.I_SYNC_FIFOGEN_FIFO/xpm_fifo_instance.xpm_fifo_sync_inst/xpm_fifo_base_inst/gen_sdpram.xpm_memory_base_inst/gen_wr_a.gen_word_narrow.mem_reg_0_15_6_9/RAMA_D1/CLK
Low Pulse Width   Fast    RAMD32/CLK          n/a            1.250         5.000       3.750      SLICE_X46Y68  design_1_i/axi_dma_0/U0/I_PRMRY_DATAMOVER/GEN_S2MM_FULL.I_S2MM_FULL_WRAPPER/GEN_ENABLE_INDET_BTT_SF.I_INDET_BTT/I_XD_FIFO/NON_BLK_MEM.I_SYNC_FIFOGEN_FIFO/xpm_fifo_instance.xpm_fifo_sync_inst/xpm_fifo_base_inst/gen_sdpram.xpm_memory_base_inst/gen_wr_a.gen_word_narrow.mem_reg_0_15_6_9/RAMA_D1/CLK
High Pulse Width  Slow    RAMD32/CLK          n/a            1.250         5.000       3.750      SLICE_X46Y67  design_1_i/axi_dma_0/U0/I_PRMRY_DATAMOVER/GEN_S2MM_FULL.I_S2MM_FULL_WRAPPER/GEN_ENABLE_INDET_BTT_SF.I_INDET_BTT/I_XD_FIFO/NON_BLK_MEM.I_SYNC_FIFOGEN_FIFO/xpm_fifo_instance.xpm_fifo_sync_inst/xpm_fifo_base_inst/gen_sdpram.xpm_memory_base_inst/gen_wr_a.gen_word_narrow.mem_reg_0_15_0_5/RAMA/CLK
High Pulse Width  Fast    RAMD32/CLK          n/a            1.250         5.000       3.750      SLICE_X46Y67  design_1_i/axi_dma_0/U0/I_PRMRY_DATAMOVER/GEN_S2MM_FULL.I_S2MM_FULL_WRAPPER/GEN_ENABLE_INDET_BTT_SF.I_INDET_BTT/I_XD_FIFO/NON_BLK_MEM.I_SYNC_FIFOGEN_FIFO/xpm_fifo_instance.xpm_fifo_sync_inst/xpm_fifo_base_inst/gen_sdpram.xpm_memory_base_inst/gen_wr_a.gen_word_narrow.mem_reg_0_15_0_5/RAMA/CLK
High Pulse Width  Slow    RAMD32/CLK          n/a            1.250         5.000       3.750      SLICE_X46Y67  design_1_i/axi_dma_0/U0/I_PRMRY_DATAMOVER/GEN_S2MM_FULL.I_S2MM_FULL_WRAPPER/GEN_ENABLE_INDET_BTT_SF.I_INDET_BTT/I_XD_FIFO/NON_BLK_MEM.I_SYNC_FIFOGEN_FIFO/xpm_fifo_instance.xpm_fifo_sync_inst/xpm_fifo_base_inst/gen_sdpram.xpm_memory_base_inst/gen_wr_a.gen_word_narrow.mem_reg_0_15_0_5/RAMA_D1/CLK
High Pulse Width  Fast    RAMD32/CLK          n/a            1.250         5.000       3.750      SLICE_X46Y67  design_1_i/axi_dma_0/U0/I_PRMRY_DATAMOVER/GEN_S2MM_FULL.I_S2MM_FULL_WRAPPER/GEN_ENABLE_INDET_BTT_SF.I_INDET_BTT/I_XD_FIFO/NON_BLK_MEM.I_SYNC_FIFOGEN_FIFO/xpm_fifo_instance.xpm_fifo_sync_inst/xpm_fifo_base_inst/gen_sdpram.xpm_memory_base_inst/gen_wr_a.gen_word_narrow.mem_reg_0_15_0_5/RAMA_D1/CLK
High Pulse Width  Slow    RAMD32/CLK          n/a            1.250         5.000       3.750      SLICE_X46Y67  design_1_i/axi_dma_0/U0/I_PRMRY_DATAMOVER/GEN_S2MM_FULL.I_S2MM_FULL_WRAPPER/GEN_ENABLE_INDET_BTT_SF.I_INDET_BTT/I_XD_FIFO/NON_BLK_MEM.I_SYNC_FIFOGEN_FIFO/xpm_fifo_instance.xpm_fifo_sync_inst/xpm_fifo_base_inst/gen_sdpram.xpm_memory_base_inst/gen_wr_a.gen_word_narrow.mem_reg_0_15_0_5/RAMB/CLK
High Pulse Width  Fast    RAMD32/CLK          n/a            1.250         5.000       3.750      SLICE_X46Y67  design_1_i/axi_dma_0/U0/I_PRMRY_DATAMOVER/GEN_S2MM_FULL.I_S2MM_FULL_WRAPPER/GEN_ENABLE_INDET_BTT_SF.I_INDET_BTT/I_XD_FIFO/NON_BLK_MEM.I_SYNC_FIFOGEN_FIFO/xpm_fifo_instance.xpm_fifo_sync_inst/xpm_fifo_base_inst/gen_sdpram.xpm_memory_base_inst/gen_wr_a.gen_word_narrow.mem_reg_0_15_0_5/RAMB/CLK
High Pulse Width  Slow    RAMD32/CLK          n/a            1.250         5.000       3.750      SLICE_X46Y67  design_1_i/axi_dma_0/U0/I_PRMRY_DATAMOVER/GEN_S2MM_FULL.I_S2MM_FULL_WRAPPER/GEN_ENABLE_INDET_BTT_SF.I_INDET_BTT/I_XD_FIFO/NON_BLK_MEM.I_SYNC_FIFOGEN_FIFO/xpm_fifo_instance.xpm_fifo_sync_inst/xpm_fifo_base_inst/gen_sdpram.xpm_memory_base_inst/gen_wr_a.gen_word_narrow.mem_reg_0_15_0_5/RAMB_D1/CLK
High Pulse Width  Fast    RAMD32/CLK          n/a            1.250         5.000       3.750      SLICE_X46Y67  design_1_i/axi_dma_0/U0/I_PRMRY_DATAMOVER/GEN_S2MM_FULL.I_S2MM_FULL_WRAPPER/GEN_ENABLE_INDET_BTT_SF.I_INDET_BTT/I_XD_FIFO/NON_BLK_MEM.I_SYNC_FIFOGEN_FIFO/xpm_fifo_instance.xpm_fifo_sync_inst/xpm_fifo_base_inst/gen_sdpram.xpm_memory_base_inst/gen_wr_a.gen_word_narrow.mem_reg_0_15_0_5/RAMB_D1/CLK
High Pulse Width  Slow    RAMD32/CLK          n/a            1.250         5.000       3.750      SLICE_X46Y67  design_1_i/axi_dma_0/U0/I_PRMRY_DATAMOVER/GEN_S2MM_FULL.I_S2MM_FULL_WRAPPER/GEN_ENABLE_INDET_BTT_SF.I_INDET_BTT/I_XD_FIFO/NON_BLK_MEM.I_SYNC_FIFOGEN_FIFO/xpm_fifo_instance.xpm_fifo_sync_inst/xpm_fifo_base_inst/gen_sdpram.xpm_memory_base_inst/gen_wr_a.gen_word_narrow.mem_reg_0_15_0_5/RAMC/CLK
High Pulse Width  Fast    RAMD32/CLK          n/a            1.250         5.000       3.750      SLICE_X46Y67  design_1_i/axi_dma_0/U0/I_PRMRY_DATAMOVER/GEN_S2MM_FULL.I_S2MM_FULL_WRAPPER/GEN_ENABLE_INDET_BTT_SF.I_INDET_BTT/I_XD_FIFO/NON_BLK_MEM.I_SYNC_FIFOGEN_FIFO/xpm_fifo_instance.xpm_fifo_sync_inst/xpm_fifo_base_inst/gen_sdpram.xpm_memory_base_inst/gen_wr_a.gen_word_narrow.mem_reg_0_15_0_5/RAMC/CLK
High Pulse Width  Slow    RAMD32/CLK          n/a            1.250         5.000       3.750      SLICE_X46Y67  design_1_i/axi_dma_0/U0/I_PRMRY_DATAMOVER/GEN_S2MM_FULL.I_S2MM_FULL_WRAPPER/GEN_ENABLE_INDET_BTT_SF.I_INDET_BTT/I_XD_FIFO/NON_BLK_MEM.I_SYNC_FIFOGEN_FIFO/xpm_fifo_instance.xpm_fifo_sync_inst/xpm_fifo_base_inst/gen_sdpram.xpm_memory_base_inst/gen_wr_a.gen_word_narrow.mem_reg_0_15_0_5/RAMC_D1/CLK
High Pulse Width  Fast    RAMD32/CLK          n/a            1.250         5.000       3.750      SLICE_X46Y67  design_1_i/axi_dma_0/U0/I_PRMRY_DATAMOVER/GEN_S2MM_FULL.I_S2MM_FULL_WRAPPER/GEN_ENABLE_INDET_BTT_SF.I_INDET_BTT/I_XD_FIFO/NON_BLK_MEM.I_SYNC_FIFOGEN_FIFO/xpm_fifo_instance.xpm_fifo_sync_inst/xpm_fifo_base_inst/gen_sdpram.xpm_memory_base_inst/gen_wr_a.gen_word_narrow.mem_reg_0_15_0_5/RAMC_D1/CLK
High Pulse Width  Slow    RAMS32/CLK          n/a            1.250         5.000       3.750      SLICE_X46Y67  design_1_i/axi_dma_0/U0/I_PRMRY_DATAMOVER/GEN_S2MM_FULL.I_S2MM_FULL_WRAPPER/GEN_ENABLE_INDET_BTT_SF.I_INDET_BTT/I_XD_FIFO/NON_BLK_MEM.I_SYNC_FIFOGEN_FIFO/xpm_fifo_instance.xpm_fifo_sync_inst/xpm_fifo_base_inst/gen_sdpram.xpm_memory_base_inst/gen_wr_a.gen_word_narrow.mem_reg_0_15_0_5/RAMD/CLK
High Pulse Width  Fast    RAMS32/CLK          n/a            1.250         5.000       3.750      SLICE_X46Y67  design_1_i/axi_dma_0/U0/I_PRMRY_DATAMOVER/GEN_S2MM_FULL.I_S2MM_FULL_WRAPPER/GEN_ENABLE_INDET_BTT_SF.I_INDET_BTT/I_XD_FIFO/NON_BLK_MEM.I_SYNC_FIFOGEN_FIFO/xpm_fifo_instance.xpm_fifo_sync_inst/xpm_fifo_base_inst/gen_sdpram.xpm_memory_base_inst/gen_wr_a.gen_word_narrow.mem_reg_0_15_0_5/RAMD/CLK
High Pulse Width  Slow    RAMS32/CLK          n/a            1.250         5.000       3.750      SLICE_X46Y67  design_1_i/axi_dma_0/U0/I_PRMRY_DATAMOVER/GEN_S2MM_FULL.I_S2MM_FULL_WRAPPER/GEN_ENABLE_INDET_BTT_SF.I_INDET_BTT/I_XD_FIFO/NON_BLK_MEM.I_SYNC_FIFOGEN_FIFO/xpm_fifo_instance.xpm_fifo_sync_inst/xpm_fifo_base_inst/gen_sdpram.xpm_memory_base_inst/gen_wr_a.gen_word_narrow.mem_reg_0_15_0_5/RAMD_D1/CLK
High Pulse Width  Fast    RAMS32/CLK          n/a            1.250         5.000       3.750      SLICE_X46Y67  design_1_i/axi_dma_0/U0/I_PRMRY_DATAMOVER/GEN_S2MM_FULL.I_S2MM_FULL_WRAPPER/GEN_ENABLE_INDET_BTT_SF.I_INDET_BTT/I_XD_FIFO/NON_BLK_MEM.I_SYNC_FIFOGEN_FIFO/xpm_fifo_instance.xpm_fifo_sync_inst/xpm_fifo_base_inst/gen_sdpram.xpm_memory_base_inst/gen_wr_a.gen_word_narrow.mem_reg_0_15_0_5/RAMD_D1/CLK
High Pulse Width  Slow    RAMD32/CLK          n/a            1.250         5.000       3.750      SLICE_X46Y68  design_1_i/axi_dma_0/U0/I_PRMRY_DATAMOVER/GEN_S2MM_FULL.I_S2MM_FULL_WRAPPER/GEN_ENABLE_INDET_BTT_SF.I_INDET_BTT/I_XD_FIFO/NON_BLK_MEM.I_SYNC_FIFOGEN_FIFO/xpm_fifo_instance.xpm_fifo_sync_inst/xpm_fifo_base_inst/gen_sdpram.xpm_memory_base_inst/gen_wr_a.gen_word_narrow.mem_reg_0_15_6_9/RAMA/CLK
High Pulse Width  Fast    RAMD32/CLK          n/a            1.250         5.000       3.750      SLICE_X46Y68  design_1_i/axi_dma_0/U0/I_PRMRY_DATAMOVER/GEN_S2MM_FULL.I_S2MM_FULL_WRAPPER/GEN_ENABLE_INDET_BTT_SF.I_INDET_BTT/I_XD_FIFO/NON_BLK_MEM.I_SYNC_FIFOGEN_FIFO/xpm_fifo_instance.xpm_fifo_sync_inst/xpm_fifo_base_inst/gen_sdpram.xpm_memory_base_inst/gen_wr_a.gen_word_narrow.mem_reg_0_15_6_9/RAMA/CLK
High Pulse Width  Slow    RAMD32/CLK          n/a            1.250         5.000       3.750      SLICE_X46Y68  design_1_i/axi_dma_0/U0/I_PRMRY_DATAMOVER/GEN_S2MM_FULL.I_S2MM_FULL_WRAPPER/GEN_ENABLE_INDET_BTT_SF.I_INDET_BTT/I_XD_FIFO/NON_BLK_MEM.I_SYNC_FIFOGEN_FIFO/xpm_fifo_instance.xpm_fifo_sync_inst/xpm_fifo_base_inst/gen_sdpram.xpm_memory_base_inst/gen_wr_a.gen_word_narrow.mem_reg_0_15_6_9/RAMA_D1/CLK
High Pulse Width  Fast    RAMD32/CLK          n/a            1.250         5.000       3.750      SLICE_X46Y68  design_1_i/axi_dma_0/U0/I_PRMRY_DATAMOVER/GEN_S2MM_FULL.I_S2MM_FULL_WRAPPER/GEN_ENABLE_INDET_BTT_SF.I_INDET_BTT/I_XD_FIFO/NON_BLK_MEM.I_SYNC_FIFOGEN_FIFO/xpm_fifo_instance.xpm_fifo_sync_inst/xpm_fifo_base_inst/gen_sdpram.xpm_memory_base_inst/gen_wr_a.gen_word_narrow.mem_reg_0_15_6_9/RAMA_D1/CLK



