Copyright 1986-2022 Xilinx, Inc. All Rights Reserved. Copyright 2022-2024 Advanced Micro Devices, Inc. All Rights Reserved.
------------------------------------------------------------------------------------------------------------------------------------------------------------------------------------------------
| Tool Version : Vivado v.2024.1 (win64) Build 5076996 Wed May 22 18:37:14 MDT 2024
| Date         : Sun Jul 19 15:55:14 2026
| Host         : DESKTOP-63734QH running 64-bit major release  (build 9200)
| Command      : report_timing_summary -delay_type max -max_paths 20 -file F:/repos/pynq_butterfly/reports/poly_mul4096_runtime_profile_axis_synth/poly_mul4096_runtime_profile_axis_timing.rpt
| Design       : poly_mul4096_runtime_profile_axis_core
| Device       : 7z020-clg400
| Speed File   : -1  PRODUCTION 1.12 2019-11-22
| Design State : Synthesized
------------------------------------------------------------------------------------------------------------------------------------------------------------------------------------------------

Timing Summary Report

------------------------------------------------------------------------------------------------
| Timer Settings
| --------------
------------------------------------------------------------------------------------------------

  Enable Multi Corner Analysis               :  Yes
  Enable Pessimism Removal                   :  Yes
  Pessimism Removal Resolution               :  Nearest Common Node
  Enable Input Delay Default Clock           :  No
  Enable Preset / Clear Arcs                 :  No
  Disable Flight Delays                      :  No
  Ignore I/O Paths                           :  No
  Timing Early Launch at Borrowing Latches   :  No
  Borrow Time for Max Delay Exceptions       :  Yes
  Merge Timing Exceptions                    :  Yes
  Inter-SLR Compensation                     :  Conservative

  Corner  Analyze    Analyze    
  Name    Max Paths  Min Paths  
  ------  ---------  ---------  
  Slow    Yes        Yes        
  Fast    Yes        Yes        


------------------------------------------------------------------------------------------------
| Report Methodology
| ------------------
------------------------------------------------------------------------------------------------

No report available as report_methodology has not been run prior. Run report_methodology on the current design for the summary of methodology violations.



check_timing report

Table of Contents
-----------------
1. checking no_clock (0)
2. checking constant_clock (0)
3. checking pulse_width_clock (0)
4. checking unconstrained_internal_endpoints (0)
5. checking no_input_delay (36)
6. checking no_output_delay (233)
7. checking multiple_clock (0)
8. checking generated_clocks (0)
9. checking loops (0)
10. checking partial_input_delay (0)
11. checking partial_output_delay (0)
12. checking latch_loops (0)

1. checking no_clock (0)
------------------------
 There are 0 register/latch pins with no clock.


2. checking constant_clock (0)
------------------------------
 There are 0 register/latch pins with constant_clock.


3. checking pulse_width_clock (0)
---------------------------------
 There are 0 register/latch pins which need pulse_width check


4. checking unconstrained_internal_endpoints (0)
------------------------------------------------
 There are 0 pins that are not constrained for maximum delay.

 There are 0 pins that are not constrained for maximum delay due to constant clock.


5. checking no_input_delay (36)
-------------------------------
 There are 36 input ports with no input delay specified. (HIGH)

 There are 0 input ports with no input delay but user has a false path constraint.


6. checking no_output_delay (233)
---------------------------------
 There are 233 ports with no output delay specified. (HIGH)

 There are 0 ports with no output delay but user has a false path constraint

 There are 0 ports with no output delay but with a timing clock defined on it or propagating through it


7. checking multiple_clock (0)
------------------------------
 There are 0 register/latch pins with multiple clocks.


8. checking generated_clocks (0)
--------------------------------
 There are 0 generated clocks that are not connected to a clock source.


9. checking loops (0)
---------------------
 There are 0 combinational loops in the design.


10. checking partial_input_delay (0)
------------------------------------
 There are 0 input ports with partial input delay specified.


11. checking partial_output_delay (0)
-------------------------------------
 There are 0 ports with partial output delay specified.


12. checking latch_loops (0)
----------------------------
 There are 0 combinational latch loops in the design through latch input



------------------------------------------------------------------------------------------------
| Design Timing Summary
| ---------------------
------------------------------------------------------------------------------------------------

    WNS(ns)      TNS(ns)  TNS Failing Endpoints  TNS Total Endpoints     WPWS(ns)     TPWS(ns)  TPWS Failing Endpoints  TPWS Total Endpoints  
    -------      -------  ---------------------  -------------------     --------     --------  ----------------------  --------------------  
      1.706        0.000                      0                 5659        4.500        0.000                       0                  2184  


All user specified timing constraints are met.


------------------------------------------------------------------------------------------------
| Clock Summary
| -------------
------------------------------------------------------------------------------------------------

Clock  Waveform(ns)       Period(ns)      Frequency(MHz)
-----  ------------       ----------      --------------
clk    {0.000 5.000}      10.000          100.000         


------------------------------------------------------------------------------------------------
| Intra Clock Table
| -----------------
------------------------------------------------------------------------------------------------

Clock             WNS(ns)      TNS(ns)  TNS Failing Endpoints  TNS Total Endpoints     WPWS(ns)     TPWS(ns)  TPWS Failing Endpoints  TPWS Total Endpoints  
-----             -------      -------  ---------------------  -------------------     --------     --------  ----------------------  --------------------  
clk                 1.706        0.000                      0                 5659        4.500        0.000                       0                  2184  


------------------------------------------------------------------------------------------------
| Inter Clock Table
| -----------------
------------------------------------------------------------------------------------------------

From Clock    To Clock          WNS(ns)      TNS(ns)  TNS Failing Endpoints  TNS Total Endpoints  
----------    --------          -------      -------  ---------------------  -------------------  


------------------------------------------------------------------------------------------------
| Other Path Groups Table
| -----------------------
------------------------------------------------------------------------------------------------

Path Group    From Clock    To Clock          WNS(ns)      TNS(ns)  TNS Failing Endpoints  TNS Total Endpoints  
----------    ----------    --------          -------      -------  ---------------------  -------------------  


------------------------------------------------------------------------------------------------
| Timing Details
| --------------
------------------------------------------------------------------------------------------------


---------------------------------------------------------------------------------------------------
From Clock:  clk
  To Clock:  clk

Setup :            0  Failing Endpoints,  Worst Slack        1.706ns,  Total Violation        0.000ns
Hold  :           NA  Failing Endpoints,  Worst Slack           NA  ,  Total Violation           NA
PW    :            0  Failing Endpoints,  Worst Slack        4.500ns,  Total Violation        0.000ns
---------------------------------------------------------------------------------------------------


Max Delay Paths
--------------------------------------------------------------------------------------
Slack (MET) :             1.706ns  (required time - arrival time)
  Source:                 core/inverse_butterfly/multiplier/y_reg[0]/C
                            (rising edge-triggered cell FDRE clocked by clk  {rise@0.000ns fall@5.000ns period=10.000ns})
  Destination:            core/inverse_butterfly/multiplier/acc_reg[30]/D
                            (rising edge-triggered cell FDRE clocked by clk  {rise@0.000ns fall@5.000ns period=10.000ns})
  Path Group:             clk
  Path Type:              Setup (Max at Slow Process Corner)
  Requirement:            10.000ns  (clk rise@10.000ns - clk rise@0.000ns)
  Data Path Delay:        8.158ns  (logic 4.483ns (54.952%)  route 3.675ns (45.048%))
  Logic Levels:           15  (CARRY4=10 LUT2=1 LUT3=1 LUT4=1 LUT5=1 LUT6=1)
  Clock Path Skew:        -0.145ns (DCD - SCD + CPR)
    Destination Clock Delay (DCD):    2.128ns = ( 12.128 - 10.000 ) 
    Source Clock Delay      (SCD):    2.456ns
    Clock Pessimism Removal (CPR):    0.184ns
  Clock Uncertainty:      0.035ns  ((TSJ^2 + TIJ^2)^1/2 + DJ) / 2 + PE
    Total System Jitter     (TSJ):    0.071ns
    Total Input Jitter      (TIJ):    0.000ns
    Discrete Jitter          (DJ):    0.000ns
    Phase Error              (PE):    0.000ns

    Location             Delay type                Incr(ns)  Path(ns)    Netlist Resource(s)
  -------------------------------------------------------------------    -------------------
                         (clock clk rise edge)        0.000     0.000 r  
                                                      0.000     0.000 r  clk (IN)
                         net (fo=0)                   0.000     0.000    clk
                         IBUF (Prop_ibuf_I_O)         0.972     0.972 r  clk_IBUF_inst/O
                         net (fo=1, unplaced)         0.800     1.771    clk_IBUF
                         BUFG (Prop_bufg_I_O)         0.101     1.872 r  clk_IBUF_BUFG_inst/O
                         net (fo=2183, unplaced)      0.584     2.456    core/inverse_butterfly/multiplier/clk_IBUF_BUFG
                         FDRE                                         r  core/inverse_butterfly/multiplier/y_reg[0]/C
  -------------------------------------------------------------------    -------------------
                         FDRE (Prop_fdre_C_Q)         0.478     2.934 r  core/inverse_butterfly/multiplier/y_reg[0]/Q
                         net (fo=64, unplaced)        0.829     3.763    core/inverse_butterfly/multiplier/y_reg_n_0_[0]
                         LUT4 (Prop_lut4_I1_O)        0.295     4.058 r  core/inverse_butterfly/multiplier/acc_minus_q1_carry_i_13__1/O
                         net (fo=1, unplaced)         0.000     4.058    core/inverse_butterfly/multiplier/acc_minus_q1_carry_i_13__1_n_0
                         CARRY4 (Prop_carry4_S[1]_CO[3])
                                                      0.533     4.591 r  core/inverse_butterfly/multiplier/acc_minus_q1_carry_i_10__1/CO[3]
                         net (fo=1, unplaced)         0.009     4.600    core/inverse_butterfly/multiplier/acc_minus_q1_carry_i_10__1_n_0
                         CARRY4 (Prop_carry4_CI_CO[3])
                                                      0.117     4.717 r  core/inverse_butterfly/multiplier/acc_minus_q1_carry__0_i_10__1/CO[3]
                         net (fo=1, unplaced)         0.000     4.717    core/inverse_butterfly/multiplier/acc_minus_q1_carry__0_i_10__1_n_0
                         CARRY4 (Prop_carry4_CI_CO[3])
                                                      0.117     4.834 r  core/inverse_butterfly/multiplier/acc_minus_q1_carry__1_i_10__1/CO[3]
                         net (fo=1, unplaced)         0.000     4.834    core/inverse_butterfly/multiplier/acc_minus_q1_carry__1_i_10__1_n_0
                         CARRY4 (Prop_carry4_CI_CO[3])
                                                      0.117     4.951 r  core/inverse_butterfly/multiplier/acc_minus_q1_carry__2_i_10__1/CO[3]
                         net (fo=1, unplaced)         0.000     4.951    core/inverse_butterfly/multiplier/acc_minus_q1_carry__2_i_10__1_n_0
                         CARRY4 (Prop_carry4_CI_CO[3])
                                                      0.117     5.068 r  core/inverse_butterfly/multiplier/acc_minus_q1_carry__3_i_10__1/CO[3]
                         net (fo=1, unplaced)         0.000     5.068    core/inverse_butterfly/multiplier/acc_minus_q1_carry__3_i_10__1_n_0
                         CARRY4 (Prop_carry4_CI_O[3])
                                                      0.331     5.399 r  core/inverse_butterfly/multiplier/acc_minus_q1_carry__4_i_10__1/O[3]
                         net (fo=1, unplaced)         0.618     6.017    core/inverse_butterfly/multiplier/selected_raw1[23]
                         LUT5 (Prop_lut5_I4_O)        0.307     6.324 r  core/inverse_butterfly/multiplier/acc_minus_q1_carry__4_i_6__1/O
                         net (fo=1, unplaced)         0.000     6.324    core/inverse_butterfly/multiplier/acc_minus_q1_carry__4_i_6__1_n_0
                         CARRY4 (Prop_carry4_S[3]_CO[3])
                                                      0.376     6.700 r  core/inverse_butterfly/multiplier/acc_minus_q1_carry__4_i_1__1/CO[3]
                         net (fo=1, unplaced)         0.000     6.700    core/inverse_butterfly/multiplier/acc_minus_q1_carry__4_i_1__1_n_0
                         CARRY4 (Prop_carry4_CI_O[3])
                                                      0.331     7.031 r  core/inverse_butterfly/multiplier/acc_minus_q1_carry__5_i_1__1/O[3]
                         net (fo=8, unplaced)         0.656     7.687    core/inverse_butterfly/multiplier/acc_minus_q1_carry__5_i_1__1_n_4
                         LUT2 (Prop_lut2_I0_O)        0.307     7.994 r  core/inverse_butterfly/multiplier/acc_minus_q1_carry__5_i_2__1/O
                         net (fo=1, unplaced)         0.000     7.994    core/inverse_butterfly/multiplier/acc_minus_q1_carry__5_i_2__1_n_0
                         CARRY4 (Prop_carry4_S[3]_CO[3])
                                                      0.376     8.370 r  core/inverse_butterfly/multiplier/acc_minus_q1_carry__5/CO[3]
                         net (fo=1, unplaced)         0.000     8.370    core/inverse_butterfly/multiplier/acc_minus_q1_carry__5_n_0
                         CARRY4 (Prop_carry4_CI_O[2])
                                                      0.256     8.626 r  core/inverse_butterfly/multiplier/acc_minus_q1_carry__6/O[2]
                         net (fo=1, unplaced)         1.114     9.740    core/inverse_butterfly/multiplier/acc_minus_q1_carry__6_n_5
                         LUT6 (Prop_lut6_I2_O)        0.301    10.041 r  core/inverse_butterfly/multiplier/acc[30]_i_2__4/O
                         net (fo=1, unplaced)         0.449    10.490    core/inverse_butterfly/multiplier/acc[30]_i_2__4_n_0
                         LUT3 (Prop_lut3_I2_O)        0.124    10.614 r  core/inverse_butterfly/multiplier/acc[30]_i_1__4/O
                         net (fo=2, unplaced)         0.000    10.614    core/inverse_butterfly/multiplier/next_acc[30]
                         FDRE                                         r  core/inverse_butterfly/multiplier/acc_reg[30]/D
  -------------------------------------------------------------------    -------------------

                         (clock clk rise edge)       10.000    10.000 r  
                                                      0.000    10.000 r  clk (IN)
                         net (fo=0)                   0.000    10.000    clk
                         IBUF (Prop_ibuf_I_O)         0.838    10.838 r  clk_IBUF_inst/O
                         net (fo=1, unplaced)         0.760    11.598    clk_IBUF
                         BUFG (Prop_bufg_I_O)         0.091    11.689 r  clk_IBUF_BUFG_inst/O
                         net (fo=2183, unplaced)      0.439    12.128    core/inverse_butterfly/multiplier/clk_IBUF_BUFG
                         FDRE                                         r  core/inverse_butterfly/multiplier/acc_reg[30]/C
                         clock pessimism              0.184    12.311    
                         clock uncertainty           -0.035    12.276    
                         FDRE (Setup_fdre_C_D)        0.044    12.320    core/inverse_butterfly/multiplier/acc_reg[30]
  -------------------------------------------------------------------
                         required time                         12.320    
                         arrival time                         -10.614    
  -------------------------------------------------------------------
                         slack                                  1.706    

Slack (MET) :             1.706ns  (required time - arrival time)
  Source:                 core/inverse_butterfly/multiplier/y_reg[0]/C
                            (rising edge-triggered cell FDRE clocked by clk  {rise@0.000ns fall@5.000ns period=10.000ns})
  Destination:            core/inverse_butterfly/multiplier/result_reg[30]/D
                            (rising edge-triggered cell FDRE clocked by clk  {rise@0.000ns fall@5.000ns period=10.000ns})
  Path Group:             clk
  Path Type:              Setup (Max at Slow Process Corner)
  Requirement:            10.000ns  (clk rise@10.000ns - clk rise@0.000ns)
  Data Path Delay:        8.158ns  (logic 4.483ns (54.952%)  route 3.675ns (45.048%))
  Logic Levels:           15  (CARRY4=10 LUT2=1 LUT3=1 LUT4=1 LUT5=1 LUT6=1)
  Clock Path Skew:        -0.145ns (DCD - SCD + CPR)
    Destination Clock Delay (DCD):    2.128ns = ( 12.128 - 10.000 ) 
    Source Clock Delay      (SCD):    2.456ns
    Clock Pessimism Removal (CPR):    0.184ns
  Clock Uncertainty:      0.035ns  ((TSJ^2 + TIJ^2)^1/2 + DJ) / 2 + PE
    Total System Jitter     (TSJ):    0.071ns
    Total Input Jitter      (TIJ):    0.000ns
    Discrete Jitter          (DJ):    0.000ns
    Phase Error              (PE):    0.000ns

    Location             Delay type                Incr(ns)  Path(ns)    Netlist Resource(s)
  -------------------------------------------------------------------    -------------------
                         (clock clk rise edge)        0.000     0.000 r  
                                                      0.000     0.000 r  clk (IN)
                         net (fo=0)                   0.000     0.000    clk
                         IBUF (Prop_ibuf_I_O)         0.972     0.972 r  clk_IBUF_inst/O
                         net (fo=1, unplaced)         0.800     1.771    clk_IBUF
                         BUFG (Prop_bufg_I_O)         0.101     1.872 r  clk_IBUF_BUFG_inst/O
                         net (fo=2183, unplaced)      0.584     2.456    core/inverse_butterfly/multiplier/clk_IBUF_BUFG
                         FDRE                                         r  core/inverse_butterfly/multiplier/y_reg[0]/C
  -------------------------------------------------------------------    -------------------
                         FDRE (Prop_fdre_C_Q)         0.478     2.934 r  core/inverse_butterfly/multiplier/y_reg[0]/Q
                         net (fo=64, unplaced)        0.829     3.763    core/inverse_butterfly/multiplier/y_reg_n_0_[0]
                         LUT4 (Prop_lut4_I1_O)        0.295     4.058 r  core/inverse_butterfly/multiplier/acc_minus_q1_carry_i_13__1/O
                         net (fo=1, unplaced)         0.000     4.058    core/inverse_butterfly/multiplier/acc_minus_q1_carry_i_13__1_n_0
                         CARRY4 (Prop_carry4_S[1]_CO[3])
                                                      0.533     4.591 r  core/inverse_butterfly/multiplier/acc_minus_q1_carry_i_10__1/CO[3]
                         net (fo=1, unplaced)         0.009     4.600    core/inverse_butterfly/multiplier/acc_minus_q1_carry_i_10__1_n_0
                         CARRY4 (Prop_carry4_CI_CO[3])
                                                      0.117     4.717 r  core/inverse_butterfly/multiplier/acc_minus_q1_carry__0_i_10__1/CO[3]
                         net (fo=1, unplaced)         0.000     4.717    core/inverse_butterfly/multiplier/acc_minus_q1_carry__0_i_10__1_n_0
                         CARRY4 (Prop_carry4_CI_CO[3])
                                                      0.117     4.834 r  core/inverse_butterfly/multiplier/acc_minus_q1_carry__1_i_10__1/CO[3]
                         net (fo=1, unplaced)         0.000     4.834    core/inverse_butterfly/multiplier/acc_minus_q1_carry__1_i_10__1_n_0
                         CARRY4 (Prop_carry4_CI_CO[3])
                                                      0.117     4.951 r  core/inverse_butterfly/multiplier/acc_minus_q1_carry__2_i_10__1/CO[3]
                         net (fo=1, unplaced)         0.000     4.951    core/inverse_butterfly/multiplier/acc_minus_q1_carry__2_i_10__1_n_0
                         CARRY4 (Prop_carry4_CI_CO[3])
                                                      0.117     5.068 r  core/inverse_butterfly/multiplier/acc_minus_q1_carry__3_i_10__1/CO[3]
                         net (fo=1, unplaced)         0.000     5.068    core/inverse_butterfly/multiplier/acc_minus_q1_carry__3_i_10__1_n_0
                         CARRY4 (Prop_carry4_CI_O[3])
                                                      0.331     5.399 r  core/inverse_butterfly/multiplier/acc_minus_q1_carry__4_i_10__1/O[3]
                         net (fo=1, unplaced)         0.618     6.017    core/inverse_butterfly/multiplier/selected_raw1[23]
                         LUT5 (Prop_lut5_I4_O)        0.307     6.324 r  core/inverse_butterfly/multiplier/acc_minus_q1_carry__4_i_6__1/O
                         net (fo=1, unplaced)         0.000     6.324    core/inverse_butterfly/multiplier/acc_minus_q1_carry__4_i_6__1_n_0
                         CARRY4 (Prop_carry4_S[3]_CO[3])
                                                      0.376     6.700 r  core/inverse_butterfly/multiplier/acc_minus_q1_carry__4_i_1__1/CO[3]
                         net (fo=1, unplaced)         0.000     6.700    core/inverse_butterfly/multiplier/acc_minus_q1_carry__4_i_1__1_n_0
                         CARRY4 (Prop_carry4_CI_O[3])
                                                      0.331     7.031 r  core/inverse_butterfly/multiplier/acc_minus_q1_carry__5_i_1__1/O[3]
                         net (fo=8, unplaced)         0.656     7.687    core/inverse_butterfly/multiplier/acc_minus_q1_carry__5_i_1__1_n_4
                         LUT2 (Prop_lut2_I0_O)        0.307     7.994 r  core/inverse_butterfly/multiplier/acc_minus_q1_carry__5_i_2__1/O
                         net (fo=1, unplaced)         0.000     7.994    core/inverse_butterfly/multiplier/acc_minus_q1_carry__5_i_2__1_n_0
                         CARRY4 (Prop_carry4_S[3]_CO[3])
                                                      0.376     8.370 r  core/inverse_butterfly/multiplier/acc_minus_q1_carry__5/CO[3]
                         net (fo=1, unplaced)         0.000     8.370    core/inverse_butterfly/multiplier/acc_minus_q1_carry__5_n_0
                         CARRY4 (Prop_carry4_CI_O[2])
                                                      0.256     8.626 r  core/inverse_butterfly/multiplier/acc_minus_q1_carry__6/O[2]
                         net (fo=1, unplaced)         1.114     9.740    core/inverse_butterfly/multiplier/acc_minus_q1_carry__6_n_5
                         LUT6 (Prop_lut6_I2_O)        0.301    10.041 r  core/inverse_butterfly/multiplier/acc[30]_i_2__4/O
                         net (fo=1, unplaced)         0.449    10.490    core/inverse_butterfly/multiplier/acc[30]_i_2__4_n_0
                         LUT3 (Prop_lut3_I2_O)        0.124    10.614 r  core/inverse_butterfly/multiplier/acc[30]_i_1__4/O
                         net (fo=2, unplaced)         0.000    10.614    core/inverse_butterfly/multiplier/next_acc[30]
                         FDRE                                         r  core/inverse_butterfly/multiplier/result_reg[30]/D
  -------------------------------------------------------------------    -------------------

                         (clock clk rise edge)       10.000    10.000 r  
                                                      0.000    10.000 r  clk (IN)
                         net (fo=0)                   0.000    10.000    clk
                         IBUF (Prop_ibuf_I_O)         0.838    10.838 r  clk_IBUF_inst/O
                         net (fo=1, unplaced)         0.760    11.598    clk_IBUF
                         BUFG (Prop_bufg_I_O)         0.091    11.689 r  clk_IBUF_BUFG_inst/O
                         net (fo=2183, unplaced)      0.439    12.128    core/inverse_butterfly/multiplier/clk_IBUF_BUFG
                         FDRE                                         r  core/inverse_butterfly/multiplier/result_reg[30]/C
                         clock pessimism              0.184    12.311    
                         clock uncertainty           -0.035    12.276    
                         FDRE (Setup_fdre_C_D)        0.044    12.320    core/inverse_butterfly/multiplier/result_reg[30]
  -------------------------------------------------------------------
                         required time                         12.320    
                         arrival time                         -10.614    
  -------------------------------------------------------------------
                         slack                                  1.706    

Slack (MET) :             1.737ns  (required time - arrival time)
  Source:                 core/inverse_butterfly/multiplier/y_reg[0]/C
                            (rising edge-triggered cell FDRE clocked by clk  {rise@0.000ns fall@5.000ns period=10.000ns})
  Destination:            core/inverse_butterfly/multiplier/acc_reg[29]/D
                            (rising edge-triggered cell FDRE clocked by clk  {rise@0.000ns fall@5.000ns period=10.000ns})
  Path Group:             clk
  Path Type:              Setup (Max at Slow Process Corner)
  Requirement:            10.000ns  (clk rise@10.000ns - clk rise@0.000ns)
  Data Path Delay:        8.127ns  (logic 4.569ns (56.220%)  route 3.558ns (43.780%))
  Logic Levels:           15  (CARRY4=10 LUT2=1 LUT3=1 LUT4=1 LUT5=1 LUT6=1)
  Clock Path Skew:        -0.145ns (DCD - SCD + CPR)
    Destination Clock Delay (DCD):    2.128ns = ( 12.128 - 10.000 ) 
    Source Clock Delay      (SCD):    2.456ns
    Clock Pessimism Removal (CPR):    0.184ns
  Clock Uncertainty:      0.035ns  ((TSJ^2 + TIJ^2)^1/2 + DJ) / 2 + PE
    Total System Jitter     (TSJ):    0.071ns
    Total Input Jitter      (TIJ):    0.000ns
    Discrete Jitter          (DJ):    0.000ns
    Phase Error              (PE):    0.000ns

    Location             Delay type                Incr(ns)  Path(ns)    Netlist Resource(s)
  -------------------------------------------------------------------    -------------------
                         (clock clk rise edge)        0.000     0.000 r  
                                                      0.000     0.000 r  clk (IN)
                         net (fo=0)                   0.000     0.000    clk
                         IBUF (Prop_ibuf_I_O)         0.972     0.972 r  clk_IBUF_inst/O
                         net (fo=1, unplaced)         0.800     1.771    clk_IBUF
                         BUFG (Prop_bufg_I_O)         0.101     1.872 r  clk_IBUF_BUFG_inst/O
                         net (fo=2183, unplaced)      0.584     2.456    core/inverse_butterfly/multiplier/clk_IBUF_BUFG
                         FDRE                                         r  core/inverse_butterfly/multiplier/y_reg[0]/C
  -------------------------------------------------------------------    -------------------
                         FDRE (Prop_fdre_C_Q)         0.478     2.934 r  core/inverse_butterfly/multiplier/y_reg[0]/Q
                         net (fo=64, unplaced)        0.829     3.763    core/inverse_butterfly/multiplier/y_reg_n_0_[0]
                         LUT4 (Prop_lut4_I1_O)        0.295     4.058 r  core/inverse_butterfly/multiplier/acc_minus_q1_carry_i_13__1/O
                         net (fo=1, unplaced)         0.000     4.058    core/inverse_butterfly/multiplier/acc_minus_q1_carry_i_13__1_n_0
                         CARRY4 (Prop_carry4_S[1]_CO[3])
                                                      0.533     4.591 r  core/inverse_butterfly/multiplier/acc_minus_q1_carry_i_10__1/CO[3]
                         net (fo=1, unplaced)         0.009     4.600    core/inverse_butterfly/multiplier/acc_minus_q1_carry_i_10__1_n_0
                         CARRY4 (Prop_carry4_CI_CO[3])
                                                      0.117     4.717 r  core/inverse_butterfly/multiplier/acc_minus_q1_carry__0_i_10__1/CO[3]
                         net (fo=1, unplaced)         0.000     4.717    core/inverse_butterfly/multiplier/acc_minus_q1_carry__0_i_10__1_n_0
                         CARRY4 (Prop_carry4_CI_CO[3])
                                                      0.117     4.834 r  core/inverse_butterfly/multiplier/acc_minus_q1_carry__1_i_10__1/CO[3]
                         net (fo=1, unplaced)         0.000     4.834    core/inverse_butterfly/multiplier/acc_minus_q1_carry__1_i_10__1_n_0
                         CARRY4 (Prop_carry4_CI_CO[3])
                                                      0.117     4.951 r  core/inverse_butterfly/multiplier/acc_minus_q1_carry__2_i_10__1/CO[3]
                         net (fo=1, unplaced)         0.000     4.951    core/inverse_butterfly/multiplier/acc_minus_q1_carry__2_i_10__1_n_0
                         CARRY4 (Prop_carry4_CI_CO[3])
                                                      0.117     5.068 r  core/inverse_butterfly/multiplier/acc_minus_q1_carry__3_i_10__1/CO[3]
                         net (fo=1, unplaced)         0.000     5.068    core/inverse_butterfly/multiplier/acc_minus_q1_carry__3_i_10__1_n_0
                         CARRY4 (Prop_carry4_CI_O[3])
                                                      0.331     5.399 r  core/inverse_butterfly/multiplier/acc_minus_q1_carry__4_i_10__1/O[3]
                         net (fo=1, unplaced)         0.618     6.017    core/inverse_butterfly/multiplier/selected_raw1[23]
                         LUT5 (Prop_lut5_I4_O)        0.307     6.324 r  core/inverse_butterfly/multiplier/acc_minus_q1_carry__4_i_6__1/O
                         net (fo=1, unplaced)         0.000     6.324    core/inverse_butterfly/multiplier/acc_minus_q1_carry__4_i_6__1_n_0
                         CARRY4 (Prop_carry4_S[3]_CO[3])
                                                      0.376     6.700 r  core/inverse_butterfly/multiplier/acc_minus_q1_carry__4_i_1__1/CO[3]
                         net (fo=1, unplaced)         0.000     6.700    core/inverse_butterfly/multiplier/acc_minus_q1_carry__4_i_1__1_n_0
                         CARRY4 (Prop_carry4_CI_O[3])
                                                      0.331     7.031 r  core/inverse_butterfly/multiplier/acc_minus_q1_carry__5_i_1__1/O[3]
                         net (fo=8, unplaced)         0.656     7.687    core/inverse_butterfly/multiplier/acc_minus_q1_carry__5_i_1__1_n_4
                         LUT2 (Prop_lut2_I0_O)        0.307     7.994 r  core/inverse_butterfly/multiplier/acc_minus_q1_carry__5_i_2__1/O
                         net (fo=1, unplaced)         0.000     7.994    core/inverse_butterfly/multiplier/acc_minus_q1_carry__5_i_2__1_n_0
                         CARRY4 (Prop_carry4_S[3]_CO[3])
                                                      0.376     8.370 r  core/inverse_butterfly/multiplier/acc_minus_q1_carry__5/CO[3]
                         net (fo=1, unplaced)         0.000     8.370    core/inverse_butterfly/multiplier/acc_minus_q1_carry__5_n_0
                         CARRY4 (Prop_carry4_CI_O[1])
                                                      0.337     8.707 r  core/inverse_butterfly/multiplier/acc_minus_q1_carry__6/O[1]
                         net (fo=1, unplaced)         0.997     9.704    core/inverse_butterfly/multiplier/acc_minus_q1_carry__6_n_6
                         LUT6 (Prop_lut6_I2_O)        0.306    10.010 r  core/inverse_butterfly/multiplier/acc[29]_i_2__4/O
                         net (fo=1, unplaced)         0.449    10.459    core/inverse_butterfly/multiplier/acc[29]_i_2__4_n_0
                         LUT3 (Prop_lut3_I2_O)        0.124    10.583 r  core/inverse_butterfly/multiplier/acc[29]_i_1__4/O
                         net (fo=2, unplaced)         0.000    10.583    core/inverse_butterfly/multiplier/next_acc[29]
                         FDRE                                         r  core/inverse_butterfly/multiplier/acc_reg[29]/D
  -------------------------------------------------------------------    -------------------

                         (clock clk rise edge)       10.000    10.000 r  
                                                      0.000    10.000 r  clk (IN)
                         net (fo=0)                   0.000    10.000    clk
                         IBUF (Prop_ibuf_I_O)         0.838    10.838 r  clk_IBUF_inst/O
                         net (fo=1, unplaced)         0.760    11.598    clk_IBUF
                         BUFG (Prop_bufg_I_O)         0.091    11.689 r  clk_IBUF_BUFG_inst/O
                         net (fo=2183, unplaced)      0.439    12.128    core/inverse_butterfly/multiplier/clk_IBUF_BUFG
                         FDRE                                         r  core/inverse_butterfly/multiplier/acc_reg[29]/C
                         clock pessimism              0.184    12.311    
                         clock uncertainty           -0.035    12.276    
                         FDRE (Setup_fdre_C_D)        0.044    12.320    core/inverse_butterfly/multiplier/acc_reg[29]
  -------------------------------------------------------------------
                         required time                         12.320    
                         arrival time                         -10.583    
  -------------------------------------------------------------------
                         slack                                  1.737    

Slack (MET) :             1.737ns  (required time - arrival time)
  Source:                 core/inverse_butterfly/multiplier/y_reg[0]/C
                            (rising edge-triggered cell FDRE clocked by clk  {rise@0.000ns fall@5.000ns period=10.000ns})
  Destination:            core/inverse_butterfly/multiplier/result_reg[29]/D
                            (rising edge-triggered cell FDRE clocked by clk  {rise@0.000ns fall@5.000ns period=10.000ns})
  Path Group:             clk
  Path Type:              Setup (Max at Slow Process Corner)
  Requirement:            10.000ns  (clk rise@10.000ns - clk rise@0.000ns)
  Data Path Delay:        8.127ns  (logic 4.569ns (56.220%)  route 3.558ns (43.780%))
  Logic Levels:           15  (CARRY4=10 LUT2=1 LUT3=1 LUT4=1 LUT5=1 LUT6=1)
  Clock Path Skew:        -0.145ns (DCD - SCD + CPR)
    Destination Clock Delay (DCD):    2.128ns = ( 12.128 - 10.000 ) 
    Source Clock Delay      (SCD):    2.456ns
    Clock Pessimism Removal (CPR):    0.184ns
  Clock Uncertainty:      0.035ns  ((TSJ^2 + TIJ^2)^1/2 + DJ) / 2 + PE
    Total System Jitter     (TSJ):    0.071ns
    Total Input Jitter      (TIJ):    0.000ns
    Discrete Jitter          (DJ):    0.000ns
    Phase Error              (PE):    0.000ns

    Location             Delay type                Incr(ns)  Path(ns)    Netlist Resource(s)
  -------------------------------------------------------------------    -------------------
                         (clock clk rise edge)        0.000     0.000 r  
                                                      0.000     0.000 r  clk (IN)
                         net (fo=0)                   0.000     0.000    clk
                         IBUF (Prop_ibuf_I_O)         0.972     0.972 r  clk_IBUF_inst/O
                         net (fo=1, unplaced)         0.800     1.771    clk_IBUF
                         BUFG (Prop_bufg_I_O)         0.101     1.872 r  clk_IBUF_BUFG_inst/O
                         net (fo=2183, unplaced)      0.584     2.456    core/inverse_butterfly/multiplier/clk_IBUF_BUFG
                         FDRE                                         r  core/inverse_butterfly/multiplier/y_reg[0]/C
  -------------------------------------------------------------------    -------------------
                         FDRE (Prop_fdre_C_Q)         0.478     2.934 r  core/inverse_butterfly/multiplier/y_reg[0]/Q
                         net (fo=64, unplaced)        0.829     3.763    core/inverse_butterfly/multiplier/y_reg_n_0_[0]
                         LUT4 (Prop_lut4_I1_O)        0.295     4.058 r  core/inverse_butterfly/multiplier/acc_minus_q1_carry_i_13__1/O
                         net (fo=1, unplaced)         0.000     4.058    core/inverse_butterfly/multiplier/acc_minus_q1_carry_i_13__1_n_0
                         CARRY4 (Prop_carry4_S[1]_CO[3])
                                                      0.533     4.591 r  core/inverse_butterfly/multiplier/acc_minus_q1_carry_i_10__1/CO[3]
                         net (fo=1, unplaced)         0.009     4.600    core/inverse_butterfly/multiplier/acc_minus_q1_carry_i_10__1_n_0
                         CARRY4 (Prop_carry4_CI_CO[3])
                                                      0.117     4.717 r  core/inverse_butterfly/multiplier/acc_minus_q1_carry__0_i_10__1/CO[3]
                         net (fo=1, unplaced)         0.000     4.717    core/inverse_butterfly/multiplier/acc_minus_q1_carry__0_i_10__1_n_0
                         CARRY4 (Prop_carry4_CI_CO[3])
                                                      0.117     4.834 r  core/inverse_butterfly/multiplier/acc_minus_q1_carry__1_i_10__1/CO[3]
                         net (fo=1, unplaced)         0.000     4.834    core/inverse_butterfly/multiplier/acc_minus_q1_carry__1_i_10__1_n_0
                         CARRY4 (Prop_carry4_CI_CO[3])
                                                      0.117     4.951 r  core/inverse_butterfly/multiplier/acc_minus_q1_carry__2_i_10__1/CO[3]
                         net (fo=1, unplaced)         0.000     4.951    core/inverse_butterfly/multiplier/acc_minus_q1_carry__2_i_10__1_n_0
                         CARRY4 (Prop_carry4_CI_CO[3])
                                                      0.117     5.068 r  core/inverse_butterfly/multiplier/acc_minus_q1_carry__3_i_10__1/CO[3]
                         net (fo=1, unplaced)         0.000     5.068    core/inverse_butterfly/multiplier/acc_minus_q1_carry__3_i_10__1_n_0
                         CARRY4 (Prop_carry4_CI_O[3])
                                                      0.331     5.399 r  core/inverse_butterfly/multiplier/acc_minus_q1_carry__4_i_10__1/O[3]
                         net (fo=1, unplaced)         0.618     6.017    core/inverse_butterfly/multiplier/selected_raw1[23]
                         LUT5 (Prop_lut5_I4_O)        0.307     6.324 r  core/inverse_butterfly/multiplier/acc_minus_q1_carry__4_i_6__1/O
                         net (fo=1, unplaced)         0.000     6.324    core/inverse_butterfly/multiplier/acc_minus_q1_carry__4_i_6__1_n_0
                         CARRY4 (Prop_carry4_S[3]_CO[3])
                                                      0.376     6.700 r  core/inverse_butterfly/multiplier/acc_minus_q1_carry__4_i_1__1/CO[3]
                         net (fo=1, unplaced)         0.000     6.700    core/inverse_butterfly/multiplier/acc_minus_q1_carry__4_i_1__1_n_0
                         CARRY4 (Prop_carry4_CI_O[3])
                                                      0.331     7.031 r  core/inverse_butterfly/multiplier/acc_minus_q1_carry__5_i_1__1/O[3]
                         net (fo=8, unplaced)         0.656     7.687    core/inverse_butterfly/multiplier/acc_minus_q1_carry__5_i_1__1_n_4
                         LUT2 (Prop_lut2_I0_O)        0.307     7.994 r  core/inverse_butterfly/multiplier/acc_minus_q1_carry__5_i_2__1/O
                         net (fo=1, unplaced)         0.000     7.994    core/inverse_butterfly/multiplier/acc_minus_q1_carry__5_i_2__1_n_0
                         CARRY4 (Prop_carry4_S[3]_CO[3])
                                                      0.376     8.370 r  core/inverse_butterfly/multiplier/acc_minus_q1_carry__5/CO[3]
                         net (fo=1, unplaced)         0.000     8.370    core/inverse_butterfly/multiplier/acc_minus_q1_carry__5_n_0
                         CARRY4 (Prop_carry4_CI_O[1])
                                                      0.337     8.707 r  core/inverse_butterfly/multiplier/acc_minus_q1_carry__6/O[1]
                         net (fo=1, unplaced)         0.997     9.704    core/inverse_butterfly/multiplier/acc_minus_q1_carry__6_n_6
                         LUT6 (Prop_lut6_I2_O)        0.306    10.010 r  core/inverse_butterfly/multiplier/acc[29]_i_2__4/O
                         net (fo=1, unplaced)         0.449    10.459    core/inverse_butterfly/multiplier/acc[29]_i_2__4_n_0
                         LUT3 (Prop_lut3_I2_O)        0.124    10.583 r  core/inverse_butterfly/multiplier/acc[29]_i_1__4/O
                         net (fo=2, unplaced)         0.000    10.583    core/inverse_butterfly/multiplier/next_acc[29]
                         FDRE                                         r  core/inverse_butterfly/multiplier/result_reg[29]/D
  -------------------------------------------------------------------    -------------------

                         (clock clk rise edge)       10.000    10.000 r  
                                                      0.000    10.000 r  clk (IN)
                         net (fo=0)                   0.000    10.000    clk
                         IBUF (Prop_ibuf_I_O)         0.838    10.838 r  clk_IBUF_inst/O
                         net (fo=1, unplaced)         0.760    11.598    clk_IBUF
                         BUFG (Prop_bufg_I_O)         0.091    11.689 r  clk_IBUF_BUFG_inst/O
                         net (fo=2183, unplaced)      0.439    12.128    core/inverse_butterfly/multiplier/clk_IBUF_BUFG
                         FDRE                                         r  core/inverse_butterfly/multiplier/result_reg[29]/C
                         clock pessimism              0.184    12.311    
                         clock uncertainty           -0.035    12.276    
                         FDRE (Setup_fdre_C_D)        0.044    12.320    core/inverse_butterfly/multiplier/result_reg[29]
  -------------------------------------------------------------------
                         required time                         12.320    
                         arrival time                         -10.583    
  -------------------------------------------------------------------
                         slack                                  1.737    

Slack (MET) :             1.760ns  (required time - arrival time)
  Source:                 core/forward_butterfly_lane_a/multiplier/y_reg[0]/C
                            (rising edge-triggered cell FDRE clocked by clk  {rise@0.000ns fall@5.000ns period=10.000ns})
  Destination:            core/forward_butterfly_lane_a/multiplier/acc_reg[31]/D
                            (rising edge-triggered cell FDRE clocked by clk  {rise@0.000ns fall@5.000ns period=10.000ns})
  Path Group:             clk
  Path Type:              Setup (Max at Slow Process Corner)
  Requirement:            10.000ns  (clk rise@10.000ns - clk rise@0.000ns)
  Data Path Delay:        8.104ns  (logic 4.645ns (57.317%)  route 3.459ns (42.683%))
  Logic Levels:           15  (CARRY4=10 LUT3=1 LUT4=2 LUT5=2)
  Clock Path Skew:        -0.145ns (DCD - SCD + CPR)
    Destination Clock Delay (DCD):    2.128ns = ( 12.128 - 10.000 ) 
    Source Clock Delay      (SCD):    2.456ns
    Clock Pessimism Removal (CPR):    0.184ns
  Clock Uncertainty:      0.035ns  ((TSJ^2 + TIJ^2)^1/2 + DJ) / 2 + PE
    Total System Jitter     (TSJ):    0.071ns
    Total Input Jitter      (TIJ):    0.000ns
    Discrete Jitter          (DJ):    0.000ns
    Phase Error              (PE):    0.000ns

    Location             Delay type                Incr(ns)  Path(ns)    Netlist Resource(s)
  -------------------------------------------------------------------    -------------------
                         (clock clk rise edge)        0.000     0.000 r  
                                                      0.000     0.000 r  clk (IN)
                         net (fo=0)                   0.000     0.000    clk
                         IBUF (Prop_ibuf_I_O)         0.972     0.972 r  clk_IBUF_inst/O
                         net (fo=1, unplaced)         0.800     1.771    clk_IBUF
                         BUFG (Prop_bufg_I_O)         0.101     1.872 r  clk_IBUF_BUFG_inst/O
                         net (fo=2183, unplaced)      0.584     2.456    core/forward_butterfly_lane_a/multiplier/clk_IBUF_BUFG
                         FDRE                                         r  core/forward_butterfly_lane_a/multiplier/y_reg[0]/C
  -------------------------------------------------------------------    -------------------
                         FDRE (Prop_fdre_C_Q)         0.478     2.934 r  core/forward_butterfly_lane_a/multiplier/y_reg[0]/Q
                         net (fo=64, unplaced)        0.829     3.763    core/forward_butterfly_lane_a/multiplier/y_reg_n_0_[0]
                         LUT4 (Prop_lut4_I1_O)        0.295     4.058 r  core/forward_butterfly_lane_a/multiplier/acc_minus_q1_carry_i_13/O
                         net (fo=1, unplaced)         0.000     4.058    core/forward_butterfly_lane_a/multiplier/acc_minus_q1_carry_i_13_n_0
                         CARRY4 (Prop_carry4_S[1]_CO[3])
                                                      0.533     4.591 r  core/forward_butterfly_lane_a/multiplier/acc_minus_q1_carry_i_10/CO[3]
                         net (fo=1, unplaced)         0.009     4.600    core/forward_butterfly_lane_a/multiplier/acc_minus_q1_carry_i_10_n_0
                         CARRY4 (Prop_carry4_CI_CO[3])
                                                      0.117     4.717 r  core/forward_butterfly_lane_a/multiplier/acc_minus_q1_carry__0_i_10/CO[3]
                         net (fo=1, unplaced)         0.000     4.717    core/forward_butterfly_lane_a/multiplier/acc_minus_q1_carry__0_i_10_n_0
                         CARRY4 (Prop_carry4_CI_CO[3])
                                                      0.117     4.834 r  core/forward_butterfly_lane_a/multiplier/acc_minus_q1_carry__1_i_10/CO[3]
                         net (fo=1, unplaced)         0.000     4.834    core/forward_butterfly_lane_a/multiplier/acc_minus_q1_carry__1_i_10_n_0
                         CARRY4 (Prop_carry4_CI_CO[3])
                                                      0.117     4.951 r  core/forward_butterfly_lane_a/multiplier/acc_minus_q1_carry__2_i_10/CO[3]
                         net (fo=1, unplaced)         0.000     4.951    core/forward_butterfly_lane_a/multiplier/acc_minus_q1_carry__2_i_10_n_0
                         CARRY4 (Prop_carry4_CI_CO[3])
                                                      0.117     5.068 r  core/forward_butterfly_lane_a/multiplier/acc_minus_q1_carry__3_i_10/CO[3]
                         net (fo=1, unplaced)         0.000     5.068    core/forward_butterfly_lane_a/multiplier/acc_minus_q1_carry__3_i_10_n_0
                         CARRY4 (Prop_carry4_CI_O[3])
                                                      0.331     5.399 r  core/forward_butterfly_lane_a/multiplier/acc_minus_q1_carry__4_i_10/O[3]
                         net (fo=1, unplaced)         0.618     6.017    core/forward_butterfly_lane_a/multiplier/selected_raw1[23]
                         LUT5 (Prop_lut5_I4_O)        0.307     6.324 r  core/forward_butterfly_lane_a/multiplier/acc_minus_q1_carry__4_i_6/O
                         net (fo=1, unplaced)         0.000     6.324    core/forward_butterfly_lane_a/multiplier/acc_minus_q1_carry__4_i_6_n_0
                         CARRY4 (Prop_carry4_S[3]_CO[3])
                                                      0.376     6.700 r  core/forward_butterfly_lane_a/multiplier/acc_minus_q1_carry__4_i_1/CO[3]
                         net (fo=1, unplaced)         0.000     6.700    core/forward_butterfly_lane_a/multiplier/acc_minus_q1_carry__4_i_1_n_0
                         CARRY4 (Prop_carry4_CI_O[1])
                                                      0.337     7.037 r  core/forward_butterfly_lane_a/multiplier/acc_minus_q1_carry__5_i_1/O[1]
                         net (fo=8, unplaced)         0.649     7.686    core/forward_butterfly_lane_a/multiplier/acc_minus_q1_carry__5_i_1_n_6
                         LUT4 (Prop_lut4_I1_O)        0.306     7.992 r  core/forward_butterfly_lane_a/multiplier/acc_minus_q2_carry__5_i_7/O
                         net (fo=1, unplaced)         0.000     7.992    core/forward_butterfly_lane_a/multiplier/acc_minus_q2_carry__5_i_7_n_0
                         CARRY4 (Prop_carry4_S[1]_CO[3])
                                                      0.533     8.525 r  core/forward_butterfly_lane_a/multiplier/acc_minus_q2_carry__5/CO[3]
                         net (fo=1, unplaced)         0.000     8.525    core/forward_butterfly_lane_a/multiplier/acc_minus_q2_carry__5_n_0
                         CARRY4 (Prop_carry4_CI_O[2])
                                                      0.256     8.781 r  core/forward_butterfly_lane_a/multiplier/acc_minus_q2_carry__6/O[2]
                         net (fo=1, unplaced)         0.905     9.686    core/forward_butterfly_lane_a/multiplier/acc_minus_q2_carry__6_n_5
                         LUT5 (Prop_lut5_I0_O)        0.301     9.987 r  core/forward_butterfly_lane_a/multiplier/acc[31]_i_4__1/O
                         net (fo=1, unplaced)         0.449    10.436    core/forward_butterfly_lane_a/multiplier/acc[31]_i_4__1_n_0
                         LUT3 (Prop_lut3_I2_O)        0.124    10.560 r  core/forward_butterfly_lane_a/multiplier/acc[31]_i_1__1/O
                         net (fo=2, unplaced)         0.000    10.560    core/forward_butterfly_lane_a/multiplier/next_acc[31]
                         FDRE                                         r  core/forward_butterfly_lane_a/multiplier/acc_reg[31]/D
  -------------------------------------------------------------------    -------------------

                         (clock clk rise edge)       10.000    10.000 r  
                                                      0.000    10.000 r  clk (IN)
                         net (fo=0)                   0.000    10.000    clk
                         IBUF (Prop_ibuf_I_O)         0.838    10.838 r  clk_IBUF_inst/O
                         net (fo=1, unplaced)         0.760    11.598    clk_IBUF
                         BUFG (Prop_bufg_I_O)         0.091    11.689 r  clk_IBUF_BUFG_inst/O
                         net (fo=2183, unplaced)      0.439    12.128    core/forward_butterfly_lane_a/multiplier/clk_IBUF_BUFG
                         FDRE                                         r  core/forward_butterfly_lane_a/multiplier/acc_reg[31]/C
                         clock pessimism              0.184    12.311    
                         clock uncertainty           -0.035    12.276    
                         FDRE (Setup_fdre_C_D)        0.044    12.320    core/forward_butterfly_lane_a/multiplier/acc_reg[31]
  -------------------------------------------------------------------
                         required time                         12.320    
                         arrival time                         -10.560    
  -------------------------------------------------------------------
                         slack                                  1.760    

Slack (MET) :             1.760ns  (required time - arrival time)
  Source:                 core/forward_butterfly_lane_a/multiplier/y_reg[0]/C
                            (rising edge-triggered cell FDRE clocked by clk  {rise@0.000ns fall@5.000ns period=10.000ns})
  Destination:            core/forward_butterfly_lane_a/multiplier/result_reg[31]/D
                            (rising edge-triggered cell FDRE clocked by clk  {rise@0.000ns fall@5.000ns period=10.000ns})
  Path Group:             clk
  Path Type:              Setup (Max at Slow Process Corner)
  Requirement:            10.000ns  (clk rise@10.000ns - clk rise@0.000ns)
  Data Path Delay:        8.104ns  (logic 4.645ns (57.317%)  route 3.459ns (42.683%))
  Logic Levels:           15  (CARRY4=10 LUT3=1 LUT4=2 LUT5=2)
  Clock Path Skew:        -0.145ns (DCD - SCD + CPR)
    Destination Clock Delay (DCD):    2.128ns = ( 12.128 - 10.000 ) 
    Source Clock Delay      (SCD):    2.456ns
    Clock Pessimism Removal (CPR):    0.184ns
  Clock Uncertainty:      0.035ns  ((TSJ^2 + TIJ^2)^1/2 + DJ) / 2 + PE
    Total System Jitter     (TSJ):    0.071ns
    Total Input Jitter      (TIJ):    0.000ns
    Discrete Jitter          (DJ):    0.000ns
    Phase Error              (PE):    0.000ns

    Location             Delay type                Incr(ns)  Path(ns)    Netlist Resource(s)
  -------------------------------------------------------------------    -------------------
                         (clock clk rise edge)        0.000     0.000 r  
                                                      0.000     0.000 r  clk (IN)
                         net (fo=0)                   0.000     0.000    clk
                         IBUF (Prop_ibuf_I_O)         0.972     0.972 r  clk_IBUF_inst/O
                         net (fo=1, unplaced)         0.800     1.771    clk_IBUF
                         BUFG (Prop_bufg_I_O)         0.101     1.872 r  clk_IBUF_BUFG_inst/O
                         net (fo=2183, unplaced)      0.584     2.456    core/forward_butterfly_lane_a/multiplier/clk_IBUF_BUFG
                         FDRE                                         r  core/forward_butterfly_lane_a/multiplier/y_reg[0]/C
  -------------------------------------------------------------------    -------------------
                         FDRE (Prop_fdre_C_Q)         0.478     2.934 r  core/forward_butterfly_lane_a/multiplier/y_reg[0]/Q
                         net (fo=64, unplaced)        0.829     3.763    core/forward_butterfly_lane_a/multiplier/y_reg_n_0_[0]
                         LUT4 (Prop_lut4_I1_O)        0.295     4.058 r  core/forward_butterfly_lane_a/multiplier/acc_minus_q1_carry_i_13/O
                         net (fo=1, unplaced)         0.000     4.058    core/forward_butterfly_lane_a/multiplier/acc_minus_q1_carry_i_13_n_0
                         CARRY4 (Prop_carry4_S[1]_CO[3])
                                                      0.533     4.591 r  core/forward_butterfly_lane_a/multiplier/acc_minus_q1_carry_i_10/CO[3]
                         net (fo=1, unplaced)         0.009     4.600    core/forward_butterfly_lane_a/multiplier/acc_minus_q1_carry_i_10_n_0
                         CARRY4 (Prop_carry4_CI_CO[3])
                                                      0.117     4.717 r  core/forward_butterfly_lane_a/multiplier/acc_minus_q1_carry__0_i_10/CO[3]
                         net (fo=1, unplaced)         0.000     4.717    core/forward_butterfly_lane_a/multiplier/acc_minus_q1_carry__0_i_10_n_0
                         CARRY4 (Prop_carry4_CI_CO[3])
                                                      0.117     4.834 r  core/forward_butterfly_lane_a/multiplier/acc_minus_q1_carry__1_i_10/CO[3]
                         net (fo=1, unplaced)         0.000     4.834    core/forward_butterfly_lane_a/multiplier/acc_minus_q1_carry__1_i_10_n_0
                         CARRY4 (Prop_carry4_CI_CO[3])
                                                      0.117     4.951 r  core/forward_butterfly_lane_a/multiplier/acc_minus_q1_carry__2_i_10/CO[3]
                         net (fo=1, unplaced)         0.000     4.951    core/forward_butterfly_lane_a/multiplier/acc_minus_q1_carry__2_i_10_n_0
                         CARRY4 (Prop_carry4_CI_CO[3])
                                                      0.117     5.068 r  core/forward_butterfly_lane_a/multiplier/acc_minus_q1_carry__3_i_10/CO[3]
                         net (fo=1, unplaced)         0.000     5.068    core/forward_butterfly_lane_a/multiplier/acc_minus_q1_carry__3_i_10_n_0
                         CARRY4 (Prop_carry4_CI_O[3])
                                                      0.331     5.399 r  core/forward_butterfly_lane_a/multiplier/acc_minus_q1_carry__4_i_10/O[3]
                         net (fo=1, unplaced)         0.618     6.017    core/forward_butterfly_lane_a/multiplier/selected_raw1[23]
                         LUT5 (Prop_lut5_I4_O)        0.307     6.324 r  core/forward_butterfly_lane_a/multiplier/acc_minus_q1_carry__4_i_6/O
                         net (fo=1, unplaced)         0.000     6.324    core/forward_butterfly_lane_a/multiplier/acc_minus_q1_carry__4_i_6_n_0
                         CARRY4 (Prop_carry4_S[3]_CO[3])
                                                      0.376     6.700 r  core/forward_butterfly_lane_a/multiplier/acc_minus_q1_carry__4_i_1/CO[3]
                         net (fo=1, unplaced)         0.000     6.700    core/forward_butterfly_lane_a/multiplier/acc_minus_q1_carry__4_i_1_n_0
                         CARRY4 (Prop_carry4_CI_O[1])
                                                      0.337     7.037 r  core/forward_butterfly_lane_a/multiplier/acc_minus_q1_carry__5_i_1/O[1]
                         net (fo=8, unplaced)         0.649     7.686    core/forward_butterfly_lane_a/multiplier/acc_minus_q1_carry__5_i_1_n_6
                         LUT4 (Prop_lut4_I1_O)        0.306     7.992 r  core/forward_butterfly_lane_a/multiplier/acc_minus_q2_carry__5_i_7/O
                         net (fo=1, unplaced)         0.000     7.992    core/forward_butterfly_lane_a/multiplier/acc_minus_q2_carry__5_i_7_n_0
                         CARRY4 (Prop_carry4_S[1]_CO[3])
                                                      0.533     8.525 r  core/forward_butterfly_lane_a/multiplier/acc_minus_q2_carry__5/CO[3]
                         net (fo=1, unplaced)         0.000     8.525    core/forward_butterfly_lane_a/multiplier/acc_minus_q2_carry__5_n_0
                         CARRY4 (Prop_carry4_CI_O[2])
                                                      0.256     8.781 r  core/forward_butterfly_lane_a/multiplier/acc_minus_q2_carry__6/O[2]
                         net (fo=1, unplaced)         0.905     9.686    core/forward_butterfly_lane_a/multiplier/acc_minus_q2_carry__6_n_5
                         LUT5 (Prop_lut5_I0_O)        0.301     9.987 r  core/forward_butterfly_lane_a/multiplier/acc[31]_i_4__1/O
                         net (fo=1, unplaced)         0.449    10.436    core/forward_butterfly_lane_a/multiplier/acc[31]_i_4__1_n_0
                         LUT3 (Prop_lut3_I2_O)        0.124    10.560 r  core/forward_butterfly_lane_a/multiplier/acc[31]_i_1__1/O
                         net (fo=2, unplaced)         0.000    10.560    core/forward_butterfly_lane_a/multiplier/next_acc[31]
                         FDRE                                         r  core/forward_butterfly_lane_a/multiplier/result_reg[31]/D
  -------------------------------------------------------------------    -------------------

                         (clock clk rise edge)       10.000    10.000 r  
                                                      0.000    10.000 r  clk (IN)
                         net (fo=0)                   0.000    10.000    clk
                         IBUF (Prop_ibuf_I_O)         0.838    10.838 r  clk_IBUF_inst/O
                         net (fo=1, unplaced)         0.760    11.598    clk_IBUF
                         BUFG (Prop_bufg_I_O)         0.091    11.689 r  clk_IBUF_BUFG_inst/O
                         net (fo=2183, unplaced)      0.439    12.128    core/forward_butterfly_lane_a/multiplier/clk_IBUF_BUFG
                         FDRE                                         r  core/forward_butterfly_lane_a/multiplier/result_reg[31]/C
                         clock pessimism              0.184    12.311    
                         clock uncertainty           -0.035    12.276    
                         FDRE (Setup_fdre_C_D)        0.044    12.320    core/forward_butterfly_lane_a/multiplier/result_reg[31]
  -------------------------------------------------------------------
                         required time                         12.320    
                         arrival time                         -10.560    
  -------------------------------------------------------------------
                         slack                                  1.760    

Slack (MET) :             1.760ns  (required time - arrival time)
  Source:                 core/forward_butterfly_lane_b/multiplier/y_reg[0]/C
                            (rising edge-triggered cell FDRE clocked by clk  {rise@0.000ns fall@5.000ns period=10.000ns})
  Destination:            core/forward_butterfly_lane_b/multiplier/acc_reg[31]/D
                            (rising edge-triggered cell FDRE clocked by clk  {rise@0.000ns fall@5.000ns period=10.000ns})
  Path Group:             clk
  Path Type:              Setup (Max at Slow Process Corner)
  Requirement:            10.000ns  (clk rise@10.000ns - clk rise@0.000ns)
  Data Path Delay:        8.104ns  (logic 4.645ns (57.317%)  route 3.459ns (42.683%))
  Logic Levels:           15  (CARRY4=10 LUT3=1 LUT4=2 LUT5=2)
  Clock Path Skew:        -0.145ns (DCD - SCD + CPR)
    Destination Clock Delay (DCD):    2.128ns = ( 12.128 - 10.000 ) 
    Source Clock Delay      (SCD):    2.456ns
    Clock Pessimism Removal (CPR):    0.184ns
  Clock Uncertainty:      0.035ns  ((TSJ^2 + TIJ^2)^1/2 + DJ) / 2 + PE
    Total System Jitter     (TSJ):    0.071ns
    Total Input Jitter      (TIJ):    0.000ns
    Discrete Jitter          (DJ):    0.000ns
    Phase Error              (PE):    0.000ns

    Location             Delay type                Incr(ns)  Path(ns)    Netlist Resource(s)
  -------------------------------------------------------------------    -------------------
                         (clock clk rise edge)        0.000     0.000 r  
                                                      0.000     0.000 r  clk (IN)
                         net (fo=0)                   0.000     0.000    clk
                         IBUF (Prop_ibuf_I_O)         0.972     0.972 r  clk_IBUF_inst/O
                         net (fo=1, unplaced)         0.800     1.771    clk_IBUF
                         BUFG (Prop_bufg_I_O)         0.101     1.872 r  clk_IBUF_BUFG_inst/O
                         net (fo=2183, unplaced)      0.584     2.456    core/forward_butterfly_lane_b/multiplier/clk_IBUF_BUFG
                         FDRE                                         r  core/forward_butterfly_lane_b/multiplier/y_reg[0]/C
  -------------------------------------------------------------------    -------------------
                         FDRE (Prop_fdre_C_Q)         0.478     2.934 r  core/forward_butterfly_lane_b/multiplier/y_reg[0]/Q
                         net (fo=64, unplaced)        0.829     3.763    core/forward_butterfly_lane_b/multiplier/y_reg_n_0_[0]
                         LUT4 (Prop_lut4_I1_O)        0.295     4.058 r  core/forward_butterfly_lane_b/multiplier/acc_minus_q1_carry_i_13__0/O
                         net (fo=1, unplaced)         0.000     4.058    core/forward_butterfly_lane_b/multiplier/acc_minus_q1_carry_i_13__0_n_0
                         CARRY4 (Prop_carry4_S[1]_CO[3])
                                                      0.533     4.591 r  core/forward_butterfly_lane_b/multiplier/acc_minus_q1_carry_i_10__0/CO[3]
                         net (fo=1, unplaced)         0.009     4.600    core/forward_butterfly_lane_b/multiplier/acc_minus_q1_carry_i_10__0_n_0
                         CARRY4 (Prop_carry4_CI_CO[3])
                                                      0.117     4.717 r  core/forward_butterfly_lane_b/multiplier/acc_minus_q1_carry__0_i_10__0/CO[3]
                         net (fo=1, unplaced)         0.000     4.717    core/forward_butterfly_lane_b/multiplier/acc_minus_q1_carry__0_i_10__0_n_0
                         CARRY4 (Prop_carry4_CI_CO[3])
                                                      0.117     4.834 r  core/forward_butterfly_lane_b/multiplier/acc_minus_q1_carry__1_i_10__0/CO[3]
                         net (fo=1, unplaced)         0.000     4.834    core/forward_butterfly_lane_b/multiplier/acc_minus_q1_carry__1_i_10__0_n_0
                         CARRY4 (Prop_carry4_CI_CO[3])
                                                      0.117     4.951 r  core/forward_butterfly_lane_b/multiplier/acc_minus_q1_carry__2_i_10__0/CO[3]
                         net (fo=1, unplaced)         0.000     4.951    core/forward_butterfly_lane_b/multiplier/acc_minus_q1_carry__2_i_10__0_n_0
                         CARRY4 (Prop_carry4_CI_CO[3])
                                                      0.117     5.068 r  core/forward_butterfly_lane_b/multiplier/acc_minus_q1_carry__3_i_10__0/CO[3]
                         net (fo=1, unplaced)         0.000     5.068    core/forward_butterfly_lane_b/multiplier/acc_minus_q1_carry__3_i_10__0_n_0
                         CARRY4 (Prop_carry4_CI_O[3])
                                                      0.331     5.399 r  core/forward_butterfly_lane_b/multiplier/acc_minus_q1_carry__4_i_10__0/O[3]
                         net (fo=1, unplaced)         0.618     6.017    core/forward_butterfly_lane_b/multiplier/selected_raw1[23]
                         LUT5 (Prop_lut5_I4_O)        0.307     6.324 r  core/forward_butterfly_lane_b/multiplier/acc_minus_q1_carry__4_i_6__0/O
                         net (fo=1, unplaced)         0.000     6.324    core/forward_butterfly_lane_b/multiplier/acc_minus_q1_carry__4_i_6__0_n_0
                         CARRY4 (Prop_carry4_S[3]_CO[3])
                                                      0.376     6.700 r  core/forward_butterfly_lane_b/multiplier/acc_minus_q1_carry__4_i_1__0/CO[3]
                         net (fo=1, unplaced)         0.000     6.700    core/forward_butterfly_lane_b/multiplier/acc_minus_q1_carry__4_i_1__0_n_0
                         CARRY4 (Prop_carry4_CI_O[1])
                                                      0.337     7.037 r  core/forward_butterfly_lane_b/multiplier/acc_minus_q1_carry__5_i_1__0/O[1]
                         net (fo=8, unplaced)         0.649     7.686    core/forward_butterfly_lane_b/multiplier/acc_minus_q1_carry__5_i_1__0_n_6
                         LUT4 (Prop_lut4_I1_O)        0.306     7.992 r  core/forward_butterfly_lane_b/multiplier/acc_minus_q2_carry__5_i_7__0/O
                         net (fo=1, unplaced)         0.000     7.992    core/forward_butterfly_lane_b/multiplier/acc_minus_q2_carry__5_i_7__0_n_0
                         CARRY4 (Prop_carry4_S[1]_CO[3])
                                                      0.533     8.525 r  core/forward_butterfly_lane_b/multiplier/acc_minus_q2_carry__5/CO[3]
                         net (fo=1, unplaced)         0.000     8.525    core/forward_butterfly_lane_b/multiplier/acc_minus_q2_carry__5_n_0
                         CARRY4 (Prop_carry4_CI_O[2])
                                                      0.256     8.781 r  core/forward_butterfly_lane_b/multiplier/acc_minus_q2_carry__6/O[2]
                         net (fo=1, unplaced)         0.905     9.686    core/forward_butterfly_lane_b/multiplier/acc_minus_q2_carry__6_n_5
                         LUT5 (Prop_lut5_I0_O)        0.301     9.987 r  core/forward_butterfly_lane_b/multiplier/acc[31]_i_4__2/O
                         net (fo=1, unplaced)         0.449    10.436    core/forward_butterfly_lane_b/multiplier/acc[31]_i_4__2_n_0
                         LUT3 (Prop_lut3_I2_O)        0.124    10.560 r  core/forward_butterfly_lane_b/multiplier/acc[31]_i_1__2/O
                         net (fo=2, unplaced)         0.000    10.560    core/forward_butterfly_lane_b/multiplier/next_acc[31]
                         FDRE                                         r  core/forward_butterfly_lane_b/multiplier/acc_reg[31]/D
  -------------------------------------------------------------------    -------------------

                         (clock clk rise edge)       10.000    10.000 r  
                                                      0.000    10.000 r  clk (IN)
                         net (fo=0)                   0.000    10.000    clk
                         IBUF (Prop_ibuf_I_O)         0.838    10.838 r  clk_IBUF_inst/O
                         net (fo=1, unplaced)         0.760    11.598    clk_IBUF
                         BUFG (Prop_bufg_I_O)         0.091    11.689 r  clk_IBUF_BUFG_inst/O
                         net (fo=2183, unplaced)      0.439    12.128    core/forward_butterfly_lane_b/multiplier/clk_IBUF_BUFG
                         FDRE                                         r  core/forward_butterfly_lane_b/multiplier/acc_reg[31]/C
                         clock pessimism              0.184    12.311    
                         clock uncertainty           -0.035    12.276    
                         FDRE (Setup_fdre_C_D)        0.044    12.320    core/forward_butterfly_lane_b/multiplier/acc_reg[31]
  -------------------------------------------------------------------
                         required time                         12.320    
                         arrival time                         -10.560    
  -------------------------------------------------------------------
                         slack                                  1.760    

Slack (MET) :             1.760ns  (required time - arrival time)
  Source:                 core/forward_butterfly_lane_b/multiplier/y_reg[0]/C
                            (rising edge-triggered cell FDRE clocked by clk  {rise@0.000ns fall@5.000ns period=10.000ns})
  Destination:            core/forward_butterfly_lane_b/multiplier/result_reg[31]/D
                            (rising edge-triggered cell FDRE clocked by clk  {rise@0.000ns fall@5.000ns period=10.000ns})
  Path Group:             clk
  Path Type:              Setup (Max at Slow Process Corner)
  Requirement:            10.000ns  (clk rise@10.000ns - clk rise@0.000ns)
  Data Path Delay:        8.104ns  (logic 4.645ns (57.317%)  route 3.459ns (42.683%))
  Logic Levels:           15  (CARRY4=10 LUT3=1 LUT4=2 LUT5=2)
  Clock Path Skew:        -0.145ns (DCD - SCD + CPR)
    Destination Clock Delay (DCD):    2.128ns = ( 12.128 - 10.000 ) 
    Source Clock Delay      (SCD):    2.456ns
    Clock Pessimism Removal (CPR):    0.184ns
  Clock Uncertainty:      0.035ns  ((TSJ^2 + TIJ^2)^1/2 + DJ) / 2 + PE
    Total System Jitter     (TSJ):    0.071ns
    Total Input Jitter      (TIJ):    0.000ns
    Discrete Jitter          (DJ):    0.000ns
    Phase Error              (PE):    0.000ns

    Location             Delay type                Incr(ns)  Path(ns)    Netlist Resource(s)
  -------------------------------------------------------------------    -------------------
                         (clock clk rise edge)        0.000     0.000 r  
                                                      0.000     0.000 r  clk (IN)
                         net (fo=0)                   0.000     0.000    clk
                         IBUF (Prop_ibuf_I_O)         0.972     0.972 r  clk_IBUF_inst/O
                         net (fo=1, unplaced)         0.800     1.771    clk_IBUF
                         BUFG (Prop_bufg_I_O)         0.101     1.872 r  clk_IBUF_BUFG_inst/O
                         net (fo=2183, unplaced)      0.584     2.456    core/forward_butterfly_lane_b/multiplier/clk_IBUF_BUFG
                         FDRE                                         r  core/forward_butterfly_lane_b/multiplier/y_reg[0]/C
  -------------------------------------------------------------------    -------------------
                         FDRE (Prop_fdre_C_Q)         0.478     2.934 r  core/forward_butterfly_lane_b/multiplier/y_reg[0]/Q
                         net (fo=64, unplaced)        0.829     3.763    core/forward_butterfly_lane_b/multiplier/y_reg_n_0_[0]
                         LUT4 (Prop_lut4_I1_O)        0.295     4.058 r  core/forward_butterfly_lane_b/multiplier/acc_minus_q1_carry_i_13__0/O
                         net (fo=1, unplaced)         0.000     4.058    core/forward_butterfly_lane_b/multiplier/acc_minus_q1_carry_i_13__0_n_0
                         CARRY4 (Prop_carry4_S[1]_CO[3])
                                                      0.533     4.591 r  core/forward_butterfly_lane_b/multiplier/acc_minus_q1_carry_i_10__0/CO[3]
                         net (fo=1, unplaced)         0.009     4.600    core/forward_butterfly_lane_b/multiplier/acc_minus_q1_carry_i_10__0_n_0
                         CARRY4 (Prop_carry4_CI_CO[3])
                                                      0.117     4.717 r  core/forward_butterfly_lane_b/multiplier/acc_minus_q1_carry__0_i_10__0/CO[3]
                         net (fo=1, unplaced)         0.000     4.717    core/forward_butterfly_lane_b/multiplier/acc_minus_q1_carry__0_i_10__0_n_0
                         CARRY4 (Prop_carry4_CI_CO[3])
                                                      0.117     4.834 r  core/forward_butterfly_lane_b/multiplier/acc_minus_q1_carry__1_i_10__0/CO[3]
                         net (fo=1, unplaced)         0.000     4.834    core/forward_butterfly_lane_b/multiplier/acc_minus_q1_carry__1_i_10__0_n_0
                         CARRY4 (Prop_carry4_CI_CO[3])
                                                      0.117     4.951 r  core/forward_butterfly_lane_b/multiplier/acc_minus_q1_carry__2_i_10__0/CO[3]
                         net (fo=1, unplaced)         0.000     4.951    core/forward_butterfly_lane_b/multiplier/acc_minus_q1_carry__2_i_10__0_n_0
                         CARRY4 (Prop_carry4_CI_CO[3])
                                                      0.117     5.068 r  core/forward_butterfly_lane_b/multiplier/acc_minus_q1_carry__3_i_10__0/CO[3]
                         net (fo=1, unplaced)         0.000     5.068    core/forward_butterfly_lane_b/multiplier/acc_minus_q1_carry__3_i_10__0_n_0
                         CARRY4 (Prop_carry4_CI_O[3])
                                                      0.331     5.399 r  core/forward_butterfly_lane_b/multiplier/acc_minus_q1_carry__4_i_10__0/O[3]
                         net (fo=1, unplaced)         0.618     6.017    core/forward_butterfly_lane_b/multiplier/selected_raw1[23]
                         LUT5 (Prop_lut5_I4_O)        0.307     6.324 r  core/forward_butterfly_lane_b/multiplier/acc_minus_q1_carry__4_i_6__0/O
                         net (fo=1, unplaced)         0.000     6.324    core/forward_butterfly_lane_b/multiplier/acc_minus_q1_carry__4_i_6__0_n_0
                         CARRY4 (Prop_carry4_S[3]_CO[3])
                                                      0.376     6.700 r  core/forward_butterfly_lane_b/multiplier/acc_minus_q1_carry__4_i_1__0/CO[3]
                         net (fo=1, unplaced)         0.000     6.700    core/forward_butterfly_lane_b/multiplier/acc_minus_q1_carry__4_i_1__0_n_0
                         CARRY4 (Prop_carry4_CI_O[1])
                                                      0.337     7.037 r  core/forward_butterfly_lane_b/multiplier/acc_minus_q1_carry__5_i_1__0/O[1]
                         net (fo=8, unplaced)         0.649     7.686    core/forward_butterfly_lane_b/multiplier/acc_minus_q1_carry__5_i_1__0_n_6
                         LUT4 (Prop_lut4_I1_O)        0.306     7.992 r  core/forward_butterfly_lane_b/multiplier/acc_minus_q2_carry__5_i_7__0/O
                         net (fo=1, unplaced)         0.000     7.992    core/forward_butterfly_lane_b/multiplier/acc_minus_q2_carry__5_i_7__0_n_0
                         CARRY4 (Prop_carry4_S[1]_CO[3])
                                                      0.533     8.525 r  core/forward_butterfly_lane_b/multiplier/acc_minus_q2_carry__5/CO[3]
                         net (fo=1, unplaced)         0.000     8.525    core/forward_butterfly_lane_b/multiplier/acc_minus_q2_carry__5_n_0
                         CARRY4 (Prop_carry4_CI_O[2])
                                                      0.256     8.781 r  core/forward_butterfly_lane_b/multiplier/acc_minus_q2_carry__6/O[2]
                         net (fo=1, unplaced)         0.905     9.686    core/forward_butterfly_lane_b/multiplier/acc_minus_q2_carry__6_n_5
                         LUT5 (Prop_lut5_I0_O)        0.301     9.987 r  core/forward_butterfly_lane_b/multiplier/acc[31]_i_4__2/O
                         net (fo=1, unplaced)         0.449    10.436    core/forward_butterfly_lane_b/multiplier/acc[31]_i_4__2_n_0
                         LUT3 (Prop_lut3_I2_O)        0.124    10.560 r  core/forward_butterfly_lane_b/multiplier/acc[31]_i_1__2/O
                         net (fo=2, unplaced)         0.000    10.560    core/forward_butterfly_lane_b/multiplier/next_acc[31]
                         FDRE                                         r  core/forward_butterfly_lane_b/multiplier/result_reg[31]/D
  -------------------------------------------------------------------    -------------------

                         (clock clk rise edge)       10.000    10.000 r  
                                                      0.000    10.000 r  clk (IN)
                         net (fo=0)                   0.000    10.000    clk
                         IBUF (Prop_ibuf_I_O)         0.838    10.838 r  clk_IBUF_inst/O
                         net (fo=1, unplaced)         0.760    11.598    clk_IBUF
                         BUFG (Prop_bufg_I_O)         0.091    11.689 r  clk_IBUF_BUFG_inst/O
                         net (fo=2183, unplaced)      0.439    12.128    core/forward_butterfly_lane_b/multiplier/clk_IBUF_BUFG
                         FDRE                                         r  core/forward_butterfly_lane_b/multiplier/result_reg[31]/C
                         clock pessimism              0.184    12.311    
                         clock uncertainty           -0.035    12.276    
                         FDRE (Setup_fdre_C_D)        0.044    12.320    core/forward_butterfly_lane_b/multiplier/result_reg[31]
  -------------------------------------------------------------------
                         required time                         12.320    
                         arrival time                         -10.560    
  -------------------------------------------------------------------
                         slack                                  1.760    

Slack (MET) :             1.823ns  (required time - arrival time)
  Source:                 core/inverse_butterfly/multiplier/y_reg[0]/C
                            (rising edge-triggered cell FDRE clocked by clk  {rise@0.000ns fall@5.000ns period=10.000ns})
  Destination:            core/inverse_butterfly/multiplier/acc_reg[26]/D
                            (rising edge-triggered cell FDRE clocked by clk  {rise@0.000ns fall@5.000ns period=10.000ns})
  Path Group:             clk
  Path Type:              Setup (Max at Slow Process Corner)
  Requirement:            10.000ns  (clk rise@10.000ns - clk rise@0.000ns)
  Data Path Delay:        8.041ns  (logic 4.366ns (54.297%)  route 3.675ns (45.703%))
  Logic Levels:           14  (CARRY4=9 LUT2=1 LUT3=1 LUT4=1 LUT5=1 LUT6=1)
  Clock Path Skew:        -0.145ns (DCD - SCD + CPR)
    Destination Clock Delay (DCD):    2.128ns = ( 12.128 - 10.000 ) 
    Source Clock Delay      (SCD):    2.456ns
    Clock Pessimism Removal (CPR):    0.184ns
  Clock Uncertainty:      0.035ns  ((TSJ^2 + TIJ^2)^1/2 + DJ) / 2 + PE
    Total System Jitter     (TSJ):    0.071ns
    Total Input Jitter      (TIJ):    0.000ns
    Discrete Jitter          (DJ):    0.000ns
    Phase Error              (PE):    0.000ns

    Location             Delay type                Incr(ns)  Path(ns)    Netlist Resource(s)
  -------------------------------------------------------------------    -------------------
                         (clock clk rise edge)        0.000     0.000 r  
                                                      0.000     0.000 r  clk (IN)
                         net (fo=0)                   0.000     0.000    clk
                         IBUF (Prop_ibuf_I_O)         0.972     0.972 r  clk_IBUF_inst/O
                         net (fo=1, unplaced)         0.800     1.771    clk_IBUF
                         BUFG (Prop_bufg_I_O)         0.101     1.872 r  clk_IBUF_BUFG_inst/O
                         net (fo=2183, unplaced)      0.584     2.456    core/inverse_butterfly/multiplier/clk_IBUF_BUFG
                         FDRE                                         r  core/inverse_butterfly/multiplier/y_reg[0]/C
  -------------------------------------------------------------------    -------------------
                         FDRE (Prop_fdre_C_Q)         0.478     2.934 r  core/inverse_butterfly/multiplier/y_reg[0]/Q
                         net (fo=64, unplaced)        0.829     3.763    core/inverse_butterfly/multiplier/y_reg_n_0_[0]
                         LUT4 (Prop_lut4_I1_O)        0.295     4.058 r  core/inverse_butterfly/multiplier/acc_minus_q1_carry_i_13__1/O
                         net (fo=1, unplaced)         0.000     4.058    core/inverse_butterfly/multiplier/acc_minus_q1_carry_i_13__1_n_0
                         CARRY4 (Prop_carry4_S[1]_CO[3])
                                                      0.533     4.591 r  core/inverse_butterfly/multiplier/acc_minus_q1_carry_i_10__1/CO[3]
                         net (fo=1, unplaced)         0.009     4.600    core/inverse_butterfly/multiplier/acc_minus_q1_carry_i_10__1_n_0
                         CARRY4 (Prop_carry4_CI_CO[3])
                                                      0.117     4.717 r  core/inverse_butterfly/multiplier/acc_minus_q1_carry__0_i_10__1/CO[3]
                         net (fo=1, unplaced)         0.000     4.717    core/inverse_butterfly/multiplier/acc_minus_q1_carry__0_i_10__1_n_0
                         CARRY4 (Prop_carry4_CI_CO[3])
                                                      0.117     4.834 r  core/inverse_butterfly/multiplier/acc_minus_q1_carry__1_i_10__1/CO[3]
                         net (fo=1, unplaced)         0.000     4.834    core/inverse_butterfly/multiplier/acc_minus_q1_carry__1_i_10__1_n_0
                         CARRY4 (Prop_carry4_CI_CO[3])
                                                      0.117     4.951 r  core/inverse_butterfly/multiplier/acc_minus_q1_carry__2_i_10__1/CO[3]
                         net (fo=1, unplaced)         0.000     4.951    core/inverse_butterfly/multiplier/acc_minus_q1_carry__2_i_10__1_n_0
                         CARRY4 (Prop_carry4_CI_O[3])
                                                      0.331     5.282 r  core/inverse_butterfly/multiplier/acc_minus_q1_carry__3_i_10__1/O[3]
                         net (fo=1, unplaced)         0.618     5.900    core/inverse_butterfly/multiplier/selected_raw1[19]
                         LUT5 (Prop_lut5_I4_O)        0.307     6.207 r  core/inverse_butterfly/multiplier/acc_minus_q1_carry__3_i_6__1/O
                         net (fo=1, unplaced)         0.000     6.207    core/inverse_butterfly/multiplier/acc_minus_q1_carry__3_i_6__1_n_0
                         CARRY4 (Prop_carry4_S[3]_CO[3])
                                                      0.376     6.583 r  core/inverse_butterfly/multiplier/acc_minus_q1_carry__3_i_1__1/CO[3]
                         net (fo=1, unplaced)         0.000     6.583    core/inverse_butterfly/multiplier/acc_minus_q1_carry__3_i_1__1_n_0
                         CARRY4 (Prop_carry4_CI_O[3])
                                                      0.331     6.914 r  core/inverse_butterfly/multiplier/acc_minus_q1_carry__4_i_1__1/O[3]
                         net (fo=8, unplaced)         0.656     7.570    core/inverse_butterfly/multiplier/acc_minus_q1_carry__4_i_1__1_n_4
                         LUT2 (Prop_lut2_I0_O)        0.307     7.877 r  core/inverse_butterfly/multiplier/acc_minus_q1_carry__4_i_2__1/O
                         net (fo=1, unplaced)         0.000     7.877    core/inverse_butterfly/multiplier/acc_minus_q1_carry__4_i_2__1_n_0
                         CARRY4 (Prop_carry4_S[3]_CO[3])
                                                      0.376     8.253 r  core/inverse_butterfly/multiplier/acc_minus_q1_carry__4/CO[3]
                         net (fo=1, unplaced)         0.000     8.253    core/inverse_butterfly/multiplier/acc_minus_q1_carry__4_n_0
                         CARRY4 (Prop_carry4_CI_O[2])
                                                      0.256     8.509 r  core/inverse_butterfly/multiplier/acc_minus_q1_carry__5/O[2]
                         net (fo=1, unplaced)         1.114     9.623    core/inverse_butterfly/multiplier/acc_minus_q1_carry__5_n_5
                         LUT6 (Prop_lut6_I2_O)        0.301     9.924 r  core/inverse_butterfly/multiplier/acc[26]_i_2__4/O
                         net (fo=1, unplaced)         0.449    10.373    core/inverse_butterfly/multiplier/acc[26]_i_2__4_n_0
                         LUT3 (Prop_lut3_I2_O)        0.124    10.497 r  core/inverse_butterfly/multiplier/acc[26]_i_1__4/O
                         net (fo=2, unplaced)         0.000    10.497    core/inverse_butterfly/multiplier/next_acc[26]
                         FDRE                                         r  core/inverse_butterfly/multiplier/acc_reg[26]/D
  -------------------------------------------------------------------    -------------------

                         (clock clk rise edge)       10.000    10.000 r  
                                                      0.000    10.000 r  clk (IN)
                         net (fo=0)                   0.000    10.000    clk
                         IBUF (Prop_ibuf_I_O)         0.838    10.838 r  clk_IBUF_inst/O
                         net (fo=1, unplaced)         0.760    11.598    clk_IBUF
                         BUFG (Prop_bufg_I_O)         0.091    11.689 r  clk_IBUF_BUFG_inst/O
                         net (fo=2183, unplaced)      0.439    12.128    core/inverse_butterfly/multiplier/clk_IBUF_BUFG
                         FDRE                                         r  core/inverse_butterfly/multiplier/acc_reg[26]/C
                         clock pessimism              0.184    12.311    
                         clock uncertainty           -0.035    12.276    
                         FDRE (Setup_fdre_C_D)        0.044    12.320    core/inverse_butterfly/multiplier/acc_reg[26]
  -------------------------------------------------------------------
                         required time                         12.320    
                         arrival time                         -10.497    
  -------------------------------------------------------------------
                         slack                                  1.823    

Slack (MET) :             1.823ns  (required time - arrival time)
  Source:                 core/inverse_butterfly/multiplier/y_reg[0]/C
                            (rising edge-triggered cell FDRE clocked by clk  {rise@0.000ns fall@5.000ns period=10.000ns})
  Destination:            core/inverse_butterfly/multiplier/result_reg[26]/D
                            (rising edge-triggered cell FDRE clocked by clk  {rise@0.000ns fall@5.000ns period=10.000ns})
  Path Group:             clk
  Path Type:              Setup (Max at Slow Process Corner)
  Requirement:            10.000ns  (clk rise@10.000ns - clk rise@0.000ns)
  Data Path Delay:        8.041ns  (logic 4.366ns (54.297%)  route 3.675ns (45.703%))
  Logic Levels:           14  (CARRY4=9 LUT2=1 LUT3=1 LUT4=1 LUT5=1 LUT6=1)
  Clock Path Skew:        -0.145ns (DCD - SCD + CPR)
    Destination Clock Delay (DCD):    2.128ns = ( 12.128 - 10.000 ) 
    Source Clock Delay      (SCD):    2.456ns
    Clock Pessimism Removal (CPR):    0.184ns
  Clock Uncertainty:      0.035ns  ((TSJ^2 + TIJ^2)^1/2 + DJ) / 2 + PE
    Total System Jitter     (TSJ):    0.071ns
    Total Input Jitter      (TIJ):    0.000ns
    Discrete Jitter          (DJ):    0.000ns
    Phase Error              (PE):    0.000ns

    Location             Delay type                Incr(ns)  Path(ns)    Netlist Resource(s)
  -------------------------------------------------------------------    -------------------
                         (clock clk rise edge)        0.000     0.000 r  
                                                      0.000     0.000 r  clk (IN)
                         net (fo=0)                   0.000     0.000    clk
                         IBUF (Prop_ibuf_I_O)         0.972     0.972 r  clk_IBUF_inst/O
                         net (fo=1, unplaced)         0.800     1.771    clk_IBUF
                         BUFG (Prop_bufg_I_O)         0.101     1.872 r  clk_IBUF_BUFG_inst/O
                         net (fo=2183, unplaced)      0.584     2.456    core/inverse_butterfly/multiplier/clk_IBUF_BUFG
                         FDRE                                         r  core/inverse_butterfly/multiplier/y_reg[0]/C
  -------------------------------------------------------------------    -------------------
                         FDRE (Prop_fdre_C_Q)         0.478     2.934 r  core/inverse_butterfly/multiplier/y_reg[0]/Q
                         net (fo=64, unplaced)        0.829     3.763    core/inverse_butterfly/multiplier/y_reg_n_0_[0]
                         LUT4 (Prop_lut4_I1_O)        0.295     4.058 r  core/inverse_butterfly/multiplier/acc_minus_q1_carry_i_13__1/O
                         net (fo=1, unplaced)         0.000     4.058    core/inverse_butterfly/multiplier/acc_minus_q1_carry_i_13__1_n_0
                         CARRY4 (Prop_carry4_S[1]_CO[3])
                                                      0.533     4.591 r  core/inverse_butterfly/multiplier/acc_minus_q1_carry_i_10__1/CO[3]
                         net (fo=1, unplaced)         0.009     4.600    core/inverse_butterfly/multiplier/acc_minus_q1_carry_i_10__1_n_0
                         CARRY4 (Prop_carry4_CI_CO[3])
                                                      0.117     4.717 r  core/inverse_butterfly/multiplier/acc_minus_q1_carry__0_i_10__1/CO[3]
                         net (fo=1, unplaced)         0.000     4.717    core/inverse_butterfly/multiplier/acc_minus_q1_carry__0_i_10__1_n_0
                         CARRY4 (Prop_carry4_CI_CO[3])
                                                      0.117     4.834 r  core/inverse_butterfly/multiplier/acc_minus_q1_carry__1_i_10__1/CO[3]
                         net (fo=1, unplaced)         0.000     4.834    core/inverse_butterfly/multiplier/acc_minus_q1_carry__1_i_10__1_n_0
                         CARRY4 (Prop_carry4_CI_CO[3])
                                                      0.117     4.951 r  core/inverse_butterfly/multiplier/acc_minus_q1_carry__2_i_10__1/CO[3]
                         net (fo=1, unplaced)         0.000     4.951    core/inverse_butterfly/multiplier/acc_minus_q1_carry__2_i_10__1_n_0
                         CARRY4 (Prop_carry4_CI_O[3])
                                                      0.331     5.282 r  core/inverse_butterfly/multiplier/acc_minus_q1_carry__3_i_10__1/O[3]
                         net (fo=1, unplaced)         0.618     5.900    core/inverse_butterfly/multiplier/selected_raw1[19]
                         LUT5 (Prop_lut5_I4_O)        0.307     6.207 r  core/inverse_butterfly/multiplier/acc_minus_q1_carry__3_i_6__1/O
                         net (fo=1, unplaced)         0.000     6.207    core/inverse_butterfly/multiplier/acc_minus_q1_carry__3_i_6__1_n_0
                         CARRY4 (Prop_carry4_S[3]_CO[3])
                                                      0.376     6.583 r  core/inverse_butterfly/multiplier/acc_minus_q1_carry__3_i_1__1/CO[3]
                         net (fo=1, unplaced)         0.000     6.583    core/inverse_butterfly/multiplier/acc_minus_q1_carry__3_i_1__1_n_0
                         CARRY4 (Prop_carry4_CI_O[3])
                                                      0.331     6.914 r  core/inverse_butterfly/multiplier/acc_minus_q1_carry__4_i_1__1/O[3]
                         net (fo=8, unplaced)         0.656     7.570    core/inverse_butterfly/multiplier/acc_minus_q1_carry__4_i_1__1_n_4
                         LUT2 (Prop_lut2_I0_O)        0.307     7.877 r  core/inverse_butterfly/multiplier/acc_minus_q1_carry__4_i_2__1/O
                         net (fo=1, unplaced)         0.000     7.877    core/inverse_butterfly/multiplier/acc_minus_q1_carry__4_i_2__1_n_0
                         CARRY4 (Prop_carry4_S[3]_CO[3])
                                                      0.376     8.253 r  core/inverse_butterfly/multiplier/acc_minus_q1_carry__4/CO[3]
                         net (fo=1, unplaced)         0.000     8.253    core/inverse_butterfly/multiplier/acc_minus_q1_carry__4_n_0
                         CARRY4 (Prop_carry4_CI_O[2])
                                                      0.256     8.509 r  core/inverse_butterfly/multiplier/acc_minus_q1_carry__5/O[2]
                         net (fo=1, unplaced)         1.114     9.623    core/inverse_butterfly/multiplier/acc_minus_q1_carry__5_n_5
                         LUT6 (Prop_lut6_I2_O)        0.301     9.924 r  core/inverse_butterfly/multiplier/acc[26]_i_2__4/O
                         net (fo=1, unplaced)         0.449    10.373    core/inverse_butterfly/multiplier/acc[26]_i_2__4_n_0
                         LUT3 (Prop_lut3_I2_O)        0.124    10.497 r  core/inverse_butterfly/multiplier/acc[26]_i_1__4/O
                         net (fo=2, unplaced)         0.000    10.497    core/inverse_butterfly/multiplier/next_acc[26]
                         FDRE                                         r  core/inverse_butterfly/multiplier/result_reg[26]/D
  -------------------------------------------------------------------    -------------------

                         (clock clk rise edge)       10.000    10.000 r  
                                                      0.000    10.000 r  clk (IN)
                         net (fo=0)                   0.000    10.000    clk
                         IBUF (Prop_ibuf_I_O)         0.838    10.838 r  clk_IBUF_inst/O
                         net (fo=1, unplaced)         0.760    11.598    clk_IBUF
                         BUFG (Prop_bufg_I_O)         0.091    11.689 r  clk_IBUF_BUFG_inst/O
                         net (fo=2183, unplaced)      0.439    12.128    core/inverse_butterfly/multiplier/clk_IBUF_BUFG
                         FDRE                                         r  core/inverse_butterfly/multiplier/result_reg[26]/C
                         clock pessimism              0.184    12.311    
                         clock uncertainty           -0.035    12.276    
                         FDRE (Setup_fdre_C_D)        0.044    12.320    core/inverse_butterfly/multiplier/result_reg[26]
  -------------------------------------------------------------------
                         required time                         12.320    
                         arrival time                         -10.497    
  -------------------------------------------------------------------
                         slack                                  1.823    

Slack (MET) :             1.854ns  (required time - arrival time)
  Source:                 core/inverse_butterfly/multiplier/y_reg[0]/C
                            (rising edge-triggered cell FDRE clocked by clk  {rise@0.000ns fall@5.000ns period=10.000ns})
  Destination:            core/inverse_butterfly/multiplier/acc_reg[25]/D
                            (rising edge-triggered cell FDRE clocked by clk  {rise@0.000ns fall@5.000ns period=10.000ns})
  Path Group:             clk
  Path Type:              Setup (Max at Slow Process Corner)
  Requirement:            10.000ns  (clk rise@10.000ns - clk rise@0.000ns)
  Data Path Delay:        8.010ns  (logic 4.452ns (55.581%)  route 3.558ns (44.419%))
  Logic Levels:           14  (CARRY4=9 LUT2=1 LUT3=1 LUT4=1 LUT5=1 LUT6=1)
  Clock Path Skew:        -0.145ns (DCD - SCD + CPR)
    Destination Clock Delay (DCD):    2.128ns = ( 12.128 - 10.000 ) 
    Source Clock Delay      (SCD):    2.456ns
    Clock Pessimism Removal (CPR):    0.184ns
  Clock Uncertainty:      0.035ns  ((TSJ^2 + TIJ^2)^1/2 + DJ) / 2 + PE
    Total System Jitter     (TSJ):    0.071ns
    Total Input Jitter      (TIJ):    0.000ns
    Discrete Jitter          (DJ):    0.000ns
    Phase Error              (PE):    0.000ns

    Location             Delay type                Incr(ns)  Path(ns)    Netlist Resource(s)
  -------------------------------------------------------------------    -------------------
                         (clock clk rise edge)        0.000     0.000 r  
                                                      0.000     0.000 r  clk (IN)
                         net (fo=0)                   0.000     0.000    clk
                         IBUF (Prop_ibuf_I_O)         0.972     0.972 r  clk_IBUF_inst/O
                         net (fo=1, unplaced)         0.800     1.771    clk_IBUF
                         BUFG (Prop_bufg_I_O)         0.101     1.872 r  clk_IBUF_BUFG_inst/O
                         net (fo=2183, unplaced)      0.584     2.456    core/inverse_butterfly/multiplier/clk_IBUF_BUFG
                         FDRE                                         r  core/inverse_butterfly/multiplier/y_reg[0]/C
  -------------------------------------------------------------------    -------------------
                         FDRE (Prop_fdre_C_Q)         0.478     2.934 r  core/inverse_butterfly/multiplier/y_reg[0]/Q
                         net (fo=64, unplaced)        0.829     3.763    core/inverse_butterfly/multiplier/y_reg_n_0_[0]
                         LUT4 (Prop_lut4_I1_O)        0.295     4.058 r  core/inverse_butterfly/multiplier/acc_minus_q1_carry_i_13__1/O
                         net (fo=1, unplaced)         0.000     4.058    core/inverse_butterfly/multiplier/acc_minus_q1_carry_i_13__1_n_0
                         CARRY4 (Prop_carry4_S[1]_CO[3])
                                                      0.533     4.591 r  core/inverse_butterfly/multiplier/acc_minus_q1_carry_i_10__1/CO[3]
                         net (fo=1, unplaced)         0.009     4.600    core/inverse_butterfly/multiplier/acc_minus_q1_carry_i_10__1_n_0
                         CARRY4 (Prop_carry4_CI_CO[3])
                                                      0.117     4.717 r  core/inverse_butterfly/multiplier/acc_minus_q1_carry__0_i_10__1/CO[3]
                         net (fo=1, unplaced)         0.000     4.717    core/inverse_butterfly/multiplier/acc_minus_q1_carry__0_i_10__1_n_0
                         CARRY4 (Prop_carry4_CI_CO[3])
                                                      0.117     4.834 r  core/inverse_butterfly/multiplier/acc_minus_q1_carry__1_i_10__1/CO[3]
                         net (fo=1, unplaced)         0.000     4.834    core/inverse_butterfly/multiplier/acc_minus_q1_carry__1_i_10__1_n_0
                         CARRY4 (Prop_carry4_CI_CO[3])
                                                      0.117     4.951 r  core/inverse_butterfly/multiplier/acc_minus_q1_carry__2_i_10__1/CO[3]
                         net (fo=1, unplaced)         0.000     4.951    core/inverse_butterfly/multiplier/acc_minus_q1_carry__2_i_10__1_n_0
                         CARRY4 (Prop_carry4_CI_O[3])
                                                      0.331     5.282 r  core/inverse_butterfly/multiplier/acc_minus_q1_carry__3_i_10__1/O[3]
                         net (fo=1, unplaced)         0.618     5.900    core/inverse_butterfly/multiplier/selected_raw1[19]
                         LUT5 (Prop_lut5_I4_O)        0.307     6.207 r  core/inverse_butterfly/multiplier/acc_minus_q1_carry__3_i_6__1/O
                         net (fo=1, unplaced)         0.000     6.207    core/inverse_butterfly/multiplier/acc_minus_q1_carry__3_i_6__1_n_0
                         CARRY4 (Prop_carry4_S[3]_CO[3])
                                                      0.376     6.583 r  core/inverse_butterfly/multiplier/acc_minus_q1_carry__3_i_1__1/CO[3]
                         net (fo=1, unplaced)         0.000     6.583    core/inverse_butterfly/multiplier/acc_minus_q1_carry__3_i_1__1_n_0
                         CARRY4 (Prop_carry4_CI_O[3])
                                                      0.331     6.914 r  core/inverse_butterfly/multiplier/acc_minus_q1_carry__4_i_1__1/O[3]
                         net (fo=8, unplaced)         0.656     7.570    core/inverse_butterfly/multiplier/acc_minus_q1_carry__4_i_1__1_n_4
                         LUT2 (Prop_lut2_I0_O)        0.307     7.877 r  core/inverse_butterfly/multiplier/acc_minus_q1_carry__4_i_2__1/O
                         net (fo=1, unplaced)         0.000     7.877    core/inverse_butterfly/multiplier/acc_minus_q1_carry__4_i_2__1_n_0
                         CARRY4 (Prop_carry4_S[3]_CO[3])
                                                      0.376     8.253 r  core/inverse_butterfly/multiplier/acc_minus_q1_carry__4/CO[3]
                         net (fo=1, unplaced)         0.000     8.253    core/inverse_butterfly/multiplier/acc_minus_q1_carry__4_n_0
                         CARRY4 (Prop_carry4_CI_O[1])
                                                      0.337     8.590 r  core/inverse_butterfly/multiplier/acc_minus_q1_carry__5/O[1]
                         net (fo=1, unplaced)         0.997     9.587    core/inverse_butterfly/multiplier/acc_minus_q1_carry__5_n_6
                         LUT6 (Prop_lut6_I2_O)        0.306     9.893 r  core/inverse_butterfly/multiplier/acc[25]_i_2__4/O
                         net (fo=1, unplaced)         0.449    10.342    core/inverse_butterfly/multiplier/acc[25]_i_2__4_n_0
                         LUT3 (Prop_lut3_I2_O)        0.124    10.466 r  core/inverse_butterfly/multiplier/acc[25]_i_1__4/O
                         net (fo=2, unplaced)         0.000    10.466    core/inverse_butterfly/multiplier/next_acc[25]
                         FDRE                                         r  core/inverse_butterfly/multiplier/acc_reg[25]/D
  -------------------------------------------------------------------    -------------------

                         (clock clk rise edge)       10.000    10.000 r  
                                                      0.000    10.000 r  clk (IN)
                         net (fo=0)                   0.000    10.000    clk
                         IBUF (Prop_ibuf_I_O)         0.838    10.838 r  clk_IBUF_inst/O
                         net (fo=1, unplaced)         0.760    11.598    clk_IBUF
                         BUFG (Prop_bufg_I_O)         0.091    11.689 r  clk_IBUF_BUFG_inst/O
                         net (fo=2183, unplaced)      0.439    12.128    core/inverse_butterfly/multiplier/clk_IBUF_BUFG
                         FDRE                                         r  core/inverse_butterfly/multiplier/acc_reg[25]/C
                         clock pessimism              0.184    12.311    
                         clock uncertainty           -0.035    12.276    
                         FDRE (Setup_fdre_C_D)        0.044    12.320    core/inverse_butterfly/multiplier/acc_reg[25]
  -------------------------------------------------------------------
                         required time                         12.320    
                         arrival time                         -10.466    
  -------------------------------------------------------------------
                         slack                                  1.854    

Slack (MET) :             1.854ns  (required time - arrival time)
  Source:                 core/inverse_butterfly/multiplier/y_reg[0]/C
                            (rising edge-triggered cell FDRE clocked by clk  {rise@0.000ns fall@5.000ns period=10.000ns})
  Destination:            core/inverse_butterfly/multiplier/result_reg[25]/D
                            (rising edge-triggered cell FDRE clocked by clk  {rise@0.000ns fall@5.000ns period=10.000ns})
  Path Group:             clk
  Path Type:              Setup (Max at Slow Process Corner)
  Requirement:            10.000ns  (clk rise@10.000ns - clk rise@0.000ns)
  Data Path Delay:        8.010ns  (logic 4.452ns (55.581%)  route 3.558ns (44.419%))
  Logic Levels:           14  (CARRY4=9 LUT2=1 LUT3=1 LUT4=1 LUT5=1 LUT6=1)
  Clock Path Skew:        -0.145ns (DCD - SCD + CPR)
    Destination Clock Delay (DCD):    2.128ns = ( 12.128 - 10.000 ) 
    Source Clock Delay      (SCD):    2.456ns
    Clock Pessimism Removal (CPR):    0.184ns
  Clock Uncertainty:      0.035ns  ((TSJ^2 + TIJ^2)^1/2 + DJ) / 2 + PE
    Total System Jitter     (TSJ):    0.071ns
    Total Input Jitter      (TIJ):    0.000ns
    Discrete Jitter          (DJ):    0.000ns
    Phase Error              (PE):    0.000ns

    Location             Delay type                Incr(ns)  Path(ns)    Netlist Resource(s)
  -------------------------------------------------------------------    -------------------
                         (clock clk rise edge)        0.000     0.000 r  
                                                      0.000     0.000 r  clk (IN)
                         net (fo=0)                   0.000     0.000    clk
                         IBUF (Prop_ibuf_I_O)         0.972     0.972 r  clk_IBUF_inst/O
                         net (fo=1, unplaced)         0.800     1.771    clk_IBUF
                         BUFG (Prop_bufg_I_O)         0.101     1.872 r  clk_IBUF_BUFG_inst/O
                         net (fo=2183, unplaced)      0.584     2.456    core/inverse_butterfly/multiplier/clk_IBUF_BUFG
                         FDRE                                         r  core/inverse_butterfly/multiplier/y_reg[0]/C
  -------------------------------------------------------------------    -------------------
                         FDRE (Prop_fdre_C_Q)         0.478     2.934 r  core/inverse_butterfly/multiplier/y_reg[0]/Q
                         net (fo=64, unplaced)        0.829     3.763    core/inverse_butterfly/multiplier/y_reg_n_0_[0]
                         LUT4 (Prop_lut4_I1_O)        0.295     4.058 r  core/inverse_butterfly/multiplier/acc_minus_q1_carry_i_13__1/O
                         net (fo=1, unplaced)         0.000     4.058    core/inverse_butterfly/multiplier/acc_minus_q1_carry_i_13__1_n_0
                         CARRY4 (Prop_carry4_S[1]_CO[3])
                                                      0.533     4.591 r  core/inverse_butterfly/multiplier/acc_minus_q1_carry_i_10__1/CO[3]
                         net (fo=1, unplaced)         0.009     4.600    core/inverse_butterfly/multiplier/acc_minus_q1_carry_i_10__1_n_0
                         CARRY4 (Prop_carry4_CI_CO[3])
                                                      0.117     4.717 r  core/inverse_butterfly/multiplier/acc_minus_q1_carry__0_i_10__1/CO[3]
                         net (fo=1, unplaced)         0.000     4.717    core/inverse_butterfly/multiplier/acc_minus_q1_carry__0_i_10__1_n_0
                         CARRY4 (Prop_carry4_CI_CO[3])
                                                      0.117     4.834 r  core/inverse_butterfly/multiplier/acc_minus_q1_carry__1_i_10__1/CO[3]
                         net (fo=1, unplaced)         0.000     4.834    core/inverse_butterfly/multiplier/acc_minus_q1_carry__1_i_10__1_n_0
                         CARRY4 (Prop_carry4_CI_CO[3])
                                                      0.117     4.951 r  core/inverse_butterfly/multiplier/acc_minus_q1_carry__2_i_10__1/CO[3]
                         net (fo=1, unplaced)         0.000     4.951    core/inverse_butterfly/multiplier/acc_minus_q1_carry__2_i_10__1_n_0
                         CARRY4 (Prop_carry4_CI_O[3])
                                                      0.331     5.282 r  core/inverse_butterfly/multiplier/acc_minus_q1_carry__3_i_10__1/O[3]
                         net (fo=1, unplaced)         0.618     5.900    core/inverse_butterfly/multiplier/selected_raw1[19]
                         LUT5 (Prop_lut5_I4_O)        0.307     6.207 r  core/inverse_butterfly/multiplier/acc_minus_q1_carry__3_i_6__1/O
                         net (fo=1, unplaced)         0.000     6.207    core/inverse_butterfly/multiplier/acc_minus_q1_carry__3_i_6__1_n_0
                         CARRY4 (Prop_carry4_S[3]_CO[3])
                                                      0.376     6.583 r  core/inverse_butterfly/multiplier/acc_minus_q1_carry__3_i_1__1/CO[3]
                         net (fo=1, unplaced)         0.000     6.583    core/inverse_butterfly/multiplier/acc_minus_q1_carry__3_i_1__1_n_0
                         CARRY4 (Prop_carry4_CI_O[3])
                                                      0.331     6.914 r  core/inverse_butterfly/multiplier/acc_minus_q1_carry__4_i_1__1/O[3]
                         net (fo=8, unplaced)         0.656     7.570    core/inverse_butterfly/multiplier/acc_minus_q1_carry__4_i_1__1_n_4
                         LUT2 (Prop_lut2_I0_O)        0.307     7.877 r  core/inverse_butterfly/multiplier/acc_minus_q1_carry__4_i_2__1/O
                         net (fo=1, unplaced)         0.000     7.877    core/inverse_butterfly/multiplier/acc_minus_q1_carry__4_i_2__1_n_0
                         CARRY4 (Prop_carry4_S[3]_CO[3])
                                                      0.376     8.253 r  core/inverse_butterfly/multiplier/acc_minus_q1_carry__4/CO[3]
                         net (fo=1, unplaced)         0.000     8.253    core/inverse_butterfly/multiplier/acc_minus_q1_carry__4_n_0
                         CARRY4 (Prop_carry4_CI_O[1])
                                                      0.337     8.590 r  core/inverse_butterfly/multiplier/acc_minus_q1_carry__5/O[1]
                         net (fo=1, unplaced)         0.997     9.587    core/inverse_butterfly/multiplier/acc_minus_q1_carry__5_n_6
                         LUT6 (Prop_lut6_I2_O)        0.306     9.893 r  core/inverse_butterfly/multiplier/acc[25]_i_2__4/O
                         net (fo=1, unplaced)         0.449    10.342    core/inverse_butterfly/multiplier/acc[25]_i_2__4_n_0
                         LUT3 (Prop_lut3_I2_O)        0.124    10.466 r  core/inverse_butterfly/multiplier/acc[25]_i_1__4/O
                         net (fo=2, unplaced)         0.000    10.466    core/inverse_butterfly/multiplier/next_acc[25]
                         FDRE                                         r  core/inverse_butterfly/multiplier/result_reg[25]/D
  -------------------------------------------------------------------    -------------------

                         (clock clk rise edge)       10.000    10.000 r  
                                                      0.000    10.000 r  clk (IN)
                         net (fo=0)                   0.000    10.000    clk
                         IBUF (Prop_ibuf_I_O)         0.838    10.838 r  clk_IBUF_inst/O
                         net (fo=1, unplaced)         0.760    11.598    clk_IBUF
                         BUFG (Prop_bufg_I_O)         0.091    11.689 r  clk_IBUF_BUFG_inst/O
                         net (fo=2183, unplaced)      0.439    12.128    core/inverse_butterfly/multiplier/clk_IBUF_BUFG
                         FDRE                                         r  core/inverse_butterfly/multiplier/result_reg[25]/C
                         clock pessimism              0.184    12.311    
                         clock uncertainty           -0.035    12.276    
                         FDRE (Setup_fdre_C_D)        0.044    12.320    core/inverse_butterfly/multiplier/result_reg[25]
  -------------------------------------------------------------------
                         required time                         12.320    
                         arrival time                         -10.466    
  -------------------------------------------------------------------
                         slack                                  1.854    

Slack (MET) :             1.877ns  (required time - arrival time)
  Source:                 core/forward_butterfly_lane_a/multiplier/y_reg[0]/C
                            (rising edge-triggered cell FDRE clocked by clk  {rise@0.000ns fall@5.000ns period=10.000ns})
  Destination:            core/forward_butterfly_lane_a/multiplier/acc_reg[27]/D
                            (rising edge-triggered cell FDRE clocked by clk  {rise@0.000ns fall@5.000ns period=10.000ns})
  Path Group:             clk
  Path Type:              Setup (Max at Slow Process Corner)
  Requirement:            10.000ns  (clk rise@10.000ns - clk rise@0.000ns)
  Data Path Delay:        7.987ns  (logic 4.528ns (56.692%)  route 3.459ns (43.308%))
  Logic Levels:           14  (CARRY4=9 LUT3=1 LUT4=2 LUT5=2)
  Clock Path Skew:        -0.145ns (DCD - SCD + CPR)
    Destination Clock Delay (DCD):    2.128ns = ( 12.128 - 10.000 ) 
    Source Clock Delay      (SCD):    2.456ns
    Clock Pessimism Removal (CPR):    0.184ns
  Clock Uncertainty:      0.035ns  ((TSJ^2 + TIJ^2)^1/2 + DJ) / 2 + PE
    Total System Jitter     (TSJ):    0.071ns
    Total Input Jitter      (TIJ):    0.000ns
    Discrete Jitter          (DJ):    0.000ns
    Phase Error              (PE):    0.000ns

    Location             Delay type                Incr(ns)  Path(ns)    Netlist Resource(s)
  -------------------------------------------------------------------    -------------------
                         (clock clk rise edge)        0.000     0.000 r  
                                                      0.000     0.000 r  clk (IN)
                         net (fo=0)                   0.000     0.000    clk
                         IBUF (Prop_ibuf_I_O)         0.972     0.972 r  clk_IBUF_inst/O
                         net (fo=1, unplaced)         0.800     1.771    clk_IBUF
                         BUFG (Prop_bufg_I_O)         0.101     1.872 r  clk_IBUF_BUFG_inst/O
                         net (fo=2183, unplaced)      0.584     2.456    core/forward_butterfly_lane_a/multiplier/clk_IBUF_BUFG
                         FDRE                                         r  core/forward_butterfly_lane_a/multiplier/y_reg[0]/C
  -------------------------------------------------------------------    -------------------
                         FDRE (Prop_fdre_C_Q)         0.478     2.934 r  core/forward_butterfly_lane_a/multiplier/y_reg[0]/Q
                         net (fo=64, unplaced)        0.829     3.763    core/forward_butterfly_lane_a/multiplier/y_reg_n_0_[0]
                         LUT4 (Prop_lut4_I1_O)        0.295     4.058 r  core/forward_butterfly_lane_a/multiplier/acc_minus_q1_carry_i_13/O
                         net (fo=1, unplaced)         0.000     4.058    core/forward_butterfly_lane_a/multiplier/acc_minus_q1_carry_i_13_n_0
                         CARRY4 (Prop_carry4_S[1]_CO[3])
                                                      0.533     4.591 r  core/forward_butterfly_lane_a/multiplier/acc_minus_q1_carry_i_10/CO[3]
                         net (fo=1, unplaced)         0.009     4.600    core/forward_butterfly_lane_a/multiplier/acc_minus_q1_carry_i_10_n_0
                         CARRY4 (Prop_carry4_CI_CO[3])
                                                      0.117     4.717 r  core/forward_butterfly_lane_a/multiplier/acc_minus_q1_carry__0_i_10/CO[3]
                         net (fo=1, unplaced)         0.000     4.717    core/forward_butterfly_lane_a/multiplier/acc_minus_q1_carry__0_i_10_n_0
                         CARRY4 (Prop_carry4_CI_CO[3])
                                                      0.117     4.834 r  core/forward_butterfly_lane_a/multiplier/acc_minus_q1_carry__1_i_10/CO[3]
                         net (fo=1, unplaced)         0.000     4.834    core/forward_butterfly_lane_a/multiplier/acc_minus_q1_carry__1_i_10_n_0
                         CARRY4 (Prop_carry4_CI_CO[3])
                                                      0.117     4.951 r  core/forward_butterfly_lane_a/multiplier/acc_minus_q1_carry__2_i_10/CO[3]
                         net (fo=1, unplaced)         0.000     4.951    core/forward_butterfly_lane_a/multiplier/acc_minus_q1_carry__2_i_10_n_0
                         CARRY4 (Prop_carry4_CI_O[3])
                                                      0.331     5.282 r  core/forward_butterfly_lane_a/multiplier/acc_minus_q1_carry__3_i_10/O[3]
                         net (fo=1, unplaced)         0.618     5.900    core/forward_butterfly_lane_a/multiplier/selected_raw1[19]
                         LUT5 (Prop_lut5_I4_O)        0.307     6.207 r  core/forward_butterfly_lane_a/multiplier/acc_minus_q1_carry__3_i_6/O
                         net (fo=1, unplaced)         0.000     6.207    core/forward_butterfly_lane_a/multiplier/acc_minus_q1_carry__3_i_6_n_0
                         CARRY4 (Prop_carry4_S[3]_CO[3])
                                                      0.376     6.583 r  core/forward_butterfly_lane_a/multiplier/acc_minus_q1_carry__3_i_1/CO[3]
                         net (fo=1, unplaced)         0.000     6.583    core/forward_butterfly_lane_a/multiplier/acc_minus_q1_carry__3_i_1_n_0
                         CARRY4 (Prop_carry4_CI_O[1])
                                                      0.337     6.920 r  core/forward_butterfly_lane_a/multiplier/acc_minus_q1_carry__4_i_1/O[1]
                         net (fo=8, unplaced)         0.649     7.569    core/forward_butterfly_lane_a/multiplier/acc_minus_q1_carry__4_i_1_n_6
                         LUT4 (Prop_lut4_I1_O)        0.306     7.875 r  core/forward_butterfly_lane_a/multiplier/acc_minus_q2_carry__4_i_7/O
                         net (fo=1, unplaced)         0.000     7.875    core/forward_butterfly_lane_a/multiplier/acc_minus_q2_carry__4_i_7_n_0
                         CARRY4 (Prop_carry4_S[1]_CO[3])
                                                      0.533     8.408 r  core/forward_butterfly_lane_a/multiplier/acc_minus_q2_carry__4/CO[3]
                         net (fo=1, unplaced)         0.000     8.408    core/forward_butterfly_lane_a/multiplier/acc_minus_q2_carry__4_n_0
                         CARRY4 (Prop_carry4_CI_O[2])
                                                      0.256     8.664 r  core/forward_butterfly_lane_a/multiplier/acc_minus_q2_carry__5/O[2]
                         net (fo=1, unplaced)         0.905     9.569    core/forward_butterfly_lane_a/multiplier/acc_minus_q2_carry__5_n_5
                         LUT5 (Prop_lut5_I0_O)        0.301     9.870 r  core/forward_butterfly_lane_a/multiplier/acc[27]_i_3__1/O
                         net (fo=1, unplaced)         0.449    10.319    core/forward_butterfly_lane_a/multiplier/acc[27]_i_3__1_n_0
                         LUT3 (Prop_lut3_I2_O)        0.124    10.443 r  core/forward_butterfly_lane_a/multiplier/acc[27]_i_1__1/O
                         net (fo=2, unplaced)         0.000    10.443    core/forward_butterfly_lane_a/multiplier/next_acc[27]
                         FDRE                                         r  core/forward_butterfly_lane_a/multiplier/acc_reg[27]/D
  -------------------------------------------------------------------    -------------------

                         (clock clk rise edge)       10.000    10.000 r  
                                                      0.000    10.000 r  clk (IN)
                         net (fo=0)                   0.000    10.000    clk
                         IBUF (Prop_ibuf_I_O)         0.838    10.838 r  clk_IBUF_inst/O
                         net (fo=1, unplaced)         0.760    11.598    clk_IBUF
                         BUFG (Prop_bufg_I_O)         0.091    11.689 r  clk_IBUF_BUFG_inst/O
                         net (fo=2183, unplaced)      0.439    12.128    core/forward_butterfly_lane_a/multiplier/clk_IBUF_BUFG
                         FDRE                                         r  core/forward_butterfly_lane_a/multiplier/acc_reg[27]/C
                         clock pessimism              0.184    12.311    
                         clock uncertainty           -0.035    12.276    
                         FDRE (Setup_fdre_C_D)        0.044    12.320    core/forward_butterfly_lane_a/multiplier/acc_reg[27]
  -------------------------------------------------------------------
                         required time                         12.320    
                         arrival time                         -10.443    
  -------------------------------------------------------------------
                         slack                                  1.877    

Slack (MET) :             1.877ns  (required time - arrival time)
  Source:                 core/forward_butterfly_lane_a/multiplier/y_reg[0]/C
                            (rising edge-triggered cell FDRE clocked by clk  {rise@0.000ns fall@5.000ns period=10.000ns})
  Destination:            core/forward_butterfly_lane_a/multiplier/result_reg[27]/D
                            (rising edge-triggered cell FDRE clocked by clk  {rise@0.000ns fall@5.000ns period=10.000ns})
  Path Group:             clk
  Path Type:              Setup (Max at Slow Process Corner)
  Requirement:            10.000ns  (clk rise@10.000ns - clk rise@0.000ns)
  Data Path Delay:        7.987ns  (logic 4.528ns (56.692%)  route 3.459ns (43.308%))
  Logic Levels:           14  (CARRY4=9 LUT3=1 LUT4=2 LUT5=2)
  Clock Path Skew:        -0.145ns (DCD - SCD + CPR)
    Destination Clock Delay (DCD):    2.128ns = ( 12.128 - 10.000 ) 
    Source Clock Delay      (SCD):    2.456ns
    Clock Pessimism Removal (CPR):    0.184ns
  Clock Uncertainty:      0.035ns  ((TSJ^2 + TIJ^2)^1/2 + DJ) / 2 + PE
    Total System Jitter     (TSJ):    0.071ns
    Total Input Jitter      (TIJ):    0.000ns
    Discrete Jitter          (DJ):    0.000ns
    Phase Error              (PE):    0.000ns

    Location             Delay type                Incr(ns)  Path(ns)    Netlist Resource(s)
  -------------------------------------------------------------------    -------------------
                         (clock clk rise edge)        0.000     0.000 r  
                                                      0.000     0.000 r  clk (IN)
                         net (fo=0)                   0.000     0.000    clk
                         IBUF (Prop_ibuf_I_O)         0.972     0.972 r  clk_IBUF_inst/O
                         net (fo=1, unplaced)         0.800     1.771    clk_IBUF
                         BUFG (Prop_bufg_I_O)         0.101     1.872 r  clk_IBUF_BUFG_inst/O
                         net (fo=2183, unplaced)      0.584     2.456    core/forward_butterfly_lane_a/multiplier/clk_IBUF_BUFG
                         FDRE                                         r  core/forward_butterfly_lane_a/multiplier/y_reg[0]/C
  -------------------------------------------------------------------    -------------------
                         FDRE (Prop_fdre_C_Q)         0.478     2.934 r  core/forward_butterfly_lane_a/multiplier/y_reg[0]/Q
                         net (fo=64, unplaced)        0.829     3.763    core/forward_butterfly_lane_a/multiplier/y_reg_n_0_[0]
                         LUT4 (Prop_lut4_I1_O)        0.295     4.058 r  core/forward_butterfly_lane_a/multiplier/acc_minus_q1_carry_i_13/O
                         net (fo=1, unplaced)         0.000     4.058    core/forward_butterfly_lane_a/multiplier/acc_minus_q1_carry_i_13_n_0
                         CARRY4 (Prop_carry4_S[1]_CO[3])
                                                      0.533     4.591 r  core/forward_butterfly_lane_a/multiplier/acc_minus_q1_carry_i_10/CO[3]
                         net (fo=1, unplaced)         0.009     4.600    core/forward_butterfly_lane_a/multiplier/acc_minus_q1_carry_i_10_n_0
                         CARRY4 (Prop_carry4_CI_CO[3])
                                                      0.117     4.717 r  core/forward_butterfly_lane_a/multiplier/acc_minus_q1_carry__0_i_10/CO[3]
                         net (fo=1, unplaced)         0.000     4.717    core/forward_butterfly_lane_a/multiplier/acc_minus_q1_carry__0_i_10_n_0
                         CARRY4 (Prop_carry4_CI_CO[3])
                                                      0.117     4.834 r  core/forward_butterfly_lane_a/multiplier/acc_minus_q1_carry__1_i_10/CO[3]
                         net (fo=1, unplaced)         0.000     4.834    core/forward_butterfly_lane_a/multiplier/acc_minus_q1_carry__1_i_10_n_0
                         CARRY4 (Prop_carry4_CI_CO[3])
                                                      0.117     4.951 r  core/forward_butterfly_lane_a/multiplier/acc_minus_q1_carry__2_i_10/CO[3]
                         net (fo=1, unplaced)         0.000     4.951    core/forward_butterfly_lane_a/multiplier/acc_minus_q1_carry__2_i_10_n_0
                         CARRY4 (Prop_carry4_CI_O[3])
                                                      0.331     5.282 r  core/forward_butterfly_lane_a/multiplier/acc_minus_q1_carry__3_i_10/O[3]
                         net (fo=1, unplaced)         0.618     5.900    core/forward_butterfly_lane_a/multiplier/selected_raw1[19]
                         LUT5 (Prop_lut5_I4_O)        0.307     6.207 r  core/forward_butterfly_lane_a/multiplier/acc_minus_q1_carry__3_i_6/O
                         net (fo=1, unplaced)         0.000     6.207    core/forward_butterfly_lane_a/multiplier/acc_minus_q1_carry__3_i_6_n_0
                         CARRY4 (Prop_carry4_S[3]_CO[3])
                                                      0.376     6.583 r  core/forward_butterfly_lane_a/multiplier/acc_minus_q1_carry__3_i_1/CO[3]
                         net (fo=1, unplaced)         0.000     6.583    core/forward_butterfly_lane_a/multiplier/acc_minus_q1_carry__3_i_1_n_0
                         CARRY4 (Prop_carry4_CI_O[1])
                                                      0.337     6.920 r  core/forward_butterfly_lane_a/multiplier/acc_minus_q1_carry__4_i_1/O[1]
                         net (fo=8, unplaced)         0.649     7.569    core/forward_butterfly_lane_a/multiplier/acc_minus_q1_carry__4_i_1_n_6
                         LUT4 (Prop_lut4_I1_O)        0.306     7.875 r  core/forward_butterfly_lane_a/multiplier/acc_minus_q2_carry__4_i_7/O
                         net (fo=1, unplaced)         0.000     7.875    core/forward_butterfly_lane_a/multiplier/acc_minus_q2_carry__4_i_7_n_0
                         CARRY4 (Prop_carry4_S[1]_CO[3])
                                                      0.533     8.408 r  core/forward_butterfly_lane_a/multiplier/acc_minus_q2_carry__4/CO[3]
                         net (fo=1, unplaced)         0.000     8.408    core/forward_butterfly_lane_a/multiplier/acc_minus_q2_carry__4_n_0
                         CARRY4 (Prop_carry4_CI_O[2])
                                                      0.256     8.664 r  core/forward_butterfly_lane_a/multiplier/acc_minus_q2_carry__5/O[2]
                         net (fo=1, unplaced)         0.905     9.569    core/forward_butterfly_lane_a/multiplier/acc_minus_q2_carry__5_n_5
                         LUT5 (Prop_lut5_I0_O)        0.301     9.870 r  core/forward_butterfly_lane_a/multiplier/acc[27]_i_3__1/O
                         net (fo=1, unplaced)         0.449    10.319    core/forward_butterfly_lane_a/multiplier/acc[27]_i_3__1_n_0
                         LUT3 (Prop_lut3_I2_O)        0.124    10.443 r  core/forward_butterfly_lane_a/multiplier/acc[27]_i_1__1/O
                         net (fo=2, unplaced)         0.000    10.443    core/forward_butterfly_lane_a/multiplier/next_acc[27]
                         FDRE                                         r  core/forward_butterfly_lane_a/multiplier/result_reg[27]/D
  -------------------------------------------------------------------    -------------------

                         (clock clk rise edge)       10.000    10.000 r  
                                                      0.000    10.000 r  clk (IN)
                         net (fo=0)                   0.000    10.000    clk
                         IBUF (Prop_ibuf_I_O)         0.838    10.838 r  clk_IBUF_inst/O
                         net (fo=1, unplaced)         0.760    11.598    clk_IBUF
                         BUFG (Prop_bufg_I_O)         0.091    11.689 r  clk_IBUF_BUFG_inst/O
                         net (fo=2183, unplaced)      0.439    12.128    core/forward_butterfly_lane_a/multiplier/clk_IBUF_BUFG
                         FDRE                                         r  core/forward_butterfly_lane_a/multiplier/result_reg[27]/C
                         clock pessimism              0.184    12.311    
                         clock uncertainty           -0.035    12.276    
                         FDRE (Setup_fdre_C_D)        0.044    12.320    core/forward_butterfly_lane_a/multiplier/result_reg[27]
  -------------------------------------------------------------------
                         required time                         12.320    
                         arrival time                         -10.443    
  -------------------------------------------------------------------
                         slack                                  1.877    

Slack (MET) :             1.877ns  (required time - arrival time)
  Source:                 core/forward_butterfly_lane_b/multiplier/y_reg[0]/C
                            (rising edge-triggered cell FDRE clocked by clk  {rise@0.000ns fall@5.000ns period=10.000ns})
  Destination:            core/forward_butterfly_lane_b/multiplier/acc_reg[27]/D
                            (rising edge-triggered cell FDRE clocked by clk  {rise@0.000ns fall@5.000ns period=10.000ns})
  Path Group:             clk
  Path Type:              Setup (Max at Slow Process Corner)
  Requirement:            10.000ns  (clk rise@10.000ns - clk rise@0.000ns)
  Data Path Delay:        7.987ns  (logic 4.528ns (56.692%)  route 3.459ns (43.308%))
  Logic Levels:           14  (CARRY4=9 LUT3=1 LUT4=2 LUT5=2)
  Clock Path Skew:        -0.145ns (DCD - SCD + CPR)
    Destination Clock Delay (DCD):    2.128ns = ( 12.128 - 10.000 ) 
    Source Clock Delay      (SCD):    2.456ns
    Clock Pessimism Removal (CPR):    0.184ns
  Clock Uncertainty:      0.035ns  ((TSJ^2 + TIJ^2)^1/2 + DJ) / 2 + PE
    Total System Jitter     (TSJ):    0.071ns
    Total Input Jitter      (TIJ):    0.000ns
    Discrete Jitter          (DJ):    0.000ns
    Phase Error              (PE):    0.000ns

    Location             Delay type                Incr(ns)  Path(ns)    Netlist Resource(s)
  -------------------------------------------------------------------    -------------------
                         (clock clk rise edge)        0.000     0.000 r  
                                                      0.000     0.000 r  clk (IN)
                         net (fo=0)                   0.000     0.000    clk
                         IBUF (Prop_ibuf_I_O)         0.972     0.972 r  clk_IBUF_inst/O
                         net (fo=1, unplaced)         0.800     1.771    clk_IBUF
                         BUFG (Prop_bufg_I_O)         0.101     1.872 r  clk_IBUF_BUFG_inst/O
                         net (fo=2183, unplaced)      0.584     2.456    core/forward_butterfly_lane_b/multiplier/clk_IBUF_BUFG
                         FDRE                                         r  core/forward_butterfly_lane_b/multiplier/y_reg[0]/C
  -------------------------------------------------------------------    -------------------
                         FDRE (Prop_fdre_C_Q)         0.478     2.934 r  core/forward_butterfly_lane_b/multiplier/y_reg[0]/Q
                         net (fo=64, unplaced)        0.829     3.763    core/forward_butterfly_lane_b/multiplier/y_reg_n_0_[0]
                         LUT4 (Prop_lut4_I1_O)        0.295     4.058 r  core/forward_butterfly_lane_b/multiplier/acc_minus_q1_carry_i_13__0/O
                         net (fo=1, unplaced)         0.000     4.058    core/forward_butterfly_lane_b/multiplier/acc_minus_q1_carry_i_13__0_n_0
                         CARRY4 (Prop_carry4_S[1]_CO[3])
                                                      0.533     4.591 r  core/forward_butterfly_lane_b/multiplier/acc_minus_q1_carry_i_10__0/CO[3]
                         net (fo=1, unplaced)         0.009     4.600    core/forward_butterfly_lane_b/multiplier/acc_minus_q1_carry_i_10__0_n_0
                         CARRY4 (Prop_carry4_CI_CO[3])
                                                      0.117     4.717 r  core/forward_butterfly_lane_b/multiplier/acc_minus_q1_carry__0_i_10__0/CO[3]
                         net (fo=1, unplaced)         0.000     4.717    core/forward_butterfly_lane_b/multiplier/acc_minus_q1_carry__0_i_10__0_n_0
                         CARRY4 (Prop_carry4_CI_CO[3])
                                                      0.117     4.834 r  core/forward_butterfly_lane_b/multiplier/acc_minus_q1_carry__1_i_10__0/CO[3]
                         net (fo=1, unplaced)         0.000     4.834    core/forward_butterfly_lane_b/multiplier/acc_minus_q1_carry__1_i_10__0_n_0
                         CARRY4 (Prop_carry4_CI_CO[3])
                                                      0.117     4.951 r  core/forward_butterfly_lane_b/multiplier/acc_minus_q1_carry__2_i_10__0/CO[3]
                         net (fo=1, unplaced)         0.000     4.951    core/forward_butterfly_lane_b/multiplier/acc_minus_q1_carry__2_i_10__0_n_0
                         CARRY4 (Prop_carry4_CI_O[3])
                                                      0.331     5.282 r  core/forward_butterfly_lane_b/multiplier/acc_minus_q1_carry__3_i_10__0/O[3]
                         net (fo=1, unplaced)         0.618     5.900    core/forward_butterfly_lane_b/multiplier/selected_raw1[19]
                         LUT5 (Prop_lut5_I4_O)        0.307     6.207 r  core/forward_butterfly_lane_b/multiplier/acc_minus_q1_carry__3_i_6__0/O
                         net (fo=1, unplaced)         0.000     6.207    core/forward_butterfly_lane_b/multiplier/acc_minus_q1_carry__3_i_6__0_n_0
                         CARRY4 (Prop_carry4_S[3]_CO[3])
                                                      0.376     6.583 r  core/forward_butterfly_lane_b/multiplier/acc_minus_q1_carry__3_i_1__0/CO[3]
                         net (fo=1, unplaced)         0.000     6.583    core/forward_butterfly_lane_b/multiplier/acc_minus_q1_carry__3_i_1__0_n_0
                         CARRY4 (Prop_carry4_CI_O[1])
                                                      0.337     6.920 r  core/forward_butterfly_lane_b/multiplier/acc_minus_q1_carry__4_i_1__0/O[1]
                         net (fo=8, unplaced)         0.649     7.569    core/forward_butterfly_lane_b/multiplier/acc_minus_q1_carry__4_i_1__0_n_6
                         LUT4 (Prop_lut4_I1_O)        0.306     7.875 r  core/forward_butterfly_lane_b/multiplier/acc_minus_q2_carry__4_i_7__0/O
                         net (fo=1, unplaced)         0.000     7.875    core/forward_butterfly_lane_b/multiplier/acc_minus_q2_carry__4_i_7__0_n_0
                         CARRY4 (Prop_carry4_S[1]_CO[3])
                                                      0.533     8.408 r  core/forward_butterfly_lane_b/multiplier/acc_minus_q2_carry__4/CO[3]
                         net (fo=1, unplaced)         0.000     8.408    core/forward_butterfly_lane_b/multiplier/acc_minus_q2_carry__4_n_0
                         CARRY4 (Prop_carry4_CI_O[2])
                                                      0.256     8.664 r  core/forward_butterfly_lane_b/multiplier/acc_minus_q2_carry__5/O[2]
                         net (fo=1, unplaced)         0.905     9.569    core/forward_butterfly_lane_b/multiplier/acc_minus_q2_carry__5_n_5
                         LUT5 (Prop_lut5_I0_O)        0.301     9.870 r  core/forward_butterfly_lane_b/multiplier/acc[27]_i_3__2/O
                         net (fo=1, unplaced)         0.449    10.319    core/forward_butterfly_lane_b/multiplier/acc[27]_i_3__2_n_0
                         LUT3 (Prop_lut3_I2_O)        0.124    10.443 r  core/forward_butterfly_lane_b/multiplier/acc[27]_i_1__2/O
                         net (fo=2, unplaced)         0.000    10.443    core/forward_butterfly_lane_b/multiplier/next_acc[27]
                         FDRE                                         r  core/forward_butterfly_lane_b/multiplier/acc_reg[27]/D
  -------------------------------------------------------------------    -------------------

                         (clock clk rise edge)       10.000    10.000 r  
                                                      0.000    10.000 r  clk (IN)
                         net (fo=0)                   0.000    10.000    clk
                         IBUF (Prop_ibuf_I_O)         0.838    10.838 r  clk_IBUF_inst/O
                         net (fo=1, unplaced)         0.760    11.598    clk_IBUF
                         BUFG (Prop_bufg_I_O)         0.091    11.689 r  clk_IBUF_BUFG_inst/O
                         net (fo=2183, unplaced)      0.439    12.128    core/forward_butterfly_lane_b/multiplier/clk_IBUF_BUFG
                         FDRE                                         r  core/forward_butterfly_lane_b/multiplier/acc_reg[27]/C
                         clock pessimism              0.184    12.311    
                         clock uncertainty           -0.035    12.276    
                         FDRE (Setup_fdre_C_D)        0.044    12.320    core/forward_butterfly_lane_b/multiplier/acc_reg[27]
  -------------------------------------------------------------------
                         required time                         12.320    
                         arrival time                         -10.443    
  -------------------------------------------------------------------
                         slack                                  1.877    

Slack (MET) :             1.877ns  (required time - arrival time)
  Source:                 core/forward_butterfly_lane_b/multiplier/y_reg[0]/C
                            (rising edge-triggered cell FDRE clocked by clk  {rise@0.000ns fall@5.000ns period=10.000ns})
  Destination:            core/forward_butterfly_lane_b/multiplier/result_reg[27]/D
                            (rising edge-triggered cell FDRE clocked by clk  {rise@0.000ns fall@5.000ns period=10.000ns})
  Path Group:             clk
  Path Type:              Setup (Max at Slow Process Corner)
  Requirement:            10.000ns  (clk rise@10.000ns - clk rise@0.000ns)
  Data Path Delay:        7.987ns  (logic 4.528ns (56.692%)  route 3.459ns (43.308%))
  Logic Levels:           14  (CARRY4=9 LUT3=1 LUT4=2 LUT5=2)
  Clock Path Skew:        -0.145ns (DCD - SCD + CPR)
    Destination Clock Delay (DCD):    2.128ns = ( 12.128 - 10.000 ) 
    Source Clock Delay      (SCD):    2.456ns
    Clock Pessimism Removal (CPR):    0.184ns
  Clock Uncertainty:      0.035ns  ((TSJ^2 + TIJ^2)^1/2 + DJ) / 2 + PE
    Total System Jitter     (TSJ):    0.071ns
    Total Input Jitter      (TIJ):    0.000ns
    Discrete Jitter          (DJ):    0.000ns
    Phase Error              (PE):    0.000ns

    Location             Delay type                Incr(ns)  Path(ns)    Netlist Resource(s)
  -------------------------------------------------------------------    -------------------
                         (clock clk rise edge)        0.000     0.000 r  
                                                      0.000     0.000 r  clk (IN)
                         net (fo=0)                   0.000     0.000    clk
                         IBUF (Prop_ibuf_I_O)         0.972     0.972 r  clk_IBUF_inst/O
                         net (fo=1, unplaced)         0.800     1.771    clk_IBUF
                         BUFG (Prop_bufg_I_O)         0.101     1.872 r  clk_IBUF_BUFG_inst/O
                         net (fo=2183, unplaced)      0.584     2.456    core/forward_butterfly_lane_b/multiplier/clk_IBUF_BUFG
                         FDRE                                         r  core/forward_butterfly_lane_b/multiplier/y_reg[0]/C
  -------------------------------------------------------------------    -------------------
                         FDRE (Prop_fdre_C_Q)         0.478     2.934 r  core/forward_butterfly_lane_b/multiplier/y_reg[0]/Q
                         net (fo=64, unplaced)        0.829     3.763    core/forward_butterfly_lane_b/multiplier/y_reg_n_0_[0]
                         LUT4 (Prop_lut4_I1_O)        0.295     4.058 r  core/forward_butterfly_lane_b/multiplier/acc_minus_q1_carry_i_13__0/O
                         net (fo=1, unplaced)         0.000     4.058    core/forward_butterfly_lane_b/multiplier/acc_minus_q1_carry_i_13__0_n_0
                         CARRY4 (Prop_carry4_S[1]_CO[3])
                                                      0.533     4.591 r  core/forward_butterfly_lane_b/multiplier/acc_minus_q1_carry_i_10__0/CO[3]
                         net (fo=1, unplaced)         0.009     4.600    core/forward_butterfly_lane_b/multiplier/acc_minus_q1_carry_i_10__0_n_0
                         CARRY4 (Prop_carry4_CI_CO[3])
                                                      0.117     4.717 r  core/forward_butterfly_lane_b/multiplier/acc_minus_q1_carry__0_i_10__0/CO[3]
                         net (fo=1, unplaced)         0.000     4.717    core/forward_butterfly_lane_b/multiplier/acc_minus_q1_carry__0_i_10__0_n_0
                         CARRY4 (Prop_carry4_CI_CO[3])
                                                      0.117     4.834 r  core/forward_butterfly_lane_b/multiplier/acc_minus_q1_carry__1_i_10__0/CO[3]
                         net (fo=1, unplaced)         0.000     4.834    core/forward_butterfly_lane_b/multiplier/acc_minus_q1_carry__1_i_10__0_n_0
                         CARRY4 (Prop_carry4_CI_CO[3])
                                                      0.117     4.951 r  core/forward_butterfly_lane_b/multiplier/acc_minus_q1_carry__2_i_10__0/CO[3]
                         net (fo=1, unplaced)         0.000     4.951    core/forward_butterfly_lane_b/multiplier/acc_minus_q1_carry__2_i_10__0_n_0
                         CARRY4 (Prop_carry4_CI_O[3])
                                                      0.331     5.282 r  core/forward_butterfly_lane_b/multiplier/acc_minus_q1_carry__3_i_10__0/O[3]
                         net (fo=1, unplaced)         0.618     5.900    core/forward_butterfly_lane_b/multiplier/selected_raw1[19]
                         LUT5 (Prop_lut5_I4_O)        0.307     6.207 r  core/forward_butterfly_lane_b/multiplier/acc_minus_q1_carry__3_i_6__0/O
                         net (fo=1, unplaced)         0.000     6.207    core/forward_butterfly_lane_b/multiplier/acc_minus_q1_carry__3_i_6__0_n_0
                         CARRY4 (Prop_carry4_S[3]_CO[3])
                                                      0.376     6.583 r  core/forward_butterfly_lane_b/multiplier/acc_minus_q1_carry__3_i_1__0/CO[3]
                         net (fo=1, unplaced)         0.000     6.583    core/forward_butterfly_lane_b/multiplier/acc_minus_q1_carry__3_i_1__0_n_0
                         CARRY4 (Prop_carry4_CI_O[1])
                                                      0.337     6.920 r  core/forward_butterfly_lane_b/multiplier/acc_minus_q1_carry__4_i_1__0/O[1]
                         net (fo=8, unplaced)         0.649     7.569    core/forward_butterfly_lane_b/multiplier/acc_minus_q1_carry__4_i_1__0_n_6
                         LUT4 (Prop_lut4_I1_O)        0.306     7.875 r  core/forward_butterfly_lane_b/multiplier/acc_minus_q2_carry__4_i_7__0/O
                         net (fo=1, unplaced)         0.000     7.875    core/forward_butterfly_lane_b/multiplier/acc_minus_q2_carry__4_i_7__0_n_0
                         CARRY4 (Prop_carry4_S[1]_CO[3])
                                                      0.533     8.408 r  core/forward_butterfly_lane_b/multiplier/acc_minus_q2_carry__4/CO[3]
                         net (fo=1, unplaced)         0.000     8.408    core/forward_butterfly_lane_b/multiplier/acc_minus_q2_carry__4_n_0
                         CARRY4 (Prop_carry4_CI_O[2])
                                                      0.256     8.664 r  core/forward_butterfly_lane_b/multiplier/acc_minus_q2_carry__5/O[2]
                         net (fo=1, unplaced)         0.905     9.569    core/forward_butterfly_lane_b/multiplier/acc_minus_q2_carry__5_n_5
                         LUT5 (Prop_lut5_I0_O)        0.301     9.870 r  core/forward_butterfly_lane_b/multiplier/acc[27]_i_3__2/O
                         net (fo=1, unplaced)         0.449    10.319    core/forward_butterfly_lane_b/multiplier/acc[27]_i_3__2_n_0
                         LUT3 (Prop_lut3_I2_O)        0.124    10.443 r  core/forward_butterfly_lane_b/multiplier/acc[27]_i_1__2/O
                         net (fo=2, unplaced)         0.000    10.443    core/forward_butterfly_lane_b/multiplier/next_acc[27]
                         FDRE                                         r  core/forward_butterfly_lane_b/multiplier/result_reg[27]/D
  -------------------------------------------------------------------    -------------------

                         (clock clk rise edge)       10.000    10.000 r  
                                                      0.000    10.000 r  clk (IN)
                         net (fo=0)                   0.000    10.000    clk
                         IBUF (Prop_ibuf_I_O)         0.838    10.838 r  clk_IBUF_inst/O
                         net (fo=1, unplaced)         0.760    11.598    clk_IBUF
                         BUFG (Prop_bufg_I_O)         0.091    11.689 r  clk_IBUF_BUFG_inst/O
                         net (fo=2183, unplaced)      0.439    12.128    core/forward_butterfly_lane_b/multiplier/clk_IBUF_BUFG
                         FDRE                                         r  core/forward_butterfly_lane_b/multiplier/result_reg[27]/C
                         clock pessimism              0.184    12.311    
                         clock uncertainty           -0.035    12.276    
                         FDRE (Setup_fdre_C_D)        0.044    12.320    core/forward_butterfly_lane_b/multiplier/result_reg[27]
  -------------------------------------------------------------------
                         required time                         12.320    
                         arrival time                         -10.443    
  -------------------------------------------------------------------
                         slack                                  1.877    

Slack (MET) :             1.877ns  (required time - arrival time)
  Source:                 core/preprocessing_lane_a/y_reg[0]/C
                            (rising edge-triggered cell FDRE clocked by clk  {rise@0.000ns fall@5.000ns period=10.000ns})
  Destination:            core/preprocessing_lane_a/acc_reg[27]/D
                            (rising edge-triggered cell FDRE clocked by clk  {rise@0.000ns fall@5.000ns period=10.000ns})
  Path Group:             clk
  Path Type:              Setup (Max at Slow Process Corner)
  Requirement:            10.000ns  (clk rise@10.000ns - clk rise@0.000ns)
  Data Path Delay:        7.987ns  (logic 4.528ns (56.692%)  route 3.459ns (43.308%))
  Logic Levels:           14  (CARRY4=9 LUT3=1 LUT4=2 LUT5=2)
  Clock Path Skew:        -0.145ns (DCD - SCD + CPR)
    Destination Clock Delay (DCD):    2.128ns = ( 12.128 - 10.000 ) 
    Source Clock Delay      (SCD):    2.456ns
    Clock Pessimism Removal (CPR):    0.184ns
  Clock Uncertainty:      0.035ns  ((TSJ^2 + TIJ^2)^1/2 + DJ) / 2 + PE
    Total System Jitter     (TSJ):    0.071ns
    Total Input Jitter      (TIJ):    0.000ns
    Discrete Jitter          (DJ):    0.000ns
    Phase Error              (PE):    0.000ns

    Location             Delay type                Incr(ns)  Path(ns)    Netlist Resource(s)
  -------------------------------------------------------------------    -------------------
                         (clock clk rise edge)        0.000     0.000 r  
                                                      0.000     0.000 r  clk (IN)
                         net (fo=0)                   0.000     0.000    clk
                         IBUF (Prop_ibuf_I_O)         0.972     0.972 r  clk_IBUF_inst/O
                         net (fo=1, unplaced)         0.800     1.771    clk_IBUF
                         BUFG (Prop_bufg_I_O)         0.101     1.872 r  clk_IBUF_BUFG_inst/O
                         net (fo=2183, unplaced)      0.584     2.456    core/preprocessing_lane_a/clk_IBUF_BUFG
                         FDRE                                         r  core/preprocessing_lane_a/y_reg[0]/C
  -------------------------------------------------------------------    -------------------
                         FDRE (Prop_fdre_C_Q)         0.478     2.934 r  core/preprocessing_lane_a/y_reg[0]/Q
                         net (fo=64, unplaced)        0.829     3.763    core/preprocessing_lane_a/y_reg_n_0_[0]
                         LUT4 (Prop_lut4_I1_O)        0.295     4.058 r  core/preprocessing_lane_a/acc[0]_i_22/O
                         net (fo=1, unplaced)         0.000     4.058    core/preprocessing_lane_a/acc[0]_i_22_n_0
                         CARRY4 (Prop_carry4_S[1]_CO[3])
                                                      0.533     4.591 r  core/preprocessing_lane_a/acc_reg[0]_i_19/CO[3]
                         net (fo=1, unplaced)         0.009     4.600    core/preprocessing_lane_a/acc_reg[0]_i_19_n_0
                         CARRY4 (Prop_carry4_CI_CO[3])
                                                      0.117     4.717 r  core/preprocessing_lane_a/acc_reg[7]_i_18/CO[3]
                         net (fo=1, unplaced)         0.000     4.717    core/preprocessing_lane_a/acc_reg[7]_i_18_n_0
                         CARRY4 (Prop_carry4_CI_CO[3])
                                                      0.117     4.834 r  core/preprocessing_lane_a/acc_reg[11]_i_19/CO[3]
                         net (fo=1, unplaced)         0.000     4.834    core/preprocessing_lane_a/acc_reg[11]_i_19_n_0
                         CARRY4 (Prop_carry4_CI_CO[3])
                                                      0.117     4.951 r  core/preprocessing_lane_a/acc_reg[15]_i_19/CO[3]
                         net (fo=1, unplaced)         0.000     4.951    core/preprocessing_lane_a/acc_reg[15]_i_19_n_0
                         CARRY4 (Prop_carry4_CI_O[3])
                                                      0.331     5.282 r  core/preprocessing_lane_a/acc_reg[19]_i_19/O[3]
                         net (fo=1, unplaced)         0.618     5.900    core/preprocessing_lane_a/selected_raw1[19]
                         LUT5 (Prop_lut5_I4_O)        0.307     6.207 r  core/preprocessing_lane_a/acc[19]_i_10/O
                         net (fo=1, unplaced)         0.000     6.207    core/preprocessing_lane_a/acc[19]_i_10_n_0
                         CARRY4 (Prop_carry4_S[3]_CO[3])
                                                      0.376     6.583 r  core/preprocessing_lane_a/acc_reg[19]_i_4/CO[3]
                         net (fo=1, unplaced)         0.000     6.583    core/preprocessing_lane_a/acc_reg[19]_i_4_n_0
                         CARRY4 (Prop_carry4_CI_O[1])
                                                      0.337     6.920 r  core/preprocessing_lane_a/acc_reg[23]_i_4/O[1]
                         net (fo=8, unplaced)         0.649     7.569    core/preprocessing_lane_a/acc_reg[23]_i_4_n_6
                         LUT4 (Prop_lut4_I1_O)        0.306     7.875 r  core/preprocessing_lane_a/acc[24]_i_10/O
                         net (fo=1, unplaced)         0.000     7.875    core/preprocessing_lane_a/acc[24]_i_10_n_0
                         CARRY4 (Prop_carry4_S[1]_CO[3])
                                                      0.533     8.408 r  core/preprocessing_lane_a/acc_reg[24]_i_3/CO[3]
                         net (fo=1, unplaced)         0.000     8.408    core/preprocessing_lane_a/acc_reg[24]_i_3_n_0
                         CARRY4 (Prop_carry4_CI_O[2])
                                                      0.256     8.664 r  core/preprocessing_lane_a/acc_reg[28]_i_3/O[2]
                         net (fo=1, unplaced)         0.905     9.569    core/preprocessing_lane_a/acc_reg[28]_i_3_n_5
                         LUT5 (Prop_lut5_I4_O)        0.301     9.870 r  core/preprocessing_lane_a/acc[27]_i_3/O
                         net (fo=1, unplaced)         0.449    10.319    core/preprocessing_lane_a/acc[27]_i_3_n_0
                         LUT3 (Prop_lut3_I2_O)        0.124    10.443 r  core/preprocessing_lane_a/acc[27]_i_1/O
                         net (fo=2, unplaced)         0.000    10.443    core/preprocessing_lane_a/next_acc[27]
                         FDRE                                         r  core/preprocessing_lane_a/acc_reg[27]/D
  -------------------------------------------------------------------    -------------------

                         (clock clk rise edge)       10.000    10.000 r  
                                                      0.000    10.000 r  clk (IN)
                         net (fo=0)                   0.000    10.000    clk
                         IBUF (Prop_ibuf_I_O)         0.838    10.838 r  clk_IBUF_inst/O
                         net (fo=1, unplaced)         0.760    11.598    clk_IBUF
                         BUFG (Prop_bufg_I_O)         0.091    11.689 r  clk_IBUF_BUFG_inst/O
                         net (fo=2183, unplaced)      0.439    12.128    core/preprocessing_lane_a/clk_IBUF_BUFG
                         FDRE                                         r  core/preprocessing_lane_a/acc_reg[27]/C
                         clock pessimism              0.184    12.311    
                         clock uncertainty           -0.035    12.276    
                         FDRE (Setup_fdre_C_D)        0.044    12.320    core/preprocessing_lane_a/acc_reg[27]
  -------------------------------------------------------------------
                         required time                         12.320    
                         arrival time                         -10.443    
  -------------------------------------------------------------------
                         slack                                  1.877    

Slack (MET) :             1.877ns  (required time - arrival time)
  Source:                 core/preprocessing_lane_a/y_reg[0]/C
                            (rising edge-triggered cell FDRE clocked by clk  {rise@0.000ns fall@5.000ns period=10.000ns})
  Destination:            core/preprocessing_lane_a/result_reg[27]/D
                            (rising edge-triggered cell FDRE clocked by clk  {rise@0.000ns fall@5.000ns period=10.000ns})
  Path Group:             clk
  Path Type:              Setup (Max at Slow Process Corner)
  Requirement:            10.000ns  (clk rise@10.000ns - clk rise@0.000ns)
  Data Path Delay:        7.987ns  (logic 4.528ns (56.692%)  route 3.459ns (43.308%))
  Logic Levels:           14  (CARRY4=9 LUT3=1 LUT4=2 LUT5=2)
  Clock Path Skew:        -0.145ns (DCD - SCD + CPR)
    Destination Clock Delay (DCD):    2.128ns = ( 12.128 - 10.000 ) 
    Source Clock Delay      (SCD):    2.456ns
    Clock Pessimism Removal (CPR):    0.184ns
  Clock Uncertainty:      0.035ns  ((TSJ^2 + TIJ^2)^1/2 + DJ) / 2 + PE
    Total System Jitter     (TSJ):    0.071ns
    Total Input Jitter      (TIJ):    0.000ns
    Discrete Jitter          (DJ):    0.000ns
    Phase Error              (PE):    0.000ns

    Location             Delay type                Incr(ns)  Path(ns)    Netlist Resource(s)
  -------------------------------------------------------------------    -------------------
                         (clock clk rise edge)        0.000     0.000 r  
                                                      0.000     0.000 r  clk (IN)
                         net (fo=0)                   0.000     0.000    clk
                         IBUF (Prop_ibuf_I_O)         0.972     0.972 r  clk_IBUF_inst/O
                         net (fo=1, unplaced)         0.800     1.771    clk_IBUF
                         BUFG (Prop_bufg_I_O)         0.101     1.872 r  clk_IBUF_BUFG_inst/O
                         net (fo=2183, unplaced)      0.584     2.456    core/preprocessing_lane_a/clk_IBUF_BUFG
                         FDRE                                         r  core/preprocessing_lane_a/y_reg[0]/C
  -------------------------------------------------------------------    -------------------
                         FDRE (Prop_fdre_C_Q)         0.478     2.934 r  core/preprocessing_lane_a/y_reg[0]/Q
                         net (fo=64, unplaced)        0.829     3.763    core/preprocessing_lane_a/y_reg_n_0_[0]
                         LUT4 (Prop_lut4_I1_O)        0.295     4.058 r  core/preprocessing_lane_a/acc[0]_i_22/O
                         net (fo=1, unplaced)         0.000     4.058    core/preprocessing_lane_a/acc[0]_i_22_n_0
                         CARRY4 (Prop_carry4_S[1]_CO[3])
                                                      0.533     4.591 r  core/preprocessing_lane_a/acc_reg[0]_i_19/CO[3]
                         net (fo=1, unplaced)         0.009     4.600    core/preprocessing_lane_a/acc_reg[0]_i_19_n_0
                         CARRY4 (Prop_carry4_CI_CO[3])
                                                      0.117     4.717 r  core/preprocessing_lane_a/acc_reg[7]_i_18/CO[3]
                         net (fo=1, unplaced)         0.000     4.717    core/preprocessing_lane_a/acc_reg[7]_i_18_n_0
                         CARRY4 (Prop_carry4_CI_CO[3])
                                                      0.117     4.834 r  core/preprocessing_lane_a/acc_reg[11]_i_19/CO[3]
                         net (fo=1, unplaced)         0.000     4.834    core/preprocessing_lane_a/acc_reg[11]_i_19_n_0
                         CARRY4 (Prop_carry4_CI_CO[3])
                                                      0.117     4.951 r  core/preprocessing_lane_a/acc_reg[15]_i_19/CO[3]
                         net (fo=1, unplaced)         0.000     4.951    core/preprocessing_lane_a/acc_reg[15]_i_19_n_0
                         CARRY4 (Prop_carry4_CI_O[3])
                                                      0.331     5.282 r  core/preprocessing_lane_a/acc_reg[19]_i_19/O[3]
                         net (fo=1, unplaced)         0.618     5.900    core/preprocessing_lane_a/selected_raw1[19]
                         LUT5 (Prop_lut5_I4_O)        0.307     6.207 r  core/preprocessing_lane_a/acc[19]_i_10/O
                         net (fo=1, unplaced)         0.000     6.207    core/preprocessing_lane_a/acc[19]_i_10_n_0
                         CARRY4 (Prop_carry4_S[3]_CO[3])
                                                      0.376     6.583 r  core/preprocessing_lane_a/acc_reg[19]_i_4/CO[3]
                         net (fo=1, unplaced)         0.000     6.583    core/preprocessing_lane_a/acc_reg[19]_i_4_n_0
                         CARRY4 (Prop_carry4_CI_O[1])
                                                      0.337     6.920 r  core/preprocessing_lane_a/acc_reg[23]_i_4/O[1]
                         net (fo=8, unplaced)         0.649     7.569    core/preprocessing_lane_a/acc_reg[23]_i_4_n_6
                         LUT4 (Prop_lut4_I1_O)        0.306     7.875 r  core/preprocessing_lane_a/acc[24]_i_10/O
                         net (fo=1, unplaced)         0.000     7.875    core/preprocessing_lane_a/acc[24]_i_10_n_0
                         CARRY4 (Prop_carry4_S[1]_CO[3])
                                                      0.533     8.408 r  core/preprocessing_lane_a/acc_reg[24]_i_3/CO[3]
                         net (fo=1, unplaced)         0.000     8.408    core/preprocessing_lane_a/acc_reg[24]_i_3_n_0
                         CARRY4 (Prop_carry4_CI_O[2])
                                                      0.256     8.664 r  core/preprocessing_lane_a/acc_reg[28]_i_3/O[2]
                         net (fo=1, unplaced)         0.905     9.569    core/preprocessing_lane_a/acc_reg[28]_i_3_n_5
                         LUT5 (Prop_lut5_I4_O)        0.301     9.870 r  core/preprocessing_lane_a/acc[27]_i_3/O
                         net (fo=1, unplaced)         0.449    10.319    core/preprocessing_lane_a/acc[27]_i_3_n_0
                         LUT3 (Prop_lut3_I2_O)        0.124    10.443 r  core/preprocessing_lane_a/acc[27]_i_1/O
                         net (fo=2, unplaced)         0.000    10.443    core/preprocessing_lane_a/next_acc[27]
                         FDRE                                         r  core/preprocessing_lane_a/result_reg[27]/D
  -------------------------------------------------------------------    -------------------

                         (clock clk rise edge)       10.000    10.000 r  
                                                      0.000    10.000 r  clk (IN)
                         net (fo=0)                   0.000    10.000    clk
                         IBUF (Prop_ibuf_I_O)         0.838    10.838 r  clk_IBUF_inst/O
                         net (fo=1, unplaced)         0.760    11.598    clk_IBUF
                         BUFG (Prop_bufg_I_O)         0.091    11.689 r  clk_IBUF_BUFG_inst/O
                         net (fo=2183, unplaced)      0.439    12.128    core/preprocessing_lane_a/clk_IBUF_BUFG
                         FDRE                                         r  core/preprocessing_lane_a/result_reg[27]/C
                         clock pessimism              0.184    12.311    
                         clock uncertainty           -0.035    12.276    
                         FDRE (Setup_fdre_C_D)        0.044    12.320    core/preprocessing_lane_a/result_reg[27]
  -------------------------------------------------------------------
                         required time                         12.320    
                         arrival time                         -10.443    
  -------------------------------------------------------------------
                         slack                                  1.877    

Slack (MET) :             1.877ns  (required time - arrival time)
  Source:                 core/preprocessing_lane_b/y_reg[0]/C
                            (rising edge-triggered cell FDRE clocked by clk  {rise@0.000ns fall@5.000ns period=10.000ns})
  Destination:            core/preprocessing_lane_b/acc_reg[27]/D
                            (rising edge-triggered cell FDRE clocked by clk  {rise@0.000ns fall@5.000ns period=10.000ns})
  Path Group:             clk
  Path Type:              Setup (Max at Slow Process Corner)
  Requirement:            10.000ns  (clk rise@10.000ns - clk rise@0.000ns)
  Data Path Delay:        7.987ns  (logic 4.528ns (56.692%)  route 3.459ns (43.308%))
  Logic Levels:           14  (CARRY4=9 LUT3=1 LUT4=2 LUT5=2)
  Clock Path Skew:        -0.145ns (DCD - SCD + CPR)
    Destination Clock Delay (DCD):    2.128ns = ( 12.128 - 10.000 ) 
    Source Clock Delay      (SCD):    2.456ns
    Clock Pessimism Removal (CPR):    0.184ns
  Clock Uncertainty:      0.035ns  ((TSJ^2 + TIJ^2)^1/2 + DJ) / 2 + PE
    Total System Jitter     (TSJ):    0.071ns
    Total Input Jitter      (TIJ):    0.000ns
    Discrete Jitter          (DJ):    0.000ns
    Phase Error              (PE):    0.000ns

    Location             Delay type                Incr(ns)  Path(ns)    Netlist Resource(s)
  -------------------------------------------------------------------    -------------------
                         (clock clk rise edge)        0.000     0.000 r  
                                                      0.000     0.000 r  clk (IN)
                         net (fo=0)                   0.000     0.000    clk
                         IBUF (Prop_ibuf_I_O)         0.972     0.972 r  clk_IBUF_inst/O
                         net (fo=1, unplaced)         0.800     1.771    clk_IBUF
                         BUFG (Prop_bufg_I_O)         0.101     1.872 r  clk_IBUF_BUFG_inst/O
                         net (fo=2183, unplaced)      0.584     2.456    core/preprocessing_lane_b/clk_IBUF_BUFG
                         FDRE                                         r  core/preprocessing_lane_b/y_reg[0]/C
  -------------------------------------------------------------------    -------------------
                         FDRE (Prop_fdre_C_Q)         0.478     2.934 r  core/preprocessing_lane_b/y_reg[0]/Q
                         net (fo=64, unplaced)        0.829     3.763    core/preprocessing_lane_b/y_reg_n_0_[0]
                         LUT4 (Prop_lut4_I1_O)        0.295     4.058 r  core/preprocessing_lane_b/acc[0]_i_22__0/O
                         net (fo=1, unplaced)         0.000     4.058    core/preprocessing_lane_b/acc[0]_i_22__0_n_0
                         CARRY4 (Prop_carry4_S[1]_CO[3])
                                                      0.533     4.591 r  core/preprocessing_lane_b/acc_reg[0]_i_19__0/CO[3]
                         net (fo=1, unplaced)         0.009     4.600    core/preprocessing_lane_b/acc_reg[0]_i_19__0_n_0
                         CARRY4 (Prop_carry4_CI_CO[3])
                                                      0.117     4.717 r  core/preprocessing_lane_b/acc_reg[7]_i_18__0/CO[3]
                         net (fo=1, unplaced)         0.000     4.717    core/preprocessing_lane_b/acc_reg[7]_i_18__0_n_0
                         CARRY4 (Prop_carry4_CI_CO[3])
                                                      0.117     4.834 r  core/preprocessing_lane_b/acc_reg[11]_i_19__0/CO[3]
                         net (fo=1, unplaced)         0.000     4.834    core/preprocessing_lane_b/acc_reg[11]_i_19__0_n_0
                         CARRY4 (Prop_carry4_CI_CO[3])
                                                      0.117     4.951 r  core/preprocessing_lane_b/acc_reg[15]_i_19__0/CO[3]
                         net (fo=1, unplaced)         0.000     4.951    core/preprocessing_lane_b/acc_reg[15]_i_19__0_n_0
                         CARRY4 (Prop_carry4_CI_O[3])
                                                      0.331     5.282 r  core/preprocessing_lane_b/acc_reg[19]_i_19__0/O[3]
                         net (fo=1, unplaced)         0.618     5.900    core/preprocessing_lane_b/selected_raw1[19]
                         LUT5 (Prop_lut5_I4_O)        0.307     6.207 r  core/preprocessing_lane_b/acc[19]_i_10__0/O
                         net (fo=1, unplaced)         0.000     6.207    core/preprocessing_lane_b/acc[19]_i_10__0_n_0
                         CARRY4 (Prop_carry4_S[3]_CO[3])
                                                      0.376     6.583 r  core/preprocessing_lane_b/acc_reg[19]_i_4__0/CO[3]
                         net (fo=1, unplaced)         0.000     6.583    core/preprocessing_lane_b/acc_reg[19]_i_4__0_n_0
                         CARRY4 (Prop_carry4_CI_O[1])
                                                      0.337     6.920 r  core/preprocessing_lane_b/acc_reg[23]_i_4__0/O[1]
                         net (fo=8, unplaced)         0.649     7.569    core/preprocessing_lane_b/acc_reg[23]_i_4__0_n_6
                         LUT4 (Prop_lut4_I1_O)        0.306     7.875 r  core/preprocessing_lane_b/acc[24]_i_10__0/O
                         net (fo=1, unplaced)         0.000     7.875    core/preprocessing_lane_b/acc[24]_i_10__0_n_0
                         CARRY4 (Prop_carry4_S[1]_CO[3])
                                                      0.533     8.408 r  core/preprocessing_lane_b/acc_reg[24]_i_3__0/CO[3]
                         net (fo=1, unplaced)         0.000     8.408    core/preprocessing_lane_b/acc_reg[24]_i_3__0_n_0
                         CARRY4 (Prop_carry4_CI_O[2])
                                                      0.256     8.664 r  core/preprocessing_lane_b/acc_reg[28]_i_3__0/O[2]
                         net (fo=1, unplaced)         0.905     9.569    core/preprocessing_lane_b/acc_reg[28]_i_3__0_n_5
                         LUT5 (Prop_lut5_I4_O)        0.301     9.870 r  core/preprocessing_lane_b/acc[27]_i_3__0/O
                         net (fo=1, unplaced)         0.449    10.319    core/preprocessing_lane_b/acc[27]_i_3__0_n_0
                         LUT3 (Prop_lut3_I2_O)        0.124    10.443 r  core/preprocessing_lane_b/acc[27]_i_1__0/O
                         net (fo=2, unplaced)         0.000    10.443    core/preprocessing_lane_b/next_acc[27]
                         FDRE                                         r  core/preprocessing_lane_b/acc_reg[27]/D
  -------------------------------------------------------------------    -------------------

                         (clock clk rise edge)       10.000    10.000 r  
                                                      0.000    10.000 r  clk (IN)
                         net (fo=0)                   0.000    10.000    clk
                         IBUF (Prop_ibuf_I_O)         0.838    10.838 r  clk_IBUF_inst/O
                         net (fo=1, unplaced)         0.760    11.598    clk_IBUF
                         BUFG (Prop_bufg_I_O)         0.091    11.689 r  clk_IBUF_BUFG_inst/O
                         net (fo=2183, unplaced)      0.439    12.128    core/preprocessing_lane_b/clk_IBUF_BUFG
                         FDRE                                         r  core/preprocessing_lane_b/acc_reg[27]/C
                         clock pessimism              0.184    12.311    
                         clock uncertainty           -0.035    12.276    
                         FDRE (Setup_fdre_C_D)        0.044    12.320    core/preprocessing_lane_b/acc_reg[27]
  -------------------------------------------------------------------
                         required time                         12.320    
                         arrival time                         -10.443    
  -------------------------------------------------------------------
                         slack                                  1.877    

Slack (MET) :             1.877ns  (required time - arrival time)
  Source:                 core/preprocessing_lane_b/y_reg[0]/C
                            (rising edge-triggered cell FDRE clocked by clk  {rise@0.000ns fall@5.000ns period=10.000ns})
  Destination:            core/preprocessing_lane_b/result_reg[27]/D
                            (rising edge-triggered cell FDRE clocked by clk  {rise@0.000ns fall@5.000ns period=10.000ns})
  Path Group:             clk
  Path Type:              Setup (Max at Slow Process Corner)
  Requirement:            10.000ns  (clk rise@10.000ns - clk rise@0.000ns)
  Data Path Delay:        7.987ns  (logic 4.528ns (56.692%)  route 3.459ns (43.308%))
  Logic Levels:           14  (CARRY4=9 LUT3=1 LUT4=2 LUT5=2)
  Clock Path Skew:        -0.145ns (DCD - SCD + CPR)
    Destination Clock Delay (DCD):    2.128ns = ( 12.128 - 10.000 ) 
    Source Clock Delay      (SCD):    2.456ns
    Clock Pessimism Removal (CPR):    0.184ns
  Clock Uncertainty:      0.035ns  ((TSJ^2 + TIJ^2)^1/2 + DJ) / 2 + PE
    Total System Jitter     (TSJ):    0.071ns
    Total Input Jitter      (TIJ):    0.000ns
    Discrete Jitter          (DJ):    0.000ns
    Phase Error              (PE):    0.000ns

    Location             Delay type                Incr(ns)  Path(ns)    Netlist Resource(s)
  -------------------------------------------------------------------    -------------------
                         (clock clk rise edge)        0.000     0.000 r  
                                                      0.000     0.000 r  clk (IN)
                         net (fo=0)                   0.000     0.000    clk
                         IBUF (Prop_ibuf_I_O)         0.972     0.972 r  clk_IBUF_inst/O
                         net (fo=1, unplaced)         0.800     1.771    clk_IBUF
                         BUFG (Prop_bufg_I_O)         0.101     1.872 r  clk_IBUF_BUFG_inst/O
                         net (fo=2183, unplaced)      0.584     2.456    core/preprocessing_lane_b/clk_IBUF_BUFG
                         FDRE                                         r  core/preprocessing_lane_b/y_reg[0]/C
  -------------------------------------------------------------------    -------------------
                         FDRE (Prop_fdre_C_Q)         0.478     2.934 r  core/preprocessing_lane_b/y_reg[0]/Q
                         net (fo=64, unplaced)        0.829     3.763    core/preprocessing_lane_b/y_reg_n_0_[0]
                         LUT4 (Prop_lut4_I1_O)        0.295     4.058 r  core/preprocessing_lane_b/acc[0]_i_22__0/O
                         net (fo=1, unplaced)         0.000     4.058    core/preprocessing_lane_b/acc[0]_i_22__0_n_0
                         CARRY4 (Prop_carry4_S[1]_CO[3])
                                                      0.533     4.591 r  core/preprocessing_lane_b/acc_reg[0]_i_19__0/CO[3]
                         net (fo=1, unplaced)         0.009     4.600    core/preprocessing_lane_b/acc_reg[0]_i_19__0_n_0
                         CARRY4 (Prop_carry4_CI_CO[3])
                                                      0.117     4.717 r  core/preprocessing_lane_b/acc_reg[7]_i_18__0/CO[3]
                         net (fo=1, unplaced)         0.000     4.717    core/preprocessing_lane_b/acc_reg[7]_i_18__0_n_0
                         CARRY4 (Prop_carry4_CI_CO[3])
                                                      0.117     4.834 r  core/preprocessing_lane_b/acc_reg[11]_i_19__0/CO[3]
                         net (fo=1, unplaced)         0.000     4.834    core/preprocessing_lane_b/acc_reg[11]_i_19__0_n_0
                         CARRY4 (Prop_carry4_CI_CO[3])
                                                      0.117     4.951 r  core/preprocessing_lane_b/acc_reg[15]_i_19__0/CO[3]
                         net (fo=1, unplaced)         0.000     4.951    core/preprocessing_lane_b/acc_reg[15]_i_19__0_n_0
                         CARRY4 (Prop_carry4_CI_O[3])
                                                      0.331     5.282 r  core/preprocessing_lane_b/acc_reg[19]_i_19__0/O[3]
                         net (fo=1, unplaced)         0.618     5.900    core/preprocessing_lane_b/selected_raw1[19]
                         LUT5 (Prop_lut5_I4_O)        0.307     6.207 r  core/preprocessing_lane_b/acc[19]_i_10__0/O
                         net (fo=1, unplaced)         0.000     6.207    core/preprocessing_lane_b/acc[19]_i_10__0_n_0
                         CARRY4 (Prop_carry4_S[3]_CO[3])
                                                      0.376     6.583 r  core/preprocessing_lane_b/acc_reg[19]_i_4__0/CO[3]
                         net (fo=1, unplaced)         0.000     6.583    core/preprocessing_lane_b/acc_reg[19]_i_4__0_n_0
                         CARRY4 (Prop_carry4_CI_O[1])
                                                      0.337     6.920 r  core/preprocessing_lane_b/acc_reg[23]_i_4__0/O[1]
                         net (fo=8, unplaced)         0.649     7.569    core/preprocessing_lane_b/acc_reg[23]_i_4__0_n_6
                         LUT4 (Prop_lut4_I1_O)        0.306     7.875 r  core/preprocessing_lane_b/acc[24]_i_10__0/O
                         net (fo=1, unplaced)         0.000     7.875    core/preprocessing_lane_b/acc[24]_i_10__0_n_0
                         CARRY4 (Prop_carry4_S[1]_CO[3])
                                                      0.533     8.408 r  core/preprocessing_lane_b/acc_reg[24]_i_3__0/CO[3]
                         net (fo=1, unplaced)         0.000     8.408    core/preprocessing_lane_b/acc_reg[24]_i_3__0_n_0
                         CARRY4 (Prop_carry4_CI_O[2])
                                                      0.256     8.664 r  core/preprocessing_lane_b/acc_reg[28]_i_3__0/O[2]
                         net (fo=1, unplaced)         0.905     9.569    core/preprocessing_lane_b/acc_reg[28]_i_3__0_n_5
                         LUT5 (Prop_lut5_I4_O)        0.301     9.870 r  core/preprocessing_lane_b/acc[27]_i_3__0/O
                         net (fo=1, unplaced)         0.449    10.319    core/preprocessing_lane_b/acc[27]_i_3__0_n_0
                         LUT3 (Prop_lut3_I2_O)        0.124    10.443 r  core/preprocessing_lane_b/acc[27]_i_1__0/O
                         net (fo=2, unplaced)         0.000    10.443    core/preprocessing_lane_b/next_acc[27]
                         FDRE                                         r  core/preprocessing_lane_b/result_reg[27]/D
  -------------------------------------------------------------------    -------------------

                         (clock clk rise edge)       10.000    10.000 r  
                                                      0.000    10.000 r  clk (IN)
                         net (fo=0)                   0.000    10.000    clk
                         IBUF (Prop_ibuf_I_O)         0.838    10.838 r  clk_IBUF_inst/O
                         net (fo=1, unplaced)         0.760    11.598    clk_IBUF
                         BUFG (Prop_bufg_I_O)         0.091    11.689 r  clk_IBUF_BUFG_inst/O
                         net (fo=2183, unplaced)      0.439    12.128    core/preprocessing_lane_b/clk_IBUF_BUFG
                         FDRE                                         r  core/preprocessing_lane_b/result_reg[27]/C
                         clock pessimism              0.184    12.311    
                         clock uncertainty           -0.035    12.276    
                         FDRE (Setup_fdre_C_D)        0.044    12.320    core/preprocessing_lane_b/result_reg[27]
  -------------------------------------------------------------------
                         required time                         12.320    
                         arrival time                         -10.443    
  -------------------------------------------------------------------
                         slack                                  1.877    





Pulse Width Checks
--------------------------------------------------------------------------------------
Clock Name:         clk
Waveform(ns):       { 0.000 5.000 }
Period(ns):         10.000
Sources:            { clk }

Check Type        Corner  Lib Pin             Reference Pin  Required(ns)  Actual(ns)  Slack(ns)  Location  Pin
Min Period        n/a     RAMB36E1/CLKARDCLK  n/a            2.944         10.000      7.056                core/coefficient_bank_a/memory_reg_0/CLKARDCLK
Min Period        n/a     RAMB36E1/CLKBWRCLK  n/a            2.944         10.000      7.056                core/coefficient_bank_a/memory_reg_0/CLKBWRCLK
Min Period        n/a     RAMB36E1/CLKARDCLK  n/a            2.944         10.000      7.056                core/coefficient_bank_a/memory_reg_1/CLKARDCLK
Min Period        n/a     RAMB36E1/CLKBWRCLK  n/a            2.944         10.000      7.056                core/coefficient_bank_a/memory_reg_1/CLKBWRCLK
Min Period        n/a     RAMB36E1/CLKARDCLK  n/a            2.944         10.000      7.056                core/coefficient_bank_a/memory_reg_2/CLKARDCLK
Min Period        n/a     RAMB36E1/CLKBWRCLK  n/a            2.944         10.000      7.056                core/coefficient_bank_a/memory_reg_2/CLKBWRCLK
Min Period        n/a     RAMB36E1/CLKARDCLK  n/a            2.944         10.000      7.056                core/coefficient_bank_a/memory_reg_3/CLKARDCLK
Min Period        n/a     RAMB36E1/CLKBWRCLK  n/a            2.944         10.000      7.056                core/coefficient_bank_a/memory_reg_3/CLKBWRCLK
Min Period        n/a     RAMB36E1/CLKARDCLK  n/a            2.944         10.000      7.056                core/coefficient_bank_b/memory_reg_0/CLKARDCLK
Min Period        n/a     RAMB36E1/CLKBWRCLK  n/a            2.944         10.000      7.056                core/coefficient_bank_b/memory_reg_0/CLKBWRCLK
Min Period        n/a     RAMB36E1/CLKARDCLK  n/a            2.944         10.000      7.056                core/coefficient_bank_b/memory_reg_1/CLKARDCLK
Min Period        n/a     RAMB36E1/CLKBWRCLK  n/a            2.944         10.000      7.056                core/coefficient_bank_b/memory_reg_1/CLKBWRCLK
Min Period        n/a     RAMB36E1/CLKARDCLK  n/a            2.944         10.000      7.056                core/coefficient_bank_b/memory_reg_2/CLKARDCLK
Min Period        n/a     RAMB36E1/CLKBWRCLK  n/a            2.944         10.000      7.056                core/coefficient_bank_b/memory_reg_2/CLKBWRCLK
Min Period        n/a     RAMB36E1/CLKARDCLK  n/a            2.944         10.000      7.056                core/coefficient_bank_b/memory_reg_3/CLKARDCLK
Min Period        n/a     RAMB36E1/CLKBWRCLK  n/a            2.944         10.000      7.056                core/coefficient_bank_b/memory_reg_3/CLKBWRCLK
Min Period        n/a     RAMB36E1/CLKARDCLK  n/a            2.944         10.000      7.056                core/forward_twiddle_profile_memory/memory_reg_0/CLKARDCLK
Min Period        n/a     RAMB36E1/CLKARDCLK  n/a            2.944         10.000      7.056                core/forward_twiddle_profile_memory/memory_reg_1/CLKARDCLK
Min Period        n/a     RAMB36E1/CLKARDCLK  n/a            2.944         10.000      7.056                core/forward_twiddle_profile_memory/memory_reg_2/CLKARDCLK
Min Period        n/a     RAMB36E1/CLKARDCLK  n/a            2.944         10.000      7.056                core/forward_twiddle_profile_memory/memory_reg_3/CLKARDCLK
Low Pulse Width   Slow    FDRE/C              n/a            0.500         5.000       4.500                FSM_onehot_state_reg[0]/C
Low Pulse Width   Fast    FDRE/C              n/a            0.500         5.000       4.500                FSM_onehot_state_reg[0]/C
Low Pulse Width   Slow    FDRE/C              n/a            0.500         5.000       4.500                FSM_onehot_state_reg[10]/C
Low Pulse Width   Fast    FDRE/C              n/a            0.500         5.000       4.500                FSM_onehot_state_reg[10]/C
Low Pulse Width   Slow    FDSE/C              n/a            0.500         5.000       4.500                FSM_onehot_state_reg[1]/C
Low Pulse Width   Fast    FDSE/C              n/a            0.500         5.000       4.500                FSM_onehot_state_reg[1]/C
Low Pulse Width   Slow    FDRE/C              n/a            0.500         5.000       4.500                FSM_onehot_state_reg[2]/C
Low Pulse Width   Fast    FDRE/C              n/a            0.500         5.000       4.500                FSM_onehot_state_reg[2]/C
Low Pulse Width   Slow    FDRE/C              n/a            0.500         5.000       4.500                FSM_onehot_state_reg[3]/C
Low Pulse Width   Fast    FDRE/C              n/a            0.500         5.000       4.500                FSM_onehot_state_reg[3]/C
Low Pulse Width   Slow    FDRE/C              n/a            0.500         5.000       4.500                FSM_onehot_state_reg[4]/C
Low Pulse Width   Fast    FDRE/C              n/a            0.500         5.000       4.500                FSM_onehot_state_reg[4]/C
Low Pulse Width   Slow    FDRE/C              n/a            0.500         5.000       4.500                FSM_onehot_state_reg[5]/C
Low Pulse Width   Fast    FDRE/C              n/a            0.500         5.000       4.500                FSM_onehot_state_reg[5]/C
Low Pulse Width   Slow    FDRE/C              n/a            0.500         5.000       4.500                FSM_onehot_state_reg[6]/C
Low Pulse Width   Fast    FDRE/C              n/a            0.500         5.000       4.500                FSM_onehot_state_reg[6]/C
Low Pulse Width   Slow    FDRE/C              n/a            0.500         5.000       4.500                FSM_onehot_state_reg[7]/C
Low Pulse Width   Fast    FDRE/C              n/a            0.500         5.000       4.500                FSM_onehot_state_reg[7]/C
Low Pulse Width   Slow    FDRE/C              n/a            0.500         5.000       4.500                FSM_onehot_state_reg[8]/C
Low Pulse Width   Fast    FDRE/C              n/a            0.500         5.000       4.500                FSM_onehot_state_reg[8]/C
High Pulse Width  Slow    FDRE/C              n/a            0.500         5.000       4.500                FSM_onehot_state_reg[0]/C
High Pulse Width  Fast    FDRE/C              n/a            0.500         5.000       4.500                FSM_onehot_state_reg[0]/C
High Pulse Width  Slow    FDRE/C              n/a            0.500         5.000       4.500                FSM_onehot_state_reg[10]/C
High Pulse Width  Fast    FDRE/C              n/a            0.500         5.000       4.500                FSM_onehot_state_reg[10]/C
High Pulse Width  Slow    FDSE/C              n/a            0.500         5.000       4.500                FSM_onehot_state_reg[1]/C
High Pulse Width  Fast    FDSE/C              n/a            0.500         5.000       4.500                FSM_onehot_state_reg[1]/C
High Pulse Width  Slow    FDRE/C              n/a            0.500         5.000       4.500                FSM_onehot_state_reg[2]/C
High Pulse Width  Fast    FDRE/C              n/a            0.500         5.000       4.500                FSM_onehot_state_reg[2]/C
High Pulse Width  Slow    FDRE/C              n/a            0.500         5.000       4.500                FSM_onehot_state_reg[3]/C
High Pulse Width  Fast    FDRE/C              n/a            0.500         5.000       4.500                FSM_onehot_state_reg[3]/C
High Pulse Width  Slow    FDRE/C              n/a            0.500         5.000       4.500                FSM_onehot_state_reg[4]/C
High Pulse Width  Fast    FDRE/C              n/a            0.500         5.000       4.500                FSM_onehot_state_reg[4]/C
High Pulse Width  Slow    FDRE/C              n/a            0.500         5.000       4.500                FSM_onehot_state_reg[5]/C
High Pulse Width  Fast    FDRE/C              n/a            0.500         5.000       4.500                FSM_onehot_state_reg[5]/C
High Pulse Width  Slow    FDRE/C              n/a            0.500         5.000       4.500                FSM_onehot_state_reg[6]/C
High Pulse Width  Fast    FDRE/C              n/a            0.500         5.000       4.500                FSM_onehot_state_reg[6]/C
High Pulse Width  Slow    FDRE/C              n/a            0.500         5.000       4.500                FSM_onehot_state_reg[7]/C
High Pulse Width  Fast    FDRE/C              n/a            0.500         5.000       4.500                FSM_onehot_state_reg[7]/C
High Pulse Width  Slow    FDRE/C              n/a            0.500         5.000       4.500                FSM_onehot_state_reg[8]/C
High Pulse Width  Fast    FDRE/C              n/a            0.500         5.000       4.500                FSM_onehot_state_reg[8]/C



