Copyright 1986-2022 Xilinx, Inc. All Rights Reserved. Copyright 2022-2024 Advanced Micro Devices, Inc. All Rights Reserved.
--------------------------------------------------------------------------------------------------------------------------------------------------------------------------
| Tool Version : Vivado v.2024.1 (win64) Build 5076996 Wed May 22 18:37:14 MDT 2024
| Date         : Sun Jul 19 13:17:47 2026
| Host         : DESKTOP-63734QH running 64-bit major release  (build 9200)
| Command      : report_timing_summary -delay_type max -max_paths 20 -file F:/repos/pynq_butterfly/reports/poly_mul4096_two_bank_dma/poly_mul4096_two_bank_dma_timing.rpt
| Design       : design_1_wrapper
| Device       : 7z020-clg400
| Speed File   : -1  PRODUCTION 1.12 2019-11-22
| Design State : Routed
--------------------------------------------------------------------------------------------------------------------------------------------------------------------------

Timing Summary Report

------------------------------------------------------------------------------------------------
| Timer Settings
| --------------
------------------------------------------------------------------------------------------------

  Enable Multi Corner Analysis               :  Yes
  Enable Pessimism Removal                   :  Yes
  Pessimism Removal Resolution               :  Nearest Common Node
  Enable Input Delay Default Clock           :  No
  Enable Preset / Clear Arcs                 :  No
  Disable Flight Delays                      :  No
  Ignore I/O Paths                           :  No
  Timing Early Launch at Borrowing Latches   :  No
  Borrow Time for Max Delay Exceptions       :  Yes
  Merge Timing Exceptions                    :  Yes
  Inter-SLR Compensation                     :  Conservative

  Corner  Analyze    Analyze    
  Name    Max Paths  Min Paths  
  ------  ---------  ---------  
  Slow    Yes        Yes        
  Fast    Yes        Yes        


------------------------------------------------------------------------------------------------
| Report Methodology
| ------------------
------------------------------------------------------------------------------------------------

No report available as report_methodology has not been run prior. Run report_methodology on the current design for the summary of methodology violations.



check_timing report

Table of Contents
-----------------
1. checking no_clock (0)
2. checking constant_clock (0)
3. checking pulse_width_clock (0)
4. checking unconstrained_internal_endpoints (0)
5. checking no_input_delay (0)
6. checking no_output_delay (0)
7. checking multiple_clock (0)
8. checking generated_clocks (0)
9. checking loops (0)
10. checking partial_input_delay (0)
11. checking partial_output_delay (0)
12. checking latch_loops (0)

1. checking no_clock (0)
------------------------
 There are 0 register/latch pins with no clock.


2. checking constant_clock (0)
------------------------------
 There are 0 register/latch pins with constant_clock.


3. checking pulse_width_clock (0)
---------------------------------
 There are 0 register/latch pins which need pulse_width check


4. checking unconstrained_internal_endpoints (0)
------------------------------------------------
 There are 0 pins that are not constrained for maximum delay.

 There are 0 pins that are not constrained for maximum delay due to constant clock.


5. checking no_input_delay (0)
------------------------------
 There are 0 input ports with no input delay specified.

 There are 0 input ports with no input delay but user has a false path constraint.


6. checking no_output_delay (0)
-------------------------------
 There are 0 ports with no output delay specified.

 There are 0 ports with no output delay but user has a false path constraint

 There are 0 ports with no output delay but with a timing clock defined on it or propagating through it


7. checking multiple_clock (0)
------------------------------
 There are 0 register/latch pins with multiple clocks.


8. checking generated_clocks (0)
--------------------------------
 There are 0 generated clocks that are not connected to a clock source.


9. checking loops (0)
---------------------
 There are 0 combinational loops in the design.


10. checking partial_input_delay (0)
------------------------------------
 There are 0 input ports with partial input delay specified.


11. checking partial_output_delay (0)
-------------------------------------
 There are 0 ports with partial output delay specified.


12. checking latch_loops (0)
----------------------------
 There are 0 combinational latch loops in the design through latch input



------------------------------------------------------------------------------------------------
| Design Timing Summary
| ---------------------
------------------------------------------------------------------------------------------------

    WNS(ns)      TNS(ns)  TNS Failing Endpoints  TNS Total Endpoints     WPWS(ns)     TPWS(ns)  TPWS Failing Endpoints  TPWS Total Endpoints  
    -------      -------  ---------------------  -------------------     --------     --------  ----------------------  --------------------  
      0.039        0.000                      0                25583        3.750        0.000                       0                  8488  


All user specified timing constraints are met.


------------------------------------------------------------------------------------------------
| Clock Summary
| -------------
------------------------------------------------------------------------------------------------

Clock       Waveform(ns)       Period(ns)      Frequency(MHz)
-----       ------------       ----------      --------------
clk_fpga_0  {0.000 5.000}      10.000          100.000         


------------------------------------------------------------------------------------------------
| Intra Clock Table
| -----------------
------------------------------------------------------------------------------------------------

Clock             WNS(ns)      TNS(ns)  TNS Failing Endpoints  TNS Total Endpoints     WPWS(ns)     TPWS(ns)  TPWS Failing Endpoints  TPWS Total Endpoints  
-----             -------      -------  ---------------------  -------------------     --------     --------  ----------------------  --------------------  
clk_fpga_0          0.039        0.000                      0                25583        3.750        0.000                       0                  8488  


------------------------------------------------------------------------------------------------
| Inter Clock Table
| -----------------
------------------------------------------------------------------------------------------------

From Clock    To Clock          WNS(ns)      TNS(ns)  TNS Failing Endpoints  TNS Total Endpoints  
----------    --------          -------      -------  ---------------------  -------------------  


------------------------------------------------------------------------------------------------
| Other Path Groups Table
| -----------------------
------------------------------------------------------------------------------------------------

Path Group    From Clock    To Clock          WNS(ns)      TNS(ns)  TNS Failing Endpoints  TNS Total Endpoints  
----------    ----------    --------          -------      -------  ---------------------  -------------------  


------------------------------------------------------------------------------------------------
| Timing Details
| --------------
------------------------------------------------------------------------------------------------


---------------------------------------------------------------------------------------------------
From Clock:  clk_fpga_0
  To Clock:  clk_fpga_0

Setup :            0  Failing Endpoints,  Worst Slack        0.039ns,  Total Violation        0.000ns
Hold  :           NA  Failing Endpoints,  Worst Slack           NA  ,  Total Violation           NA
PW    :            0  Failing Endpoints,  Worst Slack        3.750ns,  Total Violation        0.000ns
---------------------------------------------------------------------------------------------------


Max Delay Paths
--------------------------------------------------------------------------------------
Slack (MET) :             0.039ns  (required time - arrival time)
  Source:                 design_1_i/poly_mul4096_two_bank_axis_0/inst/core/forward_butterfly_lane_a/multiplier/modulus_reg[29]/C
                            (rising edge-triggered cell FDRE clocked by clk_fpga_0  {rise@0.000ns fall@5.000ns period=10.000ns})
  Destination:            design_1_i/poly_mul4096_two_bank_axis_0/inst/core/forward_butterfly_lane_a/multiplier/result_reg[5]/D
                            (rising edge-triggered cell FDRE clocked by clk_fpga_0  {rise@0.000ns fall@5.000ns period=10.000ns})
  Path Group:             clk_fpga_0
  Path Type:              Setup (Max at Slow Process Corner)
  Requirement:            10.000ns  (clk_fpga_0 rise@10.000ns - clk_fpga_0 rise@0.000ns)
  Data Path Delay:        9.527ns  (logic 4.488ns (47.108%)  route 5.039ns (52.892%))
  Logic Levels:           8  (CARRY4=5 LUT1=1 LUT2=1 LUT3=1)
  Clock Path Skew:        -0.222ns (DCD - SCD + CPR)
    Destination Clock Delay (DCD):    2.672ns = ( 12.672 - 10.000 ) 
    Source Clock Delay      (SCD):    3.023ns
    Clock Pessimism Removal (CPR):    0.129ns
  Clock Uncertainty:      0.154ns  ((TSJ^2 + TIJ^2)^1/2 + DJ) / 2 + PE
    Total System Jitter     (TSJ):    0.071ns
    Total Input Jitter      (TIJ):    0.300ns
    Discrete Jitter          (DJ):    0.000ns
    Phase Error              (PE):    0.000ns

    Location             Delay type                Incr(ns)  Path(ns)    Netlist Resource(s)
  -------------------------------------------------------------------    -------------------
                         (clock clk_fpga_0 rise edge)
                                                      0.000     0.000 r  
    PS7_X0Y0             PS7                          0.000     0.000 r  design_1_i/processing_system7_0/inst/PS7_i/FCLKCLK[0]
                         net (fo=1, routed)           1.193     1.193    design_1_i/processing_system7_0/inst/FCLK_CLK_unbuffered[0]
    BUFGCTRL_X0Y16       BUFG (Prop_bufg_I_O)         0.101     1.294 r  design_1_i/processing_system7_0/inst/buffer_fclk_clk_0.FCLK_CLK_0_BUFG/O
                         net (fo=8489, routed)        1.729     3.023    design_1_i/poly_mul4096_two_bank_axis_0/inst/core/forward_butterfly_lane_a/multiplier/clk
    SLICE_X57Y44         FDRE                                         r  design_1_i/poly_mul4096_two_bank_axis_0/inst/core/forward_butterfly_lane_a/multiplier/modulus_reg[29]/C
  -------------------------------------------------------------------    -------------------
    SLICE_X57Y44         FDRE (Prop_fdre_C_Q)         0.456     3.479 f  design_1_i/poly_mul4096_two_bank_axis_0/inst/core/forward_butterfly_lane_a/multiplier/modulus_reg[29]/Q
                         net (fo=98, routed)          0.374     3.853    design_1_i/poly_mul4096_two_bank_axis_0/inst/core/forward_butterfly_lane_a/multiplier/p_0_in[30]
    SLICE_X54Y44         LUT1 (Prop_lut1_I0_O)        0.124     3.977 r  design_1_i/poly_mul4096_two_bank_axis_0/inst/core/forward_butterfly_lane_a/multiplier/x4_minus_q1_carry_i_1/O
                         net (fo=3, routed)           0.203     4.180    design_1_i/poly_mul4096_two_bank_axis_0/inst/core/forward_butterfly_lane_a/multiplier/x4_minus_q1_carry_i_1_n_0
    SLICE_X55Y44         CARRY4 (Prop_carry4_CYINIT_CO[2])
                                                      0.592     4.772 r  design_1_i/poly_mul4096_two_bank_axis_0/inst/core/forward_butterfly_lane_a/multiplier/x_reg[16]_i_9__1/CO[2]
                         net (fo=23, routed)          0.363     5.134    design_1_i/poly_mul4096_two_bank_axis_0/inst/core/forward_butterfly_lane_a/multiplier/x_reg[16]_i_9__1_n_1
    SLICE_X54Y45         CARRY4 (Prop_carry4_CYINIT_CO[2])
                                                      0.797     5.931 r  design_1_i/poly_mul4096_two_bank_axis_0/inst/core/forward_butterfly_lane_a/multiplier/x_reg[16]_i_8__1/CO[2]
                         net (fo=5, routed)           0.794     6.725    design_1_i/poly_mul4096_two_bank_axis_0/inst/core/forward_butterfly_lane_a/multiplier/x_reg[16]_i_8__1_n_1
    SLICE_X50Y50         CARRY4 (Prop_carry4_CYINIT_CO[2])
                                                      0.794     7.519 r  design_1_i/poly_mul4096_two_bank_axis_0/inst/core/forward_butterfly_lane_a/multiplier/x_reg[31]_i_21/CO[2]
                         net (fo=25, routed)          0.479     7.998    design_1_i/poly_mul4096_two_bank_axis_0/inst/core/forward_butterfly_lane_a/multiplier/x_reg[31]_i_21_n_1
    SLICE_X50Y51         CARRY4 (Prop_carry4_CYINIT_CO[3])
                                                      0.781     8.779 r  design_1_i/poly_mul4096_two_bank_axis_0/inst/core/forward_butterfly_lane_a/multiplier/x_reg[31]_i_20/CO[3]
                         net (fo=4, routed)           1.140     9.919    design_1_i/poly_mul4096_two_bank_axis_0/inst/core/forward_butterfly_lane_a/multiplier/x_reg[31]_i_20_n_0
    SLICE_X49Y52         LUT2 (Prop_lut2_I1_O)        0.124    10.043 r  design_1_i/poly_mul4096_two_bank_axis_0/inst/core/forward_butterfly_lane_a/multiplier/acc[31]_i_10/O
                         net (fo=1, routed)           0.000    10.043    design_1_i/poly_mul4096_two_bank_axis_0/inst/core/forward_butterfly_lane_a/multiplier/acc[31]_i_10_n_0
    SLICE_X49Y52         CARRY4 (Prop_carry4_S[1]_CO[1])
                                                      0.491    10.534 r  design_1_i/poly_mul4096_two_bank_axis_0/inst/core/forward_butterfly_lane_a/multiplier/acc_reg[31]_i_4__1/CO[1]
                         net (fo=32, routed)          1.056    11.590    design_1_i/poly_mul4096_two_bank_axis_0/inst/core/forward_butterfly_lane_a/multiplier/acc_reg[31]_i_4__1_n_2
    SLICE_X48Y46         LUT3 (Prop_lut3_I1_O)        0.329    11.919 r  design_1_i/poly_mul4096_two_bank_axis_0/inst/core/forward_butterfly_lane_a/multiplier/acc[5]_i_1__1/O
                         net (fo=2, routed)           0.631    12.550    design_1_i/poly_mul4096_two_bank_axis_0/inst/core/forward_butterfly_lane_a/multiplier/next_acc[5]
    SLICE_X48Y46         FDRE                                         r  design_1_i/poly_mul4096_two_bank_axis_0/inst/core/forward_butterfly_lane_a/multiplier/result_reg[5]/D
  -------------------------------------------------------------------    -------------------

                         (clock clk_fpga_0 rise edge)
                                                     10.000    10.000 r  
    PS7_X0Y0             PS7                          0.000    10.000 r  design_1_i/processing_system7_0/inst/PS7_i/FCLKCLK[0]
                         net (fo=1, routed)           1.088    11.088    design_1_i/processing_system7_0/inst/FCLK_CLK_unbuffered[0]
    BUFGCTRL_X0Y16       BUFG (Prop_bufg_I_O)         0.091    11.179 r  design_1_i/processing_system7_0/inst/buffer_fclk_clk_0.FCLK_CLK_0_BUFG/O
                         net (fo=8489, routed)        1.493    12.672    design_1_i/poly_mul4096_two_bank_axis_0/inst/core/forward_butterfly_lane_a/multiplier/clk
    SLICE_X48Y46         FDRE                                         r  design_1_i/poly_mul4096_two_bank_axis_0/inst/core/forward_butterfly_lane_a/multiplier/result_reg[5]/C
                         clock pessimism              0.129    12.801    
                         clock uncertainty           -0.154    12.647    
    SLICE_X48Y46         FDRE (Setup_fdre_C_D)       -0.058    12.589    design_1_i/poly_mul4096_two_bank_axis_0/inst/core/forward_butterfly_lane_a/multiplier/result_reg[5]
  -------------------------------------------------------------------
                         required time                         12.589    
                         arrival time                         -12.550    
  -------------------------------------------------------------------
                         slack                                  0.039    

Slack (MET) :             0.129ns  (required time - arrival time)
  Source:                 design_1_i/poly_mul4096_two_bank_axis_0/inst/core/forward_butterfly_lane_a/multiplier/modulus_reg[29]/C
                            (rising edge-triggered cell FDRE clocked by clk_fpga_0  {rise@0.000ns fall@5.000ns period=10.000ns})
  Destination:            design_1_i/poly_mul4096_two_bank_axis_0/inst/core/forward_butterfly_lane_a/multiplier/result_reg[9]/D
                            (rising edge-triggered cell FDRE clocked by clk_fpga_0  {rise@0.000ns fall@5.000ns period=10.000ns})
  Path Group:             clk_fpga_0
  Path Type:              Setup (Max at Slow Process Corner)
  Requirement:            10.000ns  (clk_fpga_0 rise@10.000ns - clk_fpga_0 rise@0.000ns)
  Data Path Delay:        9.394ns  (logic 4.488ns (47.778%)  route 4.906ns (52.222%))
  Logic Levels:           8  (CARRY4=5 LUT1=1 LUT2=1 LUT3=1)
  Clock Path Skew:        -0.221ns (DCD - SCD + CPR)
    Destination Clock Delay (DCD):    2.673ns = ( 12.674 - 10.000 ) 
    Source Clock Delay      (SCD):    3.023ns
    Clock Pessimism Removal (CPR):    0.129ns
  Clock Uncertainty:      0.154ns  ((TSJ^2 + TIJ^2)^1/2 + DJ) / 2 + PE
    Total System Jitter     (TSJ):    0.071ns
    Total Input Jitter      (TIJ):    0.300ns
    Discrete Jitter          (DJ):    0.000ns
    Phase Error              (PE):    0.000ns

    Location             Delay type                Incr(ns)  Path(ns)    Netlist Resource(s)
  -------------------------------------------------------------------    -------------------
                         (clock clk_fpga_0 rise edge)
                                                      0.000     0.000 r  
    PS7_X0Y0             PS7                          0.000     0.000 r  design_1_i/processing_system7_0/inst/PS7_i/FCLKCLK[0]
                         net (fo=1, routed)           1.193     1.193    design_1_i/processing_system7_0/inst/FCLK_CLK_unbuffered[0]
    BUFGCTRL_X0Y16       BUFG (Prop_bufg_I_O)         0.101     1.294 r  design_1_i/processing_system7_0/inst/buffer_fclk_clk_0.FCLK_CLK_0_BUFG/O
                         net (fo=8489, routed)        1.729     3.023    design_1_i/poly_mul4096_two_bank_axis_0/inst/core/forward_butterfly_lane_a/multiplier/clk
    SLICE_X57Y44         FDRE                                         r  design_1_i/poly_mul4096_two_bank_axis_0/inst/core/forward_butterfly_lane_a/multiplier/modulus_reg[29]/C
  -------------------------------------------------------------------    -------------------
    SLICE_X57Y44         FDRE (Prop_fdre_C_Q)         0.456     3.479 f  design_1_i/poly_mul4096_two_bank_axis_0/inst/core/forward_butterfly_lane_a/multiplier/modulus_reg[29]/Q
                         net (fo=98, routed)          0.374     3.853    design_1_i/poly_mul4096_two_bank_axis_0/inst/core/forward_butterfly_lane_a/multiplier/p_0_in[30]
    SLICE_X54Y44         LUT1 (Prop_lut1_I0_O)        0.124     3.977 r  design_1_i/poly_mul4096_two_bank_axis_0/inst/core/forward_butterfly_lane_a/multiplier/x4_minus_q1_carry_i_1/O
                         net (fo=3, routed)           0.203     4.180    design_1_i/poly_mul4096_two_bank_axis_0/inst/core/forward_butterfly_lane_a/multiplier/x4_minus_q1_carry_i_1_n_0
    SLICE_X55Y44         CARRY4 (Prop_carry4_CYINIT_CO[2])
                                                      0.592     4.772 r  design_1_i/poly_mul4096_two_bank_axis_0/inst/core/forward_butterfly_lane_a/multiplier/x_reg[16]_i_9__1/CO[2]
                         net (fo=23, routed)          0.363     5.134    design_1_i/poly_mul4096_two_bank_axis_0/inst/core/forward_butterfly_lane_a/multiplier/x_reg[16]_i_9__1_n_1
    SLICE_X54Y45         CARRY4 (Prop_carry4_CYINIT_CO[2])
                                                      0.797     5.931 r  design_1_i/poly_mul4096_two_bank_axis_0/inst/core/forward_butterfly_lane_a/multiplier/x_reg[16]_i_8__1/CO[2]
                         net (fo=5, routed)           0.794     6.725    design_1_i/poly_mul4096_two_bank_axis_0/inst/core/forward_butterfly_lane_a/multiplier/x_reg[16]_i_8__1_n_1
    SLICE_X50Y50         CARRY4 (Prop_carry4_CYINIT_CO[2])
                                                      0.794     7.519 r  design_1_i/poly_mul4096_two_bank_axis_0/inst/core/forward_butterfly_lane_a/multiplier/x_reg[31]_i_21/CO[2]
                         net (fo=25, routed)          0.479     7.998    design_1_i/poly_mul4096_two_bank_axis_0/inst/core/forward_butterfly_lane_a/multiplier/x_reg[31]_i_21_n_1
    SLICE_X50Y51         CARRY4 (Prop_carry4_CYINIT_CO[3])
                                                      0.781     8.779 r  design_1_i/poly_mul4096_two_bank_axis_0/inst/core/forward_butterfly_lane_a/multiplier/x_reg[31]_i_20/CO[3]
                         net (fo=4, routed)           1.140     9.919    design_1_i/poly_mul4096_two_bank_axis_0/inst/core/forward_butterfly_lane_a/multiplier/x_reg[31]_i_20_n_0
    SLICE_X49Y52         LUT2 (Prop_lut2_I1_O)        0.124    10.043 r  design_1_i/poly_mul4096_two_bank_axis_0/inst/core/forward_butterfly_lane_a/multiplier/acc[31]_i_10/O
                         net (fo=1, routed)           0.000    10.043    design_1_i/poly_mul4096_two_bank_axis_0/inst/core/forward_butterfly_lane_a/multiplier/acc[31]_i_10_n_0
    SLICE_X49Y52         CARRY4 (Prop_carry4_S[1]_CO[1])
                                                      0.491    10.534 r  design_1_i/poly_mul4096_two_bank_axis_0/inst/core/forward_butterfly_lane_a/multiplier/acc_reg[31]_i_4__1/CO[1]
                         net (fo=32, routed)          0.898    11.432    design_1_i/poly_mul4096_two_bank_axis_0/inst/core/forward_butterfly_lane_a/multiplier/acc_reg[31]_i_4__1_n_2
    SLICE_X48Y48         LUT3 (Prop_lut3_I1_O)        0.329    11.761 r  design_1_i/poly_mul4096_two_bank_axis_0/inst/core/forward_butterfly_lane_a/multiplier/acc[9]_i_1__1/O
                         net (fo=2, routed)           0.656    12.417    design_1_i/poly_mul4096_two_bank_axis_0/inst/core/forward_butterfly_lane_a/multiplier/next_acc[9]
    SLICE_X49Y48         FDRE                                         r  design_1_i/poly_mul4096_two_bank_axis_0/inst/core/forward_butterfly_lane_a/multiplier/result_reg[9]/D
  -------------------------------------------------------------------    -------------------

                         (clock clk_fpga_0 rise edge)
                                                     10.000    10.000 r  
    PS7_X0Y0             PS7                          0.000    10.000 r  design_1_i/processing_system7_0/inst/PS7_i/FCLKCLK[0]
                         net (fo=1, routed)           1.088    11.088    design_1_i/processing_system7_0/inst/FCLK_CLK_unbuffered[0]
    BUFGCTRL_X0Y16       BUFG (Prop_bufg_I_O)         0.091    11.179 r  design_1_i/processing_system7_0/inst/buffer_fclk_clk_0.FCLK_CLK_0_BUFG/O
                         net (fo=8489, routed)        1.494    12.674    design_1_i/poly_mul4096_two_bank_axis_0/inst/core/forward_butterfly_lane_a/multiplier/clk
    SLICE_X49Y48         FDRE                                         r  design_1_i/poly_mul4096_two_bank_axis_0/inst/core/forward_butterfly_lane_a/multiplier/result_reg[9]/C
                         clock pessimism              0.129    12.802    
                         clock uncertainty           -0.154    12.648    
    SLICE_X49Y48         FDRE (Setup_fdre_C_D)       -0.103    12.545    design_1_i/poly_mul4096_two_bank_axis_0/inst/core/forward_butterfly_lane_a/multiplier/result_reg[9]
  -------------------------------------------------------------------
                         required time                         12.545    
                         arrival time                         -12.417    
  -------------------------------------------------------------------
                         slack                                  0.129    

Slack (MET) :             0.150ns  (required time - arrival time)
  Source:                 design_1_i/poly_mul4096_two_bank_axis_0/inst/core/forward_butterfly_lane_a/multiplier/modulus_reg[29]/C
                            (rising edge-triggered cell FDRE clocked by clk_fpga_0  {rise@0.000ns fall@5.000ns period=10.000ns})
  Destination:            design_1_i/poly_mul4096_two_bank_axis_0/inst/core/forward_butterfly_lane_a/multiplier/acc_reg[9]/D
                            (rising edge-triggered cell FDRE clocked by clk_fpga_0  {rise@0.000ns fall@5.000ns period=10.000ns})
  Path Group:             clk_fpga_0
  Path Type:              Setup (Max at Slow Process Corner)
  Requirement:            10.000ns  (clk_fpga_0 rise@10.000ns - clk_fpga_0 rise@0.000ns)
  Data Path Delay:        9.394ns  (logic 4.488ns (47.773%)  route 4.906ns (52.227%))
  Logic Levels:           8  (CARRY4=5 LUT1=1 LUT2=1 LUT3=1)
  Clock Path Skew:        -0.221ns (DCD - SCD + CPR)
    Destination Clock Delay (DCD):    2.673ns = ( 12.674 - 10.000 ) 
    Source Clock Delay      (SCD):    3.023ns
    Clock Pessimism Removal (CPR):    0.129ns
  Clock Uncertainty:      0.154ns  ((TSJ^2 + TIJ^2)^1/2 + DJ) / 2 + PE
    Total System Jitter     (TSJ):    0.071ns
    Total Input Jitter      (TIJ):    0.300ns
    Discrete Jitter          (DJ):    0.000ns
    Phase Error              (PE):    0.000ns

    Location             Delay type                Incr(ns)  Path(ns)    Netlist Resource(s)
  -------------------------------------------------------------------    -------------------
                         (clock clk_fpga_0 rise edge)
                                                      0.000     0.000 r  
    PS7_X0Y0             PS7                          0.000     0.000 r  design_1_i/processing_system7_0/inst/PS7_i/FCLKCLK[0]
                         net (fo=1, routed)           1.193     1.193    design_1_i/processing_system7_0/inst/FCLK_CLK_unbuffered[0]
    BUFGCTRL_X0Y16       BUFG (Prop_bufg_I_O)         0.101     1.294 r  design_1_i/processing_system7_0/inst/buffer_fclk_clk_0.FCLK_CLK_0_BUFG/O
                         net (fo=8489, routed)        1.729     3.023    design_1_i/poly_mul4096_two_bank_axis_0/inst/core/forward_butterfly_lane_a/multiplier/clk
    SLICE_X57Y44         FDRE                                         r  design_1_i/poly_mul4096_two_bank_axis_0/inst/core/forward_butterfly_lane_a/multiplier/modulus_reg[29]/C
  -------------------------------------------------------------------    -------------------
    SLICE_X57Y44         FDRE (Prop_fdre_C_Q)         0.456     3.479 f  design_1_i/poly_mul4096_two_bank_axis_0/inst/core/forward_butterfly_lane_a/multiplier/modulus_reg[29]/Q
                         net (fo=98, routed)          0.374     3.853    design_1_i/poly_mul4096_two_bank_axis_0/inst/core/forward_butterfly_lane_a/multiplier/p_0_in[30]
    SLICE_X54Y44         LUT1 (Prop_lut1_I0_O)        0.124     3.977 r  design_1_i/poly_mul4096_two_bank_axis_0/inst/core/forward_butterfly_lane_a/multiplier/x4_minus_q1_carry_i_1/O
                         net (fo=3, routed)           0.203     4.180    design_1_i/poly_mul4096_two_bank_axis_0/inst/core/forward_butterfly_lane_a/multiplier/x4_minus_q1_carry_i_1_n_0
    SLICE_X55Y44         CARRY4 (Prop_carry4_CYINIT_CO[2])
                                                      0.592     4.772 r  design_1_i/poly_mul4096_two_bank_axis_0/inst/core/forward_butterfly_lane_a/multiplier/x_reg[16]_i_9__1/CO[2]
                         net (fo=23, routed)          0.363     5.134    design_1_i/poly_mul4096_two_bank_axis_0/inst/core/forward_butterfly_lane_a/multiplier/x_reg[16]_i_9__1_n_1
    SLICE_X54Y45         CARRY4 (Prop_carry4_CYINIT_CO[2])
                                                      0.797     5.931 r  design_1_i/poly_mul4096_two_bank_axis_0/inst/core/forward_butterfly_lane_a/multiplier/x_reg[16]_i_8__1/CO[2]
                         net (fo=5, routed)           0.794     6.725    design_1_i/poly_mul4096_two_bank_axis_0/inst/core/forward_butterfly_lane_a/multiplier/x_reg[16]_i_8__1_n_1
    SLICE_X50Y50         CARRY4 (Prop_carry4_CYINIT_CO[2])
                                                      0.794     7.519 r  design_1_i/poly_mul4096_two_bank_axis_0/inst/core/forward_butterfly_lane_a/multiplier/x_reg[31]_i_21/CO[2]
                         net (fo=25, routed)          0.479     7.998    design_1_i/poly_mul4096_two_bank_axis_0/inst/core/forward_butterfly_lane_a/multiplier/x_reg[31]_i_21_n_1
    SLICE_X50Y51         CARRY4 (Prop_carry4_CYINIT_CO[3])
                                                      0.781     8.779 r  design_1_i/poly_mul4096_two_bank_axis_0/inst/core/forward_butterfly_lane_a/multiplier/x_reg[31]_i_20/CO[3]
                         net (fo=4, routed)           1.140     9.919    design_1_i/poly_mul4096_two_bank_axis_0/inst/core/forward_butterfly_lane_a/multiplier/x_reg[31]_i_20_n_0
    SLICE_X49Y52         LUT2 (Prop_lut2_I1_O)        0.124    10.043 r  design_1_i/poly_mul4096_two_bank_axis_0/inst/core/forward_butterfly_lane_a/multiplier/acc[31]_i_10/O
                         net (fo=1, routed)           0.000    10.043    design_1_i/poly_mul4096_two_bank_axis_0/inst/core/forward_butterfly_lane_a/multiplier/acc[31]_i_10_n_0
    SLICE_X49Y52         CARRY4 (Prop_carry4_S[1]_CO[1])
                                                      0.491    10.534 r  design_1_i/poly_mul4096_two_bank_axis_0/inst/core/forward_butterfly_lane_a/multiplier/acc_reg[31]_i_4__1/CO[1]
                         net (fo=32, routed)          0.898    11.432    design_1_i/poly_mul4096_two_bank_axis_0/inst/core/forward_butterfly_lane_a/multiplier/acc_reg[31]_i_4__1_n_2
    SLICE_X48Y48         LUT3 (Prop_lut3_I1_O)        0.329    11.761 r  design_1_i/poly_mul4096_two_bank_axis_0/inst/core/forward_butterfly_lane_a/multiplier/acc[9]_i_1__1/O
                         net (fo=2, routed)           0.657    12.417    design_1_i/poly_mul4096_two_bank_axis_0/inst/core/forward_butterfly_lane_a/multiplier/next_acc[9]
    SLICE_X48Y48         FDRE                                         r  design_1_i/poly_mul4096_two_bank_axis_0/inst/core/forward_butterfly_lane_a/multiplier/acc_reg[9]/D
  -------------------------------------------------------------------    -------------------

                         (clock clk_fpga_0 rise edge)
                                                     10.000    10.000 r  
    PS7_X0Y0             PS7                          0.000    10.000 r  design_1_i/processing_system7_0/inst/PS7_i/FCLKCLK[0]
                         net (fo=1, routed)           1.088    11.088    design_1_i/processing_system7_0/inst/FCLK_CLK_unbuffered[0]
    BUFGCTRL_X0Y16       BUFG (Prop_bufg_I_O)         0.091    11.179 r  design_1_i/processing_system7_0/inst/buffer_fclk_clk_0.FCLK_CLK_0_BUFG/O
                         net (fo=8489, routed)        1.494    12.674    design_1_i/poly_mul4096_two_bank_axis_0/inst/core/forward_butterfly_lane_a/multiplier/clk
    SLICE_X48Y48         FDRE                                         r  design_1_i/poly_mul4096_two_bank_axis_0/inst/core/forward_butterfly_lane_a/multiplier/acc_reg[9]/C
                         clock pessimism              0.129    12.802    
                         clock uncertainty           -0.154    12.648    
    SLICE_X48Y48         FDRE (Setup_fdre_C_D)       -0.081    12.567    design_1_i/poly_mul4096_two_bank_axis_0/inst/core/forward_butterfly_lane_a/multiplier/acc_reg[9]
  -------------------------------------------------------------------
                         required time                         12.567    
                         arrival time                         -12.417    
  -------------------------------------------------------------------
                         slack                                  0.150    

Slack (MET) :             0.161ns  (required time - arrival time)
  Source:                 design_1_i/poly_mul4096_two_bank_axis_0/inst/core/forward_butterfly_lane_a/multiplier/modulus_reg[29]/C
                            (rising edge-triggered cell FDRE clocked by clk_fpga_0  {rise@0.000ns fall@5.000ns period=10.000ns})
  Destination:            design_1_i/poly_mul4096_two_bank_axis_0/inst/core/forward_butterfly_lane_a/multiplier/acc_reg[25]/D
                            (rising edge-triggered cell FDRE clocked by clk_fpga_0  {rise@0.000ns fall@5.000ns period=10.000ns})
  Path Group:             clk_fpga_0
  Path Type:              Setup (Max at Slow Process Corner)
  Requirement:            10.000ns  (clk_fpga_0 rise@10.000ns - clk_fpga_0 rise@0.000ns)
  Data Path Delay:        9.325ns  (logic 4.488ns (48.129%)  route 4.837ns (51.871%))
  Logic Levels:           8  (CARRY4=5 LUT1=1 LUT2=1 LUT3=1)
  Clock Path Skew:        -0.252ns (DCD - SCD + CPR)
    Destination Clock Delay (DCD):    2.656ns = ( 12.656 - 10.000 ) 
    Source Clock Delay      (SCD):    3.023ns
    Clock Pessimism Removal (CPR):    0.115ns
  Clock Uncertainty:      0.154ns  ((TSJ^2 + TIJ^2)^1/2 + DJ) / 2 + PE
    Total System Jitter     (TSJ):    0.071ns
    Total Input Jitter      (TIJ):    0.300ns
    Discrete Jitter          (DJ):    0.000ns
    Phase Error              (PE):    0.000ns

    Location             Delay type                Incr(ns)  Path(ns)    Netlist Resource(s)
  -------------------------------------------------------------------    -------------------
                         (clock clk_fpga_0 rise edge)
                                                      0.000     0.000 r  
    PS7_X0Y0             PS7                          0.000     0.000 r  design_1_i/processing_system7_0/inst/PS7_i/FCLKCLK[0]
                         net (fo=1, routed)           1.193     1.193    design_1_i/processing_system7_0/inst/FCLK_CLK_unbuffered[0]
    BUFGCTRL_X0Y16       BUFG (Prop_bufg_I_O)         0.101     1.294 r  design_1_i/processing_system7_0/inst/buffer_fclk_clk_0.FCLK_CLK_0_BUFG/O
                         net (fo=8489, routed)        1.729     3.023    design_1_i/poly_mul4096_two_bank_axis_0/inst/core/forward_butterfly_lane_a/multiplier/clk
    SLICE_X57Y44         FDRE                                         r  design_1_i/poly_mul4096_two_bank_axis_0/inst/core/forward_butterfly_lane_a/multiplier/modulus_reg[29]/C
  -------------------------------------------------------------------    -------------------
    SLICE_X57Y44         FDRE (Prop_fdre_C_Q)         0.456     3.479 f  design_1_i/poly_mul4096_two_bank_axis_0/inst/core/forward_butterfly_lane_a/multiplier/modulus_reg[29]/Q
                         net (fo=98, routed)          0.374     3.853    design_1_i/poly_mul4096_two_bank_axis_0/inst/core/forward_butterfly_lane_a/multiplier/p_0_in[30]
    SLICE_X54Y44         LUT1 (Prop_lut1_I0_O)        0.124     3.977 r  design_1_i/poly_mul4096_two_bank_axis_0/inst/core/forward_butterfly_lane_a/multiplier/x4_minus_q1_carry_i_1/O
                         net (fo=3, routed)           0.203     4.180    design_1_i/poly_mul4096_two_bank_axis_0/inst/core/forward_butterfly_lane_a/multiplier/x4_minus_q1_carry_i_1_n_0
    SLICE_X55Y44         CARRY4 (Prop_carry4_CYINIT_CO[2])
                                                      0.592     4.772 r  design_1_i/poly_mul4096_two_bank_axis_0/inst/core/forward_butterfly_lane_a/multiplier/x_reg[16]_i_9__1/CO[2]
                         net (fo=23, routed)          0.363     5.134    design_1_i/poly_mul4096_two_bank_axis_0/inst/core/forward_butterfly_lane_a/multiplier/x_reg[16]_i_9__1_n_1
    SLICE_X54Y45         CARRY4 (Prop_carry4_CYINIT_CO[2])
                                                      0.797     5.931 r  design_1_i/poly_mul4096_two_bank_axis_0/inst/core/forward_butterfly_lane_a/multiplier/x_reg[16]_i_8__1/CO[2]
                         net (fo=5, routed)           0.794     6.725    design_1_i/poly_mul4096_two_bank_axis_0/inst/core/forward_butterfly_lane_a/multiplier/x_reg[16]_i_8__1_n_1
    SLICE_X50Y50         CARRY4 (Prop_carry4_CYINIT_CO[2])
                                                      0.794     7.519 r  design_1_i/poly_mul4096_two_bank_axis_0/inst/core/forward_butterfly_lane_a/multiplier/x_reg[31]_i_21/CO[2]
                         net (fo=25, routed)          0.479     7.998    design_1_i/poly_mul4096_two_bank_axis_0/inst/core/forward_butterfly_lane_a/multiplier/x_reg[31]_i_21_n_1
    SLICE_X50Y51         CARRY4 (Prop_carry4_CYINIT_CO[3])
                                                      0.781     8.779 r  design_1_i/poly_mul4096_two_bank_axis_0/inst/core/forward_butterfly_lane_a/multiplier/x_reg[31]_i_20/CO[3]
                         net (fo=4, routed)           1.140     9.919    design_1_i/poly_mul4096_two_bank_axis_0/inst/core/forward_butterfly_lane_a/multiplier/x_reg[31]_i_20_n_0
    SLICE_X49Y52         LUT2 (Prop_lut2_I1_O)        0.124    10.043 r  design_1_i/poly_mul4096_two_bank_axis_0/inst/core/forward_butterfly_lane_a/multiplier/acc[31]_i_10/O
                         net (fo=1, routed)           0.000    10.043    design_1_i/poly_mul4096_two_bank_axis_0/inst/core/forward_butterfly_lane_a/multiplier/acc[31]_i_10_n_0
    SLICE_X49Y52         CARRY4 (Prop_carry4_S[1]_CO[1])
                                                      0.491    10.534 r  design_1_i/poly_mul4096_two_bank_axis_0/inst/core/forward_butterfly_lane_a/multiplier/acc_reg[31]_i_4__1/CO[1]
                         net (fo=32, routed)          0.831    11.366    design_1_i/poly_mul4096_two_bank_axis_0/inst/core/forward_butterfly_lane_a/multiplier/acc_reg[31]_i_4__1_n_2
    SLICE_X49Y53         LUT3 (Prop_lut3_I1_O)        0.329    11.695 r  design_1_i/poly_mul4096_two_bank_axis_0/inst/core/forward_butterfly_lane_a/multiplier/acc[25]_i_1__1/O
                         net (fo=2, routed)           0.653    12.348    design_1_i/poly_mul4096_two_bank_axis_0/inst/core/forward_butterfly_lane_a/multiplier/next_acc[25]
    SLICE_X48Y53         FDRE                                         r  design_1_i/poly_mul4096_two_bank_axis_0/inst/core/forward_butterfly_lane_a/multiplier/acc_reg[25]/D
  -------------------------------------------------------------------    -------------------

                         (clock clk_fpga_0 rise edge)
                                                     10.000    10.000 r  
    PS7_X0Y0             PS7                          0.000    10.000 r  design_1_i/processing_system7_0/inst/PS7_i/FCLKCLK[0]
                         net (fo=1, routed)           1.088    11.088    design_1_i/processing_system7_0/inst/FCLK_CLK_unbuffered[0]
    BUFGCTRL_X0Y16       BUFG (Prop_bufg_I_O)         0.091    11.179 r  design_1_i/processing_system7_0/inst/buffer_fclk_clk_0.FCLK_CLK_0_BUFG/O
                         net (fo=8489, routed)        1.477    12.656    design_1_i/poly_mul4096_two_bank_axis_0/inst/core/forward_butterfly_lane_a/multiplier/clk
    SLICE_X48Y53         FDRE                                         r  design_1_i/poly_mul4096_two_bank_axis_0/inst/core/forward_butterfly_lane_a/multiplier/acc_reg[25]/C
                         clock pessimism              0.115    12.771    
                         clock uncertainty           -0.154    12.617    
    SLICE_X48Y53         FDRE (Setup_fdre_C_D)       -0.108    12.509    design_1_i/poly_mul4096_two_bank_axis_0/inst/core/forward_butterfly_lane_a/multiplier/acc_reg[25]
  -------------------------------------------------------------------
                         required time                         12.509    
                         arrival time                         -12.348    
  -------------------------------------------------------------------
                         slack                                  0.161    

Slack (MET) :             0.183ns  (required time - arrival time)
  Source:                 design_1_i/poly_mul4096_two_bank_axis_0/inst/core/forward_butterfly_lane_a/multiplier/modulus_reg[29]/C
                            (rising edge-triggered cell FDRE clocked by clk_fpga_0  {rise@0.000ns fall@5.000ns period=10.000ns})
  Destination:            design_1_i/poly_mul4096_two_bank_axis_0/inst/core/forward_butterfly_lane_a/multiplier/result_reg[18]/D
                            (rising edge-triggered cell FDRE clocked by clk_fpga_0  {rise@0.000ns fall@5.000ns period=10.000ns})
  Path Group:             clk_fpga_0
  Path Type:              Setup (Max at Slow Process Corner)
  Requirement:            10.000ns  (clk_fpga_0 rise@10.000ns - clk_fpga_0 rise@0.000ns)
  Data Path Delay:        9.344ns  (logic 4.488ns (48.030%)  route 4.856ns (51.970%))
  Logic Levels:           8  (CARRY4=5 LUT1=1 LUT2=1 LUT3=1)
  Clock Path Skew:        -0.251ns (DCD - SCD + CPR)
    Destination Clock Delay (DCD):    2.657ns = ( 12.657 - 10.000 ) 
    Source Clock Delay      (SCD):    3.023ns
    Clock Pessimism Removal (CPR):    0.115ns
  Clock Uncertainty:      0.154ns  ((TSJ^2 + TIJ^2)^1/2 + DJ) / 2 + PE
    Total System Jitter     (TSJ):    0.071ns
    Total Input Jitter      (TIJ):    0.300ns
    Discrete Jitter          (DJ):    0.000ns
    Phase Error              (PE):    0.000ns

    Location             Delay type                Incr(ns)  Path(ns)    Netlist Resource(s)
  -------------------------------------------------------------------    -------------------
                         (clock clk_fpga_0 rise edge)
                                                      0.000     0.000 r  
    PS7_X0Y0             PS7                          0.000     0.000 r  design_1_i/processing_system7_0/inst/PS7_i/FCLKCLK[0]
                         net (fo=1, routed)           1.193     1.193    design_1_i/processing_system7_0/inst/FCLK_CLK_unbuffered[0]
    BUFGCTRL_X0Y16       BUFG (Prop_bufg_I_O)         0.101     1.294 r  design_1_i/processing_system7_0/inst/buffer_fclk_clk_0.FCLK_CLK_0_BUFG/O
                         net (fo=8489, routed)        1.729     3.023    design_1_i/poly_mul4096_two_bank_axis_0/inst/core/forward_butterfly_lane_a/multiplier/clk
    SLICE_X57Y44         FDRE                                         r  design_1_i/poly_mul4096_two_bank_axis_0/inst/core/forward_butterfly_lane_a/multiplier/modulus_reg[29]/C
  -------------------------------------------------------------------    -------------------
    SLICE_X57Y44         FDRE (Prop_fdre_C_Q)         0.456     3.479 f  design_1_i/poly_mul4096_two_bank_axis_0/inst/core/forward_butterfly_lane_a/multiplier/modulus_reg[29]/Q
                         net (fo=98, routed)          0.374     3.853    design_1_i/poly_mul4096_two_bank_axis_0/inst/core/forward_butterfly_lane_a/multiplier/p_0_in[30]
    SLICE_X54Y44         LUT1 (Prop_lut1_I0_O)        0.124     3.977 r  design_1_i/poly_mul4096_two_bank_axis_0/inst/core/forward_butterfly_lane_a/multiplier/x4_minus_q1_carry_i_1/O
                         net (fo=3, routed)           0.203     4.180    design_1_i/poly_mul4096_two_bank_axis_0/inst/core/forward_butterfly_lane_a/multiplier/x4_minus_q1_carry_i_1_n_0
    SLICE_X55Y44         CARRY4 (Prop_carry4_CYINIT_CO[2])
                                                      0.592     4.772 r  design_1_i/poly_mul4096_two_bank_axis_0/inst/core/forward_butterfly_lane_a/multiplier/x_reg[16]_i_9__1/CO[2]
                         net (fo=23, routed)          0.363     5.134    design_1_i/poly_mul4096_two_bank_axis_0/inst/core/forward_butterfly_lane_a/multiplier/x_reg[16]_i_9__1_n_1
    SLICE_X54Y45         CARRY4 (Prop_carry4_CYINIT_CO[2])
                                                      0.797     5.931 r  design_1_i/poly_mul4096_two_bank_axis_0/inst/core/forward_butterfly_lane_a/multiplier/x_reg[16]_i_8__1/CO[2]
                         net (fo=5, routed)           0.794     6.725    design_1_i/poly_mul4096_two_bank_axis_0/inst/core/forward_butterfly_lane_a/multiplier/x_reg[16]_i_8__1_n_1
    SLICE_X50Y50         CARRY4 (Prop_carry4_CYINIT_CO[2])
                                                      0.794     7.519 r  design_1_i/poly_mul4096_two_bank_axis_0/inst/core/forward_butterfly_lane_a/multiplier/x_reg[31]_i_21/CO[2]
                         net (fo=25, routed)          0.479     7.998    design_1_i/poly_mul4096_two_bank_axis_0/inst/core/forward_butterfly_lane_a/multiplier/x_reg[31]_i_21_n_1
    SLICE_X50Y51         CARRY4 (Prop_carry4_CYINIT_CO[3])
                                                      0.781     8.779 r  design_1_i/poly_mul4096_two_bank_axis_0/inst/core/forward_butterfly_lane_a/multiplier/x_reg[31]_i_20/CO[3]
                         net (fo=4, routed)           1.140     9.919    design_1_i/poly_mul4096_two_bank_axis_0/inst/core/forward_butterfly_lane_a/multiplier/x_reg[31]_i_20_n_0
    SLICE_X49Y52         LUT2 (Prop_lut2_I1_O)        0.124    10.043 r  design_1_i/poly_mul4096_two_bank_axis_0/inst/core/forward_butterfly_lane_a/multiplier/acc[31]_i_10/O
                         net (fo=1, routed)           0.000    10.043    design_1_i/poly_mul4096_two_bank_axis_0/inst/core/forward_butterfly_lane_a/multiplier/acc[31]_i_10_n_0
    SLICE_X49Y52         CARRY4 (Prop_carry4_S[1]_CO[1])
                                                      0.491    10.534 r  design_1_i/poly_mul4096_two_bank_axis_0/inst/core/forward_butterfly_lane_a/multiplier/acc_reg[31]_i_4__1/CO[1]
                         net (fo=32, routed)          0.747    11.281    design_1_i/poly_mul4096_two_bank_axis_0/inst/core/forward_butterfly_lane_a/multiplier/acc_reg[31]_i_4__1_n_2
    SLICE_X48Y50         LUT3 (Prop_lut3_I1_O)        0.329    11.610 r  design_1_i/poly_mul4096_two_bank_axis_0/inst/core/forward_butterfly_lane_a/multiplier/acc[18]_i_1__1/O
                         net (fo=2, routed)           0.757    12.367    design_1_i/poly_mul4096_two_bank_axis_0/inst/core/forward_butterfly_lane_a/multiplier/next_acc[18]
    SLICE_X48Y50         FDRE                                         r  design_1_i/poly_mul4096_two_bank_axis_0/inst/core/forward_butterfly_lane_a/multiplier/result_reg[18]/D
  -------------------------------------------------------------------    -------------------

                         (clock clk_fpga_0 rise edge)
                                                     10.000    10.000 r  
    PS7_X0Y0             PS7                          0.000    10.000 r  design_1_i/processing_system7_0/inst/PS7_i/FCLKCLK[0]
                         net (fo=1, routed)           1.088    11.088    design_1_i/processing_system7_0/inst/FCLK_CLK_unbuffered[0]
    BUFGCTRL_X0Y16       BUFG (Prop_bufg_I_O)         0.091    11.179 r  design_1_i/processing_system7_0/inst/buffer_fclk_clk_0.FCLK_CLK_0_BUFG/O
                         net (fo=8489, routed)        1.478    12.657    design_1_i/poly_mul4096_two_bank_axis_0/inst/core/forward_butterfly_lane_a/multiplier/clk
    SLICE_X48Y50         FDRE                                         r  design_1_i/poly_mul4096_two_bank_axis_0/inst/core/forward_butterfly_lane_a/multiplier/result_reg[18]/C
                         clock pessimism              0.115    12.772    
                         clock uncertainty           -0.154    12.618    
    SLICE_X48Y50         FDRE (Setup_fdre_C_D)       -0.067    12.551    design_1_i/poly_mul4096_two_bank_axis_0/inst/core/forward_butterfly_lane_a/multiplier/result_reg[18]
  -------------------------------------------------------------------
                         required time                         12.551    
                         arrival time                         -12.367    
  -------------------------------------------------------------------
                         slack                                  0.183    

Slack (MET) :             0.206ns  (required time - arrival time)
  Source:                 design_1_i/poly_mul4096_two_bank_axis_0/inst/core/preprocessing_lane_b/modulus_reg[29]/C
                            (rising edge-triggered cell FDRE clocked by clk_fpga_0  {rise@0.000ns fall@5.000ns period=10.000ns})
  Destination:            design_1_i/poly_mul4096_two_bank_axis_0/inst/core/preprocessing_lane_b/acc_reg[19]/D
                            (rising edge-triggered cell FDRE clocked by clk_fpga_0  {rise@0.000ns fall@5.000ns period=10.000ns})
  Path Group:             clk_fpga_0
  Path Type:              Setup (Max at Slow Process Corner)
  Requirement:            10.000ns  (clk_fpga_0 rise@10.000ns - clk_fpga_0 rise@0.000ns)
  Data Path Delay:        9.515ns  (logic 4.447ns (46.738%)  route 5.068ns (53.262%))
  Logic Levels:           8  (CARRY4=5 LUT1=1 LUT2=1 LUT3=1)
  Clock Path Skew:        -0.067ns (DCD - SCD + CPR)
    Destination Clock Delay (DCD):    2.704ns = ( 12.704 - 10.000 ) 
    Source Clock Delay      (SCD):    3.000ns
    Clock Pessimism Removal (CPR):    0.229ns
  Clock Uncertainty:      0.154ns  ((TSJ^2 + TIJ^2)^1/2 + DJ) / 2 + PE
    Total System Jitter     (TSJ):    0.071ns
    Total Input Jitter      (TIJ):    0.300ns
    Discrete Jitter          (DJ):    0.000ns
    Phase Error              (PE):    0.000ns

    Location             Delay type                Incr(ns)  Path(ns)    Netlist Resource(s)
  -------------------------------------------------------------------    -------------------
                         (clock clk_fpga_0 rise edge)
                                                      0.000     0.000 r  
    PS7_X0Y0             PS7                          0.000     0.000 r  design_1_i/processing_system7_0/inst/PS7_i/FCLKCLK[0]
                         net (fo=1, routed)           1.193     1.193    design_1_i/processing_system7_0/inst/FCLK_CLK_unbuffered[0]
    BUFGCTRL_X0Y16       BUFG (Prop_bufg_I_O)         0.101     1.294 r  design_1_i/processing_system7_0/inst/buffer_fclk_clk_0.FCLK_CLK_0_BUFG/O
                         net (fo=8489, routed)        1.706     3.000    design_1_i/poly_mul4096_two_bank_axis_0/inst/core/preprocessing_lane_b/clk
    SLICE_X61Y66         FDRE                                         r  design_1_i/poly_mul4096_two_bank_axis_0/inst/core/preprocessing_lane_b/modulus_reg[29]/C
  -------------------------------------------------------------------    -------------------
    SLICE_X61Y66         FDRE (Prop_fdre_C_Q)         0.456     3.456 f  design_1_i/poly_mul4096_two_bank_axis_0/inst/core/preprocessing_lane_b/modulus_reg[29]/Q
                         net (fo=98, routed)          0.353     3.809    design_1_i/poly_mul4096_two_bank_axis_0/inst/core/preprocessing_lane_b/p_0_in[30]
    SLICE_X61Y66         LUT1 (Prop_lut1_I0_O)        0.124     3.933 r  design_1_i/poly_mul4096_two_bank_axis_0/inst/core/preprocessing_lane_b/x[4]_i_4__0/O
                         net (fo=3, routed)           0.487     4.419    design_1_i/poly_mul4096_two_bank_axis_0/inst/core/preprocessing_lane_b/x[4]_i_4__0_n_0
    SLICE_X61Y65         CARRY4 (Prop_carry4_CYINIT_CO[2])
                                                      0.592     5.011 r  design_1_i/poly_mul4096_two_bank_axis_0/inst/core/preprocessing_lane_b/x_reg[16]_i_9__0/CO[2]
                         net (fo=23, routed)          0.214     5.226    design_1_i/poly_mul4096_two_bank_axis_0/inst/core/preprocessing_lane_b/x_reg[16]_i_9__0_n_1
    SLICE_X60Y65         CARRY4 (Prop_carry4_CYINIT_CO[2])
                                                      0.781     6.007 r  design_1_i/poly_mul4096_two_bank_axis_0/inst/core/preprocessing_lane_b/x_reg[16]_i_8__0/CO[2]
                         net (fo=5, routed)           0.791     6.798    design_1_i/poly_mul4096_two_bank_axis_0/inst/core/preprocessing_lane_b/x_reg[16]_i_8__0_n_1
    SLICE_X57Y69         CARRY4 (Prop_carry4_CYINIT_CO[2])
                                                      0.781     7.579 r  design_1_i/poly_mul4096_two_bank_axis_0/inst/core/preprocessing_lane_b/x_reg[31]_i_18__0/CO[2]
                         net (fo=25, routed)          0.685     8.264    design_1_i/poly_mul4096_two_bank_axis_0/inst/core/preprocessing_lane_b/x_reg[31]_i_18__0_n_1
    SLICE_X57Y74         CARRY4 (Prop_carry4_CYINIT_CO[3])
                                                      0.769     9.033 r  design_1_i/poly_mul4096_two_bank_axis_0/inst/core/preprocessing_lane_b/x_reg[31]_i_17__0/CO[3]
                         net (fo=4, routed)           0.910     9.942    design_1_i/poly_mul4096_two_bank_axis_0/inst/core/preprocessing_lane_b/x_reg[31]_i_17__0_n_0
    SLICE_X60Y74         LUT2 (Prop_lut2_I1_O)        0.124    10.066 r  design_1_i/poly_mul4096_two_bank_axis_0/inst/core/preprocessing_lane_b/acc[31]_i_12__0/O
                         net (fo=1, routed)           0.000    10.066    design_1_i/poly_mul4096_two_bank_axis_0/inst/core/preprocessing_lane_b/acc[31]_i_12__0_n_0
    SLICE_X60Y74         CARRY4 (Prop_carry4_S[1]_CO[1])
                                                      0.491    10.557 r  design_1_i/poly_mul4096_two_bank_axis_0/inst/core/preprocessing_lane_b/acc_reg[31]_i_4__0/CO[1]
                         net (fo=32, routed)          0.842    11.400    design_1_i/poly_mul4096_two_bank_axis_0/inst/core/preprocessing_lane_b/acc_reg[31]_i_4__0_n_2
    SLICE_X57Y71         LUT3 (Prop_lut3_I1_O)        0.329    11.729 r  design_1_i/poly_mul4096_two_bank_axis_0/inst/core/preprocessing_lane_b/acc[19]_i_1__0/O
                         net (fo=2, routed)           0.786    12.515    design_1_i/poly_mul4096_two_bank_axis_0/inst/core/preprocessing_lane_b/next_acc[19]
    SLICE_X58Y71         FDRE                                         r  design_1_i/poly_mul4096_two_bank_axis_0/inst/core/preprocessing_lane_b/acc_reg[19]/D
  -------------------------------------------------------------------    -------------------

                         (clock clk_fpga_0 rise edge)
                                                     10.000    10.000 r  
    PS7_X0Y0             PS7                          0.000    10.000 r  design_1_i/processing_system7_0/inst/PS7_i/FCLKCLK[0]
                         net (fo=1, routed)           1.088    11.088    design_1_i/processing_system7_0/inst/FCLK_CLK_unbuffered[0]
    BUFGCTRL_X0Y16       BUFG (Prop_bufg_I_O)         0.091    11.179 r  design_1_i/processing_system7_0/inst/buffer_fclk_clk_0.FCLK_CLK_0_BUFG/O
                         net (fo=8489, routed)        1.525    12.704    design_1_i/poly_mul4096_two_bank_axis_0/inst/core/preprocessing_lane_b/clk
    SLICE_X58Y71         FDRE                                         r  design_1_i/poly_mul4096_two_bank_axis_0/inst/core/preprocessing_lane_b/acc_reg[19]/C
                         clock pessimism              0.229    12.933    
                         clock uncertainty           -0.154    12.779    
    SLICE_X58Y71         FDRE (Setup_fdre_C_D)       -0.058    12.721    design_1_i/poly_mul4096_two_bank_axis_0/inst/core/preprocessing_lane_b/acc_reg[19]
  -------------------------------------------------------------------
                         required time                         12.721    
                         arrival time                         -12.515    
  -------------------------------------------------------------------
                         slack                                  0.206    

Slack (MET) :             0.216ns  (required time - arrival time)
  Source:                 design_1_i/poly_mul4096_two_bank_axis_0/inst/core/inverse_butterfly/multiplier/modulus_reg[29]/C
                            (rising edge-triggered cell FDRE clocked by clk_fpga_0  {rise@0.000ns fall@5.000ns period=10.000ns})
  Destination:            design_1_i/poly_mul4096_two_bank_axis_0/inst/core/inverse_butterfly/multiplier/acc_reg[4]/D
                            (rising edge-triggered cell FDRE clocked by clk_fpga_0  {rise@0.000ns fall@5.000ns period=10.000ns})
  Path Group:             clk_fpga_0
  Path Type:              Setup (Max at Slow Process Corner)
  Requirement:            10.000ns  (clk_fpga_0 rise@10.000ns - clk_fpga_0 rise@0.000ns)
  Data Path Delay:        9.501ns  (logic 4.447ns (46.804%)  route 5.054ns (53.196%))
  Logic Levels:           8  (CARRY4=5 LUT1=1 LUT2=1 LUT3=1)
  Clock Path Skew:        -0.025ns (DCD - SCD + CPR)
    Destination Clock Delay (DCD):    2.731ns = ( 12.731 - 10.000 ) 
    Source Clock Delay      (SCD):    3.021ns
    Clock Pessimism Removal (CPR):    0.265ns
  Clock Uncertainty:      0.154ns  ((TSJ^2 + TIJ^2)^1/2 + DJ) / 2 + PE
    Total System Jitter     (TSJ):    0.071ns
    Total Input Jitter      (TIJ):    0.300ns
    Discrete Jitter          (DJ):    0.000ns
    Phase Error              (PE):    0.000ns

    Location             Delay type                Incr(ns)  Path(ns)    Netlist Resource(s)
  -------------------------------------------------------------------    -------------------
                         (clock clk_fpga_0 rise edge)
                                                      0.000     0.000 r  
    PS7_X0Y0             PS7                          0.000     0.000 r  design_1_i/processing_system7_0/inst/PS7_i/FCLKCLK[0]
                         net (fo=1, routed)           1.193     1.193    design_1_i/processing_system7_0/inst/FCLK_CLK_unbuffered[0]
    BUFGCTRL_X0Y16       BUFG (Prop_bufg_I_O)         0.101     1.294 r  design_1_i/processing_system7_0/inst/buffer_fclk_clk_0.FCLK_CLK_0_BUFG/O
                         net (fo=8489, routed)        1.727     3.021    design_1_i/poly_mul4096_two_bank_axis_0/inst/core/inverse_butterfly/multiplier/clk
    SLICE_X74Y34         FDRE                                         r  design_1_i/poly_mul4096_two_bank_axis_0/inst/core/inverse_butterfly/multiplier/modulus_reg[29]/C
  -------------------------------------------------------------------    -------------------
    SLICE_X74Y34         FDRE (Prop_fdre_C_Q)         0.456     3.477 f  design_1_i/poly_mul4096_two_bank_axis_0/inst/core/inverse_butterfly/multiplier/modulus_reg[29]/Q
                         net (fo=98, routed)          0.359     3.836    design_1_i/poly_mul4096_two_bank_axis_0/inst/core/inverse_butterfly/multiplier/p_0_in[30]
    SLICE_X74Y33         LUT1 (Prop_lut1_I0_O)        0.124     3.960 r  design_1_i/poly_mul4096_two_bank_axis_0/inst/core/inverse_butterfly/multiplier/x[4]_i_4__2/O
                         net (fo=3, routed)           0.342     4.302    design_1_i/poly_mul4096_two_bank_axis_0/inst/core/inverse_butterfly/multiplier/x[4]_i_4__2_n_0
    SLICE_X75Y34         CARRY4 (Prop_carry4_CYINIT_CO[2])
                                                      0.592     4.894 r  design_1_i/poly_mul4096_two_bank_axis_0/inst/core/inverse_butterfly/multiplier/x_reg[16]_i_9__4/CO[2]
                         net (fo=23, routed)          0.697     5.592    design_1_i/poly_mul4096_two_bank_axis_0/inst/core/inverse_butterfly/multiplier/x_reg[16]_i_9__4_n_1
    SLICE_X67Y35         CARRY4 (Prop_carry4_CYINIT_CO[2])
                                                      0.781     6.373 r  design_1_i/poly_mul4096_two_bank_axis_0/inst/core/inverse_butterfly/multiplier/x_reg[16]_i_8__4/CO[2]
                         net (fo=5, routed)           0.368     6.741    design_1_i/poly_mul4096_two_bank_axis_0/inst/core/inverse_butterfly/multiplier/x_reg[16]_i_8__4_n_1
    SLICE_X67Y36         CARRY4 (Prop_carry4_CYINIT_CO[2])
                                                      0.781     7.522 r  design_1_i/poly_mul4096_two_bank_axis_0/inst/core/inverse_butterfly/multiplier/x_reg[31]_i_17__2/CO[2]
                         net (fo=25, routed)          0.428     7.950    design_1_i/poly_mul4096_two_bank_axis_0/inst/core/inverse_butterfly/multiplier/x_reg[31]_i_17__2_n_1
    SLICE_X67Y38         CARRY4 (Prop_carry4_CYINIT_CO[3])
                                                      0.769     8.719 r  design_1_i/poly_mul4096_two_bank_axis_0/inst/core/inverse_butterfly/multiplier/x_reg[31]_i_16/CO[3]
                         net (fo=4, routed)           1.073     9.792    design_1_i/poly_mul4096_two_bank_axis_0/inst/core/inverse_butterfly/multiplier/x_reg[31]_i_16_n_0
    SLICE_X70Y40         LUT2 (Prop_lut2_I1_O)        0.124     9.916 r  design_1_i/poly_mul4096_two_bank_axis_0/inst/core/inverse_butterfly/multiplier/acc[31]_i_10__1/O
                         net (fo=1, routed)           0.000     9.916    design_1_i/poly_mul4096_two_bank_axis_0/inst/core/inverse_butterfly/multiplier/acc[31]_i_10__1_n_0
    SLICE_X70Y40         CARRY4 (Prop_carry4_S[1]_CO[1])
                                                      0.491    10.407 r  design_1_i/poly_mul4096_two_bank_axis_0/inst/core/inverse_butterfly/multiplier/acc_reg[31]_i_4__4/CO[1]
                         net (fo=32, routed)          1.019    11.427    design_1_i/poly_mul4096_two_bank_axis_0/inst/core/inverse_butterfly/multiplier/acc_reg[31]_i_4__4_n_2
    SLICE_X75Y33         LUT3 (Prop_lut3_I1_O)        0.329    11.756 r  design_1_i/poly_mul4096_two_bank_axis_0/inst/core/inverse_butterfly/multiplier/acc[4]_i_1__4/O
                         net (fo=2, routed)           0.767    12.522    design_1_i/poly_mul4096_two_bank_axis_0/inst/core/inverse_butterfly/multiplier/next_acc[4]
    SLICE_X72Y33         FDRE                                         r  design_1_i/poly_mul4096_two_bank_axis_0/inst/core/inverse_butterfly/multiplier/acc_reg[4]/D
  -------------------------------------------------------------------    -------------------

                         (clock clk_fpga_0 rise edge)
                                                     10.000    10.000 r  
    PS7_X0Y0             PS7                          0.000    10.000 r  design_1_i/processing_system7_0/inst/PS7_i/FCLKCLK[0]
                         net (fo=1, routed)           1.088    11.088    design_1_i/processing_system7_0/inst/FCLK_CLK_unbuffered[0]
    BUFGCTRL_X0Y16       BUFG (Prop_bufg_I_O)         0.091    11.179 r  design_1_i/processing_system7_0/inst/buffer_fclk_clk_0.FCLK_CLK_0_BUFG/O
                         net (fo=8489, routed)        1.552    12.731    design_1_i/poly_mul4096_two_bank_axis_0/inst/core/inverse_butterfly/multiplier/clk
    SLICE_X72Y33         FDRE                                         r  design_1_i/poly_mul4096_two_bank_axis_0/inst/core/inverse_butterfly/multiplier/acc_reg[4]/C
                         clock pessimism              0.265    12.996    
                         clock uncertainty           -0.154    12.842    
    SLICE_X72Y33         FDRE (Setup_fdre_C_D)       -0.103    12.739    design_1_i/poly_mul4096_two_bank_axis_0/inst/core/inverse_butterfly/multiplier/acc_reg[4]
  -------------------------------------------------------------------
                         required time                         12.739    
                         arrival time                         -12.522    
  -------------------------------------------------------------------
                         slack                                  0.216    

Slack (MET) :             0.223ns  (required time - arrival time)
  Source:                 design_1_i/poly_mul4096_two_bank_axis_0/inst/core/forward_butterfly_lane_a/multiplier/modulus_reg[29]/C
                            (rising edge-triggered cell FDRE clocked by clk_fpga_0  {rise@0.000ns fall@5.000ns period=10.000ns})
  Destination:            design_1_i/poly_mul4096_two_bank_axis_0/inst/core/forward_butterfly_lane_a/multiplier/result_reg[1]/D
                            (rising edge-triggered cell FDRE clocked by clk_fpga_0  {rise@0.000ns fall@5.000ns period=10.000ns})
  Path Group:             clk_fpga_0
  Path Type:              Setup (Max at Slow Process Corner)
  Requirement:            10.000ns  (clk_fpga_0 rise@10.000ns - clk_fpga_0 rise@0.000ns)
  Data Path Delay:        9.335ns  (logic 4.488ns (48.077%)  route 4.847ns (51.923%))
  Logic Levels:           8  (CARRY4=5 LUT1=1 LUT2=1 LUT3=1)
  Clock Path Skew:        -0.221ns (DCD - SCD + CPR)
    Destination Clock Delay (DCD):    2.673ns = ( 12.674 - 10.000 ) 
    Source Clock Delay      (SCD):    3.023ns
    Clock Pessimism Removal (CPR):    0.129ns
  Clock Uncertainty:      0.154ns  ((TSJ^2 + TIJ^2)^1/2 + DJ) / 2 + PE
    Total System Jitter     (TSJ):    0.071ns
    Total Input Jitter      (TIJ):    0.300ns
    Discrete Jitter          (DJ):    0.000ns
    Phase Error              (PE):    0.000ns

    Location             Delay type                Incr(ns)  Path(ns)    Netlist Resource(s)
  -------------------------------------------------------------------    -------------------
                         (clock clk_fpga_0 rise edge)
                                                      0.000     0.000 r  
    PS7_X0Y0             PS7                          0.000     0.000 r  design_1_i/processing_system7_0/inst/PS7_i/FCLKCLK[0]
                         net (fo=1, routed)           1.193     1.193    design_1_i/processing_system7_0/inst/FCLK_CLK_unbuffered[0]
    BUFGCTRL_X0Y16       BUFG (Prop_bufg_I_O)         0.101     1.294 r  design_1_i/processing_system7_0/inst/buffer_fclk_clk_0.FCLK_CLK_0_BUFG/O
                         net (fo=8489, routed)        1.729     3.023    design_1_i/poly_mul4096_two_bank_axis_0/inst/core/forward_butterfly_lane_a/multiplier/clk
    SLICE_X57Y44         FDRE                                         r  design_1_i/poly_mul4096_two_bank_axis_0/inst/core/forward_butterfly_lane_a/multiplier/modulus_reg[29]/C
  -------------------------------------------------------------------    -------------------
    SLICE_X57Y44         FDRE (Prop_fdre_C_Q)         0.456     3.479 f  design_1_i/poly_mul4096_two_bank_axis_0/inst/core/forward_butterfly_lane_a/multiplier/modulus_reg[29]/Q
                         net (fo=98, routed)          0.374     3.853    design_1_i/poly_mul4096_two_bank_axis_0/inst/core/forward_butterfly_lane_a/multiplier/p_0_in[30]
    SLICE_X54Y44         LUT1 (Prop_lut1_I0_O)        0.124     3.977 r  design_1_i/poly_mul4096_two_bank_axis_0/inst/core/forward_butterfly_lane_a/multiplier/x4_minus_q1_carry_i_1/O
                         net (fo=3, routed)           0.203     4.180    design_1_i/poly_mul4096_two_bank_axis_0/inst/core/forward_butterfly_lane_a/multiplier/x4_minus_q1_carry_i_1_n_0
    SLICE_X55Y44         CARRY4 (Prop_carry4_CYINIT_CO[2])
                                                      0.592     4.772 r  design_1_i/poly_mul4096_two_bank_axis_0/inst/core/forward_butterfly_lane_a/multiplier/x_reg[16]_i_9__1/CO[2]
                         net (fo=23, routed)          0.363     5.134    design_1_i/poly_mul4096_two_bank_axis_0/inst/core/forward_butterfly_lane_a/multiplier/x_reg[16]_i_9__1_n_1
    SLICE_X54Y45         CARRY4 (Prop_carry4_CYINIT_CO[2])
                                                      0.797     5.931 r  design_1_i/poly_mul4096_two_bank_axis_0/inst/core/forward_butterfly_lane_a/multiplier/x_reg[16]_i_8__1/CO[2]
                         net (fo=5, routed)           0.794     6.725    design_1_i/poly_mul4096_two_bank_axis_0/inst/core/forward_butterfly_lane_a/multiplier/x_reg[16]_i_8__1_n_1
    SLICE_X50Y50         CARRY4 (Prop_carry4_CYINIT_CO[2])
                                                      0.794     7.519 r  design_1_i/poly_mul4096_two_bank_axis_0/inst/core/forward_butterfly_lane_a/multiplier/x_reg[31]_i_21/CO[2]
                         net (fo=25, routed)          0.479     7.998    design_1_i/poly_mul4096_two_bank_axis_0/inst/core/forward_butterfly_lane_a/multiplier/x_reg[31]_i_21_n_1
    SLICE_X50Y51         CARRY4 (Prop_carry4_CYINIT_CO[3])
                                                      0.781     8.779 r  design_1_i/poly_mul4096_two_bank_axis_0/inst/core/forward_butterfly_lane_a/multiplier/x_reg[31]_i_20/CO[3]
                         net (fo=4, routed)           1.140     9.919    design_1_i/poly_mul4096_two_bank_axis_0/inst/core/forward_butterfly_lane_a/multiplier/x_reg[31]_i_20_n_0
    SLICE_X49Y52         LUT2 (Prop_lut2_I1_O)        0.124    10.043 r  design_1_i/poly_mul4096_two_bank_axis_0/inst/core/forward_butterfly_lane_a/multiplier/acc[31]_i_10/O
                         net (fo=1, routed)           0.000    10.043    design_1_i/poly_mul4096_two_bank_axis_0/inst/core/forward_butterfly_lane_a/multiplier/acc[31]_i_10_n_0
    SLICE_X49Y52         CARRY4 (Prop_carry4_S[1]_CO[1])
                                                      0.491    10.534 r  design_1_i/poly_mul4096_two_bank_axis_0/inst/core/forward_butterfly_lane_a/multiplier/acc_reg[31]_i_4__1/CO[1]
                         net (fo=32, routed)          0.867    11.401    design_1_i/poly_mul4096_two_bank_axis_0/inst/core/forward_butterfly_lane_a/multiplier/acc_reg[31]_i_4__1_n_2
    SLICE_X46Y45         LUT3 (Prop_lut3_I1_O)        0.329    11.730 r  design_1_i/poly_mul4096_two_bank_axis_0/inst/core/forward_butterfly_lane_a/multiplier/acc[1]_i_1__1/O
                         net (fo=2, routed)           0.628    12.358    design_1_i/poly_mul4096_two_bank_axis_0/inst/core/forward_butterfly_lane_a/multiplier/next_acc[1]
    SLICE_X45Y45         FDRE                                         r  design_1_i/poly_mul4096_two_bank_axis_0/inst/core/forward_butterfly_lane_a/multiplier/result_reg[1]/D
  -------------------------------------------------------------------    -------------------

                         (clock clk_fpga_0 rise edge)
                                                     10.000    10.000 r  
    PS7_X0Y0             PS7                          0.000    10.000 r  design_1_i/processing_system7_0/inst/PS7_i/FCLKCLK[0]
                         net (fo=1, routed)           1.088    11.088    design_1_i/processing_system7_0/inst/FCLK_CLK_unbuffered[0]
    BUFGCTRL_X0Y16       BUFG (Prop_bufg_I_O)         0.091    11.179 r  design_1_i/processing_system7_0/inst/buffer_fclk_clk_0.FCLK_CLK_0_BUFG/O
                         net (fo=8489, routed)        1.494    12.674    design_1_i/poly_mul4096_two_bank_axis_0/inst/core/forward_butterfly_lane_a/multiplier/clk
    SLICE_X45Y45         FDRE                                         r  design_1_i/poly_mul4096_two_bank_axis_0/inst/core/forward_butterfly_lane_a/multiplier/result_reg[1]/C
                         clock pessimism              0.129    12.802    
                         clock uncertainty           -0.154    12.648    
    SLICE_X45Y45         FDRE (Setup_fdre_C_D)       -0.067    12.581    design_1_i/poly_mul4096_two_bank_axis_0/inst/core/forward_butterfly_lane_a/multiplier/result_reg[1]
  -------------------------------------------------------------------
                         required time                         12.581    
                         arrival time                         -12.358    
  -------------------------------------------------------------------
                         slack                                  0.223    

Slack (MET) :             0.230ns  (required time - arrival time)
  Source:                 design_1_i/poly_mul4096_two_bank_axis_0/inst/core/preprocessing_lane_b/modulus_reg[29]/C
                            (rising edge-triggered cell FDRE clocked by clk_fpga_0  {rise@0.000ns fall@5.000ns period=10.000ns})
  Destination:            design_1_i/poly_mul4096_two_bank_axis_0/inst/core/preprocessing_lane_b/acc_reg[2]/D
                            (rising edge-triggered cell FDRE clocked by clk_fpga_0  {rise@0.000ns fall@5.000ns period=10.000ns})
  Path Group:             clk_fpga_0
  Path Type:              Setup (Max at Slow Process Corner)
  Requirement:            10.000ns  (clk_fpga_0 rise@10.000ns - clk_fpga_0 rise@0.000ns)
  Data Path Delay:        9.474ns  (logic 4.447ns (46.939%)  route 5.027ns (53.061%))
  Logic Levels:           8  (CARRY4=5 LUT1=1 LUT2=1 LUT3=1)
  Clock Path Skew:        -0.061ns (DCD - SCD + CPR)
    Destination Clock Delay (DCD):    2.710ns = ( 12.710 - 10.000 ) 
    Source Clock Delay      (SCD):    3.000ns
    Clock Pessimism Removal (CPR):    0.229ns
  Clock Uncertainty:      0.154ns  ((TSJ^2 + TIJ^2)^1/2 + DJ) / 2 + PE
    Total System Jitter     (TSJ):    0.071ns
    Total Input Jitter      (TIJ):    0.300ns
    Discrete Jitter          (DJ):    0.000ns
    Phase Error              (PE):    0.000ns

    Location             Delay type                Incr(ns)  Path(ns)    Netlist Resource(s)
  -------------------------------------------------------------------    -------------------
                         (clock clk_fpga_0 rise edge)
                                                      0.000     0.000 r  
    PS7_X0Y0             PS7                          0.000     0.000 r  design_1_i/processing_system7_0/inst/PS7_i/FCLKCLK[0]
                         net (fo=1, routed)           1.193     1.193    design_1_i/processing_system7_0/inst/FCLK_CLK_unbuffered[0]
    BUFGCTRL_X0Y16       BUFG (Prop_bufg_I_O)         0.101     1.294 r  design_1_i/processing_system7_0/inst/buffer_fclk_clk_0.FCLK_CLK_0_BUFG/O
                         net (fo=8489, routed)        1.706     3.000    design_1_i/poly_mul4096_two_bank_axis_0/inst/core/preprocessing_lane_b/clk
    SLICE_X61Y66         FDRE                                         r  design_1_i/poly_mul4096_two_bank_axis_0/inst/core/preprocessing_lane_b/modulus_reg[29]/C
  -------------------------------------------------------------------    -------------------
    SLICE_X61Y66         FDRE (Prop_fdre_C_Q)         0.456     3.456 f  design_1_i/poly_mul4096_two_bank_axis_0/inst/core/preprocessing_lane_b/modulus_reg[29]/Q
                         net (fo=98, routed)          0.353     3.809    design_1_i/poly_mul4096_two_bank_axis_0/inst/core/preprocessing_lane_b/p_0_in[30]
    SLICE_X61Y66         LUT1 (Prop_lut1_I0_O)        0.124     3.933 r  design_1_i/poly_mul4096_two_bank_axis_0/inst/core/preprocessing_lane_b/x[4]_i_4__0/O
                         net (fo=3, routed)           0.487     4.419    design_1_i/poly_mul4096_two_bank_axis_0/inst/core/preprocessing_lane_b/x[4]_i_4__0_n_0
    SLICE_X61Y65         CARRY4 (Prop_carry4_CYINIT_CO[2])
                                                      0.592     5.011 r  design_1_i/poly_mul4096_two_bank_axis_0/inst/core/preprocessing_lane_b/x_reg[16]_i_9__0/CO[2]
                         net (fo=23, routed)          0.214     5.226    design_1_i/poly_mul4096_two_bank_axis_0/inst/core/preprocessing_lane_b/x_reg[16]_i_9__0_n_1
    SLICE_X60Y65         CARRY4 (Prop_carry4_CYINIT_CO[2])
                                                      0.781     6.007 r  design_1_i/poly_mul4096_two_bank_axis_0/inst/core/preprocessing_lane_b/x_reg[16]_i_8__0/CO[2]
                         net (fo=5, routed)           0.791     6.798    design_1_i/poly_mul4096_two_bank_axis_0/inst/core/preprocessing_lane_b/x_reg[16]_i_8__0_n_1
    SLICE_X57Y69         CARRY4 (Prop_carry4_CYINIT_CO[2])
                                                      0.781     7.579 r  design_1_i/poly_mul4096_two_bank_axis_0/inst/core/preprocessing_lane_b/x_reg[31]_i_18__0/CO[2]
                         net (fo=25, routed)          0.685     8.264    design_1_i/poly_mul4096_two_bank_axis_0/inst/core/preprocessing_lane_b/x_reg[31]_i_18__0_n_1
    SLICE_X57Y74         CARRY4 (Prop_carry4_CYINIT_CO[3])
                                                      0.769     9.033 r  design_1_i/poly_mul4096_two_bank_axis_0/inst/core/preprocessing_lane_b/x_reg[31]_i_17__0/CO[3]
                         net (fo=4, routed)           0.910     9.942    design_1_i/poly_mul4096_two_bank_axis_0/inst/core/preprocessing_lane_b/x_reg[31]_i_17__0_n_0
    SLICE_X60Y74         LUT2 (Prop_lut2_I1_O)        0.124    10.066 r  design_1_i/poly_mul4096_two_bank_axis_0/inst/core/preprocessing_lane_b/acc[31]_i_12__0/O
                         net (fo=1, routed)           0.000    10.066    design_1_i/poly_mul4096_two_bank_axis_0/inst/core/preprocessing_lane_b/acc[31]_i_12__0_n_0
    SLICE_X60Y74         CARRY4 (Prop_carry4_S[1]_CO[1])
                                                      0.491    10.557 r  design_1_i/poly_mul4096_two_bank_axis_0/inst/core/preprocessing_lane_b/acc_reg[31]_i_4__0/CO[1]
                         net (fo=32, routed)          0.961    11.518    design_1_i/poly_mul4096_two_bank_axis_0/inst/core/preprocessing_lane_b/acc_reg[31]_i_4__0_n_2
    SLICE_X58Y65         LUT3 (Prop_lut3_I1_O)        0.329    11.847 r  design_1_i/poly_mul4096_two_bank_axis_0/inst/core/preprocessing_lane_b/acc[2]_i_1__0/O
                         net (fo=2, routed)           0.627    12.474    design_1_i/poly_mul4096_two_bank_axis_0/inst/core/preprocessing_lane_b/next_acc[2]
    SLICE_X59Y65         FDRE                                         r  design_1_i/poly_mul4096_two_bank_axis_0/inst/core/preprocessing_lane_b/acc_reg[2]/D
  -------------------------------------------------------------------    -------------------

                         (clock clk_fpga_0 rise edge)
                                                     10.000    10.000 r  
    PS7_X0Y0             PS7                          0.000    10.000 r  design_1_i/processing_system7_0/inst/PS7_i/FCLKCLK[0]
                         net (fo=1, routed)           1.088    11.088    design_1_i/processing_system7_0/inst/FCLK_CLK_unbuffered[0]
    BUFGCTRL_X0Y16       BUFG (Prop_bufg_I_O)         0.091    11.179 r  design_1_i/processing_system7_0/inst/buffer_fclk_clk_0.FCLK_CLK_0_BUFG/O
                         net (fo=8489, routed)        1.531    12.710    design_1_i/poly_mul4096_two_bank_axis_0/inst/core/preprocessing_lane_b/clk
    SLICE_X59Y65         FDRE                                         r  design_1_i/poly_mul4096_two_bank_axis_0/inst/core/preprocessing_lane_b/acc_reg[2]/C
                         clock pessimism              0.229    12.939    
                         clock uncertainty           -0.154    12.785    
    SLICE_X59Y65         FDRE (Setup_fdre_C_D)       -0.081    12.704    design_1_i/poly_mul4096_two_bank_axis_0/inst/core/preprocessing_lane_b/acc_reg[2]
  -------------------------------------------------------------------
                         required time                         12.704    
                         arrival time                         -12.474    
  -------------------------------------------------------------------
                         slack                                  0.230    

Slack (MET) :             0.231ns  (required time - arrival time)
  Source:                 design_1_i/poly_mul4096_two_bank_axis_0/inst/core/preprocessing_lane_b/modulus_reg[29]/C
                            (rising edge-triggered cell FDRE clocked by clk_fpga_0  {rise@0.000ns fall@5.000ns period=10.000ns})
  Destination:            design_1_i/poly_mul4096_two_bank_axis_0/inst/core/preprocessing_lane_b/result_reg[9]/D
                            (rising edge-triggered cell FDRE clocked by clk_fpga_0  {rise@0.000ns fall@5.000ns period=10.000ns})
  Path Group:             clk_fpga_0
  Path Type:              Setup (Max at Slow Process Corner)
  Requirement:            10.000ns  (clk_fpga_0 rise@10.000ns - clk_fpga_0 rise@0.000ns)
  Data Path Delay:        9.526ns  (logic 4.447ns (46.683%)  route 5.079ns (53.317%))
  Logic Levels:           8  (CARRY4=5 LUT1=1 LUT2=1 LUT3=1)
  Clock Path Skew:        -0.061ns (DCD - SCD + CPR)
    Destination Clock Delay (DCD):    2.710ns = ( 12.710 - 10.000 ) 
    Source Clock Delay      (SCD):    3.000ns
    Clock Pessimism Removal (CPR):    0.229ns
  Clock Uncertainty:      0.154ns  ((TSJ^2 + TIJ^2)^1/2 + DJ) / 2 + PE
    Total System Jitter     (TSJ):    0.071ns
    Total Input Jitter      (TIJ):    0.300ns
    Discrete Jitter          (DJ):    0.000ns
    Phase Error              (PE):    0.000ns

    Location             Delay type                Incr(ns)  Path(ns)    Netlist Resource(s)
  -------------------------------------------------------------------    -------------------
                         (clock clk_fpga_0 rise edge)
                                                      0.000     0.000 r  
    PS7_X0Y0             PS7                          0.000     0.000 r  design_1_i/processing_system7_0/inst/PS7_i/FCLKCLK[0]
                         net (fo=1, routed)           1.193     1.193    design_1_i/processing_system7_0/inst/FCLK_CLK_unbuffered[0]
    BUFGCTRL_X0Y16       BUFG (Prop_bufg_I_O)         0.101     1.294 r  design_1_i/processing_system7_0/inst/buffer_fclk_clk_0.FCLK_CLK_0_BUFG/O
                         net (fo=8489, routed)        1.706     3.000    design_1_i/poly_mul4096_two_bank_axis_0/inst/core/preprocessing_lane_b/clk
    SLICE_X61Y66         FDRE                                         r  design_1_i/poly_mul4096_two_bank_axis_0/inst/core/preprocessing_lane_b/modulus_reg[29]/C
  -------------------------------------------------------------------    -------------------
    SLICE_X61Y66         FDRE (Prop_fdre_C_Q)         0.456     3.456 f  design_1_i/poly_mul4096_two_bank_axis_0/inst/core/preprocessing_lane_b/modulus_reg[29]/Q
                         net (fo=98, routed)          0.353     3.809    design_1_i/poly_mul4096_two_bank_axis_0/inst/core/preprocessing_lane_b/p_0_in[30]
    SLICE_X61Y66         LUT1 (Prop_lut1_I0_O)        0.124     3.933 r  design_1_i/poly_mul4096_two_bank_axis_0/inst/core/preprocessing_lane_b/x[4]_i_4__0/O
                         net (fo=3, routed)           0.487     4.419    design_1_i/poly_mul4096_two_bank_axis_0/inst/core/preprocessing_lane_b/x[4]_i_4__0_n_0
    SLICE_X61Y65         CARRY4 (Prop_carry4_CYINIT_CO[2])
                                                      0.592     5.011 r  design_1_i/poly_mul4096_two_bank_axis_0/inst/core/preprocessing_lane_b/x_reg[16]_i_9__0/CO[2]
                         net (fo=23, routed)          0.214     5.226    design_1_i/poly_mul4096_two_bank_axis_0/inst/core/preprocessing_lane_b/x_reg[16]_i_9__0_n_1
    SLICE_X60Y65         CARRY4 (Prop_carry4_CYINIT_CO[2])
                                                      0.781     6.007 r  design_1_i/poly_mul4096_two_bank_axis_0/inst/core/preprocessing_lane_b/x_reg[16]_i_8__0/CO[2]
                         net (fo=5, routed)           0.791     6.798    design_1_i/poly_mul4096_two_bank_axis_0/inst/core/preprocessing_lane_b/x_reg[16]_i_8__0_n_1
    SLICE_X57Y69         CARRY4 (Prop_carry4_CYINIT_CO[2])
                                                      0.781     7.579 r  design_1_i/poly_mul4096_two_bank_axis_0/inst/core/preprocessing_lane_b/x_reg[31]_i_18__0/CO[2]
                         net (fo=25, routed)          0.685     8.264    design_1_i/poly_mul4096_two_bank_axis_0/inst/core/preprocessing_lane_b/x_reg[31]_i_18__0_n_1
    SLICE_X57Y74         CARRY4 (Prop_carry4_CYINIT_CO[3])
                                                      0.769     9.033 r  design_1_i/poly_mul4096_two_bank_axis_0/inst/core/preprocessing_lane_b/x_reg[31]_i_17__0/CO[3]
                         net (fo=4, routed)           0.910     9.942    design_1_i/poly_mul4096_two_bank_axis_0/inst/core/preprocessing_lane_b/x_reg[31]_i_17__0_n_0
    SLICE_X60Y74         LUT2 (Prop_lut2_I1_O)        0.124    10.066 r  design_1_i/poly_mul4096_two_bank_axis_0/inst/core/preprocessing_lane_b/acc[31]_i_12__0/O
                         net (fo=1, routed)           0.000    10.066    design_1_i/poly_mul4096_two_bank_axis_0/inst/core/preprocessing_lane_b/acc[31]_i_12__0_n_0
    SLICE_X60Y74         CARRY4 (Prop_carry4_S[1]_CO[1])
                                                      0.491    10.557 r  design_1_i/poly_mul4096_two_bank_axis_0/inst/core/preprocessing_lane_b/acc_reg[31]_i_4__0/CO[1]
                         net (fo=32, routed)          1.109    11.666    design_1_i/poly_mul4096_two_bank_axis_0/inst/core/preprocessing_lane_b/acc_reg[31]_i_4__0_n_2
    SLICE_X58Y65         LUT3 (Prop_lut3_I1_O)        0.329    11.995 r  design_1_i/poly_mul4096_two_bank_axis_0/inst/core/preprocessing_lane_b/acc[9]_i_1__0/O
                         net (fo=2, routed)           0.531    12.526    design_1_i/poly_mul4096_two_bank_axis_0/inst/core/preprocessing_lane_b/next_acc[9]
    SLICE_X58Y65         FDRE                                         r  design_1_i/poly_mul4096_two_bank_axis_0/inst/core/preprocessing_lane_b/result_reg[9]/D
  -------------------------------------------------------------------    -------------------

                         (clock clk_fpga_0 rise edge)
                                                     10.000    10.000 r  
    PS7_X0Y0             PS7                          0.000    10.000 r  design_1_i/processing_system7_0/inst/PS7_i/FCLKCLK[0]
                         net (fo=1, routed)           1.088    11.088    design_1_i/processing_system7_0/inst/FCLK_CLK_unbuffered[0]
    BUFGCTRL_X0Y16       BUFG (Prop_bufg_I_O)         0.091    11.179 r  design_1_i/processing_system7_0/inst/buffer_fclk_clk_0.FCLK_CLK_0_BUFG/O
                         net (fo=8489, routed)        1.531    12.710    design_1_i/poly_mul4096_two_bank_axis_0/inst/core/preprocessing_lane_b/clk
    SLICE_X58Y65         FDRE                                         r  design_1_i/poly_mul4096_two_bank_axis_0/inst/core/preprocessing_lane_b/result_reg[9]/C
                         clock pessimism              0.229    12.939    
                         clock uncertainty           -0.154    12.785    
    SLICE_X58Y65         FDRE (Setup_fdre_C_D)       -0.028    12.757    design_1_i/poly_mul4096_two_bank_axis_0/inst/core/preprocessing_lane_b/result_reg[9]
  -------------------------------------------------------------------
                         required time                         12.757    
                         arrival time                         -12.526    
  -------------------------------------------------------------------
                         slack                                  0.231    

Slack (MET) :             0.234ns  (required time - arrival time)
  Source:                 design_1_i/poly_mul4096_two_bank_axis_0/inst/core/forward_butterfly_lane_a/multiplier/modulus_reg[29]/C
                            (rising edge-triggered cell FDRE clocked by clk_fpga_0  {rise@0.000ns fall@5.000ns period=10.000ns})
  Destination:            design_1_i/poly_mul4096_two_bank_axis_0/inst/core/forward_butterfly_lane_a/multiplier/acc_reg[15]/D
                            (rising edge-triggered cell FDRE clocked by clk_fpga_0  {rise@0.000ns fall@5.000ns period=10.000ns})
  Path Group:             clk_fpga_0
  Path Type:              Setup (Max at Slow Process Corner)
  Requirement:            10.000ns  (clk_fpga_0 rise@10.000ns - clk_fpga_0 rise@0.000ns)
  Data Path Delay:        9.284ns  (logic 4.488ns (48.344%)  route 4.796ns (51.656%))
  Logic Levels:           8  (CARRY4=5 LUT1=1 LUT2=1 LUT3=1)
  Clock Path Skew:        -0.221ns (DCD - SCD + CPR)
    Destination Clock Delay (DCD):    2.673ns = ( 12.674 - 10.000 ) 
    Source Clock Delay      (SCD):    3.023ns
    Clock Pessimism Removal (CPR):    0.129ns
  Clock Uncertainty:      0.154ns  ((TSJ^2 + TIJ^2)^1/2 + DJ) / 2 + PE
    Total System Jitter     (TSJ):    0.071ns
    Total Input Jitter      (TIJ):    0.300ns
    Discrete Jitter          (DJ):    0.000ns
    Phase Error              (PE):    0.000ns

    Location             Delay type                Incr(ns)  Path(ns)    Netlist Resource(s)
  -------------------------------------------------------------------    -------------------
                         (clock clk_fpga_0 rise edge)
                                                      0.000     0.000 r  
    PS7_X0Y0             PS7                          0.000     0.000 r  design_1_i/processing_system7_0/inst/PS7_i/FCLKCLK[0]
                         net (fo=1, routed)           1.193     1.193    design_1_i/processing_system7_0/inst/FCLK_CLK_unbuffered[0]
    BUFGCTRL_X0Y16       BUFG (Prop_bufg_I_O)         0.101     1.294 r  design_1_i/processing_system7_0/inst/buffer_fclk_clk_0.FCLK_CLK_0_BUFG/O
                         net (fo=8489, routed)        1.729     3.023    design_1_i/poly_mul4096_two_bank_axis_0/inst/core/forward_butterfly_lane_a/multiplier/clk
    SLICE_X57Y44         FDRE                                         r  design_1_i/poly_mul4096_two_bank_axis_0/inst/core/forward_butterfly_lane_a/multiplier/modulus_reg[29]/C
  -------------------------------------------------------------------    -------------------
    SLICE_X57Y44         FDRE (Prop_fdre_C_Q)         0.456     3.479 f  design_1_i/poly_mul4096_two_bank_axis_0/inst/core/forward_butterfly_lane_a/multiplier/modulus_reg[29]/Q
                         net (fo=98, routed)          0.374     3.853    design_1_i/poly_mul4096_two_bank_axis_0/inst/core/forward_butterfly_lane_a/multiplier/p_0_in[30]
    SLICE_X54Y44         LUT1 (Prop_lut1_I0_O)        0.124     3.977 r  design_1_i/poly_mul4096_two_bank_axis_0/inst/core/forward_butterfly_lane_a/multiplier/x4_minus_q1_carry_i_1/O
                         net (fo=3, routed)           0.203     4.180    design_1_i/poly_mul4096_two_bank_axis_0/inst/core/forward_butterfly_lane_a/multiplier/x4_minus_q1_carry_i_1_n_0
    SLICE_X55Y44         CARRY4 (Prop_carry4_CYINIT_CO[2])
                                                      0.592     4.772 r  design_1_i/poly_mul4096_two_bank_axis_0/inst/core/forward_butterfly_lane_a/multiplier/x_reg[16]_i_9__1/CO[2]
                         net (fo=23, routed)          0.363     5.134    design_1_i/poly_mul4096_two_bank_axis_0/inst/core/forward_butterfly_lane_a/multiplier/x_reg[16]_i_9__1_n_1
    SLICE_X54Y45         CARRY4 (Prop_carry4_CYINIT_CO[2])
                                                      0.797     5.931 r  design_1_i/poly_mul4096_two_bank_axis_0/inst/core/forward_butterfly_lane_a/multiplier/x_reg[16]_i_8__1/CO[2]
                         net (fo=5, routed)           0.794     6.725    design_1_i/poly_mul4096_two_bank_axis_0/inst/core/forward_butterfly_lane_a/multiplier/x_reg[16]_i_8__1_n_1
    SLICE_X50Y50         CARRY4 (Prop_carry4_CYINIT_CO[2])
                                                      0.794     7.519 r  design_1_i/poly_mul4096_two_bank_axis_0/inst/core/forward_butterfly_lane_a/multiplier/x_reg[31]_i_21/CO[2]
                         net (fo=25, routed)          0.479     7.998    design_1_i/poly_mul4096_two_bank_axis_0/inst/core/forward_butterfly_lane_a/multiplier/x_reg[31]_i_21_n_1
    SLICE_X50Y51         CARRY4 (Prop_carry4_CYINIT_CO[3])
                                                      0.781     8.779 r  design_1_i/poly_mul4096_two_bank_axis_0/inst/core/forward_butterfly_lane_a/multiplier/x_reg[31]_i_20/CO[3]
                         net (fo=4, routed)           1.140     9.919    design_1_i/poly_mul4096_two_bank_axis_0/inst/core/forward_butterfly_lane_a/multiplier/x_reg[31]_i_20_n_0
    SLICE_X49Y52         LUT2 (Prop_lut2_I1_O)        0.124    10.043 r  design_1_i/poly_mul4096_two_bank_axis_0/inst/core/forward_butterfly_lane_a/multiplier/acc[31]_i_10/O
                         net (fo=1, routed)           0.000    10.043    design_1_i/poly_mul4096_two_bank_axis_0/inst/core/forward_butterfly_lane_a/multiplier/acc[31]_i_10_n_0
    SLICE_X49Y52         CARRY4 (Prop_carry4_S[1]_CO[1])
                                                      0.491    10.534 r  design_1_i/poly_mul4096_two_bank_axis_0/inst/core/forward_butterfly_lane_a/multiplier/acc_reg[31]_i_4__1/CO[1]
                         net (fo=32, routed)          0.835    11.369    design_1_i/poly_mul4096_two_bank_axis_0/inst/core/forward_butterfly_lane_a/multiplier/acc_reg[31]_i_4__1_n_2
    SLICE_X48Y47         LUT3 (Prop_lut3_I1_O)        0.329    11.698 r  design_1_i/poly_mul4096_two_bank_axis_0/inst/core/forward_butterfly_lane_a/multiplier/acc[15]_i_1__1/O
                         net (fo=2, routed)           0.608    12.307    design_1_i/poly_mul4096_two_bank_axis_0/inst/core/forward_butterfly_lane_a/multiplier/next_acc[15]
    SLICE_X47Y46         FDRE                                         r  design_1_i/poly_mul4096_two_bank_axis_0/inst/core/forward_butterfly_lane_a/multiplier/acc_reg[15]/D
  -------------------------------------------------------------------    -------------------

                         (clock clk_fpga_0 rise edge)
                                                     10.000    10.000 r  
    PS7_X0Y0             PS7                          0.000    10.000 r  design_1_i/processing_system7_0/inst/PS7_i/FCLKCLK[0]
                         net (fo=1, routed)           1.088    11.088    design_1_i/processing_system7_0/inst/FCLK_CLK_unbuffered[0]
    BUFGCTRL_X0Y16       BUFG (Prop_bufg_I_O)         0.091    11.179 r  design_1_i/processing_system7_0/inst/buffer_fclk_clk_0.FCLK_CLK_0_BUFG/O
                         net (fo=8489, routed)        1.494    12.674    design_1_i/poly_mul4096_two_bank_axis_0/inst/core/forward_butterfly_lane_a/multiplier/clk
    SLICE_X47Y46         FDRE                                         r  design_1_i/poly_mul4096_two_bank_axis_0/inst/core/forward_butterfly_lane_a/multiplier/acc_reg[15]/C
                         clock pessimism              0.129    12.802    
                         clock uncertainty           -0.154    12.648    
    SLICE_X47Y46         FDRE (Setup_fdre_C_D)       -0.108    12.540    design_1_i/poly_mul4096_two_bank_axis_0/inst/core/forward_butterfly_lane_a/multiplier/acc_reg[15]
  -------------------------------------------------------------------
                         required time                         12.540    
                         arrival time                         -12.307    
  -------------------------------------------------------------------
                         slack                                  0.234    

Slack (MET) :             0.236ns  (required time - arrival time)
  Source:                 design_1_i/poly_mul4096_two_bank_axis_0/inst/core/forward_butterfly_lane_a/multiplier/modulus_reg[29]/C
                            (rising edge-triggered cell FDRE clocked by clk_fpga_0  {rise@0.000ns fall@5.000ns period=10.000ns})
  Destination:            design_1_i/poly_mul4096_two_bank_axis_0/inst/core/forward_butterfly_lane_a/multiplier/result_reg[20]/D
                            (rising edge-triggered cell FDRE clocked by clk_fpga_0  {rise@0.000ns fall@5.000ns period=10.000ns})
  Path Group:             clk_fpga_0
  Path Type:              Setup (Max at Slow Process Corner)
  Requirement:            10.000ns  (clk_fpga_0 rise@10.000ns - clk_fpga_0 rise@0.000ns)
  Data Path Delay:        9.292ns  (logic 4.488ns (48.301%)  route 4.804ns (51.699%))
  Logic Levels:           8  (CARRY4=5 LUT1=1 LUT2=1 LUT3=1)
  Clock Path Skew:        -0.251ns (DCD - SCD + CPR)
    Destination Clock Delay (DCD):    2.657ns = ( 12.657 - 10.000 ) 
    Source Clock Delay      (SCD):    3.023ns
    Clock Pessimism Removal (CPR):    0.115ns
  Clock Uncertainty:      0.154ns  ((TSJ^2 + TIJ^2)^1/2 + DJ) / 2 + PE
    Total System Jitter     (TSJ):    0.071ns
    Total Input Jitter      (TIJ):    0.300ns
    Discrete Jitter          (DJ):    0.000ns
    Phase Error              (PE):    0.000ns

    Location             Delay type                Incr(ns)  Path(ns)    Netlist Resource(s)
  -------------------------------------------------------------------    -------------------
                         (clock clk_fpga_0 rise edge)
                                                      0.000     0.000 r  
    PS7_X0Y0             PS7                          0.000     0.000 r  design_1_i/processing_system7_0/inst/PS7_i/FCLKCLK[0]
                         net (fo=1, routed)           1.193     1.193    design_1_i/processing_system7_0/inst/FCLK_CLK_unbuffered[0]
    BUFGCTRL_X0Y16       BUFG (Prop_bufg_I_O)         0.101     1.294 r  design_1_i/processing_system7_0/inst/buffer_fclk_clk_0.FCLK_CLK_0_BUFG/O
                         net (fo=8489, routed)        1.729     3.023    design_1_i/poly_mul4096_two_bank_axis_0/inst/core/forward_butterfly_lane_a/multiplier/clk
    SLICE_X57Y44         FDRE                                         r  design_1_i/poly_mul4096_two_bank_axis_0/inst/core/forward_butterfly_lane_a/multiplier/modulus_reg[29]/C
  -------------------------------------------------------------------    -------------------
    SLICE_X57Y44         FDRE (Prop_fdre_C_Q)         0.456     3.479 f  design_1_i/poly_mul4096_two_bank_axis_0/inst/core/forward_butterfly_lane_a/multiplier/modulus_reg[29]/Q
                         net (fo=98, routed)          0.374     3.853    design_1_i/poly_mul4096_two_bank_axis_0/inst/core/forward_butterfly_lane_a/multiplier/p_0_in[30]
    SLICE_X54Y44         LUT1 (Prop_lut1_I0_O)        0.124     3.977 r  design_1_i/poly_mul4096_two_bank_axis_0/inst/core/forward_butterfly_lane_a/multiplier/x4_minus_q1_carry_i_1/O
                         net (fo=3, routed)           0.203     4.180    design_1_i/poly_mul4096_two_bank_axis_0/inst/core/forward_butterfly_lane_a/multiplier/x4_minus_q1_carry_i_1_n_0
    SLICE_X55Y44         CARRY4 (Prop_carry4_CYINIT_CO[2])
                                                      0.592     4.772 r  design_1_i/poly_mul4096_two_bank_axis_0/inst/core/forward_butterfly_lane_a/multiplier/x_reg[16]_i_9__1/CO[2]
                         net (fo=23, routed)          0.363     5.134    design_1_i/poly_mul4096_two_bank_axis_0/inst/core/forward_butterfly_lane_a/multiplier/x_reg[16]_i_9__1_n_1
    SLICE_X54Y45         CARRY4 (Prop_carry4_CYINIT_CO[2])
                                                      0.797     5.931 r  design_1_i/poly_mul4096_two_bank_axis_0/inst/core/forward_butterfly_lane_a/multiplier/x_reg[16]_i_8__1/CO[2]
                         net (fo=5, routed)           0.794     6.725    design_1_i/poly_mul4096_two_bank_axis_0/inst/core/forward_butterfly_lane_a/multiplier/x_reg[16]_i_8__1_n_1
    SLICE_X50Y50         CARRY4 (Prop_carry4_CYINIT_CO[2])
                                                      0.794     7.519 r  design_1_i/poly_mul4096_two_bank_axis_0/inst/core/forward_butterfly_lane_a/multiplier/x_reg[31]_i_21/CO[2]
                         net (fo=25, routed)          0.479     7.998    design_1_i/poly_mul4096_two_bank_axis_0/inst/core/forward_butterfly_lane_a/multiplier/x_reg[31]_i_21_n_1
    SLICE_X50Y51         CARRY4 (Prop_carry4_CYINIT_CO[3])
                                                      0.781     8.779 r  design_1_i/poly_mul4096_two_bank_axis_0/inst/core/forward_butterfly_lane_a/multiplier/x_reg[31]_i_20/CO[3]
                         net (fo=4, routed)           1.140     9.919    design_1_i/poly_mul4096_two_bank_axis_0/inst/core/forward_butterfly_lane_a/multiplier/x_reg[31]_i_20_n_0
    SLICE_X49Y52         LUT2 (Prop_lut2_I1_O)        0.124    10.043 r  design_1_i/poly_mul4096_two_bank_axis_0/inst/core/forward_butterfly_lane_a/multiplier/acc[31]_i_10/O
                         net (fo=1, routed)           0.000    10.043    design_1_i/poly_mul4096_two_bank_axis_0/inst/core/forward_butterfly_lane_a/multiplier/acc[31]_i_10_n_0
    SLICE_X49Y52         CARRY4 (Prop_carry4_S[1]_CO[1])
                                                      0.491    10.534 r  design_1_i/poly_mul4096_two_bank_axis_0/inst/core/forward_butterfly_lane_a/multiplier/acc_reg[31]_i_4__1/CO[1]
                         net (fo=32, routed)          0.650    11.184    design_1_i/poly_mul4096_two_bank_axis_0/inst/core/forward_butterfly_lane_a/multiplier/acc_reg[31]_i_4__1_n_2
    SLICE_X48Y52         LUT3 (Prop_lut3_I1_O)        0.329    11.513 r  design_1_i/poly_mul4096_two_bank_axis_0/inst/core/forward_butterfly_lane_a/multiplier/acc[20]_i_1__1/O
                         net (fo=2, routed)           0.801    12.315    design_1_i/poly_mul4096_two_bank_axis_0/inst/core/forward_butterfly_lane_a/multiplier/next_acc[20]
    SLICE_X48Y52         FDRE                                         r  design_1_i/poly_mul4096_two_bank_axis_0/inst/core/forward_butterfly_lane_a/multiplier/result_reg[20]/D
  -------------------------------------------------------------------    -------------------

                         (clock clk_fpga_0 rise edge)
                                                     10.000    10.000 r  
    PS7_X0Y0             PS7                          0.000    10.000 r  design_1_i/processing_system7_0/inst/PS7_i/FCLKCLK[0]
                         net (fo=1, routed)           1.088    11.088    design_1_i/processing_system7_0/inst/FCLK_CLK_unbuffered[0]
    BUFGCTRL_X0Y16       BUFG (Prop_bufg_I_O)         0.091    11.179 r  design_1_i/processing_system7_0/inst/buffer_fclk_clk_0.FCLK_CLK_0_BUFG/O
                         net (fo=8489, routed)        1.478    12.657    design_1_i/poly_mul4096_two_bank_axis_0/inst/core/forward_butterfly_lane_a/multiplier/clk
    SLICE_X48Y52         FDRE                                         r  design_1_i/poly_mul4096_two_bank_axis_0/inst/core/forward_butterfly_lane_a/multiplier/result_reg[20]/C
                         clock pessimism              0.115    12.772    
                         clock uncertainty           -0.154    12.618    
    SLICE_X48Y52         FDRE (Setup_fdre_C_D)       -0.067    12.551    design_1_i/poly_mul4096_two_bank_axis_0/inst/core/forward_butterfly_lane_a/multiplier/result_reg[20]
  -------------------------------------------------------------------
                         required time                         12.551    
                         arrival time                         -12.315    
  -------------------------------------------------------------------
                         slack                                  0.236    

Slack (MET) :             0.238ns  (required time - arrival time)
  Source:                 design_1_i/poly_mul4096_two_bank_axis_0/inst/core/forward_butterfly_lane_a/multiplier/modulus_reg[29]/C
                            (rising edge-triggered cell FDRE clocked by clk_fpga_0  {rise@0.000ns fall@5.000ns period=10.000ns})
  Destination:            design_1_i/poly_mul4096_two_bank_axis_0/inst/core/forward_butterfly_lane_a/multiplier/result_reg[8]/D
                            (rising edge-triggered cell FDRE clocked by clk_fpga_0  {rise@0.000ns fall@5.000ns period=10.000ns})
  Path Group:             clk_fpga_0
  Path Type:              Setup (Max at Slow Process Corner)
  Requirement:            10.000ns  (clk_fpga_0 rise@10.000ns - clk_fpga_0 rise@0.000ns)
  Data Path Delay:        9.329ns  (logic 4.488ns (48.110%)  route 4.841ns (51.890%))
  Logic Levels:           8  (CARRY4=5 LUT1=1 LUT2=1 LUT3=1)
  Clock Path Skew:        -0.222ns (DCD - SCD + CPR)
    Destination Clock Delay (DCD):    2.672ns = ( 12.672 - 10.000 ) 
    Source Clock Delay      (SCD):    3.023ns
    Clock Pessimism Removal (CPR):    0.129ns
  Clock Uncertainty:      0.154ns  ((TSJ^2 + TIJ^2)^1/2 + DJ) / 2 + PE
    Total System Jitter     (TSJ):    0.071ns
    Total Input Jitter      (TIJ):    0.300ns
    Discrete Jitter          (DJ):    0.000ns
    Phase Error              (PE):    0.000ns

    Location             Delay type                Incr(ns)  Path(ns)    Netlist Resource(s)
  -------------------------------------------------------------------    -------------------
                         (clock clk_fpga_0 rise edge)
                                                      0.000     0.000 r  
    PS7_X0Y0             PS7                          0.000     0.000 r  design_1_i/processing_system7_0/inst/PS7_i/FCLKCLK[0]
                         net (fo=1, routed)           1.193     1.193    design_1_i/processing_system7_0/inst/FCLK_CLK_unbuffered[0]
    BUFGCTRL_X0Y16       BUFG (Prop_bufg_I_O)         0.101     1.294 r  design_1_i/processing_system7_0/inst/buffer_fclk_clk_0.FCLK_CLK_0_BUFG/O
                         net (fo=8489, routed)        1.729     3.023    design_1_i/poly_mul4096_two_bank_axis_0/inst/core/forward_butterfly_lane_a/multiplier/clk
    SLICE_X57Y44         FDRE                                         r  design_1_i/poly_mul4096_two_bank_axis_0/inst/core/forward_butterfly_lane_a/multiplier/modulus_reg[29]/C
  -------------------------------------------------------------------    -------------------
    SLICE_X57Y44         FDRE (Prop_fdre_C_Q)         0.456     3.479 f  design_1_i/poly_mul4096_two_bank_axis_0/inst/core/forward_butterfly_lane_a/multiplier/modulus_reg[29]/Q
                         net (fo=98, routed)          0.374     3.853    design_1_i/poly_mul4096_two_bank_axis_0/inst/core/forward_butterfly_lane_a/multiplier/p_0_in[30]
    SLICE_X54Y44         LUT1 (Prop_lut1_I0_O)        0.124     3.977 r  design_1_i/poly_mul4096_two_bank_axis_0/inst/core/forward_butterfly_lane_a/multiplier/x4_minus_q1_carry_i_1/O
                         net (fo=3, routed)           0.203     4.180    design_1_i/poly_mul4096_two_bank_axis_0/inst/core/forward_butterfly_lane_a/multiplier/x4_minus_q1_carry_i_1_n_0
    SLICE_X55Y44         CARRY4 (Prop_carry4_CYINIT_CO[2])
                                                      0.592     4.772 r  design_1_i/poly_mul4096_two_bank_axis_0/inst/core/forward_butterfly_lane_a/multiplier/x_reg[16]_i_9__1/CO[2]
                         net (fo=23, routed)          0.363     5.134    design_1_i/poly_mul4096_two_bank_axis_0/inst/core/forward_butterfly_lane_a/multiplier/x_reg[16]_i_9__1_n_1
    SLICE_X54Y45         CARRY4 (Prop_carry4_CYINIT_CO[2])
                                                      0.797     5.931 r  design_1_i/poly_mul4096_two_bank_axis_0/inst/core/forward_butterfly_lane_a/multiplier/x_reg[16]_i_8__1/CO[2]
                         net (fo=5, routed)           0.794     6.725    design_1_i/poly_mul4096_two_bank_axis_0/inst/core/forward_butterfly_lane_a/multiplier/x_reg[16]_i_8__1_n_1
    SLICE_X50Y50         CARRY4 (Prop_carry4_CYINIT_CO[2])
                                                      0.794     7.519 r  design_1_i/poly_mul4096_two_bank_axis_0/inst/core/forward_butterfly_lane_a/multiplier/x_reg[31]_i_21/CO[2]
                         net (fo=25, routed)          0.479     7.998    design_1_i/poly_mul4096_two_bank_axis_0/inst/core/forward_butterfly_lane_a/multiplier/x_reg[31]_i_21_n_1
    SLICE_X50Y51         CARRY4 (Prop_carry4_CYINIT_CO[3])
                                                      0.781     8.779 r  design_1_i/poly_mul4096_two_bank_axis_0/inst/core/forward_butterfly_lane_a/multiplier/x_reg[31]_i_20/CO[3]
                         net (fo=4, routed)           1.140     9.919    design_1_i/poly_mul4096_two_bank_axis_0/inst/core/forward_butterfly_lane_a/multiplier/x_reg[31]_i_20_n_0
    SLICE_X49Y52         LUT2 (Prop_lut2_I1_O)        0.124    10.043 r  design_1_i/poly_mul4096_two_bank_axis_0/inst/core/forward_butterfly_lane_a/multiplier/acc[31]_i_10/O
                         net (fo=1, routed)           0.000    10.043    design_1_i/poly_mul4096_two_bank_axis_0/inst/core/forward_butterfly_lane_a/multiplier/acc[31]_i_10_n_0
    SLICE_X49Y52         CARRY4 (Prop_carry4_S[1]_CO[1])
                                                      0.491    10.534 r  design_1_i/poly_mul4096_two_bank_axis_0/inst/core/forward_butterfly_lane_a/multiplier/acc_reg[31]_i_4__1/CO[1]
                         net (fo=32, routed)          0.857    11.391    design_1_i/poly_mul4096_two_bank_axis_0/inst/core/forward_butterfly_lane_a/multiplier/acc_reg[31]_i_4__1_n_2
    SLICE_X48Y45         LUT3 (Prop_lut3_I1_O)        0.329    11.720 r  design_1_i/poly_mul4096_two_bank_axis_0/inst/core/forward_butterfly_lane_a/multiplier/acc[8]_i_1__1/O
                         net (fo=2, routed)           0.631    12.352    design_1_i/poly_mul4096_two_bank_axis_0/inst/core/forward_butterfly_lane_a/multiplier/next_acc[8]
    SLICE_X48Y45         FDRE                                         r  design_1_i/poly_mul4096_two_bank_axis_0/inst/core/forward_butterfly_lane_a/multiplier/result_reg[8]/D
  -------------------------------------------------------------------    -------------------

                         (clock clk_fpga_0 rise edge)
                                                     10.000    10.000 r  
    PS7_X0Y0             PS7                          0.000    10.000 r  design_1_i/processing_system7_0/inst/PS7_i/FCLKCLK[0]
                         net (fo=1, routed)           1.088    11.088    design_1_i/processing_system7_0/inst/FCLK_CLK_unbuffered[0]
    BUFGCTRL_X0Y16       BUFG (Prop_bufg_I_O)         0.091    11.179 r  design_1_i/processing_system7_0/inst/buffer_fclk_clk_0.FCLK_CLK_0_BUFG/O
                         net (fo=8489, routed)        1.493    12.672    design_1_i/poly_mul4096_two_bank_axis_0/inst/core/forward_butterfly_lane_a/multiplier/clk
    SLICE_X48Y45         FDRE                                         r  design_1_i/poly_mul4096_two_bank_axis_0/inst/core/forward_butterfly_lane_a/multiplier/result_reg[8]/C
                         clock pessimism              0.129    12.801    
                         clock uncertainty           -0.154    12.647    
    SLICE_X48Y45         FDRE (Setup_fdre_C_D)       -0.058    12.589    design_1_i/poly_mul4096_two_bank_axis_0/inst/core/forward_butterfly_lane_a/multiplier/result_reg[8]
  -------------------------------------------------------------------
                         required time                         12.589    
                         arrival time                         -12.352    
  -------------------------------------------------------------------
                         slack                                  0.238    

Slack (MET) :             0.241ns  (required time - arrival time)
  Source:                 design_1_i/poly_mul4096_two_bank_axis_0/inst/core/forward_butterfly_lane_a/multiplier/modulus_reg[29]/C
                            (rising edge-triggered cell FDRE clocked by clk_fpga_0  {rise@0.000ns fall@5.000ns period=10.000ns})
  Destination:            design_1_i/poly_mul4096_two_bank_axis_0/inst/core/forward_butterfly_lane_a/multiplier/acc_reg[24]/D
                            (rising edge-triggered cell FDRE clocked by clk_fpga_0  {rise@0.000ns fall@5.000ns period=10.000ns})
  Path Group:             clk_fpga_0
  Path Type:              Setup (Max at Slow Process Corner)
  Requirement:            10.000ns  (clk_fpga_0 rise@10.000ns - clk_fpga_0 rise@0.000ns)
  Data Path Delay:        9.247ns  (logic 4.488ns (48.533%)  route 4.759ns (51.467%))
  Logic Levels:           8  (CARRY4=5 LUT1=1 LUT2=1 LUT3=1)
  Clock Path Skew:        -0.252ns (DCD - SCD + CPR)
    Destination Clock Delay (DCD):    2.656ns = ( 12.656 - 10.000 ) 
    Source Clock Delay      (SCD):    3.023ns
    Clock Pessimism Removal (CPR):    0.115ns
  Clock Uncertainty:      0.154ns  ((TSJ^2 + TIJ^2)^1/2 + DJ) / 2 + PE
    Total System Jitter     (TSJ):    0.071ns
    Total Input Jitter      (TIJ):    0.300ns
    Discrete Jitter          (DJ):    0.000ns
    Phase Error              (PE):    0.000ns

    Location             Delay type                Incr(ns)  Path(ns)    Netlist Resource(s)
  -------------------------------------------------------------------    -------------------
                         (clock clk_fpga_0 rise edge)
                                                      0.000     0.000 r  
    PS7_X0Y0             PS7                          0.000     0.000 r  design_1_i/processing_system7_0/inst/PS7_i/FCLKCLK[0]
                         net (fo=1, routed)           1.193     1.193    design_1_i/processing_system7_0/inst/FCLK_CLK_unbuffered[0]
    BUFGCTRL_X0Y16       BUFG (Prop_bufg_I_O)         0.101     1.294 r  design_1_i/processing_system7_0/inst/buffer_fclk_clk_0.FCLK_CLK_0_BUFG/O
                         net (fo=8489, routed)        1.729     3.023    design_1_i/poly_mul4096_two_bank_axis_0/inst/core/forward_butterfly_lane_a/multiplier/clk
    SLICE_X57Y44         FDRE                                         r  design_1_i/poly_mul4096_two_bank_axis_0/inst/core/forward_butterfly_lane_a/multiplier/modulus_reg[29]/C
  -------------------------------------------------------------------    -------------------
    SLICE_X57Y44         FDRE (Prop_fdre_C_Q)         0.456     3.479 f  design_1_i/poly_mul4096_two_bank_axis_0/inst/core/forward_butterfly_lane_a/multiplier/modulus_reg[29]/Q
                         net (fo=98, routed)          0.374     3.853    design_1_i/poly_mul4096_two_bank_axis_0/inst/core/forward_butterfly_lane_a/multiplier/p_0_in[30]
    SLICE_X54Y44         LUT1 (Prop_lut1_I0_O)        0.124     3.977 r  design_1_i/poly_mul4096_two_bank_axis_0/inst/core/forward_butterfly_lane_a/multiplier/x4_minus_q1_carry_i_1/O
                         net (fo=3, routed)           0.203     4.180    design_1_i/poly_mul4096_two_bank_axis_0/inst/core/forward_butterfly_lane_a/multiplier/x4_minus_q1_carry_i_1_n_0
    SLICE_X55Y44         CARRY4 (Prop_carry4_CYINIT_CO[2])
                                                      0.592     4.772 r  design_1_i/poly_mul4096_two_bank_axis_0/inst/core/forward_butterfly_lane_a/multiplier/x_reg[16]_i_9__1/CO[2]
                         net (fo=23, routed)          0.363     5.134    design_1_i/poly_mul4096_two_bank_axis_0/inst/core/forward_butterfly_lane_a/multiplier/x_reg[16]_i_9__1_n_1
    SLICE_X54Y45         CARRY4 (Prop_carry4_CYINIT_CO[2])
                                                      0.797     5.931 r  design_1_i/poly_mul4096_two_bank_axis_0/inst/core/forward_butterfly_lane_a/multiplier/x_reg[16]_i_8__1/CO[2]
                         net (fo=5, routed)           0.794     6.725    design_1_i/poly_mul4096_two_bank_axis_0/inst/core/forward_butterfly_lane_a/multiplier/x_reg[16]_i_8__1_n_1
    SLICE_X50Y50         CARRY4 (Prop_carry4_CYINIT_CO[2])
                                                      0.794     7.519 r  design_1_i/poly_mul4096_two_bank_axis_0/inst/core/forward_butterfly_lane_a/multiplier/x_reg[31]_i_21/CO[2]
                         net (fo=25, routed)          0.479     7.998    design_1_i/poly_mul4096_two_bank_axis_0/inst/core/forward_butterfly_lane_a/multiplier/x_reg[31]_i_21_n_1
    SLICE_X50Y51         CARRY4 (Prop_carry4_CYINIT_CO[3])
                                                      0.781     8.779 r  design_1_i/poly_mul4096_two_bank_axis_0/inst/core/forward_butterfly_lane_a/multiplier/x_reg[31]_i_20/CO[3]
                         net (fo=4, routed)           1.140     9.919    design_1_i/poly_mul4096_two_bank_axis_0/inst/core/forward_butterfly_lane_a/multiplier/x_reg[31]_i_20_n_0
    SLICE_X49Y52         LUT2 (Prop_lut2_I1_O)        0.124    10.043 r  design_1_i/poly_mul4096_two_bank_axis_0/inst/core/forward_butterfly_lane_a/multiplier/acc[31]_i_10/O
                         net (fo=1, routed)           0.000    10.043    design_1_i/poly_mul4096_two_bank_axis_0/inst/core/forward_butterfly_lane_a/multiplier/acc[31]_i_10_n_0
    SLICE_X49Y52         CARRY4 (Prop_carry4_S[1]_CO[1])
                                                      0.491    10.534 r  design_1_i/poly_mul4096_two_bank_axis_0/inst/core/forward_butterfly_lane_a/multiplier/acc_reg[31]_i_4__1/CO[1]
                         net (fo=32, routed)          0.579    11.113    design_1_i/poly_mul4096_two_bank_axis_0/inst/core/forward_butterfly_lane_a/multiplier/acc_reg[31]_i_4__1_n_2
    SLICE_X47Y53         LUT3 (Prop_lut3_I1_O)        0.329    11.442 r  design_1_i/poly_mul4096_two_bank_axis_0/inst/core/forward_butterfly_lane_a/multiplier/acc[24]_i_1__1/O
                         net (fo=2, routed)           0.829    12.270    design_1_i/poly_mul4096_two_bank_axis_0/inst/core/forward_butterfly_lane_a/multiplier/next_acc[24]
    SLICE_X48Y53         FDRE                                         r  design_1_i/poly_mul4096_two_bank_axis_0/inst/core/forward_butterfly_lane_a/multiplier/acc_reg[24]/D
  -------------------------------------------------------------------    -------------------

                         (clock clk_fpga_0 rise edge)
                                                     10.000    10.000 r  
    PS7_X0Y0             PS7                          0.000    10.000 r  design_1_i/processing_system7_0/inst/PS7_i/FCLKCLK[0]
                         net (fo=1, routed)           1.088    11.088    design_1_i/processing_system7_0/inst/FCLK_CLK_unbuffered[0]
    BUFGCTRL_X0Y16       BUFG (Prop_bufg_I_O)         0.091    11.179 r  design_1_i/processing_system7_0/inst/buffer_fclk_clk_0.FCLK_CLK_0_BUFG/O
                         net (fo=8489, routed)        1.477    12.656    design_1_i/poly_mul4096_two_bank_axis_0/inst/core/forward_butterfly_lane_a/multiplier/clk
    SLICE_X48Y53         FDRE                                         r  design_1_i/poly_mul4096_two_bank_axis_0/inst/core/forward_butterfly_lane_a/multiplier/acc_reg[24]/C
                         clock pessimism              0.115    12.771    
                         clock uncertainty           -0.154    12.617    
    SLICE_X48Y53         FDRE (Setup_fdre_C_D)       -0.105    12.512    design_1_i/poly_mul4096_two_bank_axis_0/inst/core/forward_butterfly_lane_a/multiplier/acc_reg[24]
  -------------------------------------------------------------------
                         required time                         12.512    
                         arrival time                         -12.270    
  -------------------------------------------------------------------
                         slack                                  0.241    

Slack (MET) :             0.241ns  (required time - arrival time)
  Source:                 design_1_i/poly_mul4096_two_bank_axis_0/inst/core/forward_butterfly_lane_a/multiplier/modulus_reg[29]/C
                            (rising edge-triggered cell FDRE clocked by clk_fpga_0  {rise@0.000ns fall@5.000ns period=10.000ns})
  Destination:            design_1_i/poly_mul4096_two_bank_axis_0/inst/core/forward_butterfly_lane_a/multiplier/result_reg[16]/D
                            (rising edge-triggered cell FDRE clocked by clk_fpga_0  {rise@0.000ns fall@5.000ns period=10.000ns})
  Path Group:             clk_fpga_0
  Path Type:              Setup (Max at Slow Process Corner)
  Requirement:            10.000ns  (clk_fpga_0 rise@10.000ns - clk_fpga_0 rise@0.000ns)
  Data Path Delay:        9.247ns  (logic 4.488ns (48.533%)  route 4.759ns (51.467%))
  Logic Levels:           8  (CARRY4=5 LUT1=1 LUT2=1 LUT3=1)
  Clock Path Skew:        -0.252ns (DCD - SCD + CPR)
    Destination Clock Delay (DCD):    2.656ns = ( 12.656 - 10.000 ) 
    Source Clock Delay      (SCD):    3.023ns
    Clock Pessimism Removal (CPR):    0.115ns
  Clock Uncertainty:      0.154ns  ((TSJ^2 + TIJ^2)^1/2 + DJ) / 2 + PE
    Total System Jitter     (TSJ):    0.071ns
    Total Input Jitter      (TIJ):    0.300ns
    Discrete Jitter          (DJ):    0.000ns
    Phase Error              (PE):    0.000ns

    Location             Delay type                Incr(ns)  Path(ns)    Netlist Resource(s)
  -------------------------------------------------------------------    -------------------
                         (clock clk_fpga_0 rise edge)
                                                      0.000     0.000 r  
    PS7_X0Y0             PS7                          0.000     0.000 r  design_1_i/processing_system7_0/inst/PS7_i/FCLKCLK[0]
                         net (fo=1, routed)           1.193     1.193    design_1_i/processing_system7_0/inst/FCLK_CLK_unbuffered[0]
    BUFGCTRL_X0Y16       BUFG (Prop_bufg_I_O)         0.101     1.294 r  design_1_i/processing_system7_0/inst/buffer_fclk_clk_0.FCLK_CLK_0_BUFG/O
                         net (fo=8489, routed)        1.729     3.023    design_1_i/poly_mul4096_two_bank_axis_0/inst/core/forward_butterfly_lane_a/multiplier/clk
    SLICE_X57Y44         FDRE                                         r  design_1_i/poly_mul4096_two_bank_axis_0/inst/core/forward_butterfly_lane_a/multiplier/modulus_reg[29]/C
  -------------------------------------------------------------------    -------------------
    SLICE_X57Y44         FDRE (Prop_fdre_C_Q)         0.456     3.479 f  design_1_i/poly_mul4096_two_bank_axis_0/inst/core/forward_butterfly_lane_a/multiplier/modulus_reg[29]/Q
                         net (fo=98, routed)          0.374     3.853    design_1_i/poly_mul4096_two_bank_axis_0/inst/core/forward_butterfly_lane_a/multiplier/p_0_in[30]
    SLICE_X54Y44         LUT1 (Prop_lut1_I0_O)        0.124     3.977 r  design_1_i/poly_mul4096_two_bank_axis_0/inst/core/forward_butterfly_lane_a/multiplier/x4_minus_q1_carry_i_1/O
                         net (fo=3, routed)           0.203     4.180    design_1_i/poly_mul4096_two_bank_axis_0/inst/core/forward_butterfly_lane_a/multiplier/x4_minus_q1_carry_i_1_n_0
    SLICE_X55Y44         CARRY4 (Prop_carry4_CYINIT_CO[2])
                                                      0.592     4.772 r  design_1_i/poly_mul4096_two_bank_axis_0/inst/core/forward_butterfly_lane_a/multiplier/x_reg[16]_i_9__1/CO[2]
                         net (fo=23, routed)          0.363     5.134    design_1_i/poly_mul4096_two_bank_axis_0/inst/core/forward_butterfly_lane_a/multiplier/x_reg[16]_i_9__1_n_1
    SLICE_X54Y45         CARRY4 (Prop_carry4_CYINIT_CO[2])
                                                      0.797     5.931 r  design_1_i/poly_mul4096_two_bank_axis_0/inst/core/forward_butterfly_lane_a/multiplier/x_reg[16]_i_8__1/CO[2]
                         net (fo=5, routed)           0.794     6.725    design_1_i/poly_mul4096_two_bank_axis_0/inst/core/forward_butterfly_lane_a/multiplier/x_reg[16]_i_8__1_n_1
    SLICE_X50Y50         CARRY4 (Prop_carry4_CYINIT_CO[2])
                                                      0.794     7.519 r  design_1_i/poly_mul4096_two_bank_axis_0/inst/core/forward_butterfly_lane_a/multiplier/x_reg[31]_i_21/CO[2]
                         net (fo=25, routed)          0.479     7.998    design_1_i/poly_mul4096_two_bank_axis_0/inst/core/forward_butterfly_lane_a/multiplier/x_reg[31]_i_21_n_1
    SLICE_X50Y51         CARRY4 (Prop_carry4_CYINIT_CO[3])
                                                      0.781     8.779 r  design_1_i/poly_mul4096_two_bank_axis_0/inst/core/forward_butterfly_lane_a/multiplier/x_reg[31]_i_20/CO[3]
                         net (fo=4, routed)           1.140     9.919    design_1_i/poly_mul4096_two_bank_axis_0/inst/core/forward_butterfly_lane_a/multiplier/x_reg[31]_i_20_n_0
    SLICE_X49Y52         LUT2 (Prop_lut2_I1_O)        0.124    10.043 r  design_1_i/poly_mul4096_two_bank_axis_0/inst/core/forward_butterfly_lane_a/multiplier/acc[31]_i_10/O
                         net (fo=1, routed)           0.000    10.043    design_1_i/poly_mul4096_two_bank_axis_0/inst/core/forward_butterfly_lane_a/multiplier/acc[31]_i_10_n_0
    SLICE_X49Y52         CARRY4 (Prop_carry4_S[1]_CO[1])
                                                      0.491    10.534 r  design_1_i/poly_mul4096_two_bank_axis_0/inst/core/forward_butterfly_lane_a/multiplier/acc_reg[31]_i_4__1/CO[1]
                         net (fo=32, routed)          0.739    11.274    design_1_i/poly_mul4096_two_bank_axis_0/inst/core/forward_butterfly_lane_a/multiplier/acc_reg[31]_i_4__1_n_2
    SLICE_X48Y53         LUT3 (Prop_lut3_I1_O)        0.329    11.603 r  design_1_i/poly_mul4096_two_bank_axis_0/inst/core/forward_butterfly_lane_a/multiplier/acc[16]_i_1__1/O
                         net (fo=2, routed)           0.668    12.270    design_1_i/poly_mul4096_two_bank_axis_0/inst/core/forward_butterfly_lane_a/multiplier/next_acc[16]
    SLICE_X49Y53         FDRE                                         r  design_1_i/poly_mul4096_two_bank_axis_0/inst/core/forward_butterfly_lane_a/multiplier/result_reg[16]/D
  -------------------------------------------------------------------    -------------------

                         (clock clk_fpga_0 rise edge)
                                                     10.000    10.000 r  
    PS7_X0Y0             PS7                          0.000    10.000 r  design_1_i/processing_system7_0/inst/PS7_i/FCLKCLK[0]
                         net (fo=1, routed)           1.088    11.088    design_1_i/processing_system7_0/inst/FCLK_CLK_unbuffered[0]
    BUFGCTRL_X0Y16       BUFG (Prop_bufg_I_O)         0.091    11.179 r  design_1_i/processing_system7_0/inst/buffer_fclk_clk_0.FCLK_CLK_0_BUFG/O
                         net (fo=8489, routed)        1.477    12.656    design_1_i/poly_mul4096_two_bank_axis_0/inst/core/forward_butterfly_lane_a/multiplier/clk
    SLICE_X49Y53         FDRE                                         r  design_1_i/poly_mul4096_two_bank_axis_0/inst/core/forward_butterfly_lane_a/multiplier/result_reg[16]/C
                         clock pessimism              0.115    12.771    
                         clock uncertainty           -0.154    12.617    
    SLICE_X49Y53         FDRE (Setup_fdre_C_D)       -0.105    12.512    design_1_i/poly_mul4096_two_bank_axis_0/inst/core/forward_butterfly_lane_a/multiplier/result_reg[16]
  -------------------------------------------------------------------
                         required time                         12.512    
                         arrival time                         -12.270    
  -------------------------------------------------------------------
                         slack                                  0.241    

Slack (MET) :             0.242ns  (required time - arrival time)
  Source:                 design_1_i/poly_mul4096_two_bank_axis_0/inst/core/preprocessing_lane_a/y_reg[1]/C
                            (rising edge-triggered cell FDRE clocked by clk_fpga_0  {rise@0.000ns fall@5.000ns period=10.000ns})
  Destination:            design_1_i/poly_mul4096_two_bank_axis_0/inst/core/preprocessing_lane_a/acc_reg[15]/D
                            (rising edge-triggered cell FDRE clocked by clk_fpga_0  {rise@0.000ns fall@5.000ns period=10.000ns})
  Path Group:             clk_fpga_0
  Path Type:              Setup (Max at Slow Process Corner)
  Requirement:            10.000ns  (clk_fpga_0 rise@10.000ns - clk_fpga_0 rise@0.000ns)
  Data Path Delay:        9.329ns  (logic 4.818ns (51.644%)  route 4.511ns (48.356%))
  Logic Levels:           16  (CARRY4=11 LUT3=2 LUT4=1 LUT5=2)
  Clock Path Skew:        -0.193ns (DCD - SCD + CPR)
    Destination Clock Delay (DCD):    2.725ns = ( 12.725 - 10.000 ) 
    Source Clock Delay      (SCD):    3.033ns
    Clock Pessimism Removal (CPR):    0.115ns
  Clock Uncertainty:      0.154ns  ((TSJ^2 + TIJ^2)^1/2 + DJ) / 2 + PE
    Total System Jitter     (TSJ):    0.071ns
    Total Input Jitter      (TIJ):    0.300ns
    Discrete Jitter          (DJ):    0.000ns
    Phase Error              (PE):    0.000ns

    Location             Delay type                Incr(ns)  Path(ns)    Netlist Resource(s)
  -------------------------------------------------------------------    -------------------
                         (clock clk_fpga_0 rise edge)
                                                      0.000     0.000 r  
    PS7_X0Y0             PS7                          0.000     0.000 r  design_1_i/processing_system7_0/inst/PS7_i/FCLKCLK[0]
                         net (fo=1, routed)           1.193     1.193    design_1_i/processing_system7_0/inst/FCLK_CLK_unbuffered[0]
    BUFGCTRL_X0Y16       BUFG (Prop_bufg_I_O)         0.101     1.294 r  design_1_i/processing_system7_0/inst/buffer_fclk_clk_0.FCLK_CLK_0_BUFG/O
                         net (fo=8489, routed)        1.739     3.033    design_1_i/poly_mul4096_two_bank_axis_0/inst/core/preprocessing_lane_a/clk
    SLICE_X87Y46         FDRE                                         r  design_1_i/poly_mul4096_two_bank_axis_0/inst/core/preprocessing_lane_a/y_reg[1]/C
  -------------------------------------------------------------------    -------------------
    SLICE_X87Y46         FDRE (Prop_fdre_C_Q)         0.419     3.452 r  design_1_i/poly_mul4096_two_bank_axis_0/inst/core/preprocessing_lane_a/y_reg[1]/Q
                         net (fo=66, routed)          0.945     4.397    design_1_i/poly_mul4096_two_bank_axis_0/inst/core/preprocessing_lane_a/y_reg_n_0_[1]
    SLICE_X87Y47         LUT4 (Prop_lut4_I0_O)        0.296     4.693 r  design_1_i/poly_mul4096_two_bank_axis_0/inst/core/preprocessing_lane_a/acc[0]_i_21/O
                         net (fo=1, routed)           0.000     4.693    design_1_i/poly_mul4096_two_bank_axis_0/inst/core/preprocessing_lane_a/acc[0]_i_21_n_0
    SLICE_X87Y47         CARRY4 (Prop_carry4_S[1]_CO[3])
                                                      0.550     5.243 r  design_1_i/poly_mul4096_two_bank_axis_0/inst/core/preprocessing_lane_a/acc_reg[0]_i_18/CO[3]
                         net (fo=1, routed)           0.000     5.243    design_1_i/poly_mul4096_two_bank_axis_0/inst/core/preprocessing_lane_a/acc_reg[0]_i_18_n_0
    SLICE_X87Y48         CARRY4 (Prop_carry4_CI_CO[3])
                                                      0.114     5.357 r  design_1_i/poly_mul4096_two_bank_axis_0/inst/core/preprocessing_lane_a/acc_reg[7]_i_18/CO[3]
                         net (fo=1, routed)           0.000     5.357    design_1_i/poly_mul4096_two_bank_axis_0/inst/core/preprocessing_lane_a/acc_reg[7]_i_18_n_0
    SLICE_X87Y49         CARRY4 (Prop_carry4_CI_CO[3])
                                                      0.114     5.471 r  design_1_i/poly_mul4096_two_bank_axis_0/inst/core/preprocessing_lane_a/acc_reg[11]_i_18/CO[3]
                         net (fo=1, routed)           0.001     5.471    design_1_i/poly_mul4096_two_bank_axis_0/inst/core/preprocessing_lane_a/acc_reg[11]_i_18_n_0
    SLICE_X87Y50         CARRY4 (Prop_carry4_CI_O[0])
                                                      0.222     5.693 r  design_1_i/poly_mul4096_two_bank_axis_0/inst/core/preprocessing_lane_a/acc_reg[15]_i_18/O[0]
                         net (fo=1, routed)           0.598     6.291    design_1_i/poly_mul4096_two_bank_axis_0/inst/core/preprocessing_lane_a/selected_raw1[12]
    SLICE_X86Y50         LUT5 (Prop_lut5_I4_O)        0.299     6.590 r  design_1_i/poly_mul4096_two_bank_axis_0/inst/core/preprocessing_lane_a/acc[15]_i_13/O
                         net (fo=1, routed)           0.000     6.590    design_1_i/poly_mul4096_two_bank_axis_0/inst/core/preprocessing_lane_a/acc[15]_i_13_n_0
    SLICE_X86Y50         CARRY4 (Prop_carry4_S[0]_CO[3])
                                                      0.513     7.103 r  design_1_i/poly_mul4096_two_bank_axis_0/inst/core/preprocessing_lane_a/acc_reg[15]_i_4/CO[3]
                         net (fo=1, routed)           0.000     7.103    design_1_i/poly_mul4096_two_bank_axis_0/inst/core/preprocessing_lane_a/acc_reg[15]_i_4_n_0
    SLICE_X86Y51         CARRY4 (Prop_carry4_CI_CO[3])
                                                      0.117     7.220 r  design_1_i/poly_mul4096_two_bank_axis_0/inst/core/preprocessing_lane_a/acc_reg[19]_i_4/CO[3]
                         net (fo=1, routed)           0.000     7.220    design_1_i/poly_mul4096_two_bank_axis_0/inst/core/preprocessing_lane_a/acc_reg[19]_i_4_n_0
    SLICE_X86Y52         CARRY4 (Prop_carry4_CI_CO[3])
                                                      0.117     7.337 r  design_1_i/poly_mul4096_two_bank_axis_0/inst/core/preprocessing_lane_a/acc_reg[23]_i_4/CO[3]
                         net (fo=1, routed)           0.000     7.337    design_1_i/poly_mul4096_two_bank_axis_0/inst/core/preprocessing_lane_a/acc_reg[23]_i_4_n_0
    SLICE_X86Y53         CARRY4 (Prop_carry4_CI_CO[3])
                                                      0.117     7.454 r  design_1_i/poly_mul4096_two_bank_axis_0/inst/core/preprocessing_lane_a/acc_reg[27]_i_4/CO[3]
                         net (fo=1, routed)           0.000     7.454    design_1_i/poly_mul4096_two_bank_axis_0/inst/core/preprocessing_lane_a/acc_reg[27]_i_4_n_0
    SLICE_X86Y54         CARRY4 (Prop_carry4_CI_O[1])
                                                      0.323     7.777 r  design_1_i/poly_mul4096_two_bank_axis_0/inst/core/preprocessing_lane_a/acc_reg[31]_i_6/O[1]
                         net (fo=8, routed)           0.886     8.663    design_1_i/poly_mul4096_two_bank_axis_0/inst/core/preprocessing_lane_a/acc_reg[31]_i_6_n_6
    SLICE_X83Y53         LUT3 (Prop_lut3_I0_O)        0.306     8.969 r  design_1_i/poly_mul4096_two_bank_axis_0/inst/core/preprocessing_lane_a/acc[31]_i_31/O
                         net (fo=1, routed)           0.000     8.969    design_1_i/poly_mul4096_two_bank_axis_0/inst/core/preprocessing_lane_a/acc[31]_i_31_n_0
    SLICE_X83Y53         CARRY4 (Prop_carry4_S[1]_CO[3])
                                                      0.550     9.519 r  design_1_i/poly_mul4096_two_bank_axis_0/inst/core/preprocessing_lane_a/acc_reg[31]_i_15/CO[3]
                         net (fo=1, routed)           0.000     9.519    design_1_i/poly_mul4096_two_bank_axis_0/inst/core/preprocessing_lane_a/acc_reg[31]_i_15_n_0
    SLICE_X83Y54         CARRY4 (Prop_carry4_CI_O[1])
                                                      0.334     9.853 r  design_1_i/poly_mul4096_two_bank_axis_0/inst/core/preprocessing_lane_a/acc_reg[0]_i_4/O[1]
                         net (fo=32, routed)          0.846    10.699    design_1_i/poly_mul4096_two_bank_axis_0/inst/core/preprocessing_lane_a/acc_reg[0]_i_4_n_6
    SLICE_X82Y49         LUT5 (Prop_lut5_I3_O)        0.303    11.002 r  design_1_i/poly_mul4096_two_bank_axis_0/inst/core/preprocessing_lane_a/acc[15]_i_3/O
                         net (fo=1, routed)           0.587    11.588    design_1_i/poly_mul4096_two_bank_axis_0/inst/core/preprocessing_lane_a/acc[15]_i_3_n_0
    SLICE_X81Y50         LUT3 (Prop_lut3_I2_O)        0.124    11.712 r  design_1_i/poly_mul4096_two_bank_axis_0/inst/core/preprocessing_lane_a/acc[15]_i_1/O
                         net (fo=2, routed)           0.650    12.362    design_1_i/poly_mul4096_two_bank_axis_0/inst/core/preprocessing_lane_a/next_acc[15]
    SLICE_X81Y50         FDRE                                         r  design_1_i/poly_mul4096_two_bank_axis_0/inst/core/preprocessing_lane_a/acc_reg[15]/D
  -------------------------------------------------------------------    -------------------

                         (clock clk_fpga_0 rise edge)
                                                     10.000    10.000 r  
    PS7_X0Y0             PS7                          0.000    10.000 r  design_1_i/processing_system7_0/inst/PS7_i/FCLKCLK[0]
                         net (fo=1, routed)           1.088    11.088    design_1_i/processing_system7_0/inst/FCLK_CLK_unbuffered[0]
    BUFGCTRL_X0Y16       BUFG (Prop_bufg_I_O)         0.091    11.179 r  design_1_i/processing_system7_0/inst/buffer_fclk_clk_0.FCLK_CLK_0_BUFG/O
                         net (fo=8489, routed)        1.546    12.725    design_1_i/poly_mul4096_two_bank_axis_0/inst/core/preprocessing_lane_a/clk
    SLICE_X81Y50         FDRE                                         r  design_1_i/poly_mul4096_two_bank_axis_0/inst/core/preprocessing_lane_a/acc_reg[15]/C
                         clock pessimism              0.115    12.840    
                         clock uncertainty           -0.154    12.686    
    SLICE_X81Y50         FDRE (Setup_fdre_C_D)       -0.081    12.605    design_1_i/poly_mul4096_two_bank_axis_0/inst/core/preprocessing_lane_a/acc_reg[15]
  -------------------------------------------------------------------
                         required time                         12.605    
                         arrival time                         -12.362    
  -------------------------------------------------------------------
                         slack                                  0.242    

Slack (MET) :             0.248ns  (required time - arrival time)
  Source:                 design_1_i/poly_mul4096_two_bank_axis_0/inst/core/forward_butterfly_lane_a/multiplier/y_reg[1]/C
                            (rising edge-triggered cell FDRE clocked by clk_fpga_0  {rise@0.000ns fall@5.000ns period=10.000ns})
  Destination:            design_1_i/poly_mul4096_two_bank_axis_0/inst/core/forward_butterfly_lane_a/multiplier/acc_reg[10]/D
                            (rising edge-triggered cell FDRE clocked by clk_fpga_0  {rise@0.000ns fall@5.000ns period=10.000ns})
  Path Group:             clk_fpga_0
  Path Type:              Setup (Max at Slow Process Corner)
  Requirement:            10.000ns  (clk_fpga_0 rise@10.000ns - clk_fpga_0 rise@0.000ns)
  Data Path Delay:        9.398ns  (logic 4.825ns (51.339%)  route 4.573ns (48.661%))
  Logic Levels:           16  (CARRY4=11 LUT3=2 LUT4=1 LUT5=2)
  Clock Path Skew:        -0.157ns (DCD - SCD + CPR)
    Destination Clock Delay (DCD):    2.673ns = ( 12.674 - 10.000 ) 
    Source Clock Delay      (SCD):    2.945ns
    Clock Pessimism Removal (CPR):    0.115ns
  Clock Uncertainty:      0.154ns  ((TSJ^2 + TIJ^2)^1/2 + DJ) / 2 + PE
    Total System Jitter     (TSJ):    0.071ns
    Total Input Jitter      (TIJ):    0.300ns
    Discrete Jitter          (DJ):    0.000ns
    Phase Error              (PE):    0.000ns

    Location             Delay type                Incr(ns)  Path(ns)    Netlist Resource(s)
  -------------------------------------------------------------------    -------------------
                         (clock clk_fpga_0 rise edge)
                                                      0.000     0.000 r  
    PS7_X0Y0             PS7                          0.000     0.000 r  design_1_i/processing_system7_0/inst/PS7_i/FCLKCLK[0]
                         net (fo=1, routed)           1.193     1.193    design_1_i/processing_system7_0/inst/FCLK_CLK_unbuffered[0]
    BUFGCTRL_X0Y16       BUFG (Prop_bufg_I_O)         0.101     1.294 r  design_1_i/processing_system7_0/inst/buffer_fclk_clk_0.FCLK_CLK_0_BUFG/O
                         net (fo=8489, routed)        1.651     2.945    design_1_i/poly_mul4096_two_bank_axis_0/inst/core/forward_butterfly_lane_a/multiplier/clk
    SLICE_X40Y54         FDRE                                         r  design_1_i/poly_mul4096_two_bank_axis_0/inst/core/forward_butterfly_lane_a/multiplier/y_reg[1]/C
  -------------------------------------------------------------------    -------------------
    SLICE_X40Y54         FDRE (Prop_fdre_C_Q)         0.419     3.364 r  design_1_i/poly_mul4096_two_bank_axis_0/inst/core/forward_butterfly_lane_a/multiplier/y_reg[1]/Q
                         net (fo=66, routed)          1.248     4.612    design_1_i/poly_mul4096_two_bank_axis_0/inst/core/forward_butterfly_lane_a/multiplier/y_reg_n_0_[1]
    SLICE_X44Y46         LUT4 (Prop_lut4_I0_O)        0.297     4.909 r  design_1_i/poly_mul4096_two_bank_axis_0/inst/core/forward_butterfly_lane_a/multiplier/acc_minus_q1_carry_i_13/O
                         net (fo=1, routed)           0.000     4.909    design_1_i/poly_mul4096_two_bank_axis_0/inst/core/forward_butterfly_lane_a/multiplier/acc_minus_q1_carry_i_13_n_0
    SLICE_X44Y46         CARRY4 (Prop_carry4_S[1]_CO[3])
                                                      0.550     5.459 r  design_1_i/poly_mul4096_two_bank_axis_0/inst/core/forward_butterfly_lane_a/multiplier/acc_minus_q1_carry_i_10/CO[3]
                         net (fo=1, routed)           0.000     5.459    design_1_i/poly_mul4096_two_bank_axis_0/inst/core/forward_butterfly_lane_a/multiplier/acc_minus_q1_carry_i_10_n_0
    SLICE_X44Y47         CARRY4 (Prop_carry4_CI_O[0])
                                                      0.222     5.681 r  design_1_i/poly_mul4096_two_bank_axis_0/inst/core/forward_butterfly_lane_a/multiplier/acc_minus_q1_carry__0_i_10/O[0]
                         net (fo=1, routed)           0.458     6.139    design_1_i/poly_mul4096_two_bank_axis_0/inst/core/forward_butterfly_lane_a/multiplier/selected_raw1[4]
    SLICE_X46Y47         LUT5 (Prop_lut5_I4_O)        0.299     6.438 r  design_1_i/poly_mul4096_two_bank_axis_0/inst/core/forward_butterfly_lane_a/multiplier/acc_minus_q1_carry__0_i_9/O
                         net (fo=1, routed)           0.000     6.438    design_1_i/poly_mul4096_two_bank_axis_0/inst/core/forward_butterfly_lane_a/multiplier/acc_minus_q1_carry__0_i_9_n_0
    SLICE_X46Y47         CARRY4 (Prop_carry4_S[0]_CO[3])
                                                      0.513     6.951 r  design_1_i/poly_mul4096_two_bank_axis_0/inst/core/forward_butterfly_lane_a/multiplier/acc_minus_q1_carry__0_i_1/CO[3]
                         net (fo=1, routed)           0.000     6.951    design_1_i/poly_mul4096_two_bank_axis_0/inst/core/forward_butterfly_lane_a/multiplier/acc_minus_q1_carry__0_i_1_n_0
    SLICE_X46Y48         CARRY4 (Prop_carry4_CI_CO[3])
                                                      0.117     7.068 r  design_1_i/poly_mul4096_two_bank_axis_0/inst/core/forward_butterfly_lane_a/multiplier/acc_minus_q1_carry__1_i_1/CO[3]
                         net (fo=1, routed)           0.000     7.068    design_1_i/poly_mul4096_two_bank_axis_0/inst/core/forward_butterfly_lane_a/multiplier/acc_minus_q1_carry__1_i_1_n_0
    SLICE_X46Y49         CARRY4 (Prop_carry4_CI_CO[3])
                                                      0.117     7.185 r  design_1_i/poly_mul4096_two_bank_axis_0/inst/core/forward_butterfly_lane_a/multiplier/acc_minus_q1_carry__2_i_1/CO[3]
                         net (fo=1, routed)           0.001     7.186    design_1_i/poly_mul4096_two_bank_axis_0/inst/core/forward_butterfly_lane_a/multiplier/acc_minus_q1_carry__2_i_1_n_0
    SLICE_X46Y50         CARRY4 (Prop_carry4_CI_CO[3])
                                                      0.117     7.303 r  design_1_i/poly_mul4096_two_bank_axis_0/inst/core/forward_butterfly_lane_a/multiplier/acc_minus_q1_carry__3_i_1/CO[3]
                         net (fo=1, routed)           0.000     7.303    design_1_i/poly_mul4096_two_bank_axis_0/inst/core/forward_butterfly_lane_a/multiplier/acc_minus_q1_carry__3_i_1_n_0
    SLICE_X46Y51         CARRY4 (Prop_carry4_CI_CO[3])
                                                      0.117     7.420 r  design_1_i/poly_mul4096_two_bank_axis_0/inst/core/forward_butterfly_lane_a/multiplier/acc_minus_q1_carry__4_i_1/CO[3]
                         net (fo=1, routed)           0.000     7.420    design_1_i/poly_mul4096_two_bank_axis_0/inst/core/forward_butterfly_lane_a/multiplier/acc_minus_q1_carry__4_i_1_n_0
    SLICE_X46Y52         CARRY4 (Prop_carry4_CI_CO[3])
                                                      0.117     7.537 r  design_1_i/poly_mul4096_two_bank_axis_0/inst/core/forward_butterfly_lane_a/multiplier/acc_minus_q1_carry__5_i_1/CO[3]
                         net (fo=1, routed)           0.000     7.537    design_1_i/poly_mul4096_two_bank_axis_0/inst/core/forward_butterfly_lane_a/multiplier/acc_minus_q1_carry__5_i_1_n_0
    SLICE_X46Y53         CARRY4 (Prop_carry4_CI_O[1])
                                                      0.323     7.860 r  design_1_i/poly_mul4096_two_bank_axis_0/inst/core/forward_butterfly_lane_a/multiplier/acc_minus_q1_carry__6_i_1/O[1]
                         net (fo=8, routed)           0.726     8.586    design_1_i/poly_mul4096_two_bank_axis_0/inst/core/forward_butterfly_lane_a/multiplier/acc_minus_q1_carry__6_i_1_n_6
    SLICE_X45Y53         LUT3 (Prop_lut3_I0_O)        0.306     8.892 r  design_1_i/poly_mul4096_two_bank_axis_0/inst/core/forward_butterfly_lane_a/multiplier/acc_minus_q2_carry__6_i_6/O
                         net (fo=1, routed)           0.000     8.892    design_1_i/poly_mul4096_two_bank_axis_0/inst/core/forward_butterfly_lane_a/multiplier/acc_minus_q2_carry__6_i_6_n_0
    SLICE_X45Y53         CARRY4 (Prop_carry4_S[1]_CO[3])
                                                      0.550     9.442 r  design_1_i/poly_mul4096_two_bank_axis_0/inst/core/forward_butterfly_lane_a/multiplier/acc_minus_q2_carry__6/CO[3]
                         net (fo=1, routed)           0.000     9.442    design_1_i/poly_mul4096_two_bank_axis_0/inst/core/forward_butterfly_lane_a/multiplier/acc_minus_q2_carry__6_n_0
    SLICE_X45Y54         CARRY4 (Prop_carry4_CI_O[1])
                                                      0.334     9.776 r  design_1_i/poly_mul4096_two_bank_axis_0/inst/core/forward_butterfly_lane_a/multiplier/acc_minus_q2_carry__7/O[1]
                         net (fo=32, routed)          1.223    10.999    design_1_i/poly_mul4096_two_bank_axis_0/inst/core/forward_butterfly_lane_a/multiplier/acc_minus_q2_carry__7_n_6
    SLICE_X46Y44         LUT5 (Prop_lut5_I3_O)        0.303    11.302 r  design_1_i/poly_mul4096_two_bank_axis_0/inst/core/forward_butterfly_lane_a/multiplier/acc[10]_i_2__1/O
                         net (fo=1, routed)           0.586    11.888    design_1_i/poly_mul4096_two_bank_axis_0/inst/core/forward_butterfly_lane_a/multiplier/acc[10]_i_2__1_n_0
    SLICE_X48Y46         LUT3 (Prop_lut3_I2_O)        0.124    12.012 r  design_1_i/poly_mul4096_two_bank_axis_0/inst/core/forward_butterfly_lane_a/multiplier/acc[10]_i_1__1/O
                         net (fo=2, routed)           0.331    12.343    design_1_i/poly_mul4096_two_bank_axis_0/inst/core/forward_butterfly_lane_a/multiplier/next_acc[10]
    SLICE_X48Y47         FDRE                                         r  design_1_i/poly_mul4096_two_bank_axis_0/inst/core/forward_butterfly_lane_a/multiplier/acc_reg[10]/D
  -------------------------------------------------------------------    -------------------

                         (clock clk_fpga_0 rise edge)
                                                     10.000    10.000 r  
    PS7_X0Y0             PS7                          0.000    10.000 r  design_1_i/processing_system7_0/inst/PS7_i/FCLKCLK[0]
                         net (fo=1, routed)           1.088    11.088    design_1_i/processing_system7_0/inst/FCLK_CLK_unbuffered[0]
    BUFGCTRL_X0Y16       BUFG (Prop_bufg_I_O)         0.091    11.179 r  design_1_i/processing_system7_0/inst/buffer_fclk_clk_0.FCLK_CLK_0_BUFG/O
                         net (fo=8489, routed)        1.494    12.674    design_1_i/poly_mul4096_two_bank_axis_0/inst/core/forward_butterfly_lane_a/multiplier/clk
    SLICE_X48Y47         FDRE                                         r  design_1_i/poly_mul4096_two_bank_axis_0/inst/core/forward_butterfly_lane_a/multiplier/acc_reg[10]/C
                         clock pessimism              0.115    12.788    
                         clock uncertainty           -0.154    12.634    
    SLICE_X48Y47         FDRE (Setup_fdre_C_D)       -0.043    12.591    design_1_i/poly_mul4096_two_bank_axis_0/inst/core/forward_butterfly_lane_a/multiplier/acc_reg[10]
  -------------------------------------------------------------------
                         required time                         12.591    
                         arrival time                         -12.343    
  -------------------------------------------------------------------
                         slack                                  0.248    

Slack (MET) :             0.263ns  (required time - arrival time)
  Source:                 design_1_i/poly_mul4096_two_bank_axis_0/inst/core/preprocessing_lane_b/modulus_reg[29]/C
                            (rising edge-triggered cell FDRE clocked by clk_fpga_0  {rise@0.000ns fall@5.000ns period=10.000ns})
  Destination:            design_1_i/poly_mul4096_two_bank_axis_0/inst/core/preprocessing_lane_b/result_reg[18]/D
                            (rising edge-triggered cell FDRE clocked by clk_fpga_0  {rise@0.000ns fall@5.000ns period=10.000ns})
  Path Group:             clk_fpga_0
  Path Type:              Setup (Max at Slow Process Corner)
  Requirement:            10.000ns  (clk_fpga_0 rise@10.000ns - clk_fpga_0 rise@0.000ns)
  Data Path Delay:        9.436ns  (logic 4.447ns (47.127%)  route 4.989ns (52.873%))
  Logic Levels:           8  (CARRY4=5 LUT1=1 LUT2=1 LUT3=1)
  Clock Path Skew:        -0.066ns (DCD - SCD + CPR)
    Destination Clock Delay (DCD):    2.705ns = ( 12.705 - 10.000 ) 
    Source Clock Delay      (SCD):    3.000ns
    Clock Pessimism Removal (CPR):    0.229ns
  Clock Uncertainty:      0.154ns  ((TSJ^2 + TIJ^2)^1/2 + DJ) / 2 + PE
    Total System Jitter     (TSJ):    0.071ns
    Total Input Jitter      (TIJ):    0.300ns
    Discrete Jitter          (DJ):    0.000ns
    Phase Error              (PE):    0.000ns

    Location             Delay type                Incr(ns)  Path(ns)    Netlist Resource(s)
  -------------------------------------------------------------------    -------------------
                         (clock clk_fpga_0 rise edge)
                                                      0.000     0.000 r  
    PS7_X0Y0             PS7                          0.000     0.000 r  design_1_i/processing_system7_0/inst/PS7_i/FCLKCLK[0]
                         net (fo=1, routed)           1.193     1.193    design_1_i/processing_system7_0/inst/FCLK_CLK_unbuffered[0]
    BUFGCTRL_X0Y16       BUFG (Prop_bufg_I_O)         0.101     1.294 r  design_1_i/processing_system7_0/inst/buffer_fclk_clk_0.FCLK_CLK_0_BUFG/O
                         net (fo=8489, routed)        1.706     3.000    design_1_i/poly_mul4096_two_bank_axis_0/inst/core/preprocessing_lane_b/clk
    SLICE_X61Y66         FDRE                                         r  design_1_i/poly_mul4096_two_bank_axis_0/inst/core/preprocessing_lane_b/modulus_reg[29]/C
  -------------------------------------------------------------------    -------------------
    SLICE_X61Y66         FDRE (Prop_fdre_C_Q)         0.456     3.456 f  design_1_i/poly_mul4096_two_bank_axis_0/inst/core/preprocessing_lane_b/modulus_reg[29]/Q
                         net (fo=98, routed)          0.353     3.809    design_1_i/poly_mul4096_two_bank_axis_0/inst/core/preprocessing_lane_b/p_0_in[30]
    SLICE_X61Y66         LUT1 (Prop_lut1_I0_O)        0.124     3.933 r  design_1_i/poly_mul4096_two_bank_axis_0/inst/core/preprocessing_lane_b/x[4]_i_4__0/O
                         net (fo=3, routed)           0.487     4.419    design_1_i/poly_mul4096_two_bank_axis_0/inst/core/preprocessing_lane_b/x[4]_i_4__0_n_0
    SLICE_X61Y65         CARRY4 (Prop_carry4_CYINIT_CO[2])
                                                      0.592     5.011 r  design_1_i/poly_mul4096_two_bank_axis_0/inst/core/preprocessing_lane_b/x_reg[16]_i_9__0/CO[2]
                         net (fo=23, routed)          0.214     5.226    design_1_i/poly_mul4096_two_bank_axis_0/inst/core/preprocessing_lane_b/x_reg[16]_i_9__0_n_1
    SLICE_X60Y65         CARRY4 (Prop_carry4_CYINIT_CO[2])
                                                      0.781     6.007 r  design_1_i/poly_mul4096_two_bank_axis_0/inst/core/preprocessing_lane_b/x_reg[16]_i_8__0/CO[2]
                         net (fo=5, routed)           0.791     6.798    design_1_i/poly_mul4096_two_bank_axis_0/inst/core/preprocessing_lane_b/x_reg[16]_i_8__0_n_1
    SLICE_X57Y69         CARRY4 (Prop_carry4_CYINIT_CO[2])
                                                      0.781     7.579 r  design_1_i/poly_mul4096_two_bank_axis_0/inst/core/preprocessing_lane_b/x_reg[31]_i_18__0/CO[2]
                         net (fo=25, routed)          0.685     8.264    design_1_i/poly_mul4096_two_bank_axis_0/inst/core/preprocessing_lane_b/x_reg[31]_i_18__0_n_1
    SLICE_X57Y74         CARRY4 (Prop_carry4_CYINIT_CO[3])
                                                      0.769     9.033 r  design_1_i/poly_mul4096_two_bank_axis_0/inst/core/preprocessing_lane_b/x_reg[31]_i_17__0/CO[3]
                         net (fo=4, routed)           0.910     9.942    design_1_i/poly_mul4096_two_bank_axis_0/inst/core/preprocessing_lane_b/x_reg[31]_i_17__0_n_0
    SLICE_X60Y74         LUT2 (Prop_lut2_I1_O)        0.124    10.066 r  design_1_i/poly_mul4096_two_bank_axis_0/inst/core/preprocessing_lane_b/acc[31]_i_12__0/O
                         net (fo=1, routed)           0.000    10.066    design_1_i/poly_mul4096_two_bank_axis_0/inst/core/preprocessing_lane_b/acc[31]_i_12__0_n_0
    SLICE_X60Y74         CARRY4 (Prop_carry4_S[1]_CO[1])
                                                      0.491    10.557 r  design_1_i/poly_mul4096_two_bank_axis_0/inst/core/preprocessing_lane_b/acc_reg[31]_i_4__0/CO[1]
                         net (fo=32, routed)          0.926    11.484    design_1_i/poly_mul4096_two_bank_axis_0/inst/core/preprocessing_lane_b/acc_reg[31]_i_4__0_n_2
    SLICE_X57Y70         LUT3 (Prop_lut3_I1_O)        0.329    11.813 r  design_1_i/poly_mul4096_two_bank_axis_0/inst/core/preprocessing_lane_b/acc[18]_i_1__0/O
                         net (fo=2, routed)           0.624    12.436    design_1_i/poly_mul4096_two_bank_axis_0/inst/core/preprocessing_lane_b/next_acc[18]
    SLICE_X57Y70         FDRE                                         r  design_1_i/poly_mul4096_two_bank_axis_0/inst/core/preprocessing_lane_b/result_reg[18]/D
  -------------------------------------------------------------------    -------------------

                         (clock clk_fpga_0 rise edge)
                                                     10.000    10.000 r  
    PS7_X0Y0             PS7                          0.000    10.000 r  design_1_i/processing_system7_0/inst/PS7_i/FCLKCLK[0]
                         net (fo=1, routed)           1.088    11.088    design_1_i/processing_system7_0/inst/FCLK_CLK_unbuffered[0]
    BUFGCTRL_X0Y16       BUFG (Prop_bufg_I_O)         0.091    11.179 r  design_1_i/processing_system7_0/inst/buffer_fclk_clk_0.FCLK_CLK_0_BUFG/O
                         net (fo=8489, routed)        1.526    12.705    design_1_i/poly_mul4096_two_bank_axis_0/inst/core/preprocessing_lane_b/clk
    SLICE_X57Y70         FDRE                                         r  design_1_i/poly_mul4096_two_bank_axis_0/inst/core/preprocessing_lane_b/result_reg[18]/C
                         clock pessimism              0.229    12.934    
                         clock uncertainty           -0.154    12.780    
    SLICE_X57Y70         FDRE (Setup_fdre_C_D)       -0.081    12.699    design_1_i/poly_mul4096_two_bank_axis_0/inst/core/preprocessing_lane_b/result_reg[18]
  -------------------------------------------------------------------
                         required time                         12.699    
                         arrival time                         -12.436    
  -------------------------------------------------------------------
                         slack                                  0.263    

Slack (MET) :             0.269ns  (required time - arrival time)
  Source:                 design_1_i/poly_mul4096_two_bank_axis_0/inst/core/preprocessing_lane_b/modulus_reg[29]/C
                            (rising edge-triggered cell FDRE clocked by clk_fpga_0  {rise@0.000ns fall@5.000ns period=10.000ns})
  Destination:            design_1_i/poly_mul4096_two_bank_axis_0/inst/core/preprocessing_lane_b/result_reg[2]/D
                            (rising edge-triggered cell FDRE clocked by clk_fpga_0  {rise@0.000ns fall@5.000ns period=10.000ns})
  Path Group:             clk_fpga_0
  Path Type:              Setup (Max at Slow Process Corner)
  Requirement:            10.000ns  (clk_fpga_0 rise@10.000ns - clk_fpga_0 rise@0.000ns)
  Data Path Delay:        9.471ns  (logic 4.447ns (46.954%)  route 5.024ns (53.046%))
  Logic Levels:           8  (CARRY4=5 LUT1=1 LUT2=1 LUT3=1)
  Clock Path Skew:        -0.061ns (DCD - SCD + CPR)
    Destination Clock Delay (DCD):    2.710ns = ( 12.710 - 10.000 ) 
    Source Clock Delay      (SCD):    3.000ns
    Clock Pessimism Removal (CPR):    0.229ns
  Clock Uncertainty:      0.154ns  ((TSJ^2 + TIJ^2)^1/2 + DJ) / 2 + PE
    Total System Jitter     (TSJ):    0.071ns
    Total Input Jitter      (TIJ):    0.300ns
    Discrete Jitter          (DJ):    0.000ns
    Phase Error              (PE):    0.000ns

    Location             Delay type                Incr(ns)  Path(ns)    Netlist Resource(s)
  -------------------------------------------------------------------    -------------------
                         (clock clk_fpga_0 rise edge)
                                                      0.000     0.000 r  
    PS7_X0Y0             PS7                          0.000     0.000 r  design_1_i/processing_system7_0/inst/PS7_i/FCLKCLK[0]
                         net (fo=1, routed)           1.193     1.193    design_1_i/processing_system7_0/inst/FCLK_CLK_unbuffered[0]
    BUFGCTRL_X0Y16       BUFG (Prop_bufg_I_O)         0.101     1.294 r  design_1_i/processing_system7_0/inst/buffer_fclk_clk_0.FCLK_CLK_0_BUFG/O
                         net (fo=8489, routed)        1.706     3.000    design_1_i/poly_mul4096_two_bank_axis_0/inst/core/preprocessing_lane_b/clk
    SLICE_X61Y66         FDRE                                         r  design_1_i/poly_mul4096_two_bank_axis_0/inst/core/preprocessing_lane_b/modulus_reg[29]/C
  -------------------------------------------------------------------    -------------------
    SLICE_X61Y66         FDRE (Prop_fdre_C_Q)         0.456     3.456 f  design_1_i/poly_mul4096_two_bank_axis_0/inst/core/preprocessing_lane_b/modulus_reg[29]/Q
                         net (fo=98, routed)          0.353     3.809    design_1_i/poly_mul4096_two_bank_axis_0/inst/core/preprocessing_lane_b/p_0_in[30]
    SLICE_X61Y66         LUT1 (Prop_lut1_I0_O)        0.124     3.933 r  design_1_i/poly_mul4096_two_bank_axis_0/inst/core/preprocessing_lane_b/x[4]_i_4__0/O
                         net (fo=3, routed)           0.487     4.419    design_1_i/poly_mul4096_two_bank_axis_0/inst/core/preprocessing_lane_b/x[4]_i_4__0_n_0
    SLICE_X61Y65         CARRY4 (Prop_carry4_CYINIT_CO[2])
                                                      0.592     5.011 r  design_1_i/poly_mul4096_two_bank_axis_0/inst/core/preprocessing_lane_b/x_reg[16]_i_9__0/CO[2]
                         net (fo=23, routed)          0.214     5.226    design_1_i/poly_mul4096_two_bank_axis_0/inst/core/preprocessing_lane_b/x_reg[16]_i_9__0_n_1
    SLICE_X60Y65         CARRY4 (Prop_carry4_CYINIT_CO[2])
                                                      0.781     6.007 r  design_1_i/poly_mul4096_two_bank_axis_0/inst/core/preprocessing_lane_b/x_reg[16]_i_8__0/CO[2]
                         net (fo=5, routed)           0.791     6.798    design_1_i/poly_mul4096_two_bank_axis_0/inst/core/preprocessing_lane_b/x_reg[16]_i_8__0_n_1
    SLICE_X57Y69         CARRY4 (Prop_carry4_CYINIT_CO[2])
                                                      0.781     7.579 r  design_1_i/poly_mul4096_two_bank_axis_0/inst/core/preprocessing_lane_b/x_reg[31]_i_18__0/CO[2]
                         net (fo=25, routed)          0.685     8.264    design_1_i/poly_mul4096_two_bank_axis_0/inst/core/preprocessing_lane_b/x_reg[31]_i_18__0_n_1
    SLICE_X57Y74         CARRY4 (Prop_carry4_CYINIT_CO[3])
                                                      0.769     9.033 r  design_1_i/poly_mul4096_two_bank_axis_0/inst/core/preprocessing_lane_b/x_reg[31]_i_17__0/CO[3]
                         net (fo=4, routed)           0.910     9.942    design_1_i/poly_mul4096_two_bank_axis_0/inst/core/preprocessing_lane_b/x_reg[31]_i_17__0_n_0
    SLICE_X60Y74         LUT2 (Prop_lut2_I1_O)        0.124    10.066 r  design_1_i/poly_mul4096_two_bank_axis_0/inst/core/preprocessing_lane_b/acc[31]_i_12__0/O
                         net (fo=1, routed)           0.000    10.066    design_1_i/poly_mul4096_two_bank_axis_0/inst/core/preprocessing_lane_b/acc[31]_i_12__0_n_0
    SLICE_X60Y74         CARRY4 (Prop_carry4_S[1]_CO[1])
                                                      0.491    10.557 r  design_1_i/poly_mul4096_two_bank_axis_0/inst/core/preprocessing_lane_b/acc_reg[31]_i_4__0/CO[1]
                         net (fo=32, routed)          0.961    11.518    design_1_i/poly_mul4096_two_bank_axis_0/inst/core/preprocessing_lane_b/acc_reg[31]_i_4__0_n_2
    SLICE_X58Y65         LUT3 (Prop_lut3_I1_O)        0.329    11.847 r  design_1_i/poly_mul4096_two_bank_axis_0/inst/core/preprocessing_lane_b/acc[2]_i_1__0/O
                         net (fo=2, routed)           0.624    12.471    design_1_i/poly_mul4096_two_bank_axis_0/inst/core/preprocessing_lane_b/next_acc[2]
    SLICE_X58Y65         FDRE                                         r  design_1_i/poly_mul4096_two_bank_axis_0/inst/core/preprocessing_lane_b/result_reg[2]/D
  -------------------------------------------------------------------    -------------------

                         (clock clk_fpga_0 rise edge)
                                                     10.000    10.000 r  
    PS7_X0Y0             PS7                          0.000    10.000 r  design_1_i/processing_system7_0/inst/PS7_i/FCLKCLK[0]
                         net (fo=1, routed)           1.088    11.088    design_1_i/processing_system7_0/inst/FCLK_CLK_unbuffered[0]
    BUFGCTRL_X0Y16       BUFG (Prop_bufg_I_O)         0.091    11.179 r  design_1_i/processing_system7_0/inst/buffer_fclk_clk_0.FCLK_CLK_0_BUFG/O
                         net (fo=8489, routed)        1.531    12.710    design_1_i/poly_mul4096_two_bank_axis_0/inst/core/preprocessing_lane_b/clk
    SLICE_X58Y65         FDRE                                         r  design_1_i/poly_mul4096_two_bank_axis_0/inst/core/preprocessing_lane_b/result_reg[2]/C
                         clock pessimism              0.229    12.939    
                         clock uncertainty           -0.154    12.785    
    SLICE_X58Y65         FDRE (Setup_fdre_C_D)       -0.045    12.740    design_1_i/poly_mul4096_two_bank_axis_0/inst/core/preprocessing_lane_b/result_reg[2]
  -------------------------------------------------------------------
                         required time                         12.740    
                         arrival time                         -12.471    
  -------------------------------------------------------------------
                         slack                                  0.269    

Slack (MET) :             0.274ns  (required time - arrival time)
  Source:                 design_1_i/poly_mul4096_two_bank_axis_0/inst/core/preprocessing_lane_b/modulus_reg[29]/C
                            (rising edge-triggered cell FDRE clocked by clk_fpga_0  {rise@0.000ns fall@5.000ns period=10.000ns})
  Destination:            design_1_i/poly_mul4096_two_bank_axis_0/inst/core/preprocessing_lane_b/acc_reg[17]/D
                            (rising edge-triggered cell FDRE clocked by clk_fpga_0  {rise@0.000ns fall@5.000ns period=10.000ns})
  Path Group:             clk_fpga_0
  Path Type:              Setup (Max at Slow Process Corner)
  Requirement:            10.000ns  (clk_fpga_0 rise@10.000ns - clk_fpga_0 rise@0.000ns)
  Data Path Delay:        9.438ns  (logic 4.447ns (47.119%)  route 4.991ns (52.881%))
  Logic Levels:           8  (CARRY4=5 LUT1=1 LUT2=1 LUT3=1)
  Clock Path Skew:        -0.067ns (DCD - SCD + CPR)
    Destination Clock Delay (DCD):    2.704ns = ( 12.704 - 10.000 ) 
    Source Clock Delay      (SCD):    3.000ns
    Clock Pessimism Removal (CPR):    0.229ns
  Clock Uncertainty:      0.154ns  ((TSJ^2 + TIJ^2)^1/2 + DJ) / 2 + PE
    Total System Jitter     (TSJ):    0.071ns
    Total Input Jitter      (TIJ):    0.300ns
    Discrete Jitter          (DJ):    0.000ns
    Phase Error              (PE):    0.000ns

    Location             Delay type                Incr(ns)  Path(ns)    Netlist Resource(s)
  -------------------------------------------------------------------    -------------------
                         (clock clk_fpga_0 rise edge)
                                                      0.000     0.000 r  
    PS7_X0Y0             PS7                          0.000     0.000 r  design_1_i/processing_system7_0/inst/PS7_i/FCLKCLK[0]
                         net (fo=1, routed)           1.193     1.193    design_1_i/processing_system7_0/inst/FCLK_CLK_unbuffered[0]
    BUFGCTRL_X0Y16       BUFG (Prop_bufg_I_O)         0.101     1.294 r  design_1_i/processing_system7_0/inst/buffer_fclk_clk_0.FCLK_CLK_0_BUFG/O
                         net (fo=8489, routed)        1.706     3.000    design_1_i/poly_mul4096_two_bank_axis_0/inst/core/preprocessing_lane_b/clk
    SLICE_X61Y66         FDRE                                         r  design_1_i/poly_mul4096_two_bank_axis_0/inst/core/preprocessing_lane_b/modulus_reg[29]/C
  -------------------------------------------------------------------    -------------------
    SLICE_X61Y66         FDRE (Prop_fdre_C_Q)         0.456     3.456 f  design_1_i/poly_mul4096_two_bank_axis_0/inst/core/preprocessing_lane_b/modulus_reg[29]/Q
                         net (fo=98, routed)          0.353     3.809    design_1_i/poly_mul4096_two_bank_axis_0/inst/core/preprocessing_lane_b/p_0_in[30]
    SLICE_X61Y66         LUT1 (Prop_lut1_I0_O)        0.124     3.933 r  design_1_i/poly_mul4096_two_bank_axis_0/inst/core/preprocessing_lane_b/x[4]_i_4__0/O
                         net (fo=3, routed)           0.487     4.419    design_1_i/poly_mul4096_two_bank_axis_0/inst/core/preprocessing_lane_b/x[4]_i_4__0_n_0
    SLICE_X61Y65         CARRY4 (Prop_carry4_CYINIT_CO[2])
                                                      0.592     5.011 r  design_1_i/poly_mul4096_two_bank_axis_0/inst/core/preprocessing_lane_b/x_reg[16]_i_9__0/CO[2]
                         net (fo=23, routed)          0.214     5.226    design_1_i/poly_mul4096_two_bank_axis_0/inst/core/preprocessing_lane_b/x_reg[16]_i_9__0_n_1
    SLICE_X60Y65         CARRY4 (Prop_carry4_CYINIT_CO[2])
                                                      0.781     6.007 r  design_1_i/poly_mul4096_two_bank_axis_0/inst/core/preprocessing_lane_b/x_reg[16]_i_8__0/CO[2]
                         net (fo=5, routed)           0.791     6.798    design_1_i/poly_mul4096_two_bank_axis_0/inst/core/preprocessing_lane_b/x_reg[16]_i_8__0_n_1
    SLICE_X57Y69         CARRY4 (Prop_carry4_CYINIT_CO[2])
                                                      0.781     7.579 r  design_1_i/poly_mul4096_two_bank_axis_0/inst/core/preprocessing_lane_b/x_reg[31]_i_18__0/CO[2]
                         net (fo=25, routed)          0.685     8.264    design_1_i/poly_mul4096_two_bank_axis_0/inst/core/preprocessing_lane_b/x_reg[31]_i_18__0_n_1
    SLICE_X57Y74         CARRY4 (Prop_carry4_CYINIT_CO[3])
                                                      0.769     9.033 r  design_1_i/poly_mul4096_two_bank_axis_0/inst/core/preprocessing_lane_b/x_reg[31]_i_17__0/CO[3]
                         net (fo=4, routed)           0.910     9.942    design_1_i/poly_mul4096_two_bank_axis_0/inst/core/preprocessing_lane_b/x_reg[31]_i_17__0_n_0
    SLICE_X60Y74         LUT2 (Prop_lut2_I1_O)        0.124    10.066 r  design_1_i/poly_mul4096_two_bank_axis_0/inst/core/preprocessing_lane_b/acc[31]_i_12__0/O
                         net (fo=1, routed)           0.000    10.066    design_1_i/poly_mul4096_two_bank_axis_0/inst/core/preprocessing_lane_b/acc[31]_i_12__0_n_0
    SLICE_X60Y74         CARRY4 (Prop_carry4_S[1]_CO[1])
                                                      0.491    10.557 r  design_1_i/poly_mul4096_two_bank_axis_0/inst/core/preprocessing_lane_b/acc_reg[31]_i_4__0/CO[1]
                         net (fo=32, routed)          0.889    11.446    design_1_i/poly_mul4096_two_bank_axis_0/inst/core/preprocessing_lane_b/acc_reg[31]_i_4__0_n_2
    SLICE_X56Y71         LUT3 (Prop_lut3_I1_O)        0.329    11.775 r  design_1_i/poly_mul4096_two_bank_axis_0/inst/core/preprocessing_lane_b/acc[17]_i_1__0/O
                         net (fo=2, routed)           0.663    12.438    design_1_i/poly_mul4096_two_bank_axis_0/inst/core/preprocessing_lane_b/next_acc[17]
    SLICE_X56Y71         FDRE                                         r  design_1_i/poly_mul4096_two_bank_axis_0/inst/core/preprocessing_lane_b/acc_reg[17]/D
  -------------------------------------------------------------------    -------------------

                         (clock clk_fpga_0 rise edge)
                                                     10.000    10.000 r  
    PS7_X0Y0             PS7                          0.000    10.000 r  design_1_i/processing_system7_0/inst/PS7_i/FCLKCLK[0]
                         net (fo=1, routed)           1.088    11.088    design_1_i/processing_system7_0/inst/FCLK_CLK_unbuffered[0]
    BUFGCTRL_X0Y16       BUFG (Prop_bufg_I_O)         0.091    11.179 r  design_1_i/processing_system7_0/inst/buffer_fclk_clk_0.FCLK_CLK_0_BUFG/O
                         net (fo=8489, routed)        1.525    12.704    design_1_i/poly_mul4096_two_bank_axis_0/inst/core/preprocessing_lane_b/clk
    SLICE_X56Y71         FDRE                                         r  design_1_i/poly_mul4096_two_bank_axis_0/inst/core/preprocessing_lane_b/acc_reg[17]/C
                         clock pessimism              0.229    12.933    
                         clock uncertainty           -0.154    12.779    
    SLICE_X56Y71         FDRE (Setup_fdre_C_D)       -0.067    12.712    design_1_i/poly_mul4096_two_bank_axis_0/inst/core/preprocessing_lane_b/acc_reg[17]
  -------------------------------------------------------------------
                         required time                         12.712    
                         arrival time                         -12.438    
  -------------------------------------------------------------------
                         slack                                  0.274    





Pulse Width Checks
--------------------------------------------------------------------------------------
Clock Name:         clk_fpga_0
Waveform(ns):       { 0.000 5.000 }
Period(ns):         10.000
Sources:            { design_1_i/processing_system7_0/inst/PS7_i/FCLKCLK[0] }

Check Type        Corner  Lib Pin             Reference Pin  Required(ns)  Actual(ns)  Slack(ns)  Location      Pin
Min Period        n/a     RAMB36E1/CLKARDCLK  n/a            2.944         10.000      7.056      RAMB36_X3Y8   design_1_i/poly_mul4096_two_bank_axis_0/inst/core/coefficient_bank_a/memory_reg_0/CLKARDCLK
Min Period        n/a     RAMB36E1/CLKBWRCLK  n/a            2.944         10.000      7.056      RAMB36_X3Y8   design_1_i/poly_mul4096_two_bank_axis_0/inst/core/coefficient_bank_a/memory_reg_0/CLKBWRCLK
Min Period        n/a     RAMB36E1/CLKARDCLK  n/a            2.944         10.000      7.056      RAMB36_X3Y9   design_1_i/poly_mul4096_two_bank_axis_0/inst/core/coefficient_bank_a/memory_reg_1/CLKARDCLK
Min Period        n/a     RAMB36E1/CLKBWRCLK  n/a            2.944         10.000      7.056      RAMB36_X3Y9   design_1_i/poly_mul4096_two_bank_axis_0/inst/core/coefficient_bank_a/memory_reg_1/CLKBWRCLK
Min Period        n/a     RAMB36E1/CLKARDCLK  n/a            2.944         10.000      7.056      RAMB36_X3Y10  design_1_i/poly_mul4096_two_bank_axis_0/inst/core/coefficient_bank_a/memory_reg_2/CLKARDCLK
Min Period        n/a     RAMB36E1/CLKBWRCLK  n/a            2.944         10.000      7.056      RAMB36_X3Y10  design_1_i/poly_mul4096_two_bank_axis_0/inst/core/coefficient_bank_a/memory_reg_2/CLKBWRCLK
Min Period        n/a     RAMB36E1/CLKARDCLK  n/a            2.944         10.000      7.056      RAMB36_X3Y11  design_1_i/poly_mul4096_two_bank_axis_0/inst/core/coefficient_bank_a/memory_reg_3/CLKARDCLK
Min Period        n/a     RAMB36E1/CLKBWRCLK  n/a            2.944         10.000      7.056      RAMB36_X3Y11  design_1_i/poly_mul4096_two_bank_axis_0/inst/core/coefficient_bank_a/memory_reg_3/CLKBWRCLK
Min Period        n/a     RAMB36E1/CLKARDCLK  n/a            2.944         10.000      7.056      RAMB36_X3Y12  design_1_i/poly_mul4096_two_bank_axis_0/inst/core/coefficient_bank_b/memory_reg_0/CLKARDCLK
Min Period        n/a     RAMB36E1/CLKBWRCLK  n/a            2.944         10.000      7.056      RAMB36_X3Y12  design_1_i/poly_mul4096_two_bank_axis_0/inst/core/coefficient_bank_b/memory_reg_0/CLKBWRCLK
Min Period        n/a     RAMB36E1/CLKARDCLK  n/a            2.944         10.000      7.056      RAMB36_X3Y13  design_1_i/poly_mul4096_two_bank_axis_0/inst/core/coefficient_bank_b/memory_reg_1/CLKARDCLK
Min Period        n/a     RAMB36E1/CLKBWRCLK  n/a            2.944         10.000      7.056      RAMB36_X3Y13  design_1_i/poly_mul4096_two_bank_axis_0/inst/core/coefficient_bank_b/memory_reg_1/CLKBWRCLK
Min Period        n/a     RAMB36E1/CLKARDCLK  n/a            2.944         10.000      7.056      RAMB36_X3Y14  design_1_i/poly_mul4096_two_bank_axis_0/inst/core/coefficient_bank_b/memory_reg_2/CLKARDCLK
Min Period        n/a     RAMB36E1/CLKBWRCLK  n/a            2.944         10.000      7.056      RAMB36_X3Y14  design_1_i/poly_mul4096_two_bank_axis_0/inst/core/coefficient_bank_b/memory_reg_2/CLKBWRCLK
Min Period        n/a     RAMB36E1/CLKARDCLK  n/a            2.944         10.000      7.056      RAMB36_X3Y15  design_1_i/poly_mul4096_two_bank_axis_0/inst/core/coefficient_bank_b/memory_reg_3/CLKARDCLK
Min Period        n/a     RAMB36E1/CLKBWRCLK  n/a            2.944         10.000      7.056      RAMB36_X3Y15  design_1_i/poly_mul4096_two_bank_axis_0/inst/core/coefficient_bank_b/memory_reg_3/CLKBWRCLK
Min Period        n/a     RAMB36E1/CLKARDCLK  n/a            2.576         10.000      7.424      RAMB36_X2Y9   design_1_i/axi_dma_0/U0/I_PRMRY_DATAMOVER/GEN_MM2S_FULL.I_MM2S_FULL_WRAPPER/GEN_INCLUDE_MM2S_SF.I_RD_SF/I_DATA_FIFO/BLK_MEM.I_SYNC_FIFOGEN_FIFO/xpm_fifo_instance.xpm_fifo_sync_inst/xpm_fifo_base_inst/gen_sdpram.xpm_memory_base_inst/gen_wr_a.gen_word_narrow.mem_reg/CLKARDCLK
Min Period        n/a     RAMB36E1/CLKBWRCLK  n/a            2.576         10.000      7.424      RAMB36_X2Y9   design_1_i/axi_dma_0/U0/I_PRMRY_DATAMOVER/GEN_MM2S_FULL.I_MM2S_FULL_WRAPPER/GEN_INCLUDE_MM2S_SF.I_RD_SF/I_DATA_FIFO/BLK_MEM.I_SYNC_FIFOGEN_FIFO/xpm_fifo_instance.xpm_fifo_sync_inst/xpm_fifo_base_inst/gen_sdpram.xpm_memory_base_inst/gen_wr_a.gen_word_narrow.mem_reg/CLKBWRCLK
Min Period        n/a     RAMB36E1/CLKARDCLK  n/a            2.576         10.000      7.424      RAMB36_X3Y7   design_1_i/axi_dma_0/U0/I_PRMRY_DATAMOVER/GEN_S2MM_FULL.I_S2MM_FULL_WRAPPER/GEN_ENABLE_INDET_BTT_SF.I_INDET_BTT/I_DATA_FIFO/BLK_MEM.I_SYNC_FIFOGEN_FIFO/xpm_fifo_instance.xpm_fifo_sync_inst/xpm_fifo_base_inst/gen_sdpram.xpm_memory_base_inst/gen_wr_a.gen_word_narrow.mem_reg/CLKARDCLK
Min Period        n/a     RAMB36E1/CLKBWRCLK  n/a            2.576         10.000      7.424      RAMB36_X3Y7   design_1_i/axi_dma_0/U0/I_PRMRY_DATAMOVER/GEN_S2MM_FULL.I_S2MM_FULL_WRAPPER/GEN_ENABLE_INDET_BTT_SF.I_INDET_BTT/I_DATA_FIFO/BLK_MEM.I_SYNC_FIFOGEN_FIFO/xpm_fifo_instance.xpm_fifo_sync_inst/xpm_fifo_base_inst/gen_sdpram.xpm_memory_base_inst/gen_wr_a.gen_word_narrow.mem_reg/CLKBWRCLK
Low Pulse Width   Slow    RAMD32/CLK          n/a            1.250         5.000       3.750      SLICE_X46Y62  design_1_i/axi_dma_0/U0/I_PRMRY_DATAMOVER/GEN_S2MM_FULL.I_S2MM_FULL_WRAPPER/GEN_ENABLE_INDET_BTT_SF.I_INDET_BTT/I_XD_FIFO/NON_BLK_MEM.I_SYNC_FIFOGEN_FIFO/xpm_fifo_instance.xpm_fifo_sync_inst/xpm_fifo_base_inst/gen_sdpram.xpm_memory_base_inst/gen_wr_a.gen_word_narrow.mem_reg_0_15_0_5/RAMA/CLK
Low Pulse Width   Fast    RAMD32/CLK          n/a            1.250         5.000       3.750      SLICE_X46Y62  design_1_i/axi_dma_0/U0/I_PRMRY_DATAMOVER/GEN_S2MM_FULL.I_S2MM_FULL_WRAPPER/GEN_ENABLE_INDET_BTT_SF.I_INDET_BTT/I_XD_FIFO/NON_BLK_MEM.I_SYNC_FIFOGEN_FIFO/xpm_fifo_instance.xpm_fifo_sync_inst/xpm_fifo_base_inst/gen_sdpram.xpm_memory_base_inst/gen_wr_a.gen_word_narrow.mem_reg_0_15_0_5/RAMA/CLK
Low Pulse Width   Slow    RAMD32/CLK          n/a            1.250         5.000       3.750      SLICE_X46Y62  design_1_i/axi_dma_0/U0/I_PRMRY_DATAMOVER/GEN_S2MM_FULL.I_S2MM_FULL_WRAPPER/GEN_ENABLE_INDET_BTT_SF.I_INDET_BTT/I_XD_FIFO/NON_BLK_MEM.I_SYNC_FIFOGEN_FIFO/xpm_fifo_instance.xpm_fifo_sync_inst/xpm_fifo_base_inst/gen_sdpram.xpm_memory_base_inst/gen_wr_a.gen_word_narrow.mem_reg_0_15_0_5/RAMA_D1/CLK
Low Pulse Width   Fast    RAMD32/CLK          n/a            1.250         5.000       3.750      SLICE_X46Y62  design_1_i/axi_dma_0/U0/I_PRMRY_DATAMOVER/GEN_S2MM_FULL.I_S2MM_FULL_WRAPPER/GEN_ENABLE_INDET_BTT_SF.I_INDET_BTT/I_XD_FIFO/NON_BLK_MEM.I_SYNC_FIFOGEN_FIFO/xpm_fifo_instance.xpm_fifo_sync_inst/xpm_fifo_base_inst/gen_sdpram.xpm_memory_base_inst/gen_wr_a.gen_word_narrow.mem_reg_0_15_0_5/RAMA_D1/CLK
Low Pulse Width   Slow    RAMD32/CLK          n/a            1.250         5.000       3.750      SLICE_X46Y62  design_1_i/axi_dma_0/U0/I_PRMRY_DATAMOVER/GEN_S2MM_FULL.I_S2MM_FULL_WRAPPER/GEN_ENABLE_INDET_BTT_SF.I_INDET_BTT/I_XD_FIFO/NON_BLK_MEM.I_SYNC_FIFOGEN_FIFO/xpm_fifo_instance.xpm_fifo_sync_inst/xpm_fifo_base_inst/gen_sdpram.xpm_memory_base_inst/gen_wr_a.gen_word_narrow.mem_reg_0_15_0_5/RAMB/CLK
Low Pulse Width   Fast    RAMD32/CLK          n/a            1.250         5.000       3.750      SLICE_X46Y62  design_1_i/axi_dma_0/U0/I_PRMRY_DATAMOVER/GEN_S2MM_FULL.I_S2MM_FULL_WRAPPER/GEN_ENABLE_INDET_BTT_SF.I_INDET_BTT/I_XD_FIFO/NON_BLK_MEM.I_SYNC_FIFOGEN_FIFO/xpm_fifo_instance.xpm_fifo_sync_inst/xpm_fifo_base_inst/gen_sdpram.xpm_memory_base_inst/gen_wr_a.gen_word_narrow.mem_reg_0_15_0_5/RAMB/CLK
Low Pulse Width   Slow    RAMD32/CLK          n/a            1.250         5.000       3.750      SLICE_X46Y62  design_1_i/axi_dma_0/U0/I_PRMRY_DATAMOVER/GEN_S2MM_FULL.I_S2MM_FULL_WRAPPER/GEN_ENABLE_INDET_BTT_SF.I_INDET_BTT/I_XD_FIFO/NON_BLK_MEM.I_SYNC_FIFOGEN_FIFO/xpm_fifo_instance.xpm_fifo_sync_inst/xpm_fifo_base_inst/gen_sdpram.xpm_memory_base_inst/gen_wr_a.gen_word_narrow.mem_reg_0_15_0_5/RAMB_D1/CLK
Low Pulse Width   Fast    RAMD32/CLK          n/a            1.250         5.000       3.750      SLICE_X46Y62  design_1_i/axi_dma_0/U0/I_PRMRY_DATAMOVER/GEN_S2MM_FULL.I_S2MM_FULL_WRAPPER/GEN_ENABLE_INDET_BTT_SF.I_INDET_BTT/I_XD_FIFO/NON_BLK_MEM.I_SYNC_FIFOGEN_FIFO/xpm_fifo_instance.xpm_fifo_sync_inst/xpm_fifo_base_inst/gen_sdpram.xpm_memory_base_inst/gen_wr_a.gen_word_narrow.mem_reg_0_15_0_5/RAMB_D1/CLK
Low Pulse Width   Slow    RAMD32/CLK          n/a            1.250         5.000       3.750      SLICE_X46Y62  design_1_i/axi_dma_0/U0/I_PRMRY_DATAMOVER/GEN_S2MM_FULL.I_S2MM_FULL_WRAPPER/GEN_ENABLE_INDET_BTT_SF.I_INDET_BTT/I_XD_FIFO/NON_BLK_MEM.I_SYNC_FIFOGEN_FIFO/xpm_fifo_instance.xpm_fifo_sync_inst/xpm_fifo_base_inst/gen_sdpram.xpm_memory_base_inst/gen_wr_a.gen_word_narrow.mem_reg_0_15_0_5/RAMC/CLK
Low Pulse Width   Fast    RAMD32/CLK          n/a            1.250         5.000       3.750      SLICE_X46Y62  design_1_i/axi_dma_0/U0/I_PRMRY_DATAMOVER/GEN_S2MM_FULL.I_S2MM_FULL_WRAPPER/GEN_ENABLE_INDET_BTT_SF.I_INDET_BTT/I_XD_FIFO/NON_BLK_MEM.I_SYNC_FIFOGEN_FIFO/xpm_fifo_instance.xpm_fifo_sync_inst/xpm_fifo_base_inst/gen_sdpram.xpm_memory_base_inst/gen_wr_a.gen_word_narrow.mem_reg_0_15_0_5/RAMC/CLK
Low Pulse Width   Slow    RAMD32/CLK          n/a            1.250         5.000       3.750      SLICE_X46Y62  design_1_i/axi_dma_0/U0/I_PRMRY_DATAMOVER/GEN_S2MM_FULL.I_S2MM_FULL_WRAPPER/GEN_ENABLE_INDET_BTT_SF.I_INDET_BTT/I_XD_FIFO/NON_BLK_MEM.I_SYNC_FIFOGEN_FIFO/xpm_fifo_instance.xpm_fifo_sync_inst/xpm_fifo_base_inst/gen_sdpram.xpm_memory_base_inst/gen_wr_a.gen_word_narrow.mem_reg_0_15_0_5/RAMC_D1/CLK
Low Pulse Width   Fast    RAMD32/CLK          n/a            1.250         5.000       3.750      SLICE_X46Y62  design_1_i/axi_dma_0/U0/I_PRMRY_DATAMOVER/GEN_S2MM_FULL.I_S2MM_FULL_WRAPPER/GEN_ENABLE_INDET_BTT_SF.I_INDET_BTT/I_XD_FIFO/NON_BLK_MEM.I_SYNC_FIFOGEN_FIFO/xpm_fifo_instance.xpm_fifo_sync_inst/xpm_fifo_base_inst/gen_sdpram.xpm_memory_base_inst/gen_wr_a.gen_word_narrow.mem_reg_0_15_0_5/RAMC_D1/CLK
Low Pulse Width   Slow    RAMS32/CLK          n/a            1.250         5.000       3.750      SLICE_X46Y62  design_1_i/axi_dma_0/U0/I_PRMRY_DATAMOVER/GEN_S2MM_FULL.I_S2MM_FULL_WRAPPER/GEN_ENABLE_INDET_BTT_SF.I_INDET_BTT/I_XD_FIFO/NON_BLK_MEM.I_SYNC_FIFOGEN_FIFO/xpm_fifo_instance.xpm_fifo_sync_inst/xpm_fifo_base_inst/gen_sdpram.xpm_memory_base_inst/gen_wr_a.gen_word_narrow.mem_reg_0_15_0_5/RAMD/CLK
Low Pulse Width   Fast    RAMS32/CLK          n/a            1.250         5.000       3.750      SLICE_X46Y62  design_1_i/axi_dma_0/U0/I_PRMRY_DATAMOVER/GEN_S2MM_FULL.I_S2MM_FULL_WRAPPER/GEN_ENABLE_INDET_BTT_SF.I_INDET_BTT/I_XD_FIFO/NON_BLK_MEM.I_SYNC_FIFOGEN_FIFO/xpm_fifo_instance.xpm_fifo_sync_inst/xpm_fifo_base_inst/gen_sdpram.xpm_memory_base_inst/gen_wr_a.gen_word_narrow.mem_reg_0_15_0_5/RAMD/CLK
Low Pulse Width   Slow    RAMS32/CLK          n/a            1.250         5.000       3.750      SLICE_X46Y62  design_1_i/axi_dma_0/U0/I_PRMRY_DATAMOVER/GEN_S2MM_FULL.I_S2MM_FULL_WRAPPER/GEN_ENABLE_INDET_BTT_SF.I_INDET_BTT/I_XD_FIFO/NON_BLK_MEM.I_SYNC_FIFOGEN_FIFO/xpm_fifo_instance.xpm_fifo_sync_inst/xpm_fifo_base_inst/gen_sdpram.xpm_memory_base_inst/gen_wr_a.gen_word_narrow.mem_reg_0_15_0_5/RAMD_D1/CLK
Low Pulse Width   Fast    RAMS32/CLK          n/a            1.250         5.000       3.750      SLICE_X46Y62  design_1_i/axi_dma_0/U0/I_PRMRY_DATAMOVER/GEN_S2MM_FULL.I_S2MM_FULL_WRAPPER/GEN_ENABLE_INDET_BTT_SF.I_INDET_BTT/I_XD_FIFO/NON_BLK_MEM.I_SYNC_FIFOGEN_FIFO/xpm_fifo_instance.xpm_fifo_sync_inst/xpm_fifo_base_inst/gen_sdpram.xpm_memory_base_inst/gen_wr_a.gen_word_narrow.mem_reg_0_15_0_5/RAMD_D1/CLK
Low Pulse Width   Slow    RAMD32/CLK          n/a            1.250         5.000       3.750      SLICE_X46Y61  design_1_i/axi_dma_0/U0/I_PRMRY_DATAMOVER/GEN_S2MM_FULL.I_S2MM_FULL_WRAPPER/GEN_ENABLE_INDET_BTT_SF.I_INDET_BTT/I_XD_FIFO/NON_BLK_MEM.I_SYNC_FIFOGEN_FIFO/xpm_fifo_instance.xpm_fifo_sync_inst/xpm_fifo_base_inst/gen_sdpram.xpm_memory_base_inst/gen_wr_a.gen_word_narrow.mem_reg_0_15_6_8/RAMA/CLK
Low Pulse Width   Fast    RAMD32/CLK          n/a            1.250         5.000       3.750      SLICE_X46Y61  design_1_i/axi_dma_0/U0/I_PRMRY_DATAMOVER/GEN_S2MM_FULL.I_S2MM_FULL_WRAPPER/GEN_ENABLE_INDET_BTT_SF.I_INDET_BTT/I_XD_FIFO/NON_BLK_MEM.I_SYNC_FIFOGEN_FIFO/xpm_fifo_instance.xpm_fifo_sync_inst/xpm_fifo_base_inst/gen_sdpram.xpm_memory_base_inst/gen_wr_a.gen_word_narrow.mem_reg_0_15_6_8/RAMA/CLK
Low Pulse Width   Slow    RAMD32/CLK          n/a            1.250         5.000       3.750      SLICE_X46Y61  design_1_i/axi_dma_0/U0/I_PRMRY_DATAMOVER/GEN_S2MM_FULL.I_S2MM_FULL_WRAPPER/GEN_ENABLE_INDET_BTT_SF.I_INDET_BTT/I_XD_FIFO/NON_BLK_MEM.I_SYNC_FIFOGEN_FIFO/xpm_fifo_instance.xpm_fifo_sync_inst/xpm_fifo_base_inst/gen_sdpram.xpm_memory_base_inst/gen_wr_a.gen_word_narrow.mem_reg_0_15_6_8/RAMA_D1/CLK
Low Pulse Width   Fast    RAMD32/CLK          n/a            1.250         5.000       3.750      SLICE_X46Y61  design_1_i/axi_dma_0/U0/I_PRMRY_DATAMOVER/GEN_S2MM_FULL.I_S2MM_FULL_WRAPPER/GEN_ENABLE_INDET_BTT_SF.I_INDET_BTT/I_XD_FIFO/NON_BLK_MEM.I_SYNC_FIFOGEN_FIFO/xpm_fifo_instance.xpm_fifo_sync_inst/xpm_fifo_base_inst/gen_sdpram.xpm_memory_base_inst/gen_wr_a.gen_word_narrow.mem_reg_0_15_6_8/RAMA_D1/CLK
High Pulse Width  Slow    RAMD32/CLK          n/a            1.250         5.000       3.750      SLICE_X46Y62  design_1_i/axi_dma_0/U0/I_PRMRY_DATAMOVER/GEN_S2MM_FULL.I_S2MM_FULL_WRAPPER/GEN_ENABLE_INDET_BTT_SF.I_INDET_BTT/I_XD_FIFO/NON_BLK_MEM.I_SYNC_FIFOGEN_FIFO/xpm_fifo_instance.xpm_fifo_sync_inst/xpm_fifo_base_inst/gen_sdpram.xpm_memory_base_inst/gen_wr_a.gen_word_narrow.mem_reg_0_15_0_5/RAMA/CLK
High Pulse Width  Fast    RAMD32/CLK          n/a            1.250         5.000       3.750      SLICE_X46Y62  design_1_i/axi_dma_0/U0/I_PRMRY_DATAMOVER/GEN_S2MM_FULL.I_S2MM_FULL_WRAPPER/GEN_ENABLE_INDET_BTT_SF.I_INDET_BTT/I_XD_FIFO/NON_BLK_MEM.I_SYNC_FIFOGEN_FIFO/xpm_fifo_instance.xpm_fifo_sync_inst/xpm_fifo_base_inst/gen_sdpram.xpm_memory_base_inst/gen_wr_a.gen_word_narrow.mem_reg_0_15_0_5/RAMA/CLK
High Pulse Width  Slow    RAMD32/CLK          n/a            1.250         5.000       3.750      SLICE_X46Y62  design_1_i/axi_dma_0/U0/I_PRMRY_DATAMOVER/GEN_S2MM_FULL.I_S2MM_FULL_WRAPPER/GEN_ENABLE_INDET_BTT_SF.I_INDET_BTT/I_XD_FIFO/NON_BLK_MEM.I_SYNC_FIFOGEN_FIFO/xpm_fifo_instance.xpm_fifo_sync_inst/xpm_fifo_base_inst/gen_sdpram.xpm_memory_base_inst/gen_wr_a.gen_word_narrow.mem_reg_0_15_0_5/RAMA_D1/CLK
High Pulse Width  Fast    RAMD32/CLK          n/a            1.250         5.000       3.750      SLICE_X46Y62  design_1_i/axi_dma_0/U0/I_PRMRY_DATAMOVER/GEN_S2MM_FULL.I_S2MM_FULL_WRAPPER/GEN_ENABLE_INDET_BTT_SF.I_INDET_BTT/I_XD_FIFO/NON_BLK_MEM.I_SYNC_FIFOGEN_FIFO/xpm_fifo_instance.xpm_fifo_sync_inst/xpm_fifo_base_inst/gen_sdpram.xpm_memory_base_inst/gen_wr_a.gen_word_narrow.mem_reg_0_15_0_5/RAMA_D1/CLK
High Pulse Width  Slow    RAMD32/CLK          n/a            1.250         5.000       3.750      SLICE_X46Y62  design_1_i/axi_dma_0/U0/I_PRMRY_DATAMOVER/GEN_S2MM_FULL.I_S2MM_FULL_WRAPPER/GEN_ENABLE_INDET_BTT_SF.I_INDET_BTT/I_XD_FIFO/NON_BLK_MEM.I_SYNC_FIFOGEN_FIFO/xpm_fifo_instance.xpm_fifo_sync_inst/xpm_fifo_base_inst/gen_sdpram.xpm_memory_base_inst/gen_wr_a.gen_word_narrow.mem_reg_0_15_0_5/RAMB/CLK
High Pulse Width  Fast    RAMD32/CLK          n/a            1.250         5.000       3.750      SLICE_X46Y62  design_1_i/axi_dma_0/U0/I_PRMRY_DATAMOVER/GEN_S2MM_FULL.I_S2MM_FULL_WRAPPER/GEN_ENABLE_INDET_BTT_SF.I_INDET_BTT/I_XD_FIFO/NON_BLK_MEM.I_SYNC_FIFOGEN_FIFO/xpm_fifo_instance.xpm_fifo_sync_inst/xpm_fifo_base_inst/gen_sdpram.xpm_memory_base_inst/gen_wr_a.gen_word_narrow.mem_reg_0_15_0_5/RAMB/CLK
High Pulse Width  Slow    RAMD32/CLK          n/a            1.250         5.000       3.750      SLICE_X46Y62  design_1_i/axi_dma_0/U0/I_PRMRY_DATAMOVER/GEN_S2MM_FULL.I_S2MM_FULL_WRAPPER/GEN_ENABLE_INDET_BTT_SF.I_INDET_BTT/I_XD_FIFO/NON_BLK_MEM.I_SYNC_FIFOGEN_FIFO/xpm_fifo_instance.xpm_fifo_sync_inst/xpm_fifo_base_inst/gen_sdpram.xpm_memory_base_inst/gen_wr_a.gen_word_narrow.mem_reg_0_15_0_5/RAMB_D1/CLK
High Pulse Width  Fast    RAMD32/CLK          n/a            1.250         5.000       3.750      SLICE_X46Y62  design_1_i/axi_dma_0/U0/I_PRMRY_DATAMOVER/GEN_S2MM_FULL.I_S2MM_FULL_WRAPPER/GEN_ENABLE_INDET_BTT_SF.I_INDET_BTT/I_XD_FIFO/NON_BLK_MEM.I_SYNC_FIFOGEN_FIFO/xpm_fifo_instance.xpm_fifo_sync_inst/xpm_fifo_base_inst/gen_sdpram.xpm_memory_base_inst/gen_wr_a.gen_word_narrow.mem_reg_0_15_0_5/RAMB_D1/CLK
High Pulse Width  Slow    RAMD32/CLK          n/a            1.250         5.000       3.750      SLICE_X46Y62  design_1_i/axi_dma_0/U0/I_PRMRY_DATAMOVER/GEN_S2MM_FULL.I_S2MM_FULL_WRAPPER/GEN_ENABLE_INDET_BTT_SF.I_INDET_BTT/I_XD_FIFO/NON_BLK_MEM.I_SYNC_FIFOGEN_FIFO/xpm_fifo_instance.xpm_fifo_sync_inst/xpm_fifo_base_inst/gen_sdpram.xpm_memory_base_inst/gen_wr_a.gen_word_narrow.mem_reg_0_15_0_5/RAMC/CLK
High Pulse Width  Fast    RAMD32/CLK          n/a            1.250         5.000       3.750      SLICE_X46Y62  design_1_i/axi_dma_0/U0/I_PRMRY_DATAMOVER/GEN_S2MM_FULL.I_S2MM_FULL_WRAPPER/GEN_ENABLE_INDET_BTT_SF.I_INDET_BTT/I_XD_FIFO/NON_BLK_MEM.I_SYNC_FIFOGEN_FIFO/xpm_fifo_instance.xpm_fifo_sync_inst/xpm_fifo_base_inst/gen_sdpram.xpm_memory_base_inst/gen_wr_a.gen_word_narrow.mem_reg_0_15_0_5/RAMC/CLK
High Pulse Width  Slow    RAMD32/CLK          n/a            1.250         5.000       3.750      SLICE_X46Y62  design_1_i/axi_dma_0/U0/I_PRMRY_DATAMOVER/GEN_S2MM_FULL.I_S2MM_FULL_WRAPPER/GEN_ENABLE_INDET_BTT_SF.I_INDET_BTT/I_XD_FIFO/NON_BLK_MEM.I_SYNC_FIFOGEN_FIFO/xpm_fifo_instance.xpm_fifo_sync_inst/xpm_fifo_base_inst/gen_sdpram.xpm_memory_base_inst/gen_wr_a.gen_word_narrow.mem_reg_0_15_0_5/RAMC_D1/CLK
High Pulse Width  Fast    RAMD32/CLK          n/a            1.250         5.000       3.750      SLICE_X46Y62  design_1_i/axi_dma_0/U0/I_PRMRY_DATAMOVER/GEN_S2MM_FULL.I_S2MM_FULL_WRAPPER/GEN_ENABLE_INDET_BTT_SF.I_INDET_BTT/I_XD_FIFO/NON_BLK_MEM.I_SYNC_FIFOGEN_FIFO/xpm_fifo_instance.xpm_fifo_sync_inst/xpm_fifo_base_inst/gen_sdpram.xpm_memory_base_inst/gen_wr_a.gen_word_narrow.mem_reg_0_15_0_5/RAMC_D1/CLK
High Pulse Width  Slow    RAMS32/CLK          n/a            1.250         5.000       3.750      SLICE_X46Y62  design_1_i/axi_dma_0/U0/I_PRMRY_DATAMOVER/GEN_S2MM_FULL.I_S2MM_FULL_WRAPPER/GEN_ENABLE_INDET_BTT_SF.I_INDET_BTT/I_XD_FIFO/NON_BLK_MEM.I_SYNC_FIFOGEN_FIFO/xpm_fifo_instance.xpm_fifo_sync_inst/xpm_fifo_base_inst/gen_sdpram.xpm_memory_base_inst/gen_wr_a.gen_word_narrow.mem_reg_0_15_0_5/RAMD/CLK
High Pulse Width  Fast    RAMS32/CLK          n/a            1.250         5.000       3.750      SLICE_X46Y62  design_1_i/axi_dma_0/U0/I_PRMRY_DATAMOVER/GEN_S2MM_FULL.I_S2MM_FULL_WRAPPER/GEN_ENABLE_INDET_BTT_SF.I_INDET_BTT/I_XD_FIFO/NON_BLK_MEM.I_SYNC_FIFOGEN_FIFO/xpm_fifo_instance.xpm_fifo_sync_inst/xpm_fifo_base_inst/gen_sdpram.xpm_memory_base_inst/gen_wr_a.gen_word_narrow.mem_reg_0_15_0_5/RAMD/CLK
High Pulse Width  Slow    RAMS32/CLK          n/a            1.250         5.000       3.750      SLICE_X46Y62  design_1_i/axi_dma_0/U0/I_PRMRY_DATAMOVER/GEN_S2MM_FULL.I_S2MM_FULL_WRAPPER/GEN_ENABLE_INDET_BTT_SF.I_INDET_BTT/I_XD_FIFO/NON_BLK_MEM.I_SYNC_FIFOGEN_FIFO/xpm_fifo_instance.xpm_fifo_sync_inst/xpm_fifo_base_inst/gen_sdpram.xpm_memory_base_inst/gen_wr_a.gen_word_narrow.mem_reg_0_15_0_5/RAMD_D1/CLK
High Pulse Width  Fast    RAMS32/CLK          n/a            1.250         5.000       3.750      SLICE_X46Y62  design_1_i/axi_dma_0/U0/I_PRMRY_DATAMOVER/GEN_S2MM_FULL.I_S2MM_FULL_WRAPPER/GEN_ENABLE_INDET_BTT_SF.I_INDET_BTT/I_XD_FIFO/NON_BLK_MEM.I_SYNC_FIFOGEN_FIFO/xpm_fifo_instance.xpm_fifo_sync_inst/xpm_fifo_base_inst/gen_sdpram.xpm_memory_base_inst/gen_wr_a.gen_word_narrow.mem_reg_0_15_0_5/RAMD_D1/CLK
High Pulse Width  Slow    RAMD32/CLK          n/a            1.250         5.000       3.750      SLICE_X46Y61  design_1_i/axi_dma_0/U0/I_PRMRY_DATAMOVER/GEN_S2MM_FULL.I_S2MM_FULL_WRAPPER/GEN_ENABLE_INDET_BTT_SF.I_INDET_BTT/I_XD_FIFO/NON_BLK_MEM.I_SYNC_FIFOGEN_FIFO/xpm_fifo_instance.xpm_fifo_sync_inst/xpm_fifo_base_inst/gen_sdpram.xpm_memory_base_inst/gen_wr_a.gen_word_narrow.mem_reg_0_15_6_8/RAMA/CLK
High Pulse Width  Fast    RAMD32/CLK          n/a            1.250         5.000       3.750      SLICE_X46Y61  design_1_i/axi_dma_0/U0/I_PRMRY_DATAMOVER/GEN_S2MM_FULL.I_S2MM_FULL_WRAPPER/GEN_ENABLE_INDET_BTT_SF.I_INDET_BTT/I_XD_FIFO/NON_BLK_MEM.I_SYNC_FIFOGEN_FIFO/xpm_fifo_instance.xpm_fifo_sync_inst/xpm_fifo_base_inst/gen_sdpram.xpm_memory_base_inst/gen_wr_a.gen_word_narrow.mem_reg_0_15_6_8/RAMA/CLK
High Pulse Width  Slow    RAMD32/CLK          n/a            1.250         5.000       3.750      SLICE_X46Y61  design_1_i/axi_dma_0/U0/I_PRMRY_DATAMOVER/GEN_S2MM_FULL.I_S2MM_FULL_WRAPPER/GEN_ENABLE_INDET_BTT_SF.I_INDET_BTT/I_XD_FIFO/NON_BLK_MEM.I_SYNC_FIFOGEN_FIFO/xpm_fifo_instance.xpm_fifo_sync_inst/xpm_fifo_base_inst/gen_sdpram.xpm_memory_base_inst/gen_wr_a.gen_word_narrow.mem_reg_0_15_6_8/RAMA_D1/CLK
High Pulse Width  Fast    RAMD32/CLK          n/a            1.250         5.000       3.750      SLICE_X46Y61  design_1_i/axi_dma_0/U0/I_PRMRY_DATAMOVER/GEN_S2MM_FULL.I_S2MM_FULL_WRAPPER/GEN_ENABLE_INDET_BTT_SF.I_INDET_BTT/I_XD_FIFO/NON_BLK_MEM.I_SYNC_FIFOGEN_FIFO/xpm_fifo_instance.xpm_fifo_sync_inst/xpm_fifo_base_inst/gen_sdpram.xpm_memory_base_inst/gen_wr_a.gen_word_narrow.mem_reg_0_15_6_8/RAMA_D1/CLK



