Copyright 1986-2022 Xilinx, Inc. All Rights Reserved. Copyright 2022-2024 Advanced Micro Devices, Inc. All Rights Reserved.
------------------------------------------------------------------------------------------------------------------------------------------------------------------------
| Tool Version : Vivado v.2024.1 (win64) Build 5076996 Wed May 22 18:37:14 MDT 2024
| Date         : Sun Jul 19 13:05:19 2026
| Host         : DESKTOP-63734QH running 64-bit major release  (build 9200)
| Command      : report_timing_summary -delay_type max -max_paths 20 -file F:/repos/pynq_butterfly/reports/poly_mul4096_two_bank_synth/poly_mul4096_two_bank_timing.rpt
| Design       : poly_mul4096_two_bank_core
| Device       : 7z020-clg400
| Speed File   : -1  PRODUCTION 1.12 2019-11-22
| Design State : Synthesized
------------------------------------------------------------------------------------------------------------------------------------------------------------------------

Timing Summary Report

------------------------------------------------------------------------------------------------
| Timer Settings
| --------------
------------------------------------------------------------------------------------------------

  Enable Multi Corner Analysis               :  Yes
  Enable Pessimism Removal                   :  Yes
  Pessimism Removal Resolution               :  Nearest Common Node
  Enable Input Delay Default Clock           :  No
  Enable Preset / Clear Arcs                 :  No
  Disable Flight Delays                      :  No
  Ignore I/O Paths                           :  No
  Timing Early Launch at Borrowing Latches   :  No
  Borrow Time for Max Delay Exceptions       :  Yes
  Merge Timing Exceptions                    :  Yes
  Inter-SLR Compensation                     :  Conservative

  Corner  Analyze    Analyze    
  Name    Max Paths  Min Paths  
  ------  ---------  ---------  
  Slow    Yes        Yes        
  Fast    Yes        Yes        


------------------------------------------------------------------------------------------------
| Report Methodology
| ------------------
------------------------------------------------------------------------------------------------

No report available as report_methodology has not been run prior. Run report_methodology on the current design for the summary of methodology violations.



check_timing report

Table of Contents
-----------------
1. checking no_clock (0)
2. checking constant_clock (0)
3. checking pulse_width_clock (0)
4. checking unconstrained_internal_endpoints (0)
5. checking no_input_delay (116)
6. checking no_output_delay (170)
7. checking multiple_clock (0)
8. checking generated_clocks (0)
9. checking loops (0)
10. checking partial_input_delay (0)
11. checking partial_output_delay (0)
12. checking latch_loops (0)

1. checking no_clock (0)
------------------------
 There are 0 register/latch pins with no clock.


2. checking constant_clock (0)
------------------------------
 There are 0 register/latch pins with constant_clock.


3. checking pulse_width_clock (0)
---------------------------------
 There are 0 register/latch pins which need pulse_width check


4. checking unconstrained_internal_endpoints (0)
------------------------------------------------
 There are 0 pins that are not constrained for maximum delay.

 There are 0 pins that are not constrained for maximum delay due to constant clock.


5. checking no_input_delay (116)
--------------------------------
 There are 116 input ports with no input delay specified. (HIGH)

 There are 0 input ports with no input delay but user has a false path constraint.


6. checking no_output_delay (170)
---------------------------------
 There are 170 ports with no output delay specified. (HIGH)

 There are 0 ports with no output delay but user has a false path constraint

 There are 0 ports with no output delay but with a timing clock defined on it or propagating through it


7. checking multiple_clock (0)
------------------------------
 There are 0 register/latch pins with multiple clocks.


8. checking generated_clocks (0)
--------------------------------
 There are 0 generated clocks that are not connected to a clock source.


9. checking loops (0)
---------------------
 There are 0 combinational loops in the design.


10. checking partial_input_delay (0)
------------------------------------
 There are 0 input ports with partial input delay specified.


11. checking partial_output_delay (0)
-------------------------------------
 There are 0 ports with partial output delay specified.


12. checking latch_loops (0)
----------------------------
 There are 0 combinational latch loops in the design through latch input



------------------------------------------------------------------------------------------------
| Design Timing Summary
| ---------------------
------------------------------------------------------------------------------------------------

    WNS(ns)      TNS(ns)  TNS Failing Endpoints  TNS Total Endpoints     WPWS(ns)     TPWS(ns)  TPWS Failing Endpoints  TPWS Total Endpoints  
    -------      -------  ---------------------  -------------------     --------     --------  ----------------------  --------------------  
      1.747        0.000                      0                 4867        4.500        0.000                       0                  1913  


All user specified timing constraints are met.


------------------------------------------------------------------------------------------------
| Clock Summary
| -------------
------------------------------------------------------------------------------------------------

Clock  Waveform(ns)       Period(ns)      Frequency(MHz)
-----  ------------       ----------      --------------
clk    {0.000 5.000}      10.000          100.000         


------------------------------------------------------------------------------------------------
| Intra Clock Table
| -----------------
------------------------------------------------------------------------------------------------

Clock             WNS(ns)      TNS(ns)  TNS Failing Endpoints  TNS Total Endpoints     WPWS(ns)     TPWS(ns)  TPWS Failing Endpoints  TPWS Total Endpoints  
-----             -------      -------  ---------------------  -------------------     --------     --------  ----------------------  --------------------  
clk                 1.747        0.000                      0                 4867        4.500        0.000                       0                  1913  


------------------------------------------------------------------------------------------------
| Inter Clock Table
| -----------------
------------------------------------------------------------------------------------------------

From Clock    To Clock          WNS(ns)      TNS(ns)  TNS Failing Endpoints  TNS Total Endpoints  
----------    --------          -------      -------  ---------------------  -------------------  


------------------------------------------------------------------------------------------------
| Other Path Groups Table
| -----------------------
------------------------------------------------------------------------------------------------

Path Group    From Clock    To Clock          WNS(ns)      TNS(ns)  TNS Failing Endpoints  TNS Total Endpoints  
----------    ----------    --------          -------      -------  ---------------------  -------------------  


------------------------------------------------------------------------------------------------
| Timing Details
| --------------
------------------------------------------------------------------------------------------------


---------------------------------------------------------------------------------------------------
From Clock:  clk
  To Clock:  clk

Setup :            0  Failing Endpoints,  Worst Slack        1.747ns,  Total Violation        0.000ns
Hold  :           NA  Failing Endpoints,  Worst Slack           NA  ,  Total Violation           NA
PW    :            0  Failing Endpoints,  Worst Slack        4.500ns,  Total Violation        0.000ns
---------------------------------------------------------------------------------------------------


Max Delay Paths
--------------------------------------------------------------------------------------
Slack (MET) :             1.747ns  (required time - arrival time)
  Source:                 forward_butterfly_lane_a/multiplier/modulus_reg[0]/C
                            (rising edge-triggered cell FDRE clocked by clk  {rise@0.000ns fall@5.000ns period=10.000ns})
  Destination:            forward_butterfly_lane_a/multiplier/x_reg[1]/D
                            (rising edge-triggered cell FDRE clocked by clk  {rise@0.000ns fall@5.000ns period=10.000ns})
  Path Group:             clk
  Path Type:              Setup (Max at Slow Process Corner)
  Requirement:            10.000ns  (clk rise@10.000ns - clk rise@0.000ns)
  Data Path Delay:        8.117ns  (logic 5.181ns (63.829%)  route 2.936ns (36.171%))
  Logic Levels:           12  (CARRY4=8 LUT1=1 LUT2=1 LUT6=2)
  Clock Path Skew:        -0.145ns (DCD - SCD + CPR)
    Destination Clock Delay (DCD):    2.128ns = ( 12.128 - 10.000 ) 
    Source Clock Delay      (SCD):    2.456ns
    Clock Pessimism Removal (CPR):    0.184ns
  Clock Uncertainty:      0.035ns  ((TSJ^2 + TIJ^2)^1/2 + DJ) / 2 + PE
    Total System Jitter     (TSJ):    0.071ns
    Total Input Jitter      (TIJ):    0.000ns
    Discrete Jitter          (DJ):    0.000ns
    Phase Error              (PE):    0.000ns

    Location             Delay type                Incr(ns)  Path(ns)    Netlist Resource(s)
  -------------------------------------------------------------------    -------------------
                         (clock clk rise edge)        0.000     0.000 r  
                                                      0.000     0.000 r  clk (IN)
                         net (fo=0)                   0.000     0.000    clk
                         IBUF (Prop_ibuf_I_O)         0.972     0.972 r  clk_IBUF_inst/O
                         net (fo=1, unplaced)         0.800     1.771    clk_IBUF
                         BUFG (Prop_bufg_I_O)         0.101     1.872 r  clk_IBUF_BUFG_inst/O
                         net (fo=1912, unplaced)      0.584     2.456    forward_butterfly_lane_a/multiplier/clk_IBUF_BUFG
                         FDRE                                         r  forward_butterfly_lane_a/multiplier/modulus_reg[0]/C
  -------------------------------------------------------------------    -------------------
                         FDRE (Prop_fdre_C_Q)         0.478     2.934 f  forward_butterfly_lane_a/multiplier/modulus_reg[0]/Q
                         net (fo=14, unplaced)        0.362     3.296    forward_butterfly_lane_a/multiplier/p_0_in_0[1]
                         LUT1 (Prop_lut1_I0_O)        0.295     3.591 r  forward_butterfly_lane_a/multiplier/x4_minus_q1_carry_i_1/O
                         net (fo=3, unplaced)         0.351     3.942    forward_butterfly_lane_a/multiplier/x4_minus_q1_carry_i_1_n_0
                         CARRY4 (Prop_carry4_CYINIT_CO[2])
                                                      0.632     4.574 r  forward_butterfly_lane_a/multiplier/x_reg[16]_i_10/CO[2]
                         net (fo=23, unplaced)        0.399     4.973    forward_butterfly_lane_a/multiplier/x_reg[16]_i_10_n_1
                         CARRY4 (Prop_carry4_CYINIT_CO[2])
                                                      0.818     5.791 r  forward_butterfly_lane_a/multiplier/x_reg[16]_i_9__1/CO[2]
                         net (fo=3, unplaced)         0.354     6.145    forward_butterfly_lane_a/multiplier/x_reg[16]_i_9__1_n_1
                         CARRY4 (Prop_carry4_CYINIT_CO[3])
                                                      0.781     6.926 r  forward_butterfly_lane_a/multiplier/x_reg[20]_i_9/CO[3]
                         net (fo=1, unplaced)         0.009     6.935    forward_butterfly_lane_a/multiplier/x_reg[20]_i_9_n_0
                         CARRY4 (Prop_carry4_CI_CO[3])
                                                      0.117     7.052 r  forward_butterfly_lane_a/multiplier/x_reg[24]_i_9/CO[3]
                         net (fo=1, unplaced)         0.000     7.052    forward_butterfly_lane_a/multiplier/x_reg[24]_i_9_n_0
                         CARRY4 (Prop_carry4_CI_CO[3])
                                                      0.117     7.169 r  forward_butterfly_lane_a/multiplier/x_reg[28]_i_9/CO[3]
                         net (fo=1, unplaced)         0.000     7.169    forward_butterfly_lane_a/multiplier/x_reg[28]_i_9_n_0
                         CARRY4 (Prop_carry4_CI_O[3])
                                                      0.331     7.500 r  forward_butterfly_lane_a/multiplier/x_reg[31]_i_16__1/O[3]
                         net (fo=2, unplaced)         0.629     8.129    forward_butterfly_lane_a/multiplier/p_1_out0[30]
                         LUT2 (Prop_lut2_I1_O)        0.307     8.436 r  forward_butterfly_lane_a/multiplier/x[31]_i_10__1/O
                         net (fo=1, unplaced)         0.000     8.436    forward_butterfly_lane_a/multiplier/x[31]_i_10__1_n_0
                         CARRY4 (Prop_carry4_S[1]_CO[3])
                                                      0.533     8.969 r  forward_butterfly_lane_a/multiplier/x_reg[31]_i_5__1/CO[3]
                         net (fo=1, unplaced)         0.000     8.969    forward_butterfly_lane_a/multiplier/x_reg[31]_i_5__1_n_0
                         CARRY4 (Prop_carry4_CI_CO[0])
                                                      0.281     9.250 r  forward_butterfly_lane_a/multiplier/x_reg[31]_i_4__1/CO[0]
                         net (fo=33, unplaced)        0.383     9.633    forward_butterfly_lane_a/multiplier/x_reg[31]_i_4__1_n_3
                         LUT6 (Prop_lut6_I5_O)        0.367    10.000 r  forward_butterfly_lane_a/multiplier/x[1]_i_3/O
                         net (fo=1, unplaced)         0.449    10.449    forward_butterfly_lane_a/multiplier/x[1]_i_3_n_0
                         LUT6 (Prop_lut6_I5_O)        0.124    10.573 r  forward_butterfly_lane_a/multiplier/x[1]_i_1__1/O
                         net (fo=1, unplaced)         0.000    10.573    forward_butterfly_lane_a/multiplier/x[1]_i_1__1_n_0
                         FDRE                                         r  forward_butterfly_lane_a/multiplier/x_reg[1]/D
  -------------------------------------------------------------------    -------------------

                         (clock clk rise edge)       10.000    10.000 r  
                                                      0.000    10.000 r  clk (IN)
                         net (fo=0)                   0.000    10.000    clk
                         IBUF (Prop_ibuf_I_O)         0.838    10.838 r  clk_IBUF_inst/O
                         net (fo=1, unplaced)         0.760    11.598    clk_IBUF
                         BUFG (Prop_bufg_I_O)         0.091    11.689 r  clk_IBUF_BUFG_inst/O
                         net (fo=1912, unplaced)      0.439    12.128    forward_butterfly_lane_a/multiplier/clk_IBUF_BUFG
                         FDRE                                         r  forward_butterfly_lane_a/multiplier/x_reg[1]/C
                         clock pessimism              0.184    12.311    
                         clock uncertainty           -0.035    12.276    
                         FDRE (Setup_fdre_C_D)        0.044    12.320    forward_butterfly_lane_a/multiplier/x_reg[1]
  -------------------------------------------------------------------
                         required time                         12.320    
                         arrival time                         -10.573    
  -------------------------------------------------------------------
                         slack                                  1.747    

Slack (MET) :             1.747ns  (required time - arrival time)
  Source:                 forward_butterfly_lane_b/multiplier/modulus_reg[0]/C
                            (rising edge-triggered cell FDRE clocked by clk  {rise@0.000ns fall@5.000ns period=10.000ns})
  Destination:            forward_butterfly_lane_b/multiplier/x_reg[1]/D
                            (rising edge-triggered cell FDRE clocked by clk  {rise@0.000ns fall@5.000ns period=10.000ns})
  Path Group:             clk
  Path Type:              Setup (Max at Slow Process Corner)
  Requirement:            10.000ns  (clk rise@10.000ns - clk rise@0.000ns)
  Data Path Delay:        8.117ns  (logic 5.181ns (63.829%)  route 2.936ns (36.171%))
  Logic Levels:           12  (CARRY4=8 LUT1=1 LUT2=1 LUT6=2)
  Clock Path Skew:        -0.145ns (DCD - SCD + CPR)
    Destination Clock Delay (DCD):    2.128ns = ( 12.128 - 10.000 ) 
    Source Clock Delay      (SCD):    2.456ns
    Clock Pessimism Removal (CPR):    0.184ns
  Clock Uncertainty:      0.035ns  ((TSJ^2 + TIJ^2)^1/2 + DJ) / 2 + PE
    Total System Jitter     (TSJ):    0.071ns
    Total Input Jitter      (TIJ):    0.000ns
    Discrete Jitter          (DJ):    0.000ns
    Phase Error              (PE):    0.000ns

    Location             Delay type                Incr(ns)  Path(ns)    Netlist Resource(s)
  -------------------------------------------------------------------    -------------------
                         (clock clk rise edge)        0.000     0.000 r  
                                                      0.000     0.000 r  clk (IN)
                         net (fo=0)                   0.000     0.000    clk
                         IBUF (Prop_ibuf_I_O)         0.972     0.972 r  clk_IBUF_inst/O
                         net (fo=1, unplaced)         0.800     1.771    clk_IBUF
                         BUFG (Prop_bufg_I_O)         0.101     1.872 r  clk_IBUF_BUFG_inst/O
                         net (fo=1912, unplaced)      0.584     2.456    forward_butterfly_lane_b/multiplier/clk_IBUF_BUFG
                         FDRE                                         r  forward_butterfly_lane_b/multiplier/modulus_reg[0]/C
  -------------------------------------------------------------------    -------------------
                         FDRE (Prop_fdre_C_Q)         0.478     2.934 f  forward_butterfly_lane_b/multiplier/modulus_reg[0]/Q
                         net (fo=14, unplaced)        0.362     3.296    forward_butterfly_lane_b/multiplier/p_0_in[1]
                         LUT1 (Prop_lut1_I0_O)        0.295     3.591 r  forward_butterfly_lane_b/multiplier/x4_minus_q1_carry_i_1__0/O
                         net (fo=3, unplaced)         0.351     3.942    forward_butterfly_lane_b/multiplier/x4_minus_q1_carry_i_1__0_n_0
                         CARRY4 (Prop_carry4_CYINIT_CO[2])
                                                      0.632     4.574 r  forward_butterfly_lane_b/multiplier/x_reg[16]_i_10__0/CO[2]
                         net (fo=23, unplaced)        0.399     4.973    forward_butterfly_lane_b/multiplier/x_reg[16]_i_10__0_n_1
                         CARRY4 (Prop_carry4_CYINIT_CO[2])
                                                      0.818     5.791 r  forward_butterfly_lane_b/multiplier/x_reg[16]_i_9__2/CO[2]
                         net (fo=3, unplaced)         0.354     6.145    forward_butterfly_lane_b/multiplier/x_reg[16]_i_9__2_n_1
                         CARRY4 (Prop_carry4_CYINIT_CO[3])
                                                      0.781     6.926 r  forward_butterfly_lane_b/multiplier/x_reg[20]_i_9__0/CO[3]
                         net (fo=1, unplaced)         0.009     6.935    forward_butterfly_lane_b/multiplier/x_reg[20]_i_9__0_n_0
                         CARRY4 (Prop_carry4_CI_CO[3])
                                                      0.117     7.052 r  forward_butterfly_lane_b/multiplier/x_reg[24]_i_9__0/CO[3]
                         net (fo=1, unplaced)         0.000     7.052    forward_butterfly_lane_b/multiplier/x_reg[24]_i_9__0_n_0
                         CARRY4 (Prop_carry4_CI_CO[3])
                                                      0.117     7.169 r  forward_butterfly_lane_b/multiplier/x_reg[28]_i_9__0/CO[3]
                         net (fo=1, unplaced)         0.000     7.169    forward_butterfly_lane_b/multiplier/x_reg[28]_i_9__0_n_0
                         CARRY4 (Prop_carry4_CI_O[3])
                                                      0.331     7.500 r  forward_butterfly_lane_b/multiplier/x_reg[31]_i_16__2/O[3]
                         net (fo=2, unplaced)         0.629     8.129    forward_butterfly_lane_b/multiplier/p_1_out0[30]
                         LUT2 (Prop_lut2_I1_O)        0.307     8.436 r  forward_butterfly_lane_b/multiplier/x[31]_i_10__2/O
                         net (fo=1, unplaced)         0.000     8.436    forward_butterfly_lane_b/multiplier/x[31]_i_10__2_n_0
                         CARRY4 (Prop_carry4_S[1]_CO[3])
                                                      0.533     8.969 r  forward_butterfly_lane_b/multiplier/x_reg[31]_i_5__2/CO[3]
                         net (fo=1, unplaced)         0.000     8.969    forward_butterfly_lane_b/multiplier/x_reg[31]_i_5__2_n_0
                         CARRY4 (Prop_carry4_CI_CO[0])
                                                      0.281     9.250 r  forward_butterfly_lane_b/multiplier/x_reg[31]_i_4__2/CO[0]
                         net (fo=33, unplaced)        0.383     9.633    coefficient_bank_b/CO[0]
                         LUT6 (Prop_lut6_I5_O)        0.367    10.000 r  coefficient_bank_b/x[1]_i_3__0/O
                         net (fo=1, unplaced)         0.449    10.449    forward_butterfly_lane_b/multiplier/x_reg[1]_0
                         LUT6 (Prop_lut6_I5_O)        0.124    10.573 r  forward_butterfly_lane_b/multiplier/x[1]_i_1__2/O
                         net (fo=1, unplaced)         0.000    10.573    forward_butterfly_lane_b/multiplier/x[1]_i_1__2_n_0
                         FDRE                                         r  forward_butterfly_lane_b/multiplier/x_reg[1]/D
  -------------------------------------------------------------------    -------------------

                         (clock clk rise edge)       10.000    10.000 r  
                                                      0.000    10.000 r  clk (IN)
                         net (fo=0)                   0.000    10.000    clk
                         IBUF (Prop_ibuf_I_O)         0.838    10.838 r  clk_IBUF_inst/O
                         net (fo=1, unplaced)         0.760    11.598    clk_IBUF
                         BUFG (Prop_bufg_I_O)         0.091    11.689 r  clk_IBUF_BUFG_inst/O
                         net (fo=1912, unplaced)      0.439    12.128    forward_butterfly_lane_b/multiplier/clk_IBUF_BUFG
                         FDRE                                         r  forward_butterfly_lane_b/multiplier/x_reg[1]/C
                         clock pessimism              0.184    12.311    
                         clock uncertainty           -0.035    12.276    
                         FDRE (Setup_fdre_C_D)        0.044    12.320    forward_butterfly_lane_b/multiplier/x_reg[1]
  -------------------------------------------------------------------
                         required time                         12.320    
                         arrival time                         -10.573    
  -------------------------------------------------------------------
                         slack                                  1.747    

Slack (MET) :             1.877ns  (required time - arrival time)
  Source:                 forward_butterfly_lane_a/multiplier/y_reg[0]/C
                            (rising edge-triggered cell FDRE clocked by clk  {rise@0.000ns fall@5.000ns period=10.000ns})
  Destination:            forward_butterfly_lane_a/multiplier/acc_reg[27]/D
                            (rising edge-triggered cell FDRE clocked by clk  {rise@0.000ns fall@5.000ns period=10.000ns})
  Path Group:             clk
  Path Type:              Setup (Max at Slow Process Corner)
  Requirement:            10.000ns  (clk rise@10.000ns - clk rise@0.000ns)
  Data Path Delay:        7.987ns  (logic 4.528ns (56.692%)  route 3.459ns (43.308%))
  Logic Levels:           14  (CARRY4=9 LUT3=1 LUT4=2 LUT5=2)
  Clock Path Skew:        -0.145ns (DCD - SCD + CPR)
    Destination Clock Delay (DCD):    2.128ns = ( 12.128 - 10.000 ) 
    Source Clock Delay      (SCD):    2.456ns
    Clock Pessimism Removal (CPR):    0.184ns
  Clock Uncertainty:      0.035ns  ((TSJ^2 + TIJ^2)^1/2 + DJ) / 2 + PE
    Total System Jitter     (TSJ):    0.071ns
    Total Input Jitter      (TIJ):    0.000ns
    Discrete Jitter          (DJ):    0.000ns
    Phase Error              (PE):    0.000ns

    Location             Delay type                Incr(ns)  Path(ns)    Netlist Resource(s)
  -------------------------------------------------------------------    -------------------
                         (clock clk rise edge)        0.000     0.000 r  
                                                      0.000     0.000 r  clk (IN)
                         net (fo=0)                   0.000     0.000    clk
                         IBUF (Prop_ibuf_I_O)         0.972     0.972 r  clk_IBUF_inst/O
                         net (fo=1, unplaced)         0.800     1.771    clk_IBUF
                         BUFG (Prop_bufg_I_O)         0.101     1.872 r  clk_IBUF_BUFG_inst/O
                         net (fo=1912, unplaced)      0.584     2.456    forward_butterfly_lane_a/multiplier/clk_IBUF_BUFG
                         FDRE                                         r  forward_butterfly_lane_a/multiplier/y_reg[0]/C
  -------------------------------------------------------------------    -------------------
                         FDRE (Prop_fdre_C_Q)         0.478     2.934 r  forward_butterfly_lane_a/multiplier/y_reg[0]/Q
                         net (fo=64, unplaced)        0.829     3.763    forward_butterfly_lane_a/multiplier/y_reg_n_0_[0]
                         LUT4 (Prop_lut4_I1_O)        0.295     4.058 r  forward_butterfly_lane_a/multiplier/acc_minus_q1_carry_i_13/O
                         net (fo=1, unplaced)         0.000     4.058    forward_butterfly_lane_a/multiplier/acc_minus_q1_carry_i_13_n_0
                         CARRY4 (Prop_carry4_S[1]_CO[3])
                                                      0.533     4.591 r  forward_butterfly_lane_a/multiplier/acc_minus_q1_carry_i_10/CO[3]
                         net (fo=1, unplaced)         0.009     4.600    forward_butterfly_lane_a/multiplier/acc_minus_q1_carry_i_10_n_0
                         CARRY4 (Prop_carry4_CI_CO[3])
                                                      0.117     4.717 r  forward_butterfly_lane_a/multiplier/acc_minus_q1_carry__0_i_10/CO[3]
                         net (fo=1, unplaced)         0.000     4.717    forward_butterfly_lane_a/multiplier/acc_minus_q1_carry__0_i_10_n_0
                         CARRY4 (Prop_carry4_CI_CO[3])
                                                      0.117     4.834 r  forward_butterfly_lane_a/multiplier/acc_minus_q1_carry__1_i_10/CO[3]
                         net (fo=1, unplaced)         0.000     4.834    forward_butterfly_lane_a/multiplier/acc_minus_q1_carry__1_i_10_n_0
                         CARRY4 (Prop_carry4_CI_CO[3])
                                                      0.117     4.951 r  forward_butterfly_lane_a/multiplier/acc_minus_q1_carry__2_i_10/CO[3]
                         net (fo=1, unplaced)         0.000     4.951    forward_butterfly_lane_a/multiplier/acc_minus_q1_carry__2_i_10_n_0
                         CARRY4 (Prop_carry4_CI_O[3])
                                                      0.331     5.282 r  forward_butterfly_lane_a/multiplier/acc_minus_q1_carry__3_i_10/O[3]
                         net (fo=1, unplaced)         0.618     5.900    forward_butterfly_lane_a/multiplier/selected_raw1[19]
                         LUT5 (Prop_lut5_I4_O)        0.307     6.207 r  forward_butterfly_lane_a/multiplier/acc_minus_q1_carry__3_i_6/O
                         net (fo=1, unplaced)         0.000     6.207    forward_butterfly_lane_a/multiplier/acc_minus_q1_carry__3_i_6_n_0
                         CARRY4 (Prop_carry4_S[3]_CO[3])
                                                      0.376     6.583 r  forward_butterfly_lane_a/multiplier/acc_minus_q1_carry__3_i_1/CO[3]
                         net (fo=1, unplaced)         0.000     6.583    forward_butterfly_lane_a/multiplier/acc_minus_q1_carry__3_i_1_n_0
                         CARRY4 (Prop_carry4_CI_O[1])
                                                      0.337     6.920 r  forward_butterfly_lane_a/multiplier/acc_minus_q1_carry__4_i_1/O[1]
                         net (fo=8, unplaced)         0.649     7.569    forward_butterfly_lane_a/multiplier/acc_minus_q1_carry__4_i_1_n_6
                         LUT4 (Prop_lut4_I1_O)        0.306     7.875 r  forward_butterfly_lane_a/multiplier/acc_minus_q2_carry__4_i_7/O
                         net (fo=1, unplaced)         0.000     7.875    forward_butterfly_lane_a/multiplier/acc_minus_q2_carry__4_i_7_n_0
                         CARRY4 (Prop_carry4_S[1]_CO[3])
                                                      0.533     8.408 r  forward_butterfly_lane_a/multiplier/acc_minus_q2_carry__4/CO[3]
                         net (fo=1, unplaced)         0.000     8.408    forward_butterfly_lane_a/multiplier/acc_minus_q2_carry__4_n_0
                         CARRY4 (Prop_carry4_CI_O[2])
                                                      0.256     8.664 r  forward_butterfly_lane_a/multiplier/acc_minus_q2_carry__5/O[2]
                         net (fo=1, unplaced)         0.905     9.569    forward_butterfly_lane_a/multiplier/acc_minus_q2_carry__5_n_5
                         LUT5 (Prop_lut5_I4_O)        0.301     9.870 r  forward_butterfly_lane_a/multiplier/acc[27]_i_3__1/O
                         net (fo=1, unplaced)         0.449    10.319    forward_butterfly_lane_a/multiplier/acc[27]_i_3__1_n_0
                         LUT3 (Prop_lut3_I2_O)        0.124    10.443 r  forward_butterfly_lane_a/multiplier/acc[27]_i_1__1/O
                         net (fo=2, unplaced)         0.000    10.443    forward_butterfly_lane_a/multiplier/next_acc[27]
                         FDRE                                         r  forward_butterfly_lane_a/multiplier/acc_reg[27]/D
  -------------------------------------------------------------------    -------------------

                         (clock clk rise edge)       10.000    10.000 r  
                                                      0.000    10.000 r  clk (IN)
                         net (fo=0)                   0.000    10.000    clk
                         IBUF (Prop_ibuf_I_O)         0.838    10.838 r  clk_IBUF_inst/O
                         net (fo=1, unplaced)         0.760    11.598    clk_IBUF
                         BUFG (Prop_bufg_I_O)         0.091    11.689 r  clk_IBUF_BUFG_inst/O
                         net (fo=1912, unplaced)      0.439    12.128    forward_butterfly_lane_a/multiplier/clk_IBUF_BUFG
                         FDRE                                         r  forward_butterfly_lane_a/multiplier/acc_reg[27]/C
                         clock pessimism              0.184    12.311    
                         clock uncertainty           -0.035    12.276    
                         FDRE (Setup_fdre_C_D)        0.044    12.320    forward_butterfly_lane_a/multiplier/acc_reg[27]
  -------------------------------------------------------------------
                         required time                         12.320    
                         arrival time                         -10.443    
  -------------------------------------------------------------------
                         slack                                  1.877    

Slack (MET) :             1.877ns  (required time - arrival time)
  Source:                 forward_butterfly_lane_a/multiplier/y_reg[0]/C
                            (rising edge-triggered cell FDRE clocked by clk  {rise@0.000ns fall@5.000ns period=10.000ns})
  Destination:            forward_butterfly_lane_a/multiplier/result_reg[27]/D
                            (rising edge-triggered cell FDRE clocked by clk  {rise@0.000ns fall@5.000ns period=10.000ns})
  Path Group:             clk
  Path Type:              Setup (Max at Slow Process Corner)
  Requirement:            10.000ns  (clk rise@10.000ns - clk rise@0.000ns)
  Data Path Delay:        7.987ns  (logic 4.528ns (56.692%)  route 3.459ns (43.308%))
  Logic Levels:           14  (CARRY4=9 LUT3=1 LUT4=2 LUT5=2)
  Clock Path Skew:        -0.145ns (DCD - SCD + CPR)
    Destination Clock Delay (DCD):    2.128ns = ( 12.128 - 10.000 ) 
    Source Clock Delay      (SCD):    2.456ns
    Clock Pessimism Removal (CPR):    0.184ns
  Clock Uncertainty:      0.035ns  ((TSJ^2 + TIJ^2)^1/2 + DJ) / 2 + PE
    Total System Jitter     (TSJ):    0.071ns
    Total Input Jitter      (TIJ):    0.000ns
    Discrete Jitter          (DJ):    0.000ns
    Phase Error              (PE):    0.000ns

    Location             Delay type                Incr(ns)  Path(ns)    Netlist Resource(s)
  -------------------------------------------------------------------    -------------------
                         (clock clk rise edge)        0.000     0.000 r  
                                                      0.000     0.000 r  clk (IN)
                         net (fo=0)                   0.000     0.000    clk
                         IBUF (Prop_ibuf_I_O)         0.972     0.972 r  clk_IBUF_inst/O
                         net (fo=1, unplaced)         0.800     1.771    clk_IBUF
                         BUFG (Prop_bufg_I_O)         0.101     1.872 r  clk_IBUF_BUFG_inst/O
                         net (fo=1912, unplaced)      0.584     2.456    forward_butterfly_lane_a/multiplier/clk_IBUF_BUFG
                         FDRE                                         r  forward_butterfly_lane_a/multiplier/y_reg[0]/C
  -------------------------------------------------------------------    -------------------
                         FDRE (Prop_fdre_C_Q)         0.478     2.934 r  forward_butterfly_lane_a/multiplier/y_reg[0]/Q
                         net (fo=64, unplaced)        0.829     3.763    forward_butterfly_lane_a/multiplier/y_reg_n_0_[0]
                         LUT4 (Prop_lut4_I1_O)        0.295     4.058 r  forward_butterfly_lane_a/multiplier/acc_minus_q1_carry_i_13/O
                         net (fo=1, unplaced)         0.000     4.058    forward_butterfly_lane_a/multiplier/acc_minus_q1_carry_i_13_n_0
                         CARRY4 (Prop_carry4_S[1]_CO[3])
                                                      0.533     4.591 r  forward_butterfly_lane_a/multiplier/acc_minus_q1_carry_i_10/CO[3]
                         net (fo=1, unplaced)         0.009     4.600    forward_butterfly_lane_a/multiplier/acc_minus_q1_carry_i_10_n_0
                         CARRY4 (Prop_carry4_CI_CO[3])
                                                      0.117     4.717 r  forward_butterfly_lane_a/multiplier/acc_minus_q1_carry__0_i_10/CO[3]
                         net (fo=1, unplaced)         0.000     4.717    forward_butterfly_lane_a/multiplier/acc_minus_q1_carry__0_i_10_n_0
                         CARRY4 (Prop_carry4_CI_CO[3])
                                                      0.117     4.834 r  forward_butterfly_lane_a/multiplier/acc_minus_q1_carry__1_i_10/CO[3]
                         net (fo=1, unplaced)         0.000     4.834    forward_butterfly_lane_a/multiplier/acc_minus_q1_carry__1_i_10_n_0
                         CARRY4 (Prop_carry4_CI_CO[3])
                                                      0.117     4.951 r  forward_butterfly_lane_a/multiplier/acc_minus_q1_carry__2_i_10/CO[3]
                         net (fo=1, unplaced)         0.000     4.951    forward_butterfly_lane_a/multiplier/acc_minus_q1_carry__2_i_10_n_0
                         CARRY4 (Prop_carry4_CI_O[3])
                                                      0.331     5.282 r  forward_butterfly_lane_a/multiplier/acc_minus_q1_carry__3_i_10/O[3]
                         net (fo=1, unplaced)         0.618     5.900    forward_butterfly_lane_a/multiplier/selected_raw1[19]
                         LUT5 (Prop_lut5_I4_O)        0.307     6.207 r  forward_butterfly_lane_a/multiplier/acc_minus_q1_carry__3_i_6/O
                         net (fo=1, unplaced)         0.000     6.207    forward_butterfly_lane_a/multiplier/acc_minus_q1_carry__3_i_6_n_0
                         CARRY4 (Prop_carry4_S[3]_CO[3])
                                                      0.376     6.583 r  forward_butterfly_lane_a/multiplier/acc_minus_q1_carry__3_i_1/CO[3]
                         net (fo=1, unplaced)         0.000     6.583    forward_butterfly_lane_a/multiplier/acc_minus_q1_carry__3_i_1_n_0
                         CARRY4 (Prop_carry4_CI_O[1])
                                                      0.337     6.920 r  forward_butterfly_lane_a/multiplier/acc_minus_q1_carry__4_i_1/O[1]
                         net (fo=8, unplaced)         0.649     7.569    forward_butterfly_lane_a/multiplier/acc_minus_q1_carry__4_i_1_n_6
                         LUT4 (Prop_lut4_I1_O)        0.306     7.875 r  forward_butterfly_lane_a/multiplier/acc_minus_q2_carry__4_i_7/O
                         net (fo=1, unplaced)         0.000     7.875    forward_butterfly_lane_a/multiplier/acc_minus_q2_carry__4_i_7_n_0
                         CARRY4 (Prop_carry4_S[1]_CO[3])
                                                      0.533     8.408 r  forward_butterfly_lane_a/multiplier/acc_minus_q2_carry__4/CO[3]
                         net (fo=1, unplaced)         0.000     8.408    forward_butterfly_lane_a/multiplier/acc_minus_q2_carry__4_n_0
                         CARRY4 (Prop_carry4_CI_O[2])
                                                      0.256     8.664 r  forward_butterfly_lane_a/multiplier/acc_minus_q2_carry__5/O[2]
                         net (fo=1, unplaced)         0.905     9.569    forward_butterfly_lane_a/multiplier/acc_minus_q2_carry__5_n_5
                         LUT5 (Prop_lut5_I4_O)        0.301     9.870 r  forward_butterfly_lane_a/multiplier/acc[27]_i_3__1/O
                         net (fo=1, unplaced)         0.449    10.319    forward_butterfly_lane_a/multiplier/acc[27]_i_3__1_n_0
                         LUT3 (Prop_lut3_I2_O)        0.124    10.443 r  forward_butterfly_lane_a/multiplier/acc[27]_i_1__1/O
                         net (fo=2, unplaced)         0.000    10.443    forward_butterfly_lane_a/multiplier/next_acc[27]
                         FDRE                                         r  forward_butterfly_lane_a/multiplier/result_reg[27]/D
  -------------------------------------------------------------------    -------------------

                         (clock clk rise edge)       10.000    10.000 r  
                                                      0.000    10.000 r  clk (IN)
                         net (fo=0)                   0.000    10.000    clk
                         IBUF (Prop_ibuf_I_O)         0.838    10.838 r  clk_IBUF_inst/O
                         net (fo=1, unplaced)         0.760    11.598    clk_IBUF
                         BUFG (Prop_bufg_I_O)         0.091    11.689 r  clk_IBUF_BUFG_inst/O
                         net (fo=1912, unplaced)      0.439    12.128    forward_butterfly_lane_a/multiplier/clk_IBUF_BUFG
                         FDRE                                         r  forward_butterfly_lane_a/multiplier/result_reg[27]/C
                         clock pessimism              0.184    12.311    
                         clock uncertainty           -0.035    12.276    
                         FDRE (Setup_fdre_C_D)        0.044    12.320    forward_butterfly_lane_a/multiplier/result_reg[27]
  -------------------------------------------------------------------
                         required time                         12.320    
                         arrival time                         -10.443    
  -------------------------------------------------------------------
                         slack                                  1.877    

Slack (MET) :             1.877ns  (required time - arrival time)
  Source:                 forward_butterfly_lane_b/multiplier/y_reg[0]/C
                            (rising edge-triggered cell FDRE clocked by clk  {rise@0.000ns fall@5.000ns period=10.000ns})
  Destination:            forward_butterfly_lane_b/multiplier/acc_reg[27]/D
                            (rising edge-triggered cell FDRE clocked by clk  {rise@0.000ns fall@5.000ns period=10.000ns})
  Path Group:             clk
  Path Type:              Setup (Max at Slow Process Corner)
  Requirement:            10.000ns  (clk rise@10.000ns - clk rise@0.000ns)
  Data Path Delay:        7.987ns  (logic 4.528ns (56.692%)  route 3.459ns (43.308%))
  Logic Levels:           14  (CARRY4=9 LUT3=1 LUT4=2 LUT5=2)
  Clock Path Skew:        -0.145ns (DCD - SCD + CPR)
    Destination Clock Delay (DCD):    2.128ns = ( 12.128 - 10.000 ) 
    Source Clock Delay      (SCD):    2.456ns
    Clock Pessimism Removal (CPR):    0.184ns
  Clock Uncertainty:      0.035ns  ((TSJ^2 + TIJ^2)^1/2 + DJ) / 2 + PE
    Total System Jitter     (TSJ):    0.071ns
    Total Input Jitter      (TIJ):    0.000ns
    Discrete Jitter          (DJ):    0.000ns
    Phase Error              (PE):    0.000ns

    Location             Delay type                Incr(ns)  Path(ns)    Netlist Resource(s)
  -------------------------------------------------------------------    -------------------
                         (clock clk rise edge)        0.000     0.000 r  
                                                      0.000     0.000 r  clk (IN)
                         net (fo=0)                   0.000     0.000    clk
                         IBUF (Prop_ibuf_I_O)         0.972     0.972 r  clk_IBUF_inst/O
                         net (fo=1, unplaced)         0.800     1.771    clk_IBUF
                         BUFG (Prop_bufg_I_O)         0.101     1.872 r  clk_IBUF_BUFG_inst/O
                         net (fo=1912, unplaced)      0.584     2.456    forward_butterfly_lane_b/multiplier/clk_IBUF_BUFG
                         FDRE                                         r  forward_butterfly_lane_b/multiplier/y_reg[0]/C
  -------------------------------------------------------------------    -------------------
                         FDRE (Prop_fdre_C_Q)         0.478     2.934 r  forward_butterfly_lane_b/multiplier/y_reg[0]/Q
                         net (fo=64, unplaced)        0.829     3.763    forward_butterfly_lane_b/multiplier/y_reg_n_0_[0]
                         LUT4 (Prop_lut4_I1_O)        0.295     4.058 r  forward_butterfly_lane_b/multiplier/acc_minus_q1_carry_i_13__0/O
                         net (fo=1, unplaced)         0.000     4.058    forward_butterfly_lane_b/multiplier/acc_minus_q1_carry_i_13__0_n_0
                         CARRY4 (Prop_carry4_S[1]_CO[3])
                                                      0.533     4.591 r  forward_butterfly_lane_b/multiplier/acc_minus_q1_carry_i_10__0/CO[3]
                         net (fo=1, unplaced)         0.009     4.600    forward_butterfly_lane_b/multiplier/acc_minus_q1_carry_i_10__0_n_0
                         CARRY4 (Prop_carry4_CI_CO[3])
                                                      0.117     4.717 r  forward_butterfly_lane_b/multiplier/acc_minus_q1_carry__0_i_10__0/CO[3]
                         net (fo=1, unplaced)         0.000     4.717    forward_butterfly_lane_b/multiplier/acc_minus_q1_carry__0_i_10__0_n_0
                         CARRY4 (Prop_carry4_CI_CO[3])
                                                      0.117     4.834 r  forward_butterfly_lane_b/multiplier/acc_minus_q1_carry__1_i_10__0/CO[3]
                         net (fo=1, unplaced)         0.000     4.834    forward_butterfly_lane_b/multiplier/acc_minus_q1_carry__1_i_10__0_n_0
                         CARRY4 (Prop_carry4_CI_CO[3])
                                                      0.117     4.951 r  forward_butterfly_lane_b/multiplier/acc_minus_q1_carry__2_i_10__0/CO[3]
                         net (fo=1, unplaced)         0.000     4.951    forward_butterfly_lane_b/multiplier/acc_minus_q1_carry__2_i_10__0_n_0
                         CARRY4 (Prop_carry4_CI_O[3])
                                                      0.331     5.282 r  forward_butterfly_lane_b/multiplier/acc_minus_q1_carry__3_i_10__0/O[3]
                         net (fo=1, unplaced)         0.618     5.900    forward_butterfly_lane_b/multiplier/selected_raw1[19]
                         LUT5 (Prop_lut5_I4_O)        0.307     6.207 r  forward_butterfly_lane_b/multiplier/acc_minus_q1_carry__3_i_6__0/O
                         net (fo=1, unplaced)         0.000     6.207    forward_butterfly_lane_b/multiplier/acc_minus_q1_carry__3_i_6__0_n_0
                         CARRY4 (Prop_carry4_S[3]_CO[3])
                                                      0.376     6.583 r  forward_butterfly_lane_b/multiplier/acc_minus_q1_carry__3_i_1__0/CO[3]
                         net (fo=1, unplaced)         0.000     6.583    forward_butterfly_lane_b/multiplier/acc_minus_q1_carry__3_i_1__0_n_0
                         CARRY4 (Prop_carry4_CI_O[1])
                                                      0.337     6.920 r  forward_butterfly_lane_b/multiplier/acc_minus_q1_carry__4_i_1__0/O[1]
                         net (fo=8, unplaced)         0.649     7.569    forward_butterfly_lane_b/multiplier/acc_minus_q1_carry__4_i_1__0_n_6
                         LUT4 (Prop_lut4_I1_O)        0.306     7.875 r  forward_butterfly_lane_b/multiplier/acc_minus_q2_carry__4_i_7__0/O
                         net (fo=1, unplaced)         0.000     7.875    forward_butterfly_lane_b/multiplier/acc_minus_q2_carry__4_i_7__0_n_0
                         CARRY4 (Prop_carry4_S[1]_CO[3])
                                                      0.533     8.408 r  forward_butterfly_lane_b/multiplier/acc_minus_q2_carry__4/CO[3]
                         net (fo=1, unplaced)         0.000     8.408    forward_butterfly_lane_b/multiplier/acc_minus_q2_carry__4_n_0
                         CARRY4 (Prop_carry4_CI_O[2])
                                                      0.256     8.664 r  forward_butterfly_lane_b/multiplier/acc_minus_q2_carry__5/O[2]
                         net (fo=1, unplaced)         0.905     9.569    forward_butterfly_lane_b/multiplier/acc_minus_q2_carry__5_n_5
                         LUT5 (Prop_lut5_I4_O)        0.301     9.870 r  forward_butterfly_lane_b/multiplier/acc[27]_i_3__2/O
                         net (fo=1, unplaced)         0.449    10.319    forward_butterfly_lane_b/multiplier/acc[27]_i_3__2_n_0
                         LUT3 (Prop_lut3_I2_O)        0.124    10.443 r  forward_butterfly_lane_b/multiplier/acc[27]_i_1__2/O
                         net (fo=2, unplaced)         0.000    10.443    forward_butterfly_lane_b/multiplier/next_acc[27]
                         FDRE                                         r  forward_butterfly_lane_b/multiplier/acc_reg[27]/D
  -------------------------------------------------------------------    -------------------

                         (clock clk rise edge)       10.000    10.000 r  
                                                      0.000    10.000 r  clk (IN)
                         net (fo=0)                   0.000    10.000    clk
                         IBUF (Prop_ibuf_I_O)         0.838    10.838 r  clk_IBUF_inst/O
                         net (fo=1, unplaced)         0.760    11.598    clk_IBUF
                         BUFG (Prop_bufg_I_O)         0.091    11.689 r  clk_IBUF_BUFG_inst/O
                         net (fo=1912, unplaced)      0.439    12.128    forward_butterfly_lane_b/multiplier/clk_IBUF_BUFG
                         FDRE                                         r  forward_butterfly_lane_b/multiplier/acc_reg[27]/C
                         clock pessimism              0.184    12.311    
                         clock uncertainty           -0.035    12.276    
                         FDRE (Setup_fdre_C_D)        0.044    12.320    forward_butterfly_lane_b/multiplier/acc_reg[27]
  -------------------------------------------------------------------
                         required time                         12.320    
                         arrival time                         -10.443    
  -------------------------------------------------------------------
                         slack                                  1.877    

Slack (MET) :             1.877ns  (required time - arrival time)
  Source:                 forward_butterfly_lane_b/multiplier/y_reg[0]/C
                            (rising edge-triggered cell FDRE clocked by clk  {rise@0.000ns fall@5.000ns period=10.000ns})
  Destination:            forward_butterfly_lane_b/multiplier/result_reg[27]/D
                            (rising edge-triggered cell FDRE clocked by clk  {rise@0.000ns fall@5.000ns period=10.000ns})
  Path Group:             clk
  Path Type:              Setup (Max at Slow Process Corner)
  Requirement:            10.000ns  (clk rise@10.000ns - clk rise@0.000ns)
  Data Path Delay:        7.987ns  (logic 4.528ns (56.692%)  route 3.459ns (43.308%))
  Logic Levels:           14  (CARRY4=9 LUT3=1 LUT4=2 LUT5=2)
  Clock Path Skew:        -0.145ns (DCD - SCD + CPR)
    Destination Clock Delay (DCD):    2.128ns = ( 12.128 - 10.000 ) 
    Source Clock Delay      (SCD):    2.456ns
    Clock Pessimism Removal (CPR):    0.184ns
  Clock Uncertainty:      0.035ns  ((TSJ^2 + TIJ^2)^1/2 + DJ) / 2 + PE
    Total System Jitter     (TSJ):    0.071ns
    Total Input Jitter      (TIJ):    0.000ns
    Discrete Jitter          (DJ):    0.000ns
    Phase Error              (PE):    0.000ns

    Location             Delay type                Incr(ns)  Path(ns)    Netlist Resource(s)
  -------------------------------------------------------------------    -------------------
                         (clock clk rise edge)        0.000     0.000 r  
                                                      0.000     0.000 r  clk (IN)
                         net (fo=0)                   0.000     0.000    clk
                         IBUF (Prop_ibuf_I_O)         0.972     0.972 r  clk_IBUF_inst/O
                         net (fo=1, unplaced)         0.800     1.771    clk_IBUF
                         BUFG (Prop_bufg_I_O)         0.101     1.872 r  clk_IBUF_BUFG_inst/O
                         net (fo=1912, unplaced)      0.584     2.456    forward_butterfly_lane_b/multiplier/clk_IBUF_BUFG
                         FDRE                                         r  forward_butterfly_lane_b/multiplier/y_reg[0]/C
  -------------------------------------------------------------------    -------------------
                         FDRE (Prop_fdre_C_Q)         0.478     2.934 r  forward_butterfly_lane_b/multiplier/y_reg[0]/Q
                         net (fo=64, unplaced)        0.829     3.763    forward_butterfly_lane_b/multiplier/y_reg_n_0_[0]
                         LUT4 (Prop_lut4_I1_O)        0.295     4.058 r  forward_butterfly_lane_b/multiplier/acc_minus_q1_carry_i_13__0/O
                         net (fo=1, unplaced)         0.000     4.058    forward_butterfly_lane_b/multiplier/acc_minus_q1_carry_i_13__0_n_0
                         CARRY4 (Prop_carry4_S[1]_CO[3])
                                                      0.533     4.591 r  forward_butterfly_lane_b/multiplier/acc_minus_q1_carry_i_10__0/CO[3]
                         net (fo=1, unplaced)         0.009     4.600    forward_butterfly_lane_b/multiplier/acc_minus_q1_carry_i_10__0_n_0
                         CARRY4 (Prop_carry4_CI_CO[3])
                                                      0.117     4.717 r  forward_butterfly_lane_b/multiplier/acc_minus_q1_carry__0_i_10__0/CO[3]
                         net (fo=1, unplaced)         0.000     4.717    forward_butterfly_lane_b/multiplier/acc_minus_q1_carry__0_i_10__0_n_0
                         CARRY4 (Prop_carry4_CI_CO[3])
                                                      0.117     4.834 r  forward_butterfly_lane_b/multiplier/acc_minus_q1_carry__1_i_10__0/CO[3]
                         net (fo=1, unplaced)         0.000     4.834    forward_butterfly_lane_b/multiplier/acc_minus_q1_carry__1_i_10__0_n_0
                         CARRY4 (Prop_carry4_CI_CO[3])
                                                      0.117     4.951 r  forward_butterfly_lane_b/multiplier/acc_minus_q1_carry__2_i_10__0/CO[3]
                         net (fo=1, unplaced)         0.000     4.951    forward_butterfly_lane_b/multiplier/acc_minus_q1_carry__2_i_10__0_n_0
                         CARRY4 (Prop_carry4_CI_O[3])
                                                      0.331     5.282 r  forward_butterfly_lane_b/multiplier/acc_minus_q1_carry__3_i_10__0/O[3]
                         net (fo=1, unplaced)         0.618     5.900    forward_butterfly_lane_b/multiplier/selected_raw1[19]
                         LUT5 (Prop_lut5_I4_O)        0.307     6.207 r  forward_butterfly_lane_b/multiplier/acc_minus_q1_carry__3_i_6__0/O
                         net (fo=1, unplaced)         0.000     6.207    forward_butterfly_lane_b/multiplier/acc_minus_q1_carry__3_i_6__0_n_0
                         CARRY4 (Prop_carry4_S[3]_CO[3])
                                                      0.376     6.583 r  forward_butterfly_lane_b/multiplier/acc_minus_q1_carry__3_i_1__0/CO[3]
                         net (fo=1, unplaced)         0.000     6.583    forward_butterfly_lane_b/multiplier/acc_minus_q1_carry__3_i_1__0_n_0
                         CARRY4 (Prop_carry4_CI_O[1])
                                                      0.337     6.920 r  forward_butterfly_lane_b/multiplier/acc_minus_q1_carry__4_i_1__0/O[1]
                         net (fo=8, unplaced)         0.649     7.569    forward_butterfly_lane_b/multiplier/acc_minus_q1_carry__4_i_1__0_n_6
                         LUT4 (Prop_lut4_I1_O)        0.306     7.875 r  forward_butterfly_lane_b/multiplier/acc_minus_q2_carry__4_i_7__0/O
                         net (fo=1, unplaced)         0.000     7.875    forward_butterfly_lane_b/multiplier/acc_minus_q2_carry__4_i_7__0_n_0
                         CARRY4 (Prop_carry4_S[1]_CO[3])
                                                      0.533     8.408 r  forward_butterfly_lane_b/multiplier/acc_minus_q2_carry__4/CO[3]
                         net (fo=1, unplaced)         0.000     8.408    forward_butterfly_lane_b/multiplier/acc_minus_q2_carry__4_n_0
                         CARRY4 (Prop_carry4_CI_O[2])
                                                      0.256     8.664 r  forward_butterfly_lane_b/multiplier/acc_minus_q2_carry__5/O[2]
                         net (fo=1, unplaced)         0.905     9.569    forward_butterfly_lane_b/multiplier/acc_minus_q2_carry__5_n_5
                         LUT5 (Prop_lut5_I4_O)        0.301     9.870 r  forward_butterfly_lane_b/multiplier/acc[27]_i_3__2/O
                         net (fo=1, unplaced)         0.449    10.319    forward_butterfly_lane_b/multiplier/acc[27]_i_3__2_n_0
                         LUT3 (Prop_lut3_I2_O)        0.124    10.443 r  forward_butterfly_lane_b/multiplier/acc[27]_i_1__2/O
                         net (fo=2, unplaced)         0.000    10.443    forward_butterfly_lane_b/multiplier/next_acc[27]
                         FDRE                                         r  forward_butterfly_lane_b/multiplier/result_reg[27]/D
  -------------------------------------------------------------------    -------------------

                         (clock clk rise edge)       10.000    10.000 r  
                                                      0.000    10.000 r  clk (IN)
                         net (fo=0)                   0.000    10.000    clk
                         IBUF (Prop_ibuf_I_O)         0.838    10.838 r  clk_IBUF_inst/O
                         net (fo=1, unplaced)         0.760    11.598    clk_IBUF
                         BUFG (Prop_bufg_I_O)         0.091    11.689 r  clk_IBUF_BUFG_inst/O
                         net (fo=1912, unplaced)      0.439    12.128    forward_butterfly_lane_b/multiplier/clk_IBUF_BUFG
                         FDRE                                         r  forward_butterfly_lane_b/multiplier/result_reg[27]/C
                         clock pessimism              0.184    12.311    
                         clock uncertainty           -0.035    12.276    
                         FDRE (Setup_fdre_C_D)        0.044    12.320    forward_butterfly_lane_b/multiplier/result_reg[27]
  -------------------------------------------------------------------
                         required time                         12.320    
                         arrival time                         -10.443    
  -------------------------------------------------------------------
                         slack                                  1.877    

Slack (MET) :             1.877ns  (required time - arrival time)
  Source:                 inverse_butterfly/multiplier/y_reg[0]/C
                            (rising edge-triggered cell FDRE clocked by clk  {rise@0.000ns fall@5.000ns period=10.000ns})
  Destination:            inverse_butterfly/multiplier/acc_reg[27]/D
                            (rising edge-triggered cell FDRE clocked by clk  {rise@0.000ns fall@5.000ns period=10.000ns})
  Path Group:             clk
  Path Type:              Setup (Max at Slow Process Corner)
  Requirement:            10.000ns  (clk rise@10.000ns - clk rise@0.000ns)
  Data Path Delay:        7.987ns  (logic 4.528ns (56.692%)  route 3.459ns (43.308%))
  Logic Levels:           14  (CARRY4=9 LUT3=1 LUT4=2 LUT5=2)
  Clock Path Skew:        -0.145ns (DCD - SCD + CPR)
    Destination Clock Delay (DCD):    2.128ns = ( 12.128 - 10.000 ) 
    Source Clock Delay      (SCD):    2.456ns
    Clock Pessimism Removal (CPR):    0.184ns
  Clock Uncertainty:      0.035ns  ((TSJ^2 + TIJ^2)^1/2 + DJ) / 2 + PE
    Total System Jitter     (TSJ):    0.071ns
    Total Input Jitter      (TIJ):    0.000ns
    Discrete Jitter          (DJ):    0.000ns
    Phase Error              (PE):    0.000ns

    Location             Delay type                Incr(ns)  Path(ns)    Netlist Resource(s)
  -------------------------------------------------------------------    -------------------
                         (clock clk rise edge)        0.000     0.000 r  
                                                      0.000     0.000 r  clk (IN)
                         net (fo=0)                   0.000     0.000    clk
                         IBUF (Prop_ibuf_I_O)         0.972     0.972 r  clk_IBUF_inst/O
                         net (fo=1, unplaced)         0.800     1.771    clk_IBUF
                         BUFG (Prop_bufg_I_O)         0.101     1.872 r  clk_IBUF_BUFG_inst/O
                         net (fo=1912, unplaced)      0.584     2.456    inverse_butterfly/multiplier/clk_IBUF_BUFG
                         FDRE                                         r  inverse_butterfly/multiplier/y_reg[0]/C
  -------------------------------------------------------------------    -------------------
                         FDRE (Prop_fdre_C_Q)         0.478     2.934 r  inverse_butterfly/multiplier/y_reg[0]/Q
                         net (fo=64, unplaced)        0.829     3.763    inverse_butterfly/multiplier/y_reg_n_0_[0]
                         LUT4 (Prop_lut4_I1_O)        0.295     4.058 r  inverse_butterfly/multiplier/acc_minus_q1_carry_i_13__1/O
                         net (fo=1, unplaced)         0.000     4.058    inverse_butterfly/multiplier/acc_minus_q1_carry_i_13__1_n_0
                         CARRY4 (Prop_carry4_S[1]_CO[3])
                                                      0.533     4.591 r  inverse_butterfly/multiplier/acc_minus_q1_carry_i_10__1/CO[3]
                         net (fo=1, unplaced)         0.009     4.600    inverse_butterfly/multiplier/acc_minus_q1_carry_i_10__1_n_0
                         CARRY4 (Prop_carry4_CI_CO[3])
                                                      0.117     4.717 r  inverse_butterfly/multiplier/acc_minus_q1_carry__0_i_10__1/CO[3]
                         net (fo=1, unplaced)         0.000     4.717    inverse_butterfly/multiplier/acc_minus_q1_carry__0_i_10__1_n_0
                         CARRY4 (Prop_carry4_CI_CO[3])
                                                      0.117     4.834 r  inverse_butterfly/multiplier/acc_minus_q1_carry__1_i_10__1/CO[3]
                         net (fo=1, unplaced)         0.000     4.834    inverse_butterfly/multiplier/acc_minus_q1_carry__1_i_10__1_n_0
                         CARRY4 (Prop_carry4_CI_CO[3])
                                                      0.117     4.951 r  inverse_butterfly/multiplier/acc_minus_q1_carry__2_i_10__1/CO[3]
                         net (fo=1, unplaced)         0.000     4.951    inverse_butterfly/multiplier/acc_minus_q1_carry__2_i_10__1_n_0
                         CARRY4 (Prop_carry4_CI_O[3])
                                                      0.331     5.282 r  inverse_butterfly/multiplier/acc_minus_q1_carry__3_i_10__1/O[3]
                         net (fo=1, unplaced)         0.618     5.900    inverse_butterfly/multiplier/selected_raw1[19]
                         LUT5 (Prop_lut5_I4_O)        0.307     6.207 r  inverse_butterfly/multiplier/acc_minus_q1_carry__3_i_6__1/O
                         net (fo=1, unplaced)         0.000     6.207    inverse_butterfly/multiplier/acc_minus_q1_carry__3_i_6__1_n_0
                         CARRY4 (Prop_carry4_S[3]_CO[3])
                                                      0.376     6.583 r  inverse_butterfly/multiplier/acc_minus_q1_carry__3_i_1__1/CO[3]
                         net (fo=1, unplaced)         0.000     6.583    inverse_butterfly/multiplier/acc_minus_q1_carry__3_i_1__1_n_0
                         CARRY4 (Prop_carry4_CI_O[1])
                                                      0.337     6.920 r  inverse_butterfly/multiplier/acc_minus_q1_carry__4_i_1__1/O[1]
                         net (fo=8, unplaced)         0.649     7.569    inverse_butterfly/multiplier/acc_minus_q1_carry__4_i_1__1_n_6
                         LUT4 (Prop_lut4_I1_O)        0.306     7.875 r  inverse_butterfly/multiplier/acc_minus_q2_carry__4_i_7__1/O
                         net (fo=1, unplaced)         0.000     7.875    inverse_butterfly/multiplier/acc_minus_q2_carry__4_i_7__1_n_0
                         CARRY4 (Prop_carry4_S[1]_CO[3])
                                                      0.533     8.408 r  inverse_butterfly/multiplier/acc_minus_q2_carry__4/CO[3]
                         net (fo=1, unplaced)         0.000     8.408    inverse_butterfly/multiplier/acc_minus_q2_carry__4_n_0
                         CARRY4 (Prop_carry4_CI_O[2])
                                                      0.256     8.664 r  inverse_butterfly/multiplier/acc_minus_q2_carry__5/O[2]
                         net (fo=1, unplaced)         0.905     9.569    inverse_butterfly/multiplier/acc_minus_q2_carry__5_n_5
                         LUT5 (Prop_lut5_I4_O)        0.301     9.870 r  inverse_butterfly/multiplier/acc[27]_i_3__4/O
                         net (fo=1, unplaced)         0.449    10.319    inverse_butterfly/multiplier/acc[27]_i_3__4_n_0
                         LUT3 (Prop_lut3_I2_O)        0.124    10.443 r  inverse_butterfly/multiplier/acc[27]_i_1__4/O
                         net (fo=2, unplaced)         0.000    10.443    inverse_butterfly/multiplier/next_acc[27]
                         FDRE                                         r  inverse_butterfly/multiplier/acc_reg[27]/D
  -------------------------------------------------------------------    -------------------

                         (clock clk rise edge)       10.000    10.000 r  
                                                      0.000    10.000 r  clk (IN)
                         net (fo=0)                   0.000    10.000    clk
                         IBUF (Prop_ibuf_I_O)         0.838    10.838 r  clk_IBUF_inst/O
                         net (fo=1, unplaced)         0.760    11.598    clk_IBUF
                         BUFG (Prop_bufg_I_O)         0.091    11.689 r  clk_IBUF_BUFG_inst/O
                         net (fo=1912, unplaced)      0.439    12.128    inverse_butterfly/multiplier/clk_IBUF_BUFG
                         FDRE                                         r  inverse_butterfly/multiplier/acc_reg[27]/C
                         clock pessimism              0.184    12.311    
                         clock uncertainty           -0.035    12.276    
                         FDRE (Setup_fdre_C_D)        0.044    12.320    inverse_butterfly/multiplier/acc_reg[27]
  -------------------------------------------------------------------
                         required time                         12.320    
                         arrival time                         -10.443    
  -------------------------------------------------------------------
                         slack                                  1.877    

Slack (MET) :             1.877ns  (required time - arrival time)
  Source:                 inverse_butterfly/multiplier/y_reg[0]/C
                            (rising edge-triggered cell FDRE clocked by clk  {rise@0.000ns fall@5.000ns period=10.000ns})
  Destination:            inverse_butterfly/multiplier/result_reg[27]/D
                            (rising edge-triggered cell FDRE clocked by clk  {rise@0.000ns fall@5.000ns period=10.000ns})
  Path Group:             clk
  Path Type:              Setup (Max at Slow Process Corner)
  Requirement:            10.000ns  (clk rise@10.000ns - clk rise@0.000ns)
  Data Path Delay:        7.987ns  (logic 4.528ns (56.692%)  route 3.459ns (43.308%))
  Logic Levels:           14  (CARRY4=9 LUT3=1 LUT4=2 LUT5=2)
  Clock Path Skew:        -0.145ns (DCD - SCD + CPR)
    Destination Clock Delay (DCD):    2.128ns = ( 12.128 - 10.000 ) 
    Source Clock Delay      (SCD):    2.456ns
    Clock Pessimism Removal (CPR):    0.184ns
  Clock Uncertainty:      0.035ns  ((TSJ^2 + TIJ^2)^1/2 + DJ) / 2 + PE
    Total System Jitter     (TSJ):    0.071ns
    Total Input Jitter      (TIJ):    0.000ns
    Discrete Jitter          (DJ):    0.000ns
    Phase Error              (PE):    0.000ns

    Location             Delay type                Incr(ns)  Path(ns)    Netlist Resource(s)
  -------------------------------------------------------------------    -------------------
                         (clock clk rise edge)        0.000     0.000 r  
                                                      0.000     0.000 r  clk (IN)
                         net (fo=0)                   0.000     0.000    clk
                         IBUF (Prop_ibuf_I_O)         0.972     0.972 r  clk_IBUF_inst/O
                         net (fo=1, unplaced)         0.800     1.771    clk_IBUF
                         BUFG (Prop_bufg_I_O)         0.101     1.872 r  clk_IBUF_BUFG_inst/O
                         net (fo=1912, unplaced)      0.584     2.456    inverse_butterfly/multiplier/clk_IBUF_BUFG
                         FDRE                                         r  inverse_butterfly/multiplier/y_reg[0]/C
  -------------------------------------------------------------------    -------------------
                         FDRE (Prop_fdre_C_Q)         0.478     2.934 r  inverse_butterfly/multiplier/y_reg[0]/Q
                         net (fo=64, unplaced)        0.829     3.763    inverse_butterfly/multiplier/y_reg_n_0_[0]
                         LUT4 (Prop_lut4_I1_O)        0.295     4.058 r  inverse_butterfly/multiplier/acc_minus_q1_carry_i_13__1/O
                         net (fo=1, unplaced)         0.000     4.058    inverse_butterfly/multiplier/acc_minus_q1_carry_i_13__1_n_0
                         CARRY4 (Prop_carry4_S[1]_CO[3])
                                                      0.533     4.591 r  inverse_butterfly/multiplier/acc_minus_q1_carry_i_10__1/CO[3]
                         net (fo=1, unplaced)         0.009     4.600    inverse_butterfly/multiplier/acc_minus_q1_carry_i_10__1_n_0
                         CARRY4 (Prop_carry4_CI_CO[3])
                                                      0.117     4.717 r  inverse_butterfly/multiplier/acc_minus_q1_carry__0_i_10__1/CO[3]
                         net (fo=1, unplaced)         0.000     4.717    inverse_butterfly/multiplier/acc_minus_q1_carry__0_i_10__1_n_0
                         CARRY4 (Prop_carry4_CI_CO[3])
                                                      0.117     4.834 r  inverse_butterfly/multiplier/acc_minus_q1_carry__1_i_10__1/CO[3]
                         net (fo=1, unplaced)         0.000     4.834    inverse_butterfly/multiplier/acc_minus_q1_carry__1_i_10__1_n_0
                         CARRY4 (Prop_carry4_CI_CO[3])
                                                      0.117     4.951 r  inverse_butterfly/multiplier/acc_minus_q1_carry__2_i_10__1/CO[3]
                         net (fo=1, unplaced)         0.000     4.951    inverse_butterfly/multiplier/acc_minus_q1_carry__2_i_10__1_n_0
                         CARRY4 (Prop_carry4_CI_O[3])
                                                      0.331     5.282 r  inverse_butterfly/multiplier/acc_minus_q1_carry__3_i_10__1/O[3]
                         net (fo=1, unplaced)         0.618     5.900    inverse_butterfly/multiplier/selected_raw1[19]
                         LUT5 (Prop_lut5_I4_O)        0.307     6.207 r  inverse_butterfly/multiplier/acc_minus_q1_carry__3_i_6__1/O
                         net (fo=1, unplaced)         0.000     6.207    inverse_butterfly/multiplier/acc_minus_q1_carry__3_i_6__1_n_0
                         CARRY4 (Prop_carry4_S[3]_CO[3])
                                                      0.376     6.583 r  inverse_butterfly/multiplier/acc_minus_q1_carry__3_i_1__1/CO[3]
                         net (fo=1, unplaced)         0.000     6.583    inverse_butterfly/multiplier/acc_minus_q1_carry__3_i_1__1_n_0
                         CARRY4 (Prop_carry4_CI_O[1])
                                                      0.337     6.920 r  inverse_butterfly/multiplier/acc_minus_q1_carry__4_i_1__1/O[1]
                         net (fo=8, unplaced)         0.649     7.569    inverse_butterfly/multiplier/acc_minus_q1_carry__4_i_1__1_n_6
                         LUT4 (Prop_lut4_I1_O)        0.306     7.875 r  inverse_butterfly/multiplier/acc_minus_q2_carry__4_i_7__1/O
                         net (fo=1, unplaced)         0.000     7.875    inverse_butterfly/multiplier/acc_minus_q2_carry__4_i_7__1_n_0
                         CARRY4 (Prop_carry4_S[1]_CO[3])
                                                      0.533     8.408 r  inverse_butterfly/multiplier/acc_minus_q2_carry__4/CO[3]
                         net (fo=1, unplaced)         0.000     8.408    inverse_butterfly/multiplier/acc_minus_q2_carry__4_n_0
                         CARRY4 (Prop_carry4_CI_O[2])
                                                      0.256     8.664 r  inverse_butterfly/multiplier/acc_minus_q2_carry__5/O[2]
                         net (fo=1, unplaced)         0.905     9.569    inverse_butterfly/multiplier/acc_minus_q2_carry__5_n_5
                         LUT5 (Prop_lut5_I4_O)        0.301     9.870 r  inverse_butterfly/multiplier/acc[27]_i_3__4/O
                         net (fo=1, unplaced)         0.449    10.319    inverse_butterfly/multiplier/acc[27]_i_3__4_n_0
                         LUT3 (Prop_lut3_I2_O)        0.124    10.443 r  inverse_butterfly/multiplier/acc[27]_i_1__4/O
                         net (fo=2, unplaced)         0.000    10.443    inverse_butterfly/multiplier/next_acc[27]
                         FDRE                                         r  inverse_butterfly/multiplier/result_reg[27]/D
  -------------------------------------------------------------------    -------------------

                         (clock clk rise edge)       10.000    10.000 r  
                                                      0.000    10.000 r  clk (IN)
                         net (fo=0)                   0.000    10.000    clk
                         IBUF (Prop_ibuf_I_O)         0.838    10.838 r  clk_IBUF_inst/O
                         net (fo=1, unplaced)         0.760    11.598    clk_IBUF
                         BUFG (Prop_bufg_I_O)         0.091    11.689 r  clk_IBUF_BUFG_inst/O
                         net (fo=1912, unplaced)      0.439    12.128    inverse_butterfly/multiplier/clk_IBUF_BUFG
                         FDRE                                         r  inverse_butterfly/multiplier/result_reg[27]/C
                         clock pessimism              0.184    12.311    
                         clock uncertainty           -0.035    12.276    
                         FDRE (Setup_fdre_C_D)        0.044    12.320    inverse_butterfly/multiplier/result_reg[27]
  -------------------------------------------------------------------
                         required time                         12.320    
                         arrival time                         -10.443    
  -------------------------------------------------------------------
                         slack                                  1.877    

Slack (MET) :             1.877ns  (required time - arrival time)
  Source:                 preprocessing_lane_a/y_reg[0]/C
                            (rising edge-triggered cell FDRE clocked by clk  {rise@0.000ns fall@5.000ns period=10.000ns})
  Destination:            preprocessing_lane_a/acc_reg[27]/D
                            (rising edge-triggered cell FDRE clocked by clk  {rise@0.000ns fall@5.000ns period=10.000ns})
  Path Group:             clk
  Path Type:              Setup (Max at Slow Process Corner)
  Requirement:            10.000ns  (clk rise@10.000ns - clk rise@0.000ns)
  Data Path Delay:        7.987ns  (logic 4.528ns (56.692%)  route 3.459ns (43.308%))
  Logic Levels:           14  (CARRY4=9 LUT3=1 LUT4=2 LUT5=2)
  Clock Path Skew:        -0.145ns (DCD - SCD + CPR)
    Destination Clock Delay (DCD):    2.128ns = ( 12.128 - 10.000 ) 
    Source Clock Delay      (SCD):    2.456ns
    Clock Pessimism Removal (CPR):    0.184ns
  Clock Uncertainty:      0.035ns  ((TSJ^2 + TIJ^2)^1/2 + DJ) / 2 + PE
    Total System Jitter     (TSJ):    0.071ns
    Total Input Jitter      (TIJ):    0.000ns
    Discrete Jitter          (DJ):    0.000ns
    Phase Error              (PE):    0.000ns

    Location             Delay type                Incr(ns)  Path(ns)    Netlist Resource(s)
  -------------------------------------------------------------------    -------------------
                         (clock clk rise edge)        0.000     0.000 r  
                                                      0.000     0.000 r  clk (IN)
                         net (fo=0)                   0.000     0.000    clk
                         IBUF (Prop_ibuf_I_O)         0.972     0.972 r  clk_IBUF_inst/O
                         net (fo=1, unplaced)         0.800     1.771    clk_IBUF
                         BUFG (Prop_bufg_I_O)         0.101     1.872 r  clk_IBUF_BUFG_inst/O
                         net (fo=1912, unplaced)      0.584     2.456    preprocessing_lane_a/clk_IBUF_BUFG
                         FDRE                                         r  preprocessing_lane_a/y_reg[0]/C
  -------------------------------------------------------------------    -------------------
                         FDRE (Prop_fdre_C_Q)         0.478     2.934 r  preprocessing_lane_a/y_reg[0]/Q
                         net (fo=64, unplaced)        0.829     3.763    preprocessing_lane_a/y_reg_n_0_[0]
                         LUT4 (Prop_lut4_I1_O)        0.295     4.058 r  preprocessing_lane_a/acc[0]_i_21/O
                         net (fo=1, unplaced)         0.000     4.058    preprocessing_lane_a/acc[0]_i_21_n_0
                         CARRY4 (Prop_carry4_S[1]_CO[3])
                                                      0.533     4.591 r  preprocessing_lane_a/acc_reg[0]_i_18/CO[3]
                         net (fo=1, unplaced)         0.009     4.600    preprocessing_lane_a/acc_reg[0]_i_18_n_0
                         CARRY4 (Prop_carry4_CI_CO[3])
                                                      0.117     4.717 r  preprocessing_lane_a/acc_reg[7]_i_18/CO[3]
                         net (fo=1, unplaced)         0.000     4.717    preprocessing_lane_a/acc_reg[7]_i_18_n_0
                         CARRY4 (Prop_carry4_CI_CO[3])
                                                      0.117     4.834 r  preprocessing_lane_a/acc_reg[11]_i_18/CO[3]
                         net (fo=1, unplaced)         0.000     4.834    preprocessing_lane_a/acc_reg[11]_i_18_n_0
                         CARRY4 (Prop_carry4_CI_CO[3])
                                                      0.117     4.951 r  preprocessing_lane_a/acc_reg[15]_i_18/CO[3]
                         net (fo=1, unplaced)         0.000     4.951    preprocessing_lane_a/acc_reg[15]_i_18_n_0
                         CARRY4 (Prop_carry4_CI_O[3])
                                                      0.331     5.282 r  preprocessing_lane_a/acc_reg[19]_i_18/O[3]
                         net (fo=1, unplaced)         0.618     5.900    preprocessing_lane_a/selected_raw1[19]
                         LUT5 (Prop_lut5_I4_O)        0.307     6.207 r  preprocessing_lane_a/acc[19]_i_10/O
                         net (fo=1, unplaced)         0.000     6.207    preprocessing_lane_a/acc[19]_i_10_n_0
                         CARRY4 (Prop_carry4_S[3]_CO[3])
                                                      0.376     6.583 r  preprocessing_lane_a/acc_reg[19]_i_4/CO[3]
                         net (fo=1, unplaced)         0.000     6.583    preprocessing_lane_a/acc_reg[19]_i_4_n_0
                         CARRY4 (Prop_carry4_CI_O[1])
                                                      0.337     6.920 r  preprocessing_lane_a/acc_reg[23]_i_4/O[1]
                         net (fo=8, unplaced)         0.649     7.569    preprocessing_lane_a/acc_reg[23]_i_4_n_6
                         LUT4 (Prop_lut4_I1_O)        0.306     7.875 r  preprocessing_lane_a/acc[24]_i_10/O
                         net (fo=1, unplaced)         0.000     7.875    preprocessing_lane_a/acc[24]_i_10_n_0
                         CARRY4 (Prop_carry4_S[1]_CO[3])
                                                      0.533     8.408 r  preprocessing_lane_a/acc_reg[24]_i_3/CO[3]
                         net (fo=1, unplaced)         0.000     8.408    preprocessing_lane_a/acc_reg[24]_i_3_n_0
                         CARRY4 (Prop_carry4_CI_O[2])
                                                      0.256     8.664 r  preprocessing_lane_a/acc_reg[28]_i_3/O[2]
                         net (fo=1, unplaced)         0.905     9.569    preprocessing_lane_a/acc_reg[28]_i_3_n_5
                         LUT5 (Prop_lut5_I4_O)        0.301     9.870 r  preprocessing_lane_a/acc[27]_i_3/O
                         net (fo=1, unplaced)         0.449    10.319    preprocessing_lane_a/acc[27]_i_3_n_0
                         LUT3 (Prop_lut3_I2_O)        0.124    10.443 r  preprocessing_lane_a/acc[27]_i_1/O
                         net (fo=2, unplaced)         0.000    10.443    preprocessing_lane_a/next_acc[27]
                         FDRE                                         r  preprocessing_lane_a/acc_reg[27]/D
  -------------------------------------------------------------------    -------------------

                         (clock clk rise edge)       10.000    10.000 r  
                                                      0.000    10.000 r  clk (IN)
                         net (fo=0)                   0.000    10.000    clk
                         IBUF (Prop_ibuf_I_O)         0.838    10.838 r  clk_IBUF_inst/O
                         net (fo=1, unplaced)         0.760    11.598    clk_IBUF
                         BUFG (Prop_bufg_I_O)         0.091    11.689 r  clk_IBUF_BUFG_inst/O
                         net (fo=1912, unplaced)      0.439    12.128    preprocessing_lane_a/clk_IBUF_BUFG
                         FDRE                                         r  preprocessing_lane_a/acc_reg[27]/C
                         clock pessimism              0.184    12.311    
                         clock uncertainty           -0.035    12.276    
                         FDRE (Setup_fdre_C_D)        0.044    12.320    preprocessing_lane_a/acc_reg[27]
  -------------------------------------------------------------------
                         required time                         12.320    
                         arrival time                         -10.443    
  -------------------------------------------------------------------
                         slack                                  1.877    

Slack (MET) :             1.877ns  (required time - arrival time)
  Source:                 preprocessing_lane_a/y_reg[0]/C
                            (rising edge-triggered cell FDRE clocked by clk  {rise@0.000ns fall@5.000ns period=10.000ns})
  Destination:            preprocessing_lane_a/result_reg[27]/D
                            (rising edge-triggered cell FDRE clocked by clk  {rise@0.000ns fall@5.000ns period=10.000ns})
  Path Group:             clk
  Path Type:              Setup (Max at Slow Process Corner)
  Requirement:            10.000ns  (clk rise@10.000ns - clk rise@0.000ns)
  Data Path Delay:        7.987ns  (logic 4.528ns (56.692%)  route 3.459ns (43.308%))
  Logic Levels:           14  (CARRY4=9 LUT3=1 LUT4=2 LUT5=2)
  Clock Path Skew:        -0.145ns (DCD - SCD + CPR)
    Destination Clock Delay (DCD):    2.128ns = ( 12.128 - 10.000 ) 
    Source Clock Delay      (SCD):    2.456ns
    Clock Pessimism Removal (CPR):    0.184ns
  Clock Uncertainty:      0.035ns  ((TSJ^2 + TIJ^2)^1/2 + DJ) / 2 + PE
    Total System Jitter     (TSJ):    0.071ns
    Total Input Jitter      (TIJ):    0.000ns
    Discrete Jitter          (DJ):    0.000ns
    Phase Error              (PE):    0.000ns

    Location             Delay type                Incr(ns)  Path(ns)    Netlist Resource(s)
  -------------------------------------------------------------------    -------------------
                         (clock clk rise edge)        0.000     0.000 r  
                                                      0.000     0.000 r  clk (IN)
                         net (fo=0)                   0.000     0.000    clk
                         IBUF (Prop_ibuf_I_O)         0.972     0.972 r  clk_IBUF_inst/O
                         net (fo=1, unplaced)         0.800     1.771    clk_IBUF
                         BUFG (Prop_bufg_I_O)         0.101     1.872 r  clk_IBUF_BUFG_inst/O
                         net (fo=1912, unplaced)      0.584     2.456    preprocessing_lane_a/clk_IBUF_BUFG
                         FDRE                                         r  preprocessing_lane_a/y_reg[0]/C
  -------------------------------------------------------------------    -------------------
                         FDRE (Prop_fdre_C_Q)         0.478     2.934 r  preprocessing_lane_a/y_reg[0]/Q
                         net (fo=64, unplaced)        0.829     3.763    preprocessing_lane_a/y_reg_n_0_[0]
                         LUT4 (Prop_lut4_I1_O)        0.295     4.058 r  preprocessing_lane_a/acc[0]_i_21/O
                         net (fo=1, unplaced)         0.000     4.058    preprocessing_lane_a/acc[0]_i_21_n_0
                         CARRY4 (Prop_carry4_S[1]_CO[3])
                                                      0.533     4.591 r  preprocessing_lane_a/acc_reg[0]_i_18/CO[3]
                         net (fo=1, unplaced)         0.009     4.600    preprocessing_lane_a/acc_reg[0]_i_18_n_0
                         CARRY4 (Prop_carry4_CI_CO[3])
                                                      0.117     4.717 r  preprocessing_lane_a/acc_reg[7]_i_18/CO[3]
                         net (fo=1, unplaced)         0.000     4.717    preprocessing_lane_a/acc_reg[7]_i_18_n_0
                         CARRY4 (Prop_carry4_CI_CO[3])
                                                      0.117     4.834 r  preprocessing_lane_a/acc_reg[11]_i_18/CO[3]
                         net (fo=1, unplaced)         0.000     4.834    preprocessing_lane_a/acc_reg[11]_i_18_n_0
                         CARRY4 (Prop_carry4_CI_CO[3])
                                                      0.117     4.951 r  preprocessing_lane_a/acc_reg[15]_i_18/CO[3]
                         net (fo=1, unplaced)         0.000     4.951    preprocessing_lane_a/acc_reg[15]_i_18_n_0
                         CARRY4 (Prop_carry4_CI_O[3])
                                                      0.331     5.282 r  preprocessing_lane_a/acc_reg[19]_i_18/O[3]
                         net (fo=1, unplaced)         0.618     5.900    preprocessing_lane_a/selected_raw1[19]
                         LUT5 (Prop_lut5_I4_O)        0.307     6.207 r  preprocessing_lane_a/acc[19]_i_10/O
                         net (fo=1, unplaced)         0.000     6.207    preprocessing_lane_a/acc[19]_i_10_n_0
                         CARRY4 (Prop_carry4_S[3]_CO[3])
                                                      0.376     6.583 r  preprocessing_lane_a/acc_reg[19]_i_4/CO[3]
                         net (fo=1, unplaced)         0.000     6.583    preprocessing_lane_a/acc_reg[19]_i_4_n_0
                         CARRY4 (Prop_carry4_CI_O[1])
                                                      0.337     6.920 r  preprocessing_lane_a/acc_reg[23]_i_4/O[1]
                         net (fo=8, unplaced)         0.649     7.569    preprocessing_lane_a/acc_reg[23]_i_4_n_6
                         LUT4 (Prop_lut4_I1_O)        0.306     7.875 r  preprocessing_lane_a/acc[24]_i_10/O
                         net (fo=1, unplaced)         0.000     7.875    preprocessing_lane_a/acc[24]_i_10_n_0
                         CARRY4 (Prop_carry4_S[1]_CO[3])
                                                      0.533     8.408 r  preprocessing_lane_a/acc_reg[24]_i_3/CO[3]
                         net (fo=1, unplaced)         0.000     8.408    preprocessing_lane_a/acc_reg[24]_i_3_n_0
                         CARRY4 (Prop_carry4_CI_O[2])
                                                      0.256     8.664 r  preprocessing_lane_a/acc_reg[28]_i_3/O[2]
                         net (fo=1, unplaced)         0.905     9.569    preprocessing_lane_a/acc_reg[28]_i_3_n_5
                         LUT5 (Prop_lut5_I4_O)        0.301     9.870 r  preprocessing_lane_a/acc[27]_i_3/O
                         net (fo=1, unplaced)         0.449    10.319    preprocessing_lane_a/acc[27]_i_3_n_0
                         LUT3 (Prop_lut3_I2_O)        0.124    10.443 r  preprocessing_lane_a/acc[27]_i_1/O
                         net (fo=2, unplaced)         0.000    10.443    preprocessing_lane_a/next_acc[27]
                         FDRE                                         r  preprocessing_lane_a/result_reg[27]/D
  -------------------------------------------------------------------    -------------------

                         (clock clk rise edge)       10.000    10.000 r  
                                                      0.000    10.000 r  clk (IN)
                         net (fo=0)                   0.000    10.000    clk
                         IBUF (Prop_ibuf_I_O)         0.838    10.838 r  clk_IBUF_inst/O
                         net (fo=1, unplaced)         0.760    11.598    clk_IBUF
                         BUFG (Prop_bufg_I_O)         0.091    11.689 r  clk_IBUF_BUFG_inst/O
                         net (fo=1912, unplaced)      0.439    12.128    preprocessing_lane_a/clk_IBUF_BUFG
                         FDRE                                         r  preprocessing_lane_a/result_reg[27]/C
                         clock pessimism              0.184    12.311    
                         clock uncertainty           -0.035    12.276    
                         FDRE (Setup_fdre_C_D)        0.044    12.320    preprocessing_lane_a/result_reg[27]
  -------------------------------------------------------------------
                         required time                         12.320    
                         arrival time                         -10.443    
  -------------------------------------------------------------------
                         slack                                  1.877    

Slack (MET) :             1.877ns  (required time - arrival time)
  Source:                 preprocessing_lane_b/y_reg[0]/C
                            (rising edge-triggered cell FDRE clocked by clk  {rise@0.000ns fall@5.000ns period=10.000ns})
  Destination:            preprocessing_lane_b/acc_reg[27]/D
                            (rising edge-triggered cell FDRE clocked by clk  {rise@0.000ns fall@5.000ns period=10.000ns})
  Path Group:             clk
  Path Type:              Setup (Max at Slow Process Corner)
  Requirement:            10.000ns  (clk rise@10.000ns - clk rise@0.000ns)
  Data Path Delay:        7.987ns  (logic 4.528ns (56.692%)  route 3.459ns (43.308%))
  Logic Levels:           14  (CARRY4=9 LUT3=1 LUT4=2 LUT5=2)
  Clock Path Skew:        -0.145ns (DCD - SCD + CPR)
    Destination Clock Delay (DCD):    2.128ns = ( 12.128 - 10.000 ) 
    Source Clock Delay      (SCD):    2.456ns
    Clock Pessimism Removal (CPR):    0.184ns
  Clock Uncertainty:      0.035ns  ((TSJ^2 + TIJ^2)^1/2 + DJ) / 2 + PE
    Total System Jitter     (TSJ):    0.071ns
    Total Input Jitter      (TIJ):    0.000ns
    Discrete Jitter          (DJ):    0.000ns
    Phase Error              (PE):    0.000ns

    Location             Delay type                Incr(ns)  Path(ns)    Netlist Resource(s)
  -------------------------------------------------------------------    -------------------
                         (clock clk rise edge)        0.000     0.000 r  
                                                      0.000     0.000 r  clk (IN)
                         net (fo=0)                   0.000     0.000    clk
                         IBUF (Prop_ibuf_I_O)         0.972     0.972 r  clk_IBUF_inst/O
                         net (fo=1, unplaced)         0.800     1.771    clk_IBUF
                         BUFG (Prop_bufg_I_O)         0.101     1.872 r  clk_IBUF_BUFG_inst/O
                         net (fo=1912, unplaced)      0.584     2.456    preprocessing_lane_b/clk_IBUF_BUFG
                         FDRE                                         r  preprocessing_lane_b/y_reg[0]/C
  -------------------------------------------------------------------    -------------------
                         FDRE (Prop_fdre_C_Q)         0.478     2.934 r  preprocessing_lane_b/y_reg[0]/Q
                         net (fo=64, unplaced)        0.829     3.763    preprocessing_lane_b/y_reg_n_0_[0]
                         LUT4 (Prop_lut4_I1_O)        0.295     4.058 r  preprocessing_lane_b/acc[0]_i_21__0/O
                         net (fo=1, unplaced)         0.000     4.058    preprocessing_lane_b/acc[0]_i_21__0_n_0
                         CARRY4 (Prop_carry4_S[1]_CO[3])
                                                      0.533     4.591 r  preprocessing_lane_b/acc_reg[0]_i_18__0/CO[3]
                         net (fo=1, unplaced)         0.009     4.600    preprocessing_lane_b/acc_reg[0]_i_18__0_n_0
                         CARRY4 (Prop_carry4_CI_CO[3])
                                                      0.117     4.717 r  preprocessing_lane_b/acc_reg[7]_i_18__0/CO[3]
                         net (fo=1, unplaced)         0.000     4.717    preprocessing_lane_b/acc_reg[7]_i_18__0_n_0
                         CARRY4 (Prop_carry4_CI_CO[3])
                                                      0.117     4.834 r  preprocessing_lane_b/acc_reg[11]_i_18__0/CO[3]
                         net (fo=1, unplaced)         0.000     4.834    preprocessing_lane_b/acc_reg[11]_i_18__0_n_0
                         CARRY4 (Prop_carry4_CI_CO[3])
                                                      0.117     4.951 r  preprocessing_lane_b/acc_reg[15]_i_18__0/CO[3]
                         net (fo=1, unplaced)         0.000     4.951    preprocessing_lane_b/acc_reg[15]_i_18__0_n_0
                         CARRY4 (Prop_carry4_CI_O[3])
                                                      0.331     5.282 r  preprocessing_lane_b/acc_reg[19]_i_18__0/O[3]
                         net (fo=1, unplaced)         0.618     5.900    preprocessing_lane_b/selected_raw1[19]
                         LUT5 (Prop_lut5_I4_O)        0.307     6.207 r  preprocessing_lane_b/acc[19]_i_10__0/O
                         net (fo=1, unplaced)         0.000     6.207    preprocessing_lane_b/acc[19]_i_10__0_n_0
                         CARRY4 (Prop_carry4_S[3]_CO[3])
                                                      0.376     6.583 r  preprocessing_lane_b/acc_reg[19]_i_4__0/CO[3]
                         net (fo=1, unplaced)         0.000     6.583    preprocessing_lane_b/acc_reg[19]_i_4__0_n_0
                         CARRY4 (Prop_carry4_CI_O[1])
                                                      0.337     6.920 r  preprocessing_lane_b/acc_reg[23]_i_4__0/O[1]
                         net (fo=8, unplaced)         0.649     7.569    preprocessing_lane_b/acc_reg[23]_i_4__0_n_6
                         LUT4 (Prop_lut4_I1_O)        0.306     7.875 r  preprocessing_lane_b/acc[24]_i_10__0/O
                         net (fo=1, unplaced)         0.000     7.875    preprocessing_lane_b/acc[24]_i_10__0_n_0
                         CARRY4 (Prop_carry4_S[1]_CO[3])
                                                      0.533     8.408 r  preprocessing_lane_b/acc_reg[24]_i_3__0/CO[3]
                         net (fo=1, unplaced)         0.000     8.408    preprocessing_lane_b/acc_reg[24]_i_3__0_n_0
                         CARRY4 (Prop_carry4_CI_O[2])
                                                      0.256     8.664 r  preprocessing_lane_b/acc_reg[28]_i_3__0/O[2]
                         net (fo=1, unplaced)         0.905     9.569    preprocessing_lane_b/acc_reg[28]_i_3__0_n_5
                         LUT5 (Prop_lut5_I4_O)        0.301     9.870 r  preprocessing_lane_b/acc[27]_i_3__0/O
                         net (fo=1, unplaced)         0.449    10.319    preprocessing_lane_b/acc[27]_i_3__0_n_0
                         LUT3 (Prop_lut3_I2_O)        0.124    10.443 r  preprocessing_lane_b/acc[27]_i_1__0/O
                         net (fo=2, unplaced)         0.000    10.443    preprocessing_lane_b/next_acc[27]
                         FDRE                                         r  preprocessing_lane_b/acc_reg[27]/D
  -------------------------------------------------------------------    -------------------

                         (clock clk rise edge)       10.000    10.000 r  
                                                      0.000    10.000 r  clk (IN)
                         net (fo=0)                   0.000    10.000    clk
                         IBUF (Prop_ibuf_I_O)         0.838    10.838 r  clk_IBUF_inst/O
                         net (fo=1, unplaced)         0.760    11.598    clk_IBUF
                         BUFG (Prop_bufg_I_O)         0.091    11.689 r  clk_IBUF_BUFG_inst/O
                         net (fo=1912, unplaced)      0.439    12.128    preprocessing_lane_b/clk_IBUF_BUFG
                         FDRE                                         r  preprocessing_lane_b/acc_reg[27]/C
                         clock pessimism              0.184    12.311    
                         clock uncertainty           -0.035    12.276    
                         FDRE (Setup_fdre_C_D)        0.044    12.320    preprocessing_lane_b/acc_reg[27]
  -------------------------------------------------------------------
                         required time                         12.320    
                         arrival time                         -10.443    
  -------------------------------------------------------------------
                         slack                                  1.877    

Slack (MET) :             1.877ns  (required time - arrival time)
  Source:                 preprocessing_lane_b/y_reg[0]/C
                            (rising edge-triggered cell FDRE clocked by clk  {rise@0.000ns fall@5.000ns period=10.000ns})
  Destination:            preprocessing_lane_b/result_reg[27]/D
                            (rising edge-triggered cell FDRE clocked by clk  {rise@0.000ns fall@5.000ns period=10.000ns})
  Path Group:             clk
  Path Type:              Setup (Max at Slow Process Corner)
  Requirement:            10.000ns  (clk rise@10.000ns - clk rise@0.000ns)
  Data Path Delay:        7.987ns  (logic 4.528ns (56.692%)  route 3.459ns (43.308%))
  Logic Levels:           14  (CARRY4=9 LUT3=1 LUT4=2 LUT5=2)
  Clock Path Skew:        -0.145ns (DCD - SCD + CPR)
    Destination Clock Delay (DCD):    2.128ns = ( 12.128 - 10.000 ) 
    Source Clock Delay      (SCD):    2.456ns
    Clock Pessimism Removal (CPR):    0.184ns
  Clock Uncertainty:      0.035ns  ((TSJ^2 + TIJ^2)^1/2 + DJ) / 2 + PE
    Total System Jitter     (TSJ):    0.071ns
    Total Input Jitter      (TIJ):    0.000ns
    Discrete Jitter          (DJ):    0.000ns
    Phase Error              (PE):    0.000ns

    Location             Delay type                Incr(ns)  Path(ns)    Netlist Resource(s)
  -------------------------------------------------------------------    -------------------
                         (clock clk rise edge)        0.000     0.000 r  
                                                      0.000     0.000 r  clk (IN)
                         net (fo=0)                   0.000     0.000    clk
                         IBUF (Prop_ibuf_I_O)         0.972     0.972 r  clk_IBUF_inst/O
                         net (fo=1, unplaced)         0.800     1.771    clk_IBUF
                         BUFG (Prop_bufg_I_O)         0.101     1.872 r  clk_IBUF_BUFG_inst/O
                         net (fo=1912, unplaced)      0.584     2.456    preprocessing_lane_b/clk_IBUF_BUFG
                         FDRE                                         r  preprocessing_lane_b/y_reg[0]/C
  -------------------------------------------------------------------    -------------------
                         FDRE (Prop_fdre_C_Q)         0.478     2.934 r  preprocessing_lane_b/y_reg[0]/Q
                         net (fo=64, unplaced)        0.829     3.763    preprocessing_lane_b/y_reg_n_0_[0]
                         LUT4 (Prop_lut4_I1_O)        0.295     4.058 r  preprocessing_lane_b/acc[0]_i_21__0/O
                         net (fo=1, unplaced)         0.000     4.058    preprocessing_lane_b/acc[0]_i_21__0_n_0
                         CARRY4 (Prop_carry4_S[1]_CO[3])
                                                      0.533     4.591 r  preprocessing_lane_b/acc_reg[0]_i_18__0/CO[3]
                         net (fo=1, unplaced)         0.009     4.600    preprocessing_lane_b/acc_reg[0]_i_18__0_n_0
                         CARRY4 (Prop_carry4_CI_CO[3])
                                                      0.117     4.717 r  preprocessing_lane_b/acc_reg[7]_i_18__0/CO[3]
                         net (fo=1, unplaced)         0.000     4.717    preprocessing_lane_b/acc_reg[7]_i_18__0_n_0
                         CARRY4 (Prop_carry4_CI_CO[3])
                                                      0.117     4.834 r  preprocessing_lane_b/acc_reg[11]_i_18__0/CO[3]
                         net (fo=1, unplaced)         0.000     4.834    preprocessing_lane_b/acc_reg[11]_i_18__0_n_0
                         CARRY4 (Prop_carry4_CI_CO[3])
                                                      0.117     4.951 r  preprocessing_lane_b/acc_reg[15]_i_18__0/CO[3]
                         net (fo=1, unplaced)         0.000     4.951    preprocessing_lane_b/acc_reg[15]_i_18__0_n_0
                         CARRY4 (Prop_carry4_CI_O[3])
                                                      0.331     5.282 r  preprocessing_lane_b/acc_reg[19]_i_18__0/O[3]
                         net (fo=1, unplaced)         0.618     5.900    preprocessing_lane_b/selected_raw1[19]
                         LUT5 (Prop_lut5_I4_O)        0.307     6.207 r  preprocessing_lane_b/acc[19]_i_10__0/O
                         net (fo=1, unplaced)         0.000     6.207    preprocessing_lane_b/acc[19]_i_10__0_n_0
                         CARRY4 (Prop_carry4_S[3]_CO[3])
                                                      0.376     6.583 r  preprocessing_lane_b/acc_reg[19]_i_4__0/CO[3]
                         net (fo=1, unplaced)         0.000     6.583    preprocessing_lane_b/acc_reg[19]_i_4__0_n_0
                         CARRY4 (Prop_carry4_CI_O[1])
                                                      0.337     6.920 r  preprocessing_lane_b/acc_reg[23]_i_4__0/O[1]
                         net (fo=8, unplaced)         0.649     7.569    preprocessing_lane_b/acc_reg[23]_i_4__0_n_6
                         LUT4 (Prop_lut4_I1_O)        0.306     7.875 r  preprocessing_lane_b/acc[24]_i_10__0/O
                         net (fo=1, unplaced)         0.000     7.875    preprocessing_lane_b/acc[24]_i_10__0_n_0
                         CARRY4 (Prop_carry4_S[1]_CO[3])
                                                      0.533     8.408 r  preprocessing_lane_b/acc_reg[24]_i_3__0/CO[3]
                         net (fo=1, unplaced)         0.000     8.408    preprocessing_lane_b/acc_reg[24]_i_3__0_n_0
                         CARRY4 (Prop_carry4_CI_O[2])
                                                      0.256     8.664 r  preprocessing_lane_b/acc_reg[28]_i_3__0/O[2]
                         net (fo=1, unplaced)         0.905     9.569    preprocessing_lane_b/acc_reg[28]_i_3__0_n_5
                         LUT5 (Prop_lut5_I4_O)        0.301     9.870 r  preprocessing_lane_b/acc[27]_i_3__0/O
                         net (fo=1, unplaced)         0.449    10.319    preprocessing_lane_b/acc[27]_i_3__0_n_0
                         LUT3 (Prop_lut3_I2_O)        0.124    10.443 r  preprocessing_lane_b/acc[27]_i_1__0/O
                         net (fo=2, unplaced)         0.000    10.443    preprocessing_lane_b/next_acc[27]
                         FDRE                                         r  preprocessing_lane_b/result_reg[27]/D
  -------------------------------------------------------------------    -------------------

                         (clock clk rise edge)       10.000    10.000 r  
                                                      0.000    10.000 r  clk (IN)
                         net (fo=0)                   0.000    10.000    clk
                         IBUF (Prop_ibuf_I_O)         0.838    10.838 r  clk_IBUF_inst/O
                         net (fo=1, unplaced)         0.760    11.598    clk_IBUF
                         BUFG (Prop_bufg_I_O)         0.091    11.689 r  clk_IBUF_BUFG_inst/O
                         net (fo=1912, unplaced)      0.439    12.128    preprocessing_lane_b/clk_IBUF_BUFG
                         FDRE                                         r  preprocessing_lane_b/result_reg[27]/C
                         clock pessimism              0.184    12.311    
                         clock uncertainty           -0.035    12.276    
                         FDRE (Setup_fdre_C_D)        0.044    12.320    preprocessing_lane_b/result_reg[27]
  -------------------------------------------------------------------
                         required time                         12.320    
                         arrival time                         -10.443    
  -------------------------------------------------------------------
                         slack                                  1.877    

Slack (MET) :             1.877ns  (required time - arrival time)
  Source:                 scalar_multiplier/y_reg[0]/C
                            (rising edge-triggered cell FDRE clocked by clk  {rise@0.000ns fall@5.000ns period=10.000ns})
  Destination:            scalar_multiplier/acc_reg[27]/D
                            (rising edge-triggered cell FDRE clocked by clk  {rise@0.000ns fall@5.000ns period=10.000ns})
  Path Group:             clk
  Path Type:              Setup (Max at Slow Process Corner)
  Requirement:            10.000ns  (clk rise@10.000ns - clk rise@0.000ns)
  Data Path Delay:        7.987ns  (logic 4.528ns (56.692%)  route 3.459ns (43.308%))
  Logic Levels:           14  (CARRY4=9 LUT3=1 LUT4=2 LUT5=2)
  Clock Path Skew:        -0.145ns (DCD - SCD + CPR)
    Destination Clock Delay (DCD):    2.128ns = ( 12.128 - 10.000 ) 
    Source Clock Delay      (SCD):    2.456ns
    Clock Pessimism Removal (CPR):    0.184ns
  Clock Uncertainty:      0.035ns  ((TSJ^2 + TIJ^2)^1/2 + DJ) / 2 + PE
    Total System Jitter     (TSJ):    0.071ns
    Total Input Jitter      (TIJ):    0.000ns
    Discrete Jitter          (DJ):    0.000ns
    Phase Error              (PE):    0.000ns

    Location             Delay type                Incr(ns)  Path(ns)    Netlist Resource(s)
  -------------------------------------------------------------------    -------------------
                         (clock clk rise edge)        0.000     0.000 r  
                                                      0.000     0.000 r  clk (IN)
                         net (fo=0)                   0.000     0.000    clk
                         IBUF (Prop_ibuf_I_O)         0.972     0.972 r  clk_IBUF_inst/O
                         net (fo=1, unplaced)         0.800     1.771    clk_IBUF
                         BUFG (Prop_bufg_I_O)         0.101     1.872 r  clk_IBUF_BUFG_inst/O
                         net (fo=1912, unplaced)      0.584     2.456    scalar_multiplier/clk_IBUF_BUFG
                         FDRE                                         r  scalar_multiplier/y_reg[0]/C
  -------------------------------------------------------------------    -------------------
                         FDRE (Prop_fdre_C_Q)         0.478     2.934 r  scalar_multiplier/y_reg[0]/Q
                         net (fo=64, unplaced)        0.829     3.763    scalar_multiplier/y_reg_n_0_[0]
                         LUT4 (Prop_lut4_I1_O)        0.295     4.058 r  scalar_multiplier/acc[0]_i_21__1/O
                         net (fo=1, unplaced)         0.000     4.058    scalar_multiplier/acc[0]_i_21__1_n_0
                         CARRY4 (Prop_carry4_S[1]_CO[3])
                                                      0.533     4.591 r  scalar_multiplier/acc_reg[0]_i_18__1/CO[3]
                         net (fo=1, unplaced)         0.009     4.600    scalar_multiplier/acc_reg[0]_i_18__1_n_0
                         CARRY4 (Prop_carry4_CI_CO[3])
                                                      0.117     4.717 r  scalar_multiplier/acc_reg[7]_i_18__1/CO[3]
                         net (fo=1, unplaced)         0.000     4.717    scalar_multiplier/acc_reg[7]_i_18__1_n_0
                         CARRY4 (Prop_carry4_CI_CO[3])
                                                      0.117     4.834 r  scalar_multiplier/acc_reg[11]_i_18__1/CO[3]
                         net (fo=1, unplaced)         0.000     4.834    scalar_multiplier/acc_reg[11]_i_18__1_n_0
                         CARRY4 (Prop_carry4_CI_CO[3])
                                                      0.117     4.951 r  scalar_multiplier/acc_reg[15]_i_18__1/CO[3]
                         net (fo=1, unplaced)         0.000     4.951    scalar_multiplier/acc_reg[15]_i_18__1_n_0
                         CARRY4 (Prop_carry4_CI_O[3])
                                                      0.331     5.282 r  scalar_multiplier/acc_reg[19]_i_18__1/O[3]
                         net (fo=1, unplaced)         0.618     5.900    scalar_multiplier/selected_raw1[19]
                         LUT5 (Prop_lut5_I4_O)        0.307     6.207 r  scalar_multiplier/acc[19]_i_10__1/O
                         net (fo=1, unplaced)         0.000     6.207    scalar_multiplier/acc[19]_i_10__1_n_0
                         CARRY4 (Prop_carry4_S[3]_CO[3])
                                                      0.376     6.583 r  scalar_multiplier/acc_reg[19]_i_4__1/CO[3]
                         net (fo=1, unplaced)         0.000     6.583    scalar_multiplier/acc_reg[19]_i_4__1_n_0
                         CARRY4 (Prop_carry4_CI_O[1])
                                                      0.337     6.920 r  scalar_multiplier/acc_reg[23]_i_4__1/O[1]
                         net (fo=8, unplaced)         0.649     7.569    scalar_multiplier/acc_reg[23]_i_4__1_n_6
                         LUT4 (Prop_lut4_I1_O)        0.306     7.875 r  scalar_multiplier/acc[24]_i_10__1/O
                         net (fo=1, unplaced)         0.000     7.875    scalar_multiplier/acc[24]_i_10__1_n_0
                         CARRY4 (Prop_carry4_S[1]_CO[3])
                                                      0.533     8.408 r  scalar_multiplier/acc_reg[24]_i_3__1/CO[3]
                         net (fo=1, unplaced)         0.000     8.408    scalar_multiplier/acc_reg[24]_i_3__1_n_0
                         CARRY4 (Prop_carry4_CI_O[2])
                                                      0.256     8.664 r  scalar_multiplier/acc_reg[28]_i_3__1/O[2]
                         net (fo=1, unplaced)         0.905     9.569    scalar_multiplier/acc_reg[28]_i_3__1_n_5
                         LUT5 (Prop_lut5_I4_O)        0.301     9.870 r  scalar_multiplier/acc[27]_i_3__3/O
                         net (fo=1, unplaced)         0.449    10.319    scalar_multiplier/acc[27]_i_3__3_n_0
                         LUT3 (Prop_lut3_I2_O)        0.124    10.443 r  scalar_multiplier/acc[27]_i_1__3/O
                         net (fo=2, unplaced)         0.000    10.443    scalar_multiplier/next_acc[27]
                         FDRE                                         r  scalar_multiplier/acc_reg[27]/D
  -------------------------------------------------------------------    -------------------

                         (clock clk rise edge)       10.000    10.000 r  
                                                      0.000    10.000 r  clk (IN)
                         net (fo=0)                   0.000    10.000    clk
                         IBUF (Prop_ibuf_I_O)         0.838    10.838 r  clk_IBUF_inst/O
                         net (fo=1, unplaced)         0.760    11.598    clk_IBUF
                         BUFG (Prop_bufg_I_O)         0.091    11.689 r  clk_IBUF_BUFG_inst/O
                         net (fo=1912, unplaced)      0.439    12.128    scalar_multiplier/clk_IBUF_BUFG
                         FDRE                                         r  scalar_multiplier/acc_reg[27]/C
                         clock pessimism              0.184    12.311    
                         clock uncertainty           -0.035    12.276    
                         FDRE (Setup_fdre_C_D)        0.044    12.320    scalar_multiplier/acc_reg[27]
  -------------------------------------------------------------------
                         required time                         12.320    
                         arrival time                         -10.443    
  -------------------------------------------------------------------
                         slack                                  1.877    

Slack (MET) :             1.877ns  (required time - arrival time)
  Source:                 scalar_multiplier/y_reg[0]/C
                            (rising edge-triggered cell FDRE clocked by clk  {rise@0.000ns fall@5.000ns period=10.000ns})
  Destination:            scalar_multiplier/result_reg[27]/D
                            (rising edge-triggered cell FDRE clocked by clk  {rise@0.000ns fall@5.000ns period=10.000ns})
  Path Group:             clk
  Path Type:              Setup (Max at Slow Process Corner)
  Requirement:            10.000ns  (clk rise@10.000ns - clk rise@0.000ns)
  Data Path Delay:        7.987ns  (logic 4.528ns (56.692%)  route 3.459ns (43.308%))
  Logic Levels:           14  (CARRY4=9 LUT3=1 LUT4=2 LUT5=2)
  Clock Path Skew:        -0.145ns (DCD - SCD + CPR)
    Destination Clock Delay (DCD):    2.128ns = ( 12.128 - 10.000 ) 
    Source Clock Delay      (SCD):    2.456ns
    Clock Pessimism Removal (CPR):    0.184ns
  Clock Uncertainty:      0.035ns  ((TSJ^2 + TIJ^2)^1/2 + DJ) / 2 + PE
    Total System Jitter     (TSJ):    0.071ns
    Total Input Jitter      (TIJ):    0.000ns
    Discrete Jitter          (DJ):    0.000ns
    Phase Error              (PE):    0.000ns

    Location             Delay type                Incr(ns)  Path(ns)    Netlist Resource(s)
  -------------------------------------------------------------------    -------------------
                         (clock clk rise edge)        0.000     0.000 r  
                                                      0.000     0.000 r  clk (IN)
                         net (fo=0)                   0.000     0.000    clk
                         IBUF (Prop_ibuf_I_O)         0.972     0.972 r  clk_IBUF_inst/O
                         net (fo=1, unplaced)         0.800     1.771    clk_IBUF
                         BUFG (Prop_bufg_I_O)         0.101     1.872 r  clk_IBUF_BUFG_inst/O
                         net (fo=1912, unplaced)      0.584     2.456    scalar_multiplier/clk_IBUF_BUFG
                         FDRE                                         r  scalar_multiplier/y_reg[0]/C
  -------------------------------------------------------------------    -------------------
                         FDRE (Prop_fdre_C_Q)         0.478     2.934 r  scalar_multiplier/y_reg[0]/Q
                         net (fo=64, unplaced)        0.829     3.763    scalar_multiplier/y_reg_n_0_[0]
                         LUT4 (Prop_lut4_I1_O)        0.295     4.058 r  scalar_multiplier/acc[0]_i_21__1/O
                         net (fo=1, unplaced)         0.000     4.058    scalar_multiplier/acc[0]_i_21__1_n_0
                         CARRY4 (Prop_carry4_S[1]_CO[3])
                                                      0.533     4.591 r  scalar_multiplier/acc_reg[0]_i_18__1/CO[3]
                         net (fo=1, unplaced)         0.009     4.600    scalar_multiplier/acc_reg[0]_i_18__1_n_0
                         CARRY4 (Prop_carry4_CI_CO[3])
                                                      0.117     4.717 r  scalar_multiplier/acc_reg[7]_i_18__1/CO[3]
                         net (fo=1, unplaced)         0.000     4.717    scalar_multiplier/acc_reg[7]_i_18__1_n_0
                         CARRY4 (Prop_carry4_CI_CO[3])
                                                      0.117     4.834 r  scalar_multiplier/acc_reg[11]_i_18__1/CO[3]
                         net (fo=1, unplaced)         0.000     4.834    scalar_multiplier/acc_reg[11]_i_18__1_n_0
                         CARRY4 (Prop_carry4_CI_CO[3])
                                                      0.117     4.951 r  scalar_multiplier/acc_reg[15]_i_18__1/CO[3]
                         net (fo=1, unplaced)         0.000     4.951    scalar_multiplier/acc_reg[15]_i_18__1_n_0
                         CARRY4 (Prop_carry4_CI_O[3])
                                                      0.331     5.282 r  scalar_multiplier/acc_reg[19]_i_18__1/O[3]
                         net (fo=1, unplaced)         0.618     5.900    scalar_multiplier/selected_raw1[19]
                         LUT5 (Prop_lut5_I4_O)        0.307     6.207 r  scalar_multiplier/acc[19]_i_10__1/O
                         net (fo=1, unplaced)         0.000     6.207    scalar_multiplier/acc[19]_i_10__1_n_0
                         CARRY4 (Prop_carry4_S[3]_CO[3])
                                                      0.376     6.583 r  scalar_multiplier/acc_reg[19]_i_4__1/CO[3]
                         net (fo=1, unplaced)         0.000     6.583    scalar_multiplier/acc_reg[19]_i_4__1_n_0
                         CARRY4 (Prop_carry4_CI_O[1])
                                                      0.337     6.920 r  scalar_multiplier/acc_reg[23]_i_4__1/O[1]
                         net (fo=8, unplaced)         0.649     7.569    scalar_multiplier/acc_reg[23]_i_4__1_n_6
                         LUT4 (Prop_lut4_I1_O)        0.306     7.875 r  scalar_multiplier/acc[24]_i_10__1/O
                         net (fo=1, unplaced)         0.000     7.875    scalar_multiplier/acc[24]_i_10__1_n_0
                         CARRY4 (Prop_carry4_S[1]_CO[3])
                                                      0.533     8.408 r  scalar_multiplier/acc_reg[24]_i_3__1/CO[3]
                         net (fo=1, unplaced)         0.000     8.408    scalar_multiplier/acc_reg[24]_i_3__1_n_0
                         CARRY4 (Prop_carry4_CI_O[2])
                                                      0.256     8.664 r  scalar_multiplier/acc_reg[28]_i_3__1/O[2]
                         net (fo=1, unplaced)         0.905     9.569    scalar_multiplier/acc_reg[28]_i_3__1_n_5
                         LUT5 (Prop_lut5_I4_O)        0.301     9.870 r  scalar_multiplier/acc[27]_i_3__3/O
                         net (fo=1, unplaced)         0.449    10.319    scalar_multiplier/acc[27]_i_3__3_n_0
                         LUT3 (Prop_lut3_I2_O)        0.124    10.443 r  scalar_multiplier/acc[27]_i_1__3/O
                         net (fo=2, unplaced)         0.000    10.443    scalar_multiplier/next_acc[27]
                         FDRE                                         r  scalar_multiplier/result_reg[27]/D
  -------------------------------------------------------------------    -------------------

                         (clock clk rise edge)       10.000    10.000 r  
                                                      0.000    10.000 r  clk (IN)
                         net (fo=0)                   0.000    10.000    clk
                         IBUF (Prop_ibuf_I_O)         0.838    10.838 r  clk_IBUF_inst/O
                         net (fo=1, unplaced)         0.760    11.598    clk_IBUF
                         BUFG (Prop_bufg_I_O)         0.091    11.689 r  clk_IBUF_BUFG_inst/O
                         net (fo=1912, unplaced)      0.439    12.128    scalar_multiplier/clk_IBUF_BUFG
                         FDRE                                         r  scalar_multiplier/result_reg[27]/C
                         clock pessimism              0.184    12.311    
                         clock uncertainty           -0.035    12.276    
                         FDRE (Setup_fdre_C_D)        0.044    12.320    scalar_multiplier/result_reg[27]
  -------------------------------------------------------------------
                         required time                         12.320    
                         arrival time                         -10.443    
  -------------------------------------------------------------------
                         slack                                  1.877    

Slack (MET) :             1.931ns  (required time - arrival time)
  Source:                 forward_butterfly_lane_a/multiplier/y_reg[0]/C
                            (rising edge-triggered cell FDRE clocked by clk  {rise@0.000ns fall@5.000ns period=10.000ns})
  Destination:            forward_butterfly_lane_a/multiplier/acc_reg[31]/D
                            (rising edge-triggered cell FDRE clocked by clk  {rise@0.000ns fall@5.000ns period=10.000ns})
  Path Group:             clk
  Path Type:              Setup (Max at Slow Process Corner)
  Requirement:            10.000ns  (clk rise@10.000ns - clk rise@0.000ns)
  Data Path Delay:        7.933ns  (logic 4.564ns (57.532%)  route 3.369ns (42.468%))
  Logic Levels:           15  (CARRY4=10 LUT2=1 LUT3=1 LUT4=1 LUT5=2)
  Clock Path Skew:        -0.145ns (DCD - SCD + CPR)
    Destination Clock Delay (DCD):    2.128ns = ( 12.128 - 10.000 ) 
    Source Clock Delay      (SCD):    2.456ns
    Clock Pessimism Removal (CPR):    0.184ns
  Clock Uncertainty:      0.035ns  ((TSJ^2 + TIJ^2)^1/2 + DJ) / 2 + PE
    Total System Jitter     (TSJ):    0.071ns
    Total Input Jitter      (TIJ):    0.000ns
    Discrete Jitter          (DJ):    0.000ns
    Phase Error              (PE):    0.000ns

    Location             Delay type                Incr(ns)  Path(ns)    Netlist Resource(s)
  -------------------------------------------------------------------    -------------------
                         (clock clk rise edge)        0.000     0.000 r  
                                                      0.000     0.000 r  clk (IN)
                         net (fo=0)                   0.000     0.000    clk
                         IBUF (Prop_ibuf_I_O)         0.972     0.972 r  clk_IBUF_inst/O
                         net (fo=1, unplaced)         0.800     1.771    clk_IBUF
                         BUFG (Prop_bufg_I_O)         0.101     1.872 r  clk_IBUF_BUFG_inst/O
                         net (fo=1912, unplaced)      0.584     2.456    forward_butterfly_lane_a/multiplier/clk_IBUF_BUFG
                         FDRE                                         r  forward_butterfly_lane_a/multiplier/y_reg[0]/C
  -------------------------------------------------------------------    -------------------
                         FDRE (Prop_fdre_C_Q)         0.478     2.934 r  forward_butterfly_lane_a/multiplier/y_reg[0]/Q
                         net (fo=64, unplaced)        0.829     3.763    forward_butterfly_lane_a/multiplier/y_reg_n_0_[0]
                         LUT4 (Prop_lut4_I1_O)        0.295     4.058 r  forward_butterfly_lane_a/multiplier/acc_minus_q1_carry_i_13/O
                         net (fo=1, unplaced)         0.000     4.058    forward_butterfly_lane_a/multiplier/acc_minus_q1_carry_i_13_n_0
                         CARRY4 (Prop_carry4_S[1]_CO[3])
                                                      0.533     4.591 r  forward_butterfly_lane_a/multiplier/acc_minus_q1_carry_i_10/CO[3]
                         net (fo=1, unplaced)         0.009     4.600    forward_butterfly_lane_a/multiplier/acc_minus_q1_carry_i_10_n_0
                         CARRY4 (Prop_carry4_CI_CO[3])
                                                      0.117     4.717 r  forward_butterfly_lane_a/multiplier/acc_minus_q1_carry__0_i_10/CO[3]
                         net (fo=1, unplaced)         0.000     4.717    forward_butterfly_lane_a/multiplier/acc_minus_q1_carry__0_i_10_n_0
                         CARRY4 (Prop_carry4_CI_CO[3])
                                                      0.117     4.834 r  forward_butterfly_lane_a/multiplier/acc_minus_q1_carry__1_i_10/CO[3]
                         net (fo=1, unplaced)         0.000     4.834    forward_butterfly_lane_a/multiplier/acc_minus_q1_carry__1_i_10_n_0
                         CARRY4 (Prop_carry4_CI_CO[3])
                                                      0.117     4.951 r  forward_butterfly_lane_a/multiplier/acc_minus_q1_carry__2_i_10/CO[3]
                         net (fo=1, unplaced)         0.000     4.951    forward_butterfly_lane_a/multiplier/acc_minus_q1_carry__2_i_10_n_0
                         CARRY4 (Prop_carry4_CI_CO[3])
                                                      0.117     5.068 r  forward_butterfly_lane_a/multiplier/acc_minus_q1_carry__3_i_10/CO[3]
                         net (fo=1, unplaced)         0.000     5.068    forward_butterfly_lane_a/multiplier/acc_minus_q1_carry__3_i_10_n_0
                         CARRY4 (Prop_carry4_CI_O[3])
                                                      0.331     5.399 r  forward_butterfly_lane_a/multiplier/acc_minus_q1_carry__4_i_10/O[3]
                         net (fo=1, unplaced)         0.618     6.017    forward_butterfly_lane_a/multiplier/selected_raw1[23]
                         LUT5 (Prop_lut5_I4_O)        0.307     6.324 r  forward_butterfly_lane_a/multiplier/acc_minus_q1_carry__4_i_6/O
                         net (fo=1, unplaced)         0.000     6.324    forward_butterfly_lane_a/multiplier/acc_minus_q1_carry__4_i_6_n_0
                         CARRY4 (Prop_carry4_S[3]_CO[3])
                                                      0.376     6.700 r  forward_butterfly_lane_a/multiplier/acc_minus_q1_carry__4_i_1/CO[3]
                         net (fo=1, unplaced)         0.000     6.700    forward_butterfly_lane_a/multiplier/acc_minus_q1_carry__4_i_1_n_0
                         CARRY4 (Prop_carry4_CI_O[3])
                                                      0.331     7.031 r  forward_butterfly_lane_a/multiplier/acc_minus_q1_carry__5_i_1/O[3]
                         net (fo=8, unplaced)         0.656     7.687    forward_butterfly_lane_a/multiplier/acc_minus_q1_carry__5_i_1_n_4
                         LUT2 (Prop_lut2_I0_O)        0.307     7.994 r  forward_butterfly_lane_a/multiplier/acc_minus_q1_carry__5_i_2/O
                         net (fo=1, unplaced)         0.000     7.994    forward_butterfly_lane_a/multiplier/acc_minus_q1_carry__5_i_2_n_0
                         CARRY4 (Prop_carry4_S[3]_CO[3])
                                                      0.376     8.370 r  forward_butterfly_lane_a/multiplier/acc_minus_q1_carry__5/CO[3]
                         net (fo=1, unplaced)         0.000     8.370    forward_butterfly_lane_a/multiplier/acc_minus_q1_carry__5_n_0
                         CARRY4 (Prop_carry4_CI_O[3])
                                                      0.331     8.701 r  forward_butterfly_lane_a/multiplier/acc_minus_q1_carry__6/O[3]
                         net (fo=1, unplaced)         0.808     9.509    forward_butterfly_lane_a/multiplier/acc_minus_q1_carry__6_n_4
                         LUT5 (Prop_lut5_I0_O)        0.307     9.816 r  forward_butterfly_lane_a/multiplier/acc[31]_i_4__1/O
                         net (fo=1, unplaced)         0.449    10.265    forward_butterfly_lane_a/multiplier/acc[31]_i_4__1_n_0
                         LUT3 (Prop_lut3_I2_O)        0.124    10.389 r  forward_butterfly_lane_a/multiplier/acc[31]_i_1__1/O
                         net (fo=2, unplaced)         0.000    10.389    forward_butterfly_lane_a/multiplier/next_acc[31]
                         FDRE                                         r  forward_butterfly_lane_a/multiplier/acc_reg[31]/D
  -------------------------------------------------------------------    -------------------

                         (clock clk rise edge)       10.000    10.000 r  
                                                      0.000    10.000 r  clk (IN)
                         net (fo=0)                   0.000    10.000    clk
                         IBUF (Prop_ibuf_I_O)         0.838    10.838 r  clk_IBUF_inst/O
                         net (fo=1, unplaced)         0.760    11.598    clk_IBUF
                         BUFG (Prop_bufg_I_O)         0.091    11.689 r  clk_IBUF_BUFG_inst/O
                         net (fo=1912, unplaced)      0.439    12.128    forward_butterfly_lane_a/multiplier/clk_IBUF_BUFG
                         FDRE                                         r  forward_butterfly_lane_a/multiplier/acc_reg[31]/C
                         clock pessimism              0.184    12.311    
                         clock uncertainty           -0.035    12.276    
                         FDRE (Setup_fdre_C_D)        0.044    12.320    forward_butterfly_lane_a/multiplier/acc_reg[31]
  -------------------------------------------------------------------
                         required time                         12.320    
                         arrival time                         -10.389    
  -------------------------------------------------------------------
                         slack                                  1.931    

Slack (MET) :             1.931ns  (required time - arrival time)
  Source:                 forward_butterfly_lane_a/multiplier/y_reg[0]/C
                            (rising edge-triggered cell FDRE clocked by clk  {rise@0.000ns fall@5.000ns period=10.000ns})
  Destination:            forward_butterfly_lane_a/multiplier/result_reg[31]/D
                            (rising edge-triggered cell FDRE clocked by clk  {rise@0.000ns fall@5.000ns period=10.000ns})
  Path Group:             clk
  Path Type:              Setup (Max at Slow Process Corner)
  Requirement:            10.000ns  (clk rise@10.000ns - clk rise@0.000ns)
  Data Path Delay:        7.933ns  (logic 4.564ns (57.532%)  route 3.369ns (42.468%))
  Logic Levels:           15  (CARRY4=10 LUT2=1 LUT3=1 LUT4=1 LUT5=2)
  Clock Path Skew:        -0.145ns (DCD - SCD + CPR)
    Destination Clock Delay (DCD):    2.128ns = ( 12.128 - 10.000 ) 
    Source Clock Delay      (SCD):    2.456ns
    Clock Pessimism Removal (CPR):    0.184ns
  Clock Uncertainty:      0.035ns  ((TSJ^2 + TIJ^2)^1/2 + DJ) / 2 + PE
    Total System Jitter     (TSJ):    0.071ns
    Total Input Jitter      (TIJ):    0.000ns
    Discrete Jitter          (DJ):    0.000ns
    Phase Error              (PE):    0.000ns

    Location             Delay type                Incr(ns)  Path(ns)    Netlist Resource(s)
  -------------------------------------------------------------------    -------------------
                         (clock clk rise edge)        0.000     0.000 r  
                                                      0.000     0.000 r  clk (IN)
                         net (fo=0)                   0.000     0.000    clk
                         IBUF (Prop_ibuf_I_O)         0.972     0.972 r  clk_IBUF_inst/O
                         net (fo=1, unplaced)         0.800     1.771    clk_IBUF
                         BUFG (Prop_bufg_I_O)         0.101     1.872 r  clk_IBUF_BUFG_inst/O
                         net (fo=1912, unplaced)      0.584     2.456    forward_butterfly_lane_a/multiplier/clk_IBUF_BUFG
                         FDRE                                         r  forward_butterfly_lane_a/multiplier/y_reg[0]/C
  -------------------------------------------------------------------    -------------------
                         FDRE (Prop_fdre_C_Q)         0.478     2.934 r  forward_butterfly_lane_a/multiplier/y_reg[0]/Q
                         net (fo=64, unplaced)        0.829     3.763    forward_butterfly_lane_a/multiplier/y_reg_n_0_[0]
                         LUT4 (Prop_lut4_I1_O)        0.295     4.058 r  forward_butterfly_lane_a/multiplier/acc_minus_q1_carry_i_13/O
                         net (fo=1, unplaced)         0.000     4.058    forward_butterfly_lane_a/multiplier/acc_minus_q1_carry_i_13_n_0
                         CARRY4 (Prop_carry4_S[1]_CO[3])
                                                      0.533     4.591 r  forward_butterfly_lane_a/multiplier/acc_minus_q1_carry_i_10/CO[3]
                         net (fo=1, unplaced)         0.009     4.600    forward_butterfly_lane_a/multiplier/acc_minus_q1_carry_i_10_n_0
                         CARRY4 (Prop_carry4_CI_CO[3])
                                                      0.117     4.717 r  forward_butterfly_lane_a/multiplier/acc_minus_q1_carry__0_i_10/CO[3]
                         net (fo=1, unplaced)         0.000     4.717    forward_butterfly_lane_a/multiplier/acc_minus_q1_carry__0_i_10_n_0
                         CARRY4 (Prop_carry4_CI_CO[3])
                                                      0.117     4.834 r  forward_butterfly_lane_a/multiplier/acc_minus_q1_carry__1_i_10/CO[3]
                         net (fo=1, unplaced)         0.000     4.834    forward_butterfly_lane_a/multiplier/acc_minus_q1_carry__1_i_10_n_0
                         CARRY4 (Prop_carry4_CI_CO[3])
                                                      0.117     4.951 r  forward_butterfly_lane_a/multiplier/acc_minus_q1_carry__2_i_10/CO[3]
                         net (fo=1, unplaced)         0.000     4.951    forward_butterfly_lane_a/multiplier/acc_minus_q1_carry__2_i_10_n_0
                         CARRY4 (Prop_carry4_CI_CO[3])
                                                      0.117     5.068 r  forward_butterfly_lane_a/multiplier/acc_minus_q1_carry__3_i_10/CO[3]
                         net (fo=1, unplaced)         0.000     5.068    forward_butterfly_lane_a/multiplier/acc_minus_q1_carry__3_i_10_n_0
                         CARRY4 (Prop_carry4_CI_O[3])
                                                      0.331     5.399 r  forward_butterfly_lane_a/multiplier/acc_minus_q1_carry__4_i_10/O[3]
                         net (fo=1, unplaced)         0.618     6.017    forward_butterfly_lane_a/multiplier/selected_raw1[23]
                         LUT5 (Prop_lut5_I4_O)        0.307     6.324 r  forward_butterfly_lane_a/multiplier/acc_minus_q1_carry__4_i_6/O
                         net (fo=1, unplaced)         0.000     6.324    forward_butterfly_lane_a/multiplier/acc_minus_q1_carry__4_i_6_n_0
                         CARRY4 (Prop_carry4_S[3]_CO[3])
                                                      0.376     6.700 r  forward_butterfly_lane_a/multiplier/acc_minus_q1_carry__4_i_1/CO[3]
                         net (fo=1, unplaced)         0.000     6.700    forward_butterfly_lane_a/multiplier/acc_minus_q1_carry__4_i_1_n_0
                         CARRY4 (Prop_carry4_CI_O[3])
                                                      0.331     7.031 r  forward_butterfly_lane_a/multiplier/acc_minus_q1_carry__5_i_1/O[3]
                         net (fo=8, unplaced)         0.656     7.687    forward_butterfly_lane_a/multiplier/acc_minus_q1_carry__5_i_1_n_4
                         LUT2 (Prop_lut2_I0_O)        0.307     7.994 r  forward_butterfly_lane_a/multiplier/acc_minus_q1_carry__5_i_2/O
                         net (fo=1, unplaced)         0.000     7.994    forward_butterfly_lane_a/multiplier/acc_minus_q1_carry__5_i_2_n_0
                         CARRY4 (Prop_carry4_S[3]_CO[3])
                                                      0.376     8.370 r  forward_butterfly_lane_a/multiplier/acc_minus_q1_carry__5/CO[3]
                         net (fo=1, unplaced)         0.000     8.370    forward_butterfly_lane_a/multiplier/acc_minus_q1_carry__5_n_0
                         CARRY4 (Prop_carry4_CI_O[3])
                                                      0.331     8.701 r  forward_butterfly_lane_a/multiplier/acc_minus_q1_carry__6/O[3]
                         net (fo=1, unplaced)         0.808     9.509    forward_butterfly_lane_a/multiplier/acc_minus_q1_carry__6_n_4
                         LUT5 (Prop_lut5_I0_O)        0.307     9.816 r  forward_butterfly_lane_a/multiplier/acc[31]_i_4__1/O
                         net (fo=1, unplaced)         0.449    10.265    forward_butterfly_lane_a/multiplier/acc[31]_i_4__1_n_0
                         LUT3 (Prop_lut3_I2_O)        0.124    10.389 r  forward_butterfly_lane_a/multiplier/acc[31]_i_1__1/O
                         net (fo=2, unplaced)         0.000    10.389    forward_butterfly_lane_a/multiplier/next_acc[31]
                         FDRE                                         r  forward_butterfly_lane_a/multiplier/result_reg[31]/D
  -------------------------------------------------------------------    -------------------

                         (clock clk rise edge)       10.000    10.000 r  
                                                      0.000    10.000 r  clk (IN)
                         net (fo=0)                   0.000    10.000    clk
                         IBUF (Prop_ibuf_I_O)         0.838    10.838 r  clk_IBUF_inst/O
                         net (fo=1, unplaced)         0.760    11.598    clk_IBUF
                         BUFG (Prop_bufg_I_O)         0.091    11.689 r  clk_IBUF_BUFG_inst/O
                         net (fo=1912, unplaced)      0.439    12.128    forward_butterfly_lane_a/multiplier/clk_IBUF_BUFG
                         FDRE                                         r  forward_butterfly_lane_a/multiplier/result_reg[31]/C
                         clock pessimism              0.184    12.311    
                         clock uncertainty           -0.035    12.276    
                         FDRE (Setup_fdre_C_D)        0.044    12.320    forward_butterfly_lane_a/multiplier/result_reg[31]
  -------------------------------------------------------------------
                         required time                         12.320    
                         arrival time                         -10.389    
  -------------------------------------------------------------------
                         slack                                  1.931    

Slack (MET) :             1.931ns  (required time - arrival time)
  Source:                 forward_butterfly_lane_b/multiplier/y_reg[0]/C
                            (rising edge-triggered cell FDRE clocked by clk  {rise@0.000ns fall@5.000ns period=10.000ns})
  Destination:            forward_butterfly_lane_b/multiplier/acc_reg[31]/D
                            (rising edge-triggered cell FDRE clocked by clk  {rise@0.000ns fall@5.000ns period=10.000ns})
  Path Group:             clk
  Path Type:              Setup (Max at Slow Process Corner)
  Requirement:            10.000ns  (clk rise@10.000ns - clk rise@0.000ns)
  Data Path Delay:        7.933ns  (logic 4.564ns (57.532%)  route 3.369ns (42.468%))
  Logic Levels:           15  (CARRY4=10 LUT2=1 LUT3=1 LUT4=1 LUT5=2)
  Clock Path Skew:        -0.145ns (DCD - SCD + CPR)
    Destination Clock Delay (DCD):    2.128ns = ( 12.128 - 10.000 ) 
    Source Clock Delay      (SCD):    2.456ns
    Clock Pessimism Removal (CPR):    0.184ns
  Clock Uncertainty:      0.035ns  ((TSJ^2 + TIJ^2)^1/2 + DJ) / 2 + PE
    Total System Jitter     (TSJ):    0.071ns
    Total Input Jitter      (TIJ):    0.000ns
    Discrete Jitter          (DJ):    0.000ns
    Phase Error              (PE):    0.000ns

    Location             Delay type                Incr(ns)  Path(ns)    Netlist Resource(s)
  -------------------------------------------------------------------    -------------------
                         (clock clk rise edge)        0.000     0.000 r  
                                                      0.000     0.000 r  clk (IN)
                         net (fo=0)                   0.000     0.000    clk
                         IBUF (Prop_ibuf_I_O)         0.972     0.972 r  clk_IBUF_inst/O
                         net (fo=1, unplaced)         0.800     1.771    clk_IBUF
                         BUFG (Prop_bufg_I_O)         0.101     1.872 r  clk_IBUF_BUFG_inst/O
                         net (fo=1912, unplaced)      0.584     2.456    forward_butterfly_lane_b/multiplier/clk_IBUF_BUFG
                         FDRE                                         r  forward_butterfly_lane_b/multiplier/y_reg[0]/C
  -------------------------------------------------------------------    -------------------
                         FDRE (Prop_fdre_C_Q)         0.478     2.934 r  forward_butterfly_lane_b/multiplier/y_reg[0]/Q
                         net (fo=64, unplaced)        0.829     3.763    forward_butterfly_lane_b/multiplier/y_reg_n_0_[0]
                         LUT4 (Prop_lut4_I1_O)        0.295     4.058 r  forward_butterfly_lane_b/multiplier/acc_minus_q1_carry_i_13__0/O
                         net (fo=1, unplaced)         0.000     4.058    forward_butterfly_lane_b/multiplier/acc_minus_q1_carry_i_13__0_n_0
                         CARRY4 (Prop_carry4_S[1]_CO[3])
                                                      0.533     4.591 r  forward_butterfly_lane_b/multiplier/acc_minus_q1_carry_i_10__0/CO[3]
                         net (fo=1, unplaced)         0.009     4.600    forward_butterfly_lane_b/multiplier/acc_minus_q1_carry_i_10__0_n_0
                         CARRY4 (Prop_carry4_CI_CO[3])
                                                      0.117     4.717 r  forward_butterfly_lane_b/multiplier/acc_minus_q1_carry__0_i_10__0/CO[3]
                         net (fo=1, unplaced)         0.000     4.717    forward_butterfly_lane_b/multiplier/acc_minus_q1_carry__0_i_10__0_n_0
                         CARRY4 (Prop_carry4_CI_CO[3])
                                                      0.117     4.834 r  forward_butterfly_lane_b/multiplier/acc_minus_q1_carry__1_i_10__0/CO[3]
                         net (fo=1, unplaced)         0.000     4.834    forward_butterfly_lane_b/multiplier/acc_minus_q1_carry__1_i_10__0_n_0
                         CARRY4 (Prop_carry4_CI_CO[3])
                                                      0.117     4.951 r  forward_butterfly_lane_b/multiplier/acc_minus_q1_carry__2_i_10__0/CO[3]
                         net (fo=1, unplaced)         0.000     4.951    forward_butterfly_lane_b/multiplier/acc_minus_q1_carry__2_i_10__0_n_0
                         CARRY4 (Prop_carry4_CI_CO[3])
                                                      0.117     5.068 r  forward_butterfly_lane_b/multiplier/acc_minus_q1_carry__3_i_10__0/CO[3]
                         net (fo=1, unplaced)         0.000     5.068    forward_butterfly_lane_b/multiplier/acc_minus_q1_carry__3_i_10__0_n_0
                         CARRY4 (Prop_carry4_CI_O[3])
                                                      0.331     5.399 r  forward_butterfly_lane_b/multiplier/acc_minus_q1_carry__4_i_10__0/O[3]
                         net (fo=1, unplaced)         0.618     6.017    forward_butterfly_lane_b/multiplier/selected_raw1[23]
                         LUT5 (Prop_lut5_I4_O)        0.307     6.324 r  forward_butterfly_lane_b/multiplier/acc_minus_q1_carry__4_i_6__0/O
                         net (fo=1, unplaced)         0.000     6.324    forward_butterfly_lane_b/multiplier/acc_minus_q1_carry__4_i_6__0_n_0
                         CARRY4 (Prop_carry4_S[3]_CO[3])
                                                      0.376     6.700 r  forward_butterfly_lane_b/multiplier/acc_minus_q1_carry__4_i_1__0/CO[3]
                         net (fo=1, unplaced)         0.000     6.700    forward_butterfly_lane_b/multiplier/acc_minus_q1_carry__4_i_1__0_n_0
                         CARRY4 (Prop_carry4_CI_O[3])
                                                      0.331     7.031 r  forward_butterfly_lane_b/multiplier/acc_minus_q1_carry__5_i_1__0/O[3]
                         net (fo=8, unplaced)         0.656     7.687    forward_butterfly_lane_b/multiplier/acc_minus_q1_carry__5_i_1__0_n_4
                         LUT2 (Prop_lut2_I0_O)        0.307     7.994 r  forward_butterfly_lane_b/multiplier/acc_minus_q1_carry__5_i_2__0/O
                         net (fo=1, unplaced)         0.000     7.994    forward_butterfly_lane_b/multiplier/acc_minus_q1_carry__5_i_2__0_n_0
                         CARRY4 (Prop_carry4_S[3]_CO[3])
                                                      0.376     8.370 r  forward_butterfly_lane_b/multiplier/acc_minus_q1_carry__5/CO[3]
                         net (fo=1, unplaced)         0.000     8.370    forward_butterfly_lane_b/multiplier/acc_minus_q1_carry__5_n_0
                         CARRY4 (Prop_carry4_CI_O[3])
                                                      0.331     8.701 r  forward_butterfly_lane_b/multiplier/acc_minus_q1_carry__6/O[3]
                         net (fo=1, unplaced)         0.808     9.509    forward_butterfly_lane_b/multiplier/acc_minus_q1_carry__6_n_4
                         LUT5 (Prop_lut5_I0_O)        0.307     9.816 r  forward_butterfly_lane_b/multiplier/acc[31]_i_4__2/O
                         net (fo=1, unplaced)         0.449    10.265    forward_butterfly_lane_b/multiplier/acc[31]_i_4__2_n_0
                         LUT3 (Prop_lut3_I2_O)        0.124    10.389 r  forward_butterfly_lane_b/multiplier/acc[31]_i_1__2/O
                         net (fo=2, unplaced)         0.000    10.389    forward_butterfly_lane_b/multiplier/next_acc[31]
                         FDRE                                         r  forward_butterfly_lane_b/multiplier/acc_reg[31]/D
  -------------------------------------------------------------------    -------------------

                         (clock clk rise edge)       10.000    10.000 r  
                                                      0.000    10.000 r  clk (IN)
                         net (fo=0)                   0.000    10.000    clk
                         IBUF (Prop_ibuf_I_O)         0.838    10.838 r  clk_IBUF_inst/O
                         net (fo=1, unplaced)         0.760    11.598    clk_IBUF
                         BUFG (Prop_bufg_I_O)         0.091    11.689 r  clk_IBUF_BUFG_inst/O
                         net (fo=1912, unplaced)      0.439    12.128    forward_butterfly_lane_b/multiplier/clk_IBUF_BUFG
                         FDRE                                         r  forward_butterfly_lane_b/multiplier/acc_reg[31]/C
                         clock pessimism              0.184    12.311    
                         clock uncertainty           -0.035    12.276    
                         FDRE (Setup_fdre_C_D)        0.044    12.320    forward_butterfly_lane_b/multiplier/acc_reg[31]
  -------------------------------------------------------------------
                         required time                         12.320    
                         arrival time                         -10.389    
  -------------------------------------------------------------------
                         slack                                  1.931    

Slack (MET) :             1.931ns  (required time - arrival time)
  Source:                 forward_butterfly_lane_b/multiplier/y_reg[0]/C
                            (rising edge-triggered cell FDRE clocked by clk  {rise@0.000ns fall@5.000ns period=10.000ns})
  Destination:            forward_butterfly_lane_b/multiplier/result_reg[31]/D
                            (rising edge-triggered cell FDRE clocked by clk  {rise@0.000ns fall@5.000ns period=10.000ns})
  Path Group:             clk
  Path Type:              Setup (Max at Slow Process Corner)
  Requirement:            10.000ns  (clk rise@10.000ns - clk rise@0.000ns)
  Data Path Delay:        7.933ns  (logic 4.564ns (57.532%)  route 3.369ns (42.468%))
  Logic Levels:           15  (CARRY4=10 LUT2=1 LUT3=1 LUT4=1 LUT5=2)
  Clock Path Skew:        -0.145ns (DCD - SCD + CPR)
    Destination Clock Delay (DCD):    2.128ns = ( 12.128 - 10.000 ) 
    Source Clock Delay      (SCD):    2.456ns
    Clock Pessimism Removal (CPR):    0.184ns
  Clock Uncertainty:      0.035ns  ((TSJ^2 + TIJ^2)^1/2 + DJ) / 2 + PE
    Total System Jitter     (TSJ):    0.071ns
    Total Input Jitter      (TIJ):    0.000ns
    Discrete Jitter          (DJ):    0.000ns
    Phase Error              (PE):    0.000ns

    Location             Delay type                Incr(ns)  Path(ns)    Netlist Resource(s)
  -------------------------------------------------------------------    -------------------
                         (clock clk rise edge)        0.000     0.000 r  
                                                      0.000     0.000 r  clk (IN)
                         net (fo=0)                   0.000     0.000    clk
                         IBUF (Prop_ibuf_I_O)         0.972     0.972 r  clk_IBUF_inst/O
                         net (fo=1, unplaced)         0.800     1.771    clk_IBUF
                         BUFG (Prop_bufg_I_O)         0.101     1.872 r  clk_IBUF_BUFG_inst/O
                         net (fo=1912, unplaced)      0.584     2.456    forward_butterfly_lane_b/multiplier/clk_IBUF_BUFG
                         FDRE                                         r  forward_butterfly_lane_b/multiplier/y_reg[0]/C
  -------------------------------------------------------------------    -------------------
                         FDRE (Prop_fdre_C_Q)         0.478     2.934 r  forward_butterfly_lane_b/multiplier/y_reg[0]/Q
                         net (fo=64, unplaced)        0.829     3.763    forward_butterfly_lane_b/multiplier/y_reg_n_0_[0]
                         LUT4 (Prop_lut4_I1_O)        0.295     4.058 r  forward_butterfly_lane_b/multiplier/acc_minus_q1_carry_i_13__0/O
                         net (fo=1, unplaced)         0.000     4.058    forward_butterfly_lane_b/multiplier/acc_minus_q1_carry_i_13__0_n_0
                         CARRY4 (Prop_carry4_S[1]_CO[3])
                                                      0.533     4.591 r  forward_butterfly_lane_b/multiplier/acc_minus_q1_carry_i_10__0/CO[3]
                         net (fo=1, unplaced)         0.009     4.600    forward_butterfly_lane_b/multiplier/acc_minus_q1_carry_i_10__0_n_0
                         CARRY4 (Prop_carry4_CI_CO[3])
                                                      0.117     4.717 r  forward_butterfly_lane_b/multiplier/acc_minus_q1_carry__0_i_10__0/CO[3]
                         net (fo=1, unplaced)         0.000     4.717    forward_butterfly_lane_b/multiplier/acc_minus_q1_carry__0_i_10__0_n_0
                         CARRY4 (Prop_carry4_CI_CO[3])
                                                      0.117     4.834 r  forward_butterfly_lane_b/multiplier/acc_minus_q1_carry__1_i_10__0/CO[3]
                         net (fo=1, unplaced)         0.000     4.834    forward_butterfly_lane_b/multiplier/acc_minus_q1_carry__1_i_10__0_n_0
                         CARRY4 (Prop_carry4_CI_CO[3])
                                                      0.117     4.951 r  forward_butterfly_lane_b/multiplier/acc_minus_q1_carry__2_i_10__0/CO[3]
                         net (fo=1, unplaced)         0.000     4.951    forward_butterfly_lane_b/multiplier/acc_minus_q1_carry__2_i_10__0_n_0
                         CARRY4 (Prop_carry4_CI_CO[3])
                                                      0.117     5.068 r  forward_butterfly_lane_b/multiplier/acc_minus_q1_carry__3_i_10__0/CO[3]
                         net (fo=1, unplaced)         0.000     5.068    forward_butterfly_lane_b/multiplier/acc_minus_q1_carry__3_i_10__0_n_0
                         CARRY4 (Prop_carry4_CI_O[3])
                                                      0.331     5.399 r  forward_butterfly_lane_b/multiplier/acc_minus_q1_carry__4_i_10__0/O[3]
                         net (fo=1, unplaced)         0.618     6.017    forward_butterfly_lane_b/multiplier/selected_raw1[23]
                         LUT5 (Prop_lut5_I4_O)        0.307     6.324 r  forward_butterfly_lane_b/multiplier/acc_minus_q1_carry__4_i_6__0/O
                         net (fo=1, unplaced)         0.000     6.324    forward_butterfly_lane_b/multiplier/acc_minus_q1_carry__4_i_6__0_n_0
                         CARRY4 (Prop_carry4_S[3]_CO[3])
                                                      0.376     6.700 r  forward_butterfly_lane_b/multiplier/acc_minus_q1_carry__4_i_1__0/CO[3]
                         net (fo=1, unplaced)         0.000     6.700    forward_butterfly_lane_b/multiplier/acc_minus_q1_carry__4_i_1__0_n_0
                         CARRY4 (Prop_carry4_CI_O[3])
                                                      0.331     7.031 r  forward_butterfly_lane_b/multiplier/acc_minus_q1_carry__5_i_1__0/O[3]
                         net (fo=8, unplaced)         0.656     7.687    forward_butterfly_lane_b/multiplier/acc_minus_q1_carry__5_i_1__0_n_4
                         LUT2 (Prop_lut2_I0_O)        0.307     7.994 r  forward_butterfly_lane_b/multiplier/acc_minus_q1_carry__5_i_2__0/O
                         net (fo=1, unplaced)         0.000     7.994    forward_butterfly_lane_b/multiplier/acc_minus_q1_carry__5_i_2__0_n_0
                         CARRY4 (Prop_carry4_S[3]_CO[3])
                                                      0.376     8.370 r  forward_butterfly_lane_b/multiplier/acc_minus_q1_carry__5/CO[3]
                         net (fo=1, unplaced)         0.000     8.370    forward_butterfly_lane_b/multiplier/acc_minus_q1_carry__5_n_0
                         CARRY4 (Prop_carry4_CI_O[3])
                                                      0.331     8.701 r  forward_butterfly_lane_b/multiplier/acc_minus_q1_carry__6/O[3]
                         net (fo=1, unplaced)         0.808     9.509    forward_butterfly_lane_b/multiplier/acc_minus_q1_carry__6_n_4
                         LUT5 (Prop_lut5_I0_O)        0.307     9.816 r  forward_butterfly_lane_b/multiplier/acc[31]_i_4__2/O
                         net (fo=1, unplaced)         0.449    10.265    forward_butterfly_lane_b/multiplier/acc[31]_i_4__2_n_0
                         LUT3 (Prop_lut3_I2_O)        0.124    10.389 r  forward_butterfly_lane_b/multiplier/acc[31]_i_1__2/O
                         net (fo=2, unplaced)         0.000    10.389    forward_butterfly_lane_b/multiplier/next_acc[31]
                         FDRE                                         r  forward_butterfly_lane_b/multiplier/result_reg[31]/D
  -------------------------------------------------------------------    -------------------

                         (clock clk rise edge)       10.000    10.000 r  
                                                      0.000    10.000 r  clk (IN)
                         net (fo=0)                   0.000    10.000    clk
                         IBUF (Prop_ibuf_I_O)         0.838    10.838 r  clk_IBUF_inst/O
                         net (fo=1, unplaced)         0.760    11.598    clk_IBUF
                         BUFG (Prop_bufg_I_O)         0.091    11.689 r  clk_IBUF_BUFG_inst/O
                         net (fo=1912, unplaced)      0.439    12.128    forward_butterfly_lane_b/multiplier/clk_IBUF_BUFG
                         FDRE                                         r  forward_butterfly_lane_b/multiplier/result_reg[31]/C
                         clock pessimism              0.184    12.311    
                         clock uncertainty           -0.035    12.276    
                         FDRE (Setup_fdre_C_D)        0.044    12.320    forward_butterfly_lane_b/multiplier/result_reg[31]
  -------------------------------------------------------------------
                         required time                         12.320    
                         arrival time                         -10.389    
  -------------------------------------------------------------------
                         slack                                  1.931    

Slack (MET) :             1.931ns  (required time - arrival time)
  Source:                 inverse_butterfly/multiplier/y_reg[0]/C
                            (rising edge-triggered cell FDRE clocked by clk  {rise@0.000ns fall@5.000ns period=10.000ns})
  Destination:            inverse_butterfly/multiplier/acc_reg[31]/D
                            (rising edge-triggered cell FDRE clocked by clk  {rise@0.000ns fall@5.000ns period=10.000ns})
  Path Group:             clk
  Path Type:              Setup (Max at Slow Process Corner)
  Requirement:            10.000ns  (clk rise@10.000ns - clk rise@0.000ns)
  Data Path Delay:        7.933ns  (logic 4.564ns (57.532%)  route 3.369ns (42.468%))
  Logic Levels:           15  (CARRY4=10 LUT2=1 LUT3=1 LUT4=1 LUT5=2)
  Clock Path Skew:        -0.145ns (DCD - SCD + CPR)
    Destination Clock Delay (DCD):    2.128ns = ( 12.128 - 10.000 ) 
    Source Clock Delay      (SCD):    2.456ns
    Clock Pessimism Removal (CPR):    0.184ns
  Clock Uncertainty:      0.035ns  ((TSJ^2 + TIJ^2)^1/2 + DJ) / 2 + PE
    Total System Jitter     (TSJ):    0.071ns
    Total Input Jitter      (TIJ):    0.000ns
    Discrete Jitter          (DJ):    0.000ns
    Phase Error              (PE):    0.000ns

    Location             Delay type                Incr(ns)  Path(ns)    Netlist Resource(s)
  -------------------------------------------------------------------    -------------------
                         (clock clk rise edge)        0.000     0.000 r  
                                                      0.000     0.000 r  clk (IN)
                         net (fo=0)                   0.000     0.000    clk
                         IBUF (Prop_ibuf_I_O)         0.972     0.972 r  clk_IBUF_inst/O
                         net (fo=1, unplaced)         0.800     1.771    clk_IBUF
                         BUFG (Prop_bufg_I_O)         0.101     1.872 r  clk_IBUF_BUFG_inst/O
                         net (fo=1912, unplaced)      0.584     2.456    inverse_butterfly/multiplier/clk_IBUF_BUFG
                         FDRE                                         r  inverse_butterfly/multiplier/y_reg[0]/C
  -------------------------------------------------------------------    -------------------
                         FDRE (Prop_fdre_C_Q)         0.478     2.934 r  inverse_butterfly/multiplier/y_reg[0]/Q
                         net (fo=64, unplaced)        0.829     3.763    inverse_butterfly/multiplier/y_reg_n_0_[0]
                         LUT4 (Prop_lut4_I1_O)        0.295     4.058 r  inverse_butterfly/multiplier/acc_minus_q1_carry_i_13__1/O
                         net (fo=1, unplaced)         0.000     4.058    inverse_butterfly/multiplier/acc_minus_q1_carry_i_13__1_n_0
                         CARRY4 (Prop_carry4_S[1]_CO[3])
                                                      0.533     4.591 r  inverse_butterfly/multiplier/acc_minus_q1_carry_i_10__1/CO[3]
                         net (fo=1, unplaced)         0.009     4.600    inverse_butterfly/multiplier/acc_minus_q1_carry_i_10__1_n_0
                         CARRY4 (Prop_carry4_CI_CO[3])
                                                      0.117     4.717 r  inverse_butterfly/multiplier/acc_minus_q1_carry__0_i_10__1/CO[3]
                         net (fo=1, unplaced)         0.000     4.717    inverse_butterfly/multiplier/acc_minus_q1_carry__0_i_10__1_n_0
                         CARRY4 (Prop_carry4_CI_CO[3])
                                                      0.117     4.834 r  inverse_butterfly/multiplier/acc_minus_q1_carry__1_i_10__1/CO[3]
                         net (fo=1, unplaced)         0.000     4.834    inverse_butterfly/multiplier/acc_minus_q1_carry__1_i_10__1_n_0
                         CARRY4 (Prop_carry4_CI_CO[3])
                                                      0.117     4.951 r  inverse_butterfly/multiplier/acc_minus_q1_carry__2_i_10__1/CO[3]
                         net (fo=1, unplaced)         0.000     4.951    inverse_butterfly/multiplier/acc_minus_q1_carry__2_i_10__1_n_0
                         CARRY4 (Prop_carry4_CI_CO[3])
                                                      0.117     5.068 r  inverse_butterfly/multiplier/acc_minus_q1_carry__3_i_10__1/CO[3]
                         net (fo=1, unplaced)         0.000     5.068    inverse_butterfly/multiplier/acc_minus_q1_carry__3_i_10__1_n_0
                         CARRY4 (Prop_carry4_CI_O[3])
                                                      0.331     5.399 r  inverse_butterfly/multiplier/acc_minus_q1_carry__4_i_10__1/O[3]
                         net (fo=1, unplaced)         0.618     6.017    inverse_butterfly/multiplier/selected_raw1[23]
                         LUT5 (Prop_lut5_I4_O)        0.307     6.324 r  inverse_butterfly/multiplier/acc_minus_q1_carry__4_i_6__1/O
                         net (fo=1, unplaced)         0.000     6.324    inverse_butterfly/multiplier/acc_minus_q1_carry__4_i_6__1_n_0
                         CARRY4 (Prop_carry4_S[3]_CO[3])
                                                      0.376     6.700 r  inverse_butterfly/multiplier/acc_minus_q1_carry__4_i_1__1/CO[3]
                         net (fo=1, unplaced)         0.000     6.700    inverse_butterfly/multiplier/acc_minus_q1_carry__4_i_1__1_n_0
                         CARRY4 (Prop_carry4_CI_O[3])
                                                      0.331     7.031 r  inverse_butterfly/multiplier/acc_minus_q1_carry__5_i_1__1/O[3]
                         net (fo=8, unplaced)         0.656     7.687    inverse_butterfly/multiplier/acc_minus_q1_carry__5_i_1__1_n_4
                         LUT2 (Prop_lut2_I0_O)        0.307     7.994 r  inverse_butterfly/multiplier/acc_minus_q1_carry__5_i_2__1/O
                         net (fo=1, unplaced)         0.000     7.994    inverse_butterfly/multiplier/acc_minus_q1_carry__5_i_2__1_n_0
                         CARRY4 (Prop_carry4_S[3]_CO[3])
                                                      0.376     8.370 r  inverse_butterfly/multiplier/acc_minus_q1_carry__5/CO[3]
                         net (fo=1, unplaced)         0.000     8.370    inverse_butterfly/multiplier/acc_minus_q1_carry__5_n_0
                         CARRY4 (Prop_carry4_CI_O[3])
                                                      0.331     8.701 r  inverse_butterfly/multiplier/acc_minus_q1_carry__6/O[3]
                         net (fo=1, unplaced)         0.808     9.509    inverse_butterfly/multiplier/acc_minus_q1_carry__6_n_4
                         LUT5 (Prop_lut5_I0_O)        0.307     9.816 r  inverse_butterfly/multiplier/acc[31]_i_4__4/O
                         net (fo=1, unplaced)         0.449    10.265    inverse_butterfly/multiplier/acc[31]_i_4__4_n_0
                         LUT3 (Prop_lut3_I2_O)        0.124    10.389 r  inverse_butterfly/multiplier/acc[31]_i_1__4/O
                         net (fo=2, unplaced)         0.000    10.389    inverse_butterfly/multiplier/next_acc[31]
                         FDRE                                         r  inverse_butterfly/multiplier/acc_reg[31]/D
  -------------------------------------------------------------------    -------------------

                         (clock clk rise edge)       10.000    10.000 r  
                                                      0.000    10.000 r  clk (IN)
                         net (fo=0)                   0.000    10.000    clk
                         IBUF (Prop_ibuf_I_O)         0.838    10.838 r  clk_IBUF_inst/O
                         net (fo=1, unplaced)         0.760    11.598    clk_IBUF
                         BUFG (Prop_bufg_I_O)         0.091    11.689 r  clk_IBUF_BUFG_inst/O
                         net (fo=1912, unplaced)      0.439    12.128    inverse_butterfly/multiplier/clk_IBUF_BUFG
                         FDRE                                         r  inverse_butterfly/multiplier/acc_reg[31]/C
                         clock pessimism              0.184    12.311    
                         clock uncertainty           -0.035    12.276    
                         FDRE (Setup_fdre_C_D)        0.044    12.320    inverse_butterfly/multiplier/acc_reg[31]
  -------------------------------------------------------------------
                         required time                         12.320    
                         arrival time                         -10.389    
  -------------------------------------------------------------------
                         slack                                  1.931    

Slack (MET) :             1.931ns  (required time - arrival time)
  Source:                 inverse_butterfly/multiplier/y_reg[0]/C
                            (rising edge-triggered cell FDRE clocked by clk  {rise@0.000ns fall@5.000ns period=10.000ns})
  Destination:            inverse_butterfly/multiplier/result_reg[31]/D
                            (rising edge-triggered cell FDRE clocked by clk  {rise@0.000ns fall@5.000ns period=10.000ns})
  Path Group:             clk
  Path Type:              Setup (Max at Slow Process Corner)
  Requirement:            10.000ns  (clk rise@10.000ns - clk rise@0.000ns)
  Data Path Delay:        7.933ns  (logic 4.564ns (57.532%)  route 3.369ns (42.468%))
  Logic Levels:           15  (CARRY4=10 LUT2=1 LUT3=1 LUT4=1 LUT5=2)
  Clock Path Skew:        -0.145ns (DCD - SCD + CPR)
    Destination Clock Delay (DCD):    2.128ns = ( 12.128 - 10.000 ) 
    Source Clock Delay      (SCD):    2.456ns
    Clock Pessimism Removal (CPR):    0.184ns
  Clock Uncertainty:      0.035ns  ((TSJ^2 + TIJ^2)^1/2 + DJ) / 2 + PE
    Total System Jitter     (TSJ):    0.071ns
    Total Input Jitter      (TIJ):    0.000ns
    Discrete Jitter          (DJ):    0.000ns
    Phase Error              (PE):    0.000ns

    Location             Delay type                Incr(ns)  Path(ns)    Netlist Resource(s)
  -------------------------------------------------------------------    -------------------
                         (clock clk rise edge)        0.000     0.000 r  
                                                      0.000     0.000 r  clk (IN)
                         net (fo=0)                   0.000     0.000    clk
                         IBUF (Prop_ibuf_I_O)         0.972     0.972 r  clk_IBUF_inst/O
                         net (fo=1, unplaced)         0.800     1.771    clk_IBUF
                         BUFG (Prop_bufg_I_O)         0.101     1.872 r  clk_IBUF_BUFG_inst/O
                         net (fo=1912, unplaced)      0.584     2.456    inverse_butterfly/multiplier/clk_IBUF_BUFG
                         FDRE                                         r  inverse_butterfly/multiplier/y_reg[0]/C
  -------------------------------------------------------------------    -------------------
                         FDRE (Prop_fdre_C_Q)         0.478     2.934 r  inverse_butterfly/multiplier/y_reg[0]/Q
                         net (fo=64, unplaced)        0.829     3.763    inverse_butterfly/multiplier/y_reg_n_0_[0]
                         LUT4 (Prop_lut4_I1_O)        0.295     4.058 r  inverse_butterfly/multiplier/acc_minus_q1_carry_i_13__1/O
                         net (fo=1, unplaced)         0.000     4.058    inverse_butterfly/multiplier/acc_minus_q1_carry_i_13__1_n_0
                         CARRY4 (Prop_carry4_S[1]_CO[3])
                                                      0.533     4.591 r  inverse_butterfly/multiplier/acc_minus_q1_carry_i_10__1/CO[3]
                         net (fo=1, unplaced)         0.009     4.600    inverse_butterfly/multiplier/acc_minus_q1_carry_i_10__1_n_0
                         CARRY4 (Prop_carry4_CI_CO[3])
                                                      0.117     4.717 r  inverse_butterfly/multiplier/acc_minus_q1_carry__0_i_10__1/CO[3]
                         net (fo=1, unplaced)         0.000     4.717    inverse_butterfly/multiplier/acc_minus_q1_carry__0_i_10__1_n_0
                         CARRY4 (Prop_carry4_CI_CO[3])
                                                      0.117     4.834 r  inverse_butterfly/multiplier/acc_minus_q1_carry__1_i_10__1/CO[3]
                         net (fo=1, unplaced)         0.000     4.834    inverse_butterfly/multiplier/acc_minus_q1_carry__1_i_10__1_n_0
                         CARRY4 (Prop_carry4_CI_CO[3])
                                                      0.117     4.951 r  inverse_butterfly/multiplier/acc_minus_q1_carry__2_i_10__1/CO[3]
                         net (fo=1, unplaced)         0.000     4.951    inverse_butterfly/multiplier/acc_minus_q1_carry__2_i_10__1_n_0
                         CARRY4 (Prop_carry4_CI_CO[3])
                                                      0.117     5.068 r  inverse_butterfly/multiplier/acc_minus_q1_carry__3_i_10__1/CO[3]
                         net (fo=1, unplaced)         0.000     5.068    inverse_butterfly/multiplier/acc_minus_q1_carry__3_i_10__1_n_0
                         CARRY4 (Prop_carry4_CI_O[3])
                                                      0.331     5.399 r  inverse_butterfly/multiplier/acc_minus_q1_carry__4_i_10__1/O[3]
                         net (fo=1, unplaced)         0.618     6.017    inverse_butterfly/multiplier/selected_raw1[23]
                         LUT5 (Prop_lut5_I4_O)        0.307     6.324 r  inverse_butterfly/multiplier/acc_minus_q1_carry__4_i_6__1/O
                         net (fo=1, unplaced)         0.000     6.324    inverse_butterfly/multiplier/acc_minus_q1_carry__4_i_6__1_n_0
                         CARRY4 (Prop_carry4_S[3]_CO[3])
                                                      0.376     6.700 r  inverse_butterfly/multiplier/acc_minus_q1_carry__4_i_1__1/CO[3]
                         net (fo=1, unplaced)         0.000     6.700    inverse_butterfly/multiplier/acc_minus_q1_carry__4_i_1__1_n_0
                         CARRY4 (Prop_carry4_CI_O[3])
                                                      0.331     7.031 r  inverse_butterfly/multiplier/acc_minus_q1_carry__5_i_1__1/O[3]
                         net (fo=8, unplaced)         0.656     7.687    inverse_butterfly/multiplier/acc_minus_q1_carry__5_i_1__1_n_4
                         LUT2 (Prop_lut2_I0_O)        0.307     7.994 r  inverse_butterfly/multiplier/acc_minus_q1_carry__5_i_2__1/O
                         net (fo=1, unplaced)         0.000     7.994    inverse_butterfly/multiplier/acc_minus_q1_carry__5_i_2__1_n_0
                         CARRY4 (Prop_carry4_S[3]_CO[3])
                                                      0.376     8.370 r  inverse_butterfly/multiplier/acc_minus_q1_carry__5/CO[3]
                         net (fo=1, unplaced)         0.000     8.370    inverse_butterfly/multiplier/acc_minus_q1_carry__5_n_0
                         CARRY4 (Prop_carry4_CI_O[3])
                                                      0.331     8.701 r  inverse_butterfly/multiplier/acc_minus_q1_carry__6/O[3]
                         net (fo=1, unplaced)         0.808     9.509    inverse_butterfly/multiplier/acc_minus_q1_carry__6_n_4
                         LUT5 (Prop_lut5_I0_O)        0.307     9.816 r  inverse_butterfly/multiplier/acc[31]_i_4__4/O
                         net (fo=1, unplaced)         0.449    10.265    inverse_butterfly/multiplier/acc[31]_i_4__4_n_0
                         LUT3 (Prop_lut3_I2_O)        0.124    10.389 r  inverse_butterfly/multiplier/acc[31]_i_1__4/O
                         net (fo=2, unplaced)         0.000    10.389    inverse_butterfly/multiplier/next_acc[31]
                         FDRE                                         r  inverse_butterfly/multiplier/result_reg[31]/D
  -------------------------------------------------------------------    -------------------

                         (clock clk rise edge)       10.000    10.000 r  
                                                      0.000    10.000 r  clk (IN)
                         net (fo=0)                   0.000    10.000    clk
                         IBUF (Prop_ibuf_I_O)         0.838    10.838 r  clk_IBUF_inst/O
                         net (fo=1, unplaced)         0.760    11.598    clk_IBUF
                         BUFG (Prop_bufg_I_O)         0.091    11.689 r  clk_IBUF_BUFG_inst/O
                         net (fo=1912, unplaced)      0.439    12.128    inverse_butterfly/multiplier/clk_IBUF_BUFG
                         FDRE                                         r  inverse_butterfly/multiplier/result_reg[31]/C
                         clock pessimism              0.184    12.311    
                         clock uncertainty           -0.035    12.276    
                         FDRE (Setup_fdre_C_D)        0.044    12.320    inverse_butterfly/multiplier/result_reg[31]
  -------------------------------------------------------------------
                         required time                         12.320    
                         arrival time                         -10.389    
  -------------------------------------------------------------------
                         slack                                  1.931    





Pulse Width Checks
--------------------------------------------------------------------------------------
Clock Name:         clk
Waveform(ns):       { 0.000 5.000 }
Period(ns):         10.000
Sources:            { clk }

Check Type        Corner  Lib Pin             Reference Pin  Required(ns)  Actual(ns)  Slack(ns)  Location  Pin
Min Period        n/a     RAMB36E1/CLKARDCLK  n/a            2.944         10.000      7.056                coefficient_bank_a/memory_reg_0/CLKARDCLK
Min Period        n/a     RAMB36E1/CLKBWRCLK  n/a            2.944         10.000      7.056                coefficient_bank_a/memory_reg_0/CLKBWRCLK
Min Period        n/a     RAMB36E1/CLKARDCLK  n/a            2.944         10.000      7.056                coefficient_bank_a/memory_reg_1/CLKARDCLK
Min Period        n/a     RAMB36E1/CLKBWRCLK  n/a            2.944         10.000      7.056                coefficient_bank_a/memory_reg_1/CLKBWRCLK
Min Period        n/a     RAMB36E1/CLKARDCLK  n/a            2.944         10.000      7.056                coefficient_bank_a/memory_reg_2/CLKARDCLK
Min Period        n/a     RAMB36E1/CLKBWRCLK  n/a            2.944         10.000      7.056                coefficient_bank_a/memory_reg_2/CLKBWRCLK
Min Period        n/a     RAMB36E1/CLKARDCLK  n/a            2.944         10.000      7.056                coefficient_bank_a/memory_reg_3/CLKARDCLK
Min Period        n/a     RAMB36E1/CLKBWRCLK  n/a            2.944         10.000      7.056                coefficient_bank_a/memory_reg_3/CLKBWRCLK
Min Period        n/a     RAMB36E1/CLKARDCLK  n/a            2.944         10.000      7.056                coefficient_bank_b/memory_reg_0/CLKARDCLK
Min Period        n/a     RAMB36E1/CLKBWRCLK  n/a            2.944         10.000      7.056                coefficient_bank_b/memory_reg_0/CLKBWRCLK
Min Period        n/a     RAMB36E1/CLKARDCLK  n/a            2.944         10.000      7.056                coefficient_bank_b/memory_reg_1/CLKARDCLK
Min Period        n/a     RAMB36E1/CLKBWRCLK  n/a            2.944         10.000      7.056                coefficient_bank_b/memory_reg_1/CLKBWRCLK
Min Period        n/a     RAMB36E1/CLKARDCLK  n/a            2.944         10.000      7.056                coefficient_bank_b/memory_reg_2/CLKARDCLK
Min Period        n/a     RAMB36E1/CLKBWRCLK  n/a            2.944         10.000      7.056                coefficient_bank_b/memory_reg_2/CLKBWRCLK
Min Period        n/a     RAMB36E1/CLKARDCLK  n/a            2.944         10.000      7.056                coefficient_bank_b/memory_reg_3/CLKARDCLK
Min Period        n/a     RAMB36E1/CLKBWRCLK  n/a            2.944         10.000      7.056                coefficient_bank_b/memory_reg_3/CLKBWRCLK
Min Period        n/a     RAMB36E1/CLKARDCLK  n/a            2.576         10.000      7.424                coefficient_index_reg_rep_0/CLKARDCLK
Min Period        n/a     RAMB36E1/CLKARDCLK  n/a            2.576         10.000      7.424                coefficient_index_reg_rep_0__0/CLKARDCLK
Min Period        n/a     RAMB36E1/CLKARDCLK  n/a            2.576         10.000      7.424                coefficient_index_reg_rep_1/CLKARDCLK
Min Period        n/a     RAMB36E1/CLKARDCLK  n/a            2.576         10.000      7.424                coefficient_index_reg_rep_1__0/CLKARDCLK
Low Pulse Width   Slow    FDRE/C              n/a            0.500         5.000       4.500                FSM_onehot_state_reg[0]/C
Low Pulse Width   Fast    FDRE/C              n/a            0.500         5.000       4.500                FSM_onehot_state_reg[0]/C
Low Pulse Width   Slow    FDRE/C              n/a            0.500         5.000       4.500                FSM_onehot_state_reg[10]/C
Low Pulse Width   Fast    FDRE/C              n/a            0.500         5.000       4.500                FSM_onehot_state_reg[10]/C
Low Pulse Width   Slow    FDRE/C              n/a            0.500         5.000       4.500                FSM_onehot_state_reg[11]/C
Low Pulse Width   Fast    FDRE/C              n/a            0.500         5.000       4.500                FSM_onehot_state_reg[11]/C
Low Pulse Width   Slow    FDRE/C              n/a            0.500         5.000       4.500                FSM_onehot_state_reg[12]/C
Low Pulse Width   Fast    FDRE/C              n/a            0.500         5.000       4.500                FSM_onehot_state_reg[12]/C
Low Pulse Width   Slow    FDRE/C              n/a            0.500         5.000       4.500                FSM_onehot_state_reg[13]/C
Low Pulse Width   Fast    FDRE/C              n/a            0.500         5.000       4.500                FSM_onehot_state_reg[13]/C
Low Pulse Width   Slow    FDRE/C              n/a            0.500         5.000       4.500                FSM_onehot_state_reg[14]/C
Low Pulse Width   Fast    FDRE/C              n/a            0.500         5.000       4.500                FSM_onehot_state_reg[14]/C
Low Pulse Width   Slow    FDRE/C              n/a            0.500         5.000       4.500                FSM_onehot_state_reg[15]/C
Low Pulse Width   Fast    FDRE/C              n/a            0.500         5.000       4.500                FSM_onehot_state_reg[15]/C
Low Pulse Width   Slow    FDRE/C              n/a            0.500         5.000       4.500                FSM_onehot_state_reg[16]/C
Low Pulse Width   Fast    FDRE/C              n/a            0.500         5.000       4.500                FSM_onehot_state_reg[16]/C
Low Pulse Width   Slow    FDRE/C              n/a            0.500         5.000       4.500                FSM_onehot_state_reg[17]/C
Low Pulse Width   Fast    FDRE/C              n/a            0.500         5.000       4.500                FSM_onehot_state_reg[17]/C
Low Pulse Width   Slow    FDRE/C              n/a            0.500         5.000       4.500                FSM_onehot_state_reg[18]/C
Low Pulse Width   Fast    FDRE/C              n/a            0.500         5.000       4.500                FSM_onehot_state_reg[18]/C
High Pulse Width  Slow    FDRE/C              n/a            0.500         5.000       4.500                FSM_onehot_state_reg[0]/C
High Pulse Width  Fast    FDRE/C              n/a            0.500         5.000       4.500                FSM_onehot_state_reg[0]/C
High Pulse Width  Slow    FDRE/C              n/a            0.500         5.000       4.500                FSM_onehot_state_reg[10]/C
High Pulse Width  Fast    FDRE/C              n/a            0.500         5.000       4.500                FSM_onehot_state_reg[10]/C
High Pulse Width  Slow    FDRE/C              n/a            0.500         5.000       4.500                FSM_onehot_state_reg[11]/C
High Pulse Width  Fast    FDRE/C              n/a            0.500         5.000       4.500                FSM_onehot_state_reg[11]/C
High Pulse Width  Slow    FDRE/C              n/a            0.500         5.000       4.500                FSM_onehot_state_reg[12]/C
High Pulse Width  Fast    FDRE/C              n/a            0.500         5.000       4.500                FSM_onehot_state_reg[12]/C
High Pulse Width  Slow    FDRE/C              n/a            0.500         5.000       4.500                FSM_onehot_state_reg[13]/C
High Pulse Width  Fast    FDRE/C              n/a            0.500         5.000       4.500                FSM_onehot_state_reg[13]/C
High Pulse Width  Slow    FDRE/C              n/a            0.500         5.000       4.500                FSM_onehot_state_reg[14]/C
High Pulse Width  Fast    FDRE/C              n/a            0.500         5.000       4.500                FSM_onehot_state_reg[14]/C
High Pulse Width  Slow    FDRE/C              n/a            0.500         5.000       4.500                FSM_onehot_state_reg[15]/C
High Pulse Width  Fast    FDRE/C              n/a            0.500         5.000       4.500                FSM_onehot_state_reg[15]/C
High Pulse Width  Slow    FDRE/C              n/a            0.500         5.000       4.500                FSM_onehot_state_reg[16]/C
High Pulse Width  Fast    FDRE/C              n/a            0.500         5.000       4.500                FSM_onehot_state_reg[16]/C
High Pulse Width  Slow    FDRE/C              n/a            0.500         5.000       4.500                FSM_onehot_state_reg[17]/C
High Pulse Width  Fast    FDRE/C              n/a            0.500         5.000       4.500                FSM_onehot_state_reg[17]/C
High Pulse Width  Slow    FDRE/C              n/a            0.500         5.000       4.500                FSM_onehot_state_reg[18]/C
High Pulse Width  Fast    FDRE/C              n/a            0.500         5.000       4.500                FSM_onehot_state_reg[18]/C



