Copyright 1986-2022 Xilinx, Inc. All Rights Reserved. Copyright 2022-2024 Advanced Micro Devices, Inc. All Rights Reserved.
---------------------------------------------------------------------------------------------------------------------------------------------------
| Tool Version : Vivado v.2024.1 (win64) Build 5076996 Wed May 22 18:37:14 MDT 2024
| Date         : Sun Jul 19 01:43:53 2026
| Host         : DESKTOP-63734QH running 64-bit major release  (build 9200)
| Command      : report_timing_summary -delay_type max -max_paths 20 -file F:/repos/pynq_butterfly/reports/modmul_radix4_compare/radix4_timing.rpt
| Design       : modmul_core_radix4
| Device       : 7z020-clg400
| Speed File   : -1  PRODUCTION 1.12 2019-11-22
| Design State : Synthesized
---------------------------------------------------------------------------------------------------------------------------------------------------

Timing Summary Report

------------------------------------------------------------------------------------------------
| Timer Settings
| --------------
------------------------------------------------------------------------------------------------

  Enable Multi Corner Analysis               :  Yes
  Enable Pessimism Removal                   :  Yes
  Pessimism Removal Resolution               :  Nearest Common Node
  Enable Input Delay Default Clock           :  No
  Enable Preset / Clear Arcs                 :  No
  Disable Flight Delays                      :  No
  Ignore I/O Paths                           :  No
  Timing Early Launch at Borrowing Latches   :  No
  Borrow Time for Max Delay Exceptions       :  Yes
  Merge Timing Exceptions                    :  Yes
  Inter-SLR Compensation                     :  Conservative

  Corner  Analyze    Analyze    
  Name    Max Paths  Min Paths  
  ------  ---------  ---------  
  Slow    Yes        Yes        
  Fast    Yes        Yes        


------------------------------------------------------------------------------------------------
| Report Methodology
| ------------------
------------------------------------------------------------------------------------------------

No report available as report_methodology has not been run prior. Run report_methodology on the current design for the summary of methodology violations.



check_timing report

Table of Contents
-----------------
1. checking no_clock (0)
2. checking constant_clock (0)
3. checking pulse_width_clock (0)
4. checking unconstrained_internal_endpoints (0)
5. checking no_input_delay (98)
6. checking no_output_delay (34)
7. checking multiple_clock (0)
8. checking generated_clocks (0)
9. checking loops (0)
10. checking partial_input_delay (0)
11. checking partial_output_delay (0)
12. checking latch_loops (0)

1. checking no_clock (0)
------------------------
 There are 0 register/latch pins with no clock.


2. checking constant_clock (0)
------------------------------
 There are 0 register/latch pins with constant_clock.


3. checking pulse_width_clock (0)
---------------------------------
 There are 0 register/latch pins which need pulse_width check


4. checking unconstrained_internal_endpoints (0)
------------------------------------------------
 There are 0 pins that are not constrained for maximum delay.

 There are 0 pins that are not constrained for maximum delay due to constant clock.


5. checking no_input_delay (98)
-------------------------------
 There are 98 input ports with no input delay specified. (HIGH)

 There are 0 input ports with no input delay but user has a false path constraint.


6. checking no_output_delay (34)
--------------------------------
 There are 34 ports with no output delay specified. (HIGH)

 There are 0 ports with no output delay but user has a false path constraint

 There are 0 ports with no output delay but with a timing clock defined on it or propagating through it


7. checking multiple_clock (0)
------------------------------
 There are 0 register/latch pins with multiple clocks.


8. checking generated_clocks (0)
--------------------------------
 There are 0 generated clocks that are not connected to a clock source.


9. checking loops (0)
---------------------
 There are 0 combinational loops in the design.


10. checking partial_input_delay (0)
------------------------------------
 There are 0 input ports with partial input delay specified.


11. checking partial_output_delay (0)
-------------------------------------
 There are 0 ports with partial output delay specified.


12. checking latch_loops (0)
----------------------------
 There are 0 combinational latch loops in the design through latch input



------------------------------------------------------------------------------------------------
| Design Timing Summary
| ---------------------
------------------------------------------------------------------------------------------------

    WNS(ns)      TNS(ns)  TNS Failing Endpoints  TNS Total Endpoints     WPWS(ns)     TPWS(ns)  TPWS Failing Endpoints  TPWS Total Endpoints  
    -------      -------  ---------------------  -------------------     --------     --------  ----------------------  --------------------  
     -3.808     -240.230                     66                  366        4.500        0.000                       0                   167  


Timing constraints are not met.


------------------------------------------------------------------------------------------------
| Clock Summary
| -------------
------------------------------------------------------------------------------------------------

Clock  Waveform(ns)       Period(ns)      Frequency(MHz)
-----  ------------       ----------      --------------
clk    {0.000 5.000}      10.000          100.000         


------------------------------------------------------------------------------------------------
| Intra Clock Table
| -----------------
------------------------------------------------------------------------------------------------

Clock             WNS(ns)      TNS(ns)  TNS Failing Endpoints  TNS Total Endpoints     WPWS(ns)     TPWS(ns)  TPWS Failing Endpoints  TPWS Total Endpoints  
-----             -------      -------  ---------------------  -------------------     --------     --------  ----------------------  --------------------  
clk                -3.808     -240.230                     66                  366        4.500        0.000                       0                   167  


------------------------------------------------------------------------------------------------
| Inter Clock Table
| -----------------
------------------------------------------------------------------------------------------------

From Clock    To Clock          WNS(ns)      TNS(ns)  TNS Failing Endpoints  TNS Total Endpoints  
----------    --------          -------      -------  ---------------------  -------------------  


------------------------------------------------------------------------------------------------
| Other Path Groups Table
| -----------------------
------------------------------------------------------------------------------------------------

Path Group    From Clock    To Clock          WNS(ns)      TNS(ns)  TNS Failing Endpoints  TNS Total Endpoints  
----------    ----------    --------          -------      -------  ---------------------  -------------------  


------------------------------------------------------------------------------------------------
| Timing Details
| --------------
------------------------------------------------------------------------------------------------


---------------------------------------------------------------------------------------------------
From Clock:  clk
  To Clock:  clk

Setup :           66  Failing Endpoints,  Worst Slack       -3.808ns,  Total Violation     -240.230ns
Hold  :           NA  Failing Endpoints,  Worst Slack           NA  ,  Total Violation           NA
PW    :            0  Failing Endpoints,  Worst Slack        4.500ns,  Total Violation        0.000ns
---------------------------------------------------------------------------------------------------


Max Delay Paths
--------------------------------------------------------------------------------------
Slack (VIOLATED) :        -3.808ns  (required time - arrival time)
  Source:                 x_reg[1]/C
                            (rising edge-triggered cell FDRE clocked by clk  {rise@0.000ns fall@5.000ns period=10.000ns})
  Destination:            acc_reg[29]/D
                            (rising edge-triggered cell FDRE clocked by clk  {rise@0.000ns fall@5.000ns period=10.000ns})
  Path Group:             clk
  Path Type:              Setup (Max at Slow Process Corner)
  Requirement:            10.000ns  (clk rise@10.000ns - clk rise@0.000ns)
  Data Path Delay:        13.672ns  (logic 9.085ns (66.450%)  route 4.587ns (33.550%))
  Logic Levels:           32  (CARRY4=24 LUT2=2 LUT3=2 LUT4=2 LUT6=2)
  Clock Path Skew:        -0.145ns (DCD - SCD + CPR)
    Destination Clock Delay (DCD):    2.128ns = ( 12.128 - 10.000 ) 
    Source Clock Delay      (SCD):    2.456ns
    Clock Pessimism Removal (CPR):    0.184ns
  Clock Uncertainty:      0.035ns  ((TSJ^2 + TIJ^2)^1/2 + DJ) / 2 + PE
    Total System Jitter     (TSJ):    0.071ns
    Total Input Jitter      (TIJ):    0.000ns
    Discrete Jitter          (DJ):    0.000ns
    Phase Error              (PE):    0.000ns

    Location             Delay type                Incr(ns)  Path(ns)    Netlist Resource(s)
  -------------------------------------------------------------------    -------------------
                         (clock clk rise edge)        0.000     0.000 r  
                                                      0.000     0.000 r  clk (IN)
                         net (fo=0)                   0.000     0.000    clk
                         IBUF (Prop_ibuf_I_O)         0.972     0.972 r  clk_IBUF_inst/O
                         net (fo=1, unplaced)         0.800     1.771    clk_IBUF
                         BUFG (Prop_bufg_I_O)         0.101     1.872 r  clk_IBUF_BUFG_inst/O
                         net (fo=166, unplaced)       0.584     2.456    clk_IBUF_BUFG
                         FDRE                                         r  x_reg[1]/C
  -------------------------------------------------------------------    -------------------
                         FDRE (Prop_fdre_C_Q)         0.478     2.934 r  x_reg[1]/Q
                         net (fo=6, unplaced)         0.773     3.707    twice_x_ext[2]
                         LUT4 (Prop_lut4_I1_O)        0.321     4.028 r  x[7]_i_44/O
                         net (fo=1, unplaced)         0.000     4.028    x[7]_i_44_n_0
                         CARRY4 (Prop_carry4_DI[1]_CO[3])
                                                      0.547     4.575 r  x_reg[7]_i_33/CO[3]
                         net (fo=1, unplaced)         0.009     4.584    x_reg[7]_i_33_n_0
                         CARRY4 (Prop_carry4_CI_CO[3])
                                                      0.117     4.701 r  x_reg[7]_i_24/CO[3]
                         net (fo=1, unplaced)         0.000     4.701    x_reg[7]_i_24_n_0
                         CARRY4 (Prop_carry4_CI_CO[3])
                                                      0.117     4.818 r  x_reg[7]_i_15/CO[3]
                         net (fo=1, unplaced)         0.000     4.818    x_reg[7]_i_15_n_0
                         CARRY4 (Prop_carry4_CI_CO[3])
                                                      0.117     4.935 r  x_reg[7]_i_13/CO[3]
                         net (fo=1, unplaced)         0.000     4.935    x_reg[7]_i_13_n_0
                         CARRY4 (Prop_carry4_CI_CO[0])
                                                      0.281     5.216 r  x_reg[7]_i_8/CO[0]
                         net (fo=33, unplaced)        0.383     5.599    reduced_x2_ext1
                         LUT3 (Prop_lut3_I2_O)        0.367     5.966 r  x[7]_i_11/O
                         net (fo=1, unplaced)         0.000     5.966    x[7]_i_11_n_0
                         CARRY4 (Prop_carry4_S[1]_CO[3])
                                                      0.533     6.499 r  x_reg[7]_i_3/CO[3]
                         net (fo=1, unplaced)         0.009     6.508    x_reg[7]_i_3_n_0
                         CARRY4 (Prop_carry4_CI_CO[3])
                                                      0.117     6.625 r  x_reg[11]_i_3/CO[3]
                         net (fo=1, unplaced)         0.000     6.625    x_reg[11]_i_3_n_0
                         CARRY4 (Prop_carry4_CI_CO[3])
                                                      0.117     6.742 r  x_reg[15]_i_3/CO[3]
                         net (fo=1, unplaced)         0.000     6.742    x_reg[15]_i_3_n_0
                         CARRY4 (Prop_carry4_CI_CO[3])
                                                      0.117     6.859 r  x_reg[19]_i_3/CO[3]
                         net (fo=1, unplaced)         0.000     6.859    x_reg[19]_i_3_n_0
                         CARRY4 (Prop_carry4_CI_CO[3])
                                                      0.117     6.976 r  x_reg[23]_i_3/CO[3]
                         net (fo=1, unplaced)         0.000     6.976    x_reg[23]_i_3_n_0
                         CARRY4 (Prop_carry4_CI_O[3])
                                                      0.331     7.307 r  x_reg[27]_i_3/O[3]
                         net (fo=7, unplaced)         0.653     7.960    reduced_x2_ext[23]
                         LUT2 (Prop_lut2_I0_O)        0.307     8.267 r  acc[23]_i_22/O
                         net (fo=1, unplaced)         0.000     8.267    acc[23]_i_22_n_0
                         CARRY4 (Prop_carry4_S[3]_CO[3])
                                                      0.376     8.643 r  acc_reg[23]_i_17/CO[3]
                         net (fo=1, unplaced)         0.000     8.643    acc_reg[23]_i_17_n_0
                         CARRY4 (Prop_carry4_CI_O[3])
                                                      0.331     8.974 r  acc_reg[27]_i_17/O[3]
                         net (fo=5, unplaced)         0.646     9.620    acc_reg[27]_i_17_n_4
                         LUT4 (Prop_lut4_I2_O)        0.300     9.920 r  acc[31]_i_65/O
                         net (fo=1, unplaced)         0.000     9.920    acc[31]_i_65_n_0
                         CARRY4 (Prop_carry4_DI[1]_CO[3])
                                                      0.547    10.467 r  acc_reg[31]_i_42/CO[3]
                         net (fo=1, unplaced)         0.000    10.467    acc_reg[31]_i_42_n_0
                         CARRY4 (Prop_carry4_CI_CO[0])
                                                      0.281    10.748 f  acc_reg[31]_i_27/CO[0]
                         net (fo=64, unplaced)        0.399    11.147    reduced_x3_ext1
                         LUT6 (Prop_lut6_I5_O)        0.367    11.514 r  acc[3]_i_15/O
                         net (fo=1, unplaced)         0.449    11.963    acc[3]_i_15_n_0
                         LUT6 (Prop_lut6_I1_O)        0.124    12.087 r  acc[3]_i_10/O
                         net (fo=1, unplaced)         0.000    12.087    acc[3]_i_10_n_0
                         CARRY4 (Prop_carry4_S[1]_CO[3])
                                                      0.533    12.620 r  acc_reg[3]_i_3/CO[3]
                         net (fo=1, unplaced)         0.009    12.629    acc_reg[3]_i_3_n_0
                         CARRY4 (Prop_carry4_CI_CO[3])
                                                      0.117    12.746 r  acc_reg[7]_i_3/CO[3]
                         net (fo=1, unplaced)         0.000    12.746    acc_reg[7]_i_3_n_0
                         CARRY4 (Prop_carry4_CI_CO[3])
                                                      0.117    12.863 r  acc_reg[11]_i_3/CO[3]
                         net (fo=1, unplaced)         0.000    12.863    acc_reg[11]_i_3_n_0
                         CARRY4 (Prop_carry4_CI_CO[3])
                                                      0.117    12.980 r  acc_reg[15]_i_3/CO[3]
                         net (fo=1, unplaced)         0.000    12.980    acc_reg[15]_i_3_n_0
                         CARRY4 (Prop_carry4_CI_CO[3])
                                                      0.117    13.097 r  acc_reg[19]_i_3/CO[3]
                         net (fo=1, unplaced)         0.000    13.097    acc_reg[19]_i_3_n_0
                         CARRY4 (Prop_carry4_CI_CO[3])
                                                      0.117    13.214 r  acc_reg[23]_i_3/CO[3]
                         net (fo=1, unplaced)         0.000    13.214    acc_reg[23]_i_3_n_0
                         CARRY4 (Prop_carry4_CI_O[3])
                                                      0.331    13.545 r  acc_reg[27]_i_3/O[3]
                         net (fo=5, unplaced)         0.646    14.191    acc_reg[27]_i_3_n_4
                         LUT2 (Prop_lut2_I0_O)        0.307    14.498 r  acc[27]_i_4/O
                         net (fo=1, unplaced)         0.000    14.498    acc[27]_i_4_n_0
                         CARRY4 (Prop_carry4_S[3]_CO[3])
                                                      0.376    14.874 r  acc_reg[27]_i_2/CO[3]
                         net (fo=1, unplaced)         0.000    14.874    acc_reg[27]_i_2_n_0
                         CARRY4 (Prop_carry4_CI_O[1])
                                                      0.337    15.211 r  acc_reg[31]_i_3/O[1]
                         net (fo=1, unplaced)         0.611    15.822    reduced_acc_ext0[29]
                         LUT3 (Prop_lut3_I0_O)        0.306    16.128 r  acc[29]_i_1/O
                         net (fo=2, unplaced)         0.000    16.128    next_acc[29]
                         FDRE                                         r  acc_reg[29]/D
  -------------------------------------------------------------------    -------------------

                         (clock clk rise edge)       10.000    10.000 r  
                                                      0.000    10.000 r  clk (IN)
                         net (fo=0)                   0.000    10.000    clk
                         IBUF (Prop_ibuf_I_O)         0.838    10.838 r  clk_IBUF_inst/O
                         net (fo=1, unplaced)         0.760    11.598    clk_IBUF
                         BUFG (Prop_bufg_I_O)         0.091    11.689 r  clk_IBUF_BUFG_inst/O
                         net (fo=166, unplaced)       0.439    12.128    clk_IBUF_BUFG
                         FDRE                                         r  acc_reg[29]/C
                         clock pessimism              0.184    12.311    
                         clock uncertainty           -0.035    12.276    
                         FDRE (Setup_fdre_C_D)        0.044    12.320    acc_reg[29]
  -------------------------------------------------------------------
                         required time                         12.320    
                         arrival time                         -16.128    
  -------------------------------------------------------------------
                         slack                                 -3.808    

Slack (VIOLATED) :        -3.808ns  (required time - arrival time)
  Source:                 x_reg[1]/C
                            (rising edge-triggered cell FDRE clocked by clk  {rise@0.000ns fall@5.000ns period=10.000ns})
  Destination:            result_reg[29]/D
                            (rising edge-triggered cell FDRE clocked by clk  {rise@0.000ns fall@5.000ns period=10.000ns})
  Path Group:             clk
  Path Type:              Setup (Max at Slow Process Corner)
  Requirement:            10.000ns  (clk rise@10.000ns - clk rise@0.000ns)
  Data Path Delay:        13.672ns  (logic 9.085ns (66.450%)  route 4.587ns (33.550%))
  Logic Levels:           32  (CARRY4=24 LUT2=2 LUT3=2 LUT4=2 LUT6=2)
  Clock Path Skew:        -0.145ns (DCD - SCD + CPR)
    Destination Clock Delay (DCD):    2.128ns = ( 12.128 - 10.000 ) 
    Source Clock Delay      (SCD):    2.456ns
    Clock Pessimism Removal (CPR):    0.184ns
  Clock Uncertainty:      0.035ns  ((TSJ^2 + TIJ^2)^1/2 + DJ) / 2 + PE
    Total System Jitter     (TSJ):    0.071ns
    Total Input Jitter      (TIJ):    0.000ns
    Discrete Jitter          (DJ):    0.000ns
    Phase Error              (PE):    0.000ns

    Location             Delay type                Incr(ns)  Path(ns)    Netlist Resource(s)
  -------------------------------------------------------------------    -------------------
                         (clock clk rise edge)        0.000     0.000 r  
                                                      0.000     0.000 r  clk (IN)
                         net (fo=0)                   0.000     0.000    clk
                         IBUF (Prop_ibuf_I_O)         0.972     0.972 r  clk_IBUF_inst/O
                         net (fo=1, unplaced)         0.800     1.771    clk_IBUF
                         BUFG (Prop_bufg_I_O)         0.101     1.872 r  clk_IBUF_BUFG_inst/O
                         net (fo=166, unplaced)       0.584     2.456    clk_IBUF_BUFG
                         FDRE                                         r  x_reg[1]/C
  -------------------------------------------------------------------    -------------------
                         FDRE (Prop_fdre_C_Q)         0.478     2.934 r  x_reg[1]/Q
                         net (fo=6, unplaced)         0.773     3.707    twice_x_ext[2]
                         LUT4 (Prop_lut4_I1_O)        0.321     4.028 r  x[7]_i_44/O
                         net (fo=1, unplaced)         0.000     4.028    x[7]_i_44_n_0
                         CARRY4 (Prop_carry4_DI[1]_CO[3])
                                                      0.547     4.575 r  x_reg[7]_i_33/CO[3]
                         net (fo=1, unplaced)         0.009     4.584    x_reg[7]_i_33_n_0
                         CARRY4 (Prop_carry4_CI_CO[3])
                                                      0.117     4.701 r  x_reg[7]_i_24/CO[3]
                         net (fo=1, unplaced)         0.000     4.701    x_reg[7]_i_24_n_0
                         CARRY4 (Prop_carry4_CI_CO[3])
                                                      0.117     4.818 r  x_reg[7]_i_15/CO[3]
                         net (fo=1, unplaced)         0.000     4.818    x_reg[7]_i_15_n_0
                         CARRY4 (Prop_carry4_CI_CO[3])
                                                      0.117     4.935 r  x_reg[7]_i_13/CO[3]
                         net (fo=1, unplaced)         0.000     4.935    x_reg[7]_i_13_n_0
                         CARRY4 (Prop_carry4_CI_CO[0])
                                                      0.281     5.216 r  x_reg[7]_i_8/CO[0]
                         net (fo=33, unplaced)        0.383     5.599    reduced_x2_ext1
                         LUT3 (Prop_lut3_I2_O)        0.367     5.966 r  x[7]_i_11/O
                         net (fo=1, unplaced)         0.000     5.966    x[7]_i_11_n_0
                         CARRY4 (Prop_carry4_S[1]_CO[3])
                                                      0.533     6.499 r  x_reg[7]_i_3/CO[3]
                         net (fo=1, unplaced)         0.009     6.508    x_reg[7]_i_3_n_0
                         CARRY4 (Prop_carry4_CI_CO[3])
                                                      0.117     6.625 r  x_reg[11]_i_3/CO[3]
                         net (fo=1, unplaced)         0.000     6.625    x_reg[11]_i_3_n_0
                         CARRY4 (Prop_carry4_CI_CO[3])
                                                      0.117     6.742 r  x_reg[15]_i_3/CO[3]
                         net (fo=1, unplaced)         0.000     6.742    x_reg[15]_i_3_n_0
                         CARRY4 (Prop_carry4_CI_CO[3])
                                                      0.117     6.859 r  x_reg[19]_i_3/CO[3]
                         net (fo=1, unplaced)         0.000     6.859    x_reg[19]_i_3_n_0
                         CARRY4 (Prop_carry4_CI_CO[3])
                                                      0.117     6.976 r  x_reg[23]_i_3/CO[3]
                         net (fo=1, unplaced)         0.000     6.976    x_reg[23]_i_3_n_0
                         CARRY4 (Prop_carry4_CI_O[3])
                                                      0.331     7.307 r  x_reg[27]_i_3/O[3]
                         net (fo=7, unplaced)         0.653     7.960    reduced_x2_ext[23]
                         LUT2 (Prop_lut2_I0_O)        0.307     8.267 r  acc[23]_i_22/O
                         net (fo=1, unplaced)         0.000     8.267    acc[23]_i_22_n_0
                         CARRY4 (Prop_carry4_S[3]_CO[3])
                                                      0.376     8.643 r  acc_reg[23]_i_17/CO[3]
                         net (fo=1, unplaced)         0.000     8.643    acc_reg[23]_i_17_n_0
                         CARRY4 (Prop_carry4_CI_O[3])
                                                      0.331     8.974 r  acc_reg[27]_i_17/O[3]
                         net (fo=5, unplaced)         0.646     9.620    acc_reg[27]_i_17_n_4
                         LUT4 (Prop_lut4_I2_O)        0.300     9.920 r  acc[31]_i_65/O
                         net (fo=1, unplaced)         0.000     9.920    acc[31]_i_65_n_0
                         CARRY4 (Prop_carry4_DI[1]_CO[3])
                                                      0.547    10.467 r  acc_reg[31]_i_42/CO[3]
                         net (fo=1, unplaced)         0.000    10.467    acc_reg[31]_i_42_n_0
                         CARRY4 (Prop_carry4_CI_CO[0])
                                                      0.281    10.748 f  acc_reg[31]_i_27/CO[0]
                         net (fo=64, unplaced)        0.399    11.147    reduced_x3_ext1
                         LUT6 (Prop_lut6_I5_O)        0.367    11.514 r  acc[3]_i_15/O
                         net (fo=1, unplaced)         0.449    11.963    acc[3]_i_15_n_0
                         LUT6 (Prop_lut6_I1_O)        0.124    12.087 r  acc[3]_i_10/O
                         net (fo=1, unplaced)         0.000    12.087    acc[3]_i_10_n_0
                         CARRY4 (Prop_carry4_S[1]_CO[3])
                                                      0.533    12.620 r  acc_reg[3]_i_3/CO[3]
                         net (fo=1, unplaced)         0.009    12.629    acc_reg[3]_i_3_n_0
                         CARRY4 (Prop_carry4_CI_CO[3])
                                                      0.117    12.746 r  acc_reg[7]_i_3/CO[3]
                         net (fo=1, unplaced)         0.000    12.746    acc_reg[7]_i_3_n_0
                         CARRY4 (Prop_carry4_CI_CO[3])
                                                      0.117    12.863 r  acc_reg[11]_i_3/CO[3]
                         net (fo=1, unplaced)         0.000    12.863    acc_reg[11]_i_3_n_0
                         CARRY4 (Prop_carry4_CI_CO[3])
                                                      0.117    12.980 r  acc_reg[15]_i_3/CO[3]
                         net (fo=1, unplaced)         0.000    12.980    acc_reg[15]_i_3_n_0
                         CARRY4 (Prop_carry4_CI_CO[3])
                                                      0.117    13.097 r  acc_reg[19]_i_3/CO[3]
                         net (fo=1, unplaced)         0.000    13.097    acc_reg[19]_i_3_n_0
                         CARRY4 (Prop_carry4_CI_CO[3])
                                                      0.117    13.214 r  acc_reg[23]_i_3/CO[3]
                         net (fo=1, unplaced)         0.000    13.214    acc_reg[23]_i_3_n_0
                         CARRY4 (Prop_carry4_CI_O[3])
                                                      0.331    13.545 r  acc_reg[27]_i_3/O[3]
                         net (fo=5, unplaced)         0.646    14.191    acc_reg[27]_i_3_n_4
                         LUT2 (Prop_lut2_I0_O)        0.307    14.498 r  acc[27]_i_4/O
                         net (fo=1, unplaced)         0.000    14.498    acc[27]_i_4_n_0
                         CARRY4 (Prop_carry4_S[3]_CO[3])
                                                      0.376    14.874 r  acc_reg[27]_i_2/CO[3]
                         net (fo=1, unplaced)         0.000    14.874    acc_reg[27]_i_2_n_0
                         CARRY4 (Prop_carry4_CI_O[1])
                                                      0.337    15.211 r  acc_reg[31]_i_3/O[1]
                         net (fo=1, unplaced)         0.611    15.822    reduced_acc_ext0[29]
                         LUT3 (Prop_lut3_I0_O)        0.306    16.128 r  acc[29]_i_1/O
                         net (fo=2, unplaced)         0.000    16.128    next_acc[29]
                         FDRE                                         r  result_reg[29]/D
  -------------------------------------------------------------------    -------------------

                         (clock clk rise edge)       10.000    10.000 r  
                                                      0.000    10.000 r  clk (IN)
                         net (fo=0)                   0.000    10.000    clk
                         IBUF (Prop_ibuf_I_O)         0.838    10.838 r  clk_IBUF_inst/O
                         net (fo=1, unplaced)         0.760    11.598    clk_IBUF
                         BUFG (Prop_bufg_I_O)         0.091    11.689 r  clk_IBUF_BUFG_inst/O
                         net (fo=166, unplaced)       0.439    12.128    clk_IBUF_BUFG
                         FDRE                                         r  result_reg[29]/C
                         clock pessimism              0.184    12.311    
                         clock uncertainty           -0.035    12.276    
                         FDRE (Setup_fdre_C_D)        0.044    12.320    result_reg[29]
  -------------------------------------------------------------------
                         required time                         12.320    
                         arrival time                         -16.128    
  -------------------------------------------------------------------
                         slack                                 -3.808    

Slack (VIOLATED) :        -3.748ns  (required time - arrival time)
  Source:                 x_reg[1]/C
                            (rising edge-triggered cell FDRE clocked by clk  {rise@0.000ns fall@5.000ns period=10.000ns})
  Destination:            acc_reg[0]/D
                            (rising edge-triggered cell FDRE clocked by clk  {rise@0.000ns fall@5.000ns period=10.000ns})
  Path Group:             clk
  Path Type:              Setup (Max at Slow Process Corner)
  Requirement:            10.000ns  (clk rise@10.000ns - clk rise@0.000ns)
  Data Path Delay:        13.612ns  (logic 9.254ns (67.984%)  route 4.358ns (32.016%))
  Logic Levels:           32  (CARRY4=24 LUT2=1 LUT3=2 LUT4=3 LUT6=2)
  Clock Path Skew:        -0.145ns (DCD - SCD + CPR)
    Destination Clock Delay (DCD):    2.128ns = ( 12.128 - 10.000 ) 
    Source Clock Delay      (SCD):    2.456ns
    Clock Pessimism Removal (CPR):    0.184ns
  Clock Uncertainty:      0.035ns  ((TSJ^2 + TIJ^2)^1/2 + DJ) / 2 + PE
    Total System Jitter     (TSJ):    0.071ns
    Total Input Jitter      (TIJ):    0.000ns
    Discrete Jitter          (DJ):    0.000ns
    Phase Error              (PE):    0.000ns

    Location             Delay type                Incr(ns)  Path(ns)    Netlist Resource(s)
  -------------------------------------------------------------------    -------------------
                         (clock clk rise edge)        0.000     0.000 r  
                                                      0.000     0.000 r  clk (IN)
                         net (fo=0)                   0.000     0.000    clk
                         IBUF (Prop_ibuf_I_O)         0.972     0.972 r  clk_IBUF_inst/O
                         net (fo=1, unplaced)         0.800     1.771    clk_IBUF
                         BUFG (Prop_bufg_I_O)         0.101     1.872 r  clk_IBUF_BUFG_inst/O
                         net (fo=166, unplaced)       0.584     2.456    clk_IBUF_BUFG
                         FDRE                                         r  x_reg[1]/C
  -------------------------------------------------------------------    -------------------
                         FDRE (Prop_fdre_C_Q)         0.478     2.934 r  x_reg[1]/Q
                         net (fo=6, unplaced)         0.773     3.707    twice_x_ext[2]
                         LUT4 (Prop_lut4_I1_O)        0.321     4.028 r  x[7]_i_44/O
                         net (fo=1, unplaced)         0.000     4.028    x[7]_i_44_n_0
                         CARRY4 (Prop_carry4_DI[1]_CO[3])
                                                      0.547     4.575 r  x_reg[7]_i_33/CO[3]
                         net (fo=1, unplaced)         0.009     4.584    x_reg[7]_i_33_n_0
                         CARRY4 (Prop_carry4_CI_CO[3])
                                                      0.117     4.701 r  x_reg[7]_i_24/CO[3]
                         net (fo=1, unplaced)         0.000     4.701    x_reg[7]_i_24_n_0
                         CARRY4 (Prop_carry4_CI_CO[3])
                                                      0.117     4.818 r  x_reg[7]_i_15/CO[3]
                         net (fo=1, unplaced)         0.000     4.818    x_reg[7]_i_15_n_0
                         CARRY4 (Prop_carry4_CI_CO[3])
                                                      0.117     4.935 r  x_reg[7]_i_13/CO[3]
                         net (fo=1, unplaced)         0.000     4.935    x_reg[7]_i_13_n_0
                         CARRY4 (Prop_carry4_CI_CO[0])
                                                      0.281     5.216 r  x_reg[7]_i_8/CO[0]
                         net (fo=33, unplaced)        0.383     5.599    reduced_x2_ext1
                         LUT3 (Prop_lut3_I2_O)        0.367     5.966 r  x[7]_i_11/O
                         net (fo=1, unplaced)         0.000     5.966    x[7]_i_11_n_0
                         CARRY4 (Prop_carry4_S[1]_CO[3])
                                                      0.533     6.499 r  x_reg[7]_i_3/CO[3]
                         net (fo=1, unplaced)         0.009     6.508    x_reg[7]_i_3_n_0
                         CARRY4 (Prop_carry4_CI_CO[3])
                                                      0.117     6.625 r  x_reg[11]_i_3/CO[3]
                         net (fo=1, unplaced)         0.000     6.625    x_reg[11]_i_3_n_0
                         CARRY4 (Prop_carry4_CI_CO[3])
                                                      0.117     6.742 r  x_reg[15]_i_3/CO[3]
                         net (fo=1, unplaced)         0.000     6.742    x_reg[15]_i_3_n_0
                         CARRY4 (Prop_carry4_CI_CO[3])
                                                      0.117     6.859 r  x_reg[19]_i_3/CO[3]
                         net (fo=1, unplaced)         0.000     6.859    x_reg[19]_i_3_n_0
                         CARRY4 (Prop_carry4_CI_CO[3])
                                                      0.117     6.976 r  x_reg[23]_i_3/CO[3]
                         net (fo=1, unplaced)         0.000     6.976    x_reg[23]_i_3_n_0
                         CARRY4 (Prop_carry4_CI_O[3])
                                                      0.331     7.307 r  x_reg[27]_i_3/O[3]
                         net (fo=7, unplaced)         0.653     7.960    reduced_x2_ext[23]
                         LUT2 (Prop_lut2_I0_O)        0.307     8.267 r  acc[23]_i_22/O
                         net (fo=1, unplaced)         0.000     8.267    acc[23]_i_22_n_0
                         CARRY4 (Prop_carry4_S[3]_CO[3])
                                                      0.376     8.643 r  acc_reg[23]_i_17/CO[3]
                         net (fo=1, unplaced)         0.000     8.643    acc_reg[23]_i_17_n_0
                         CARRY4 (Prop_carry4_CI_O[3])
                                                      0.331     8.974 r  acc_reg[27]_i_17/O[3]
                         net (fo=5, unplaced)         0.646     9.620    acc_reg[27]_i_17_n_4
                         LUT4 (Prop_lut4_I2_O)        0.300     9.920 r  acc[31]_i_65/O
                         net (fo=1, unplaced)         0.000     9.920    acc[31]_i_65_n_0
                         CARRY4 (Prop_carry4_DI[1]_CO[3])
                                                      0.547    10.467 r  acc_reg[31]_i_42/CO[3]
                         net (fo=1, unplaced)         0.000    10.467    acc_reg[31]_i_42_n_0
                         CARRY4 (Prop_carry4_CI_CO[0])
                                                      0.281    10.748 f  acc_reg[31]_i_27/CO[0]
                         net (fo=64, unplaced)        0.399    11.147    reduced_x3_ext1
                         LUT6 (Prop_lut6_I5_O)        0.367    11.514 r  acc[3]_i_15/O
                         net (fo=1, unplaced)         0.449    11.963    acc[3]_i_15_n_0
                         LUT6 (Prop_lut6_I1_O)        0.124    12.087 r  acc[3]_i_10/O
                         net (fo=1, unplaced)         0.000    12.087    acc[3]_i_10_n_0
                         CARRY4 (Prop_carry4_S[1]_CO[3])
                                                      0.533    12.620 r  acc_reg[3]_i_3/CO[3]
                         net (fo=1, unplaced)         0.009    12.629    acc_reg[3]_i_3_n_0
                         CARRY4 (Prop_carry4_CI_CO[3])
                                                      0.117    12.746 r  acc_reg[7]_i_3/CO[3]
                         net (fo=1, unplaced)         0.000    12.746    acc_reg[7]_i_3_n_0
                         CARRY4 (Prop_carry4_CI_CO[3])
                                                      0.117    12.863 r  acc_reg[11]_i_3/CO[3]
                         net (fo=1, unplaced)         0.000    12.863    acc_reg[11]_i_3_n_0
                         CARRY4 (Prop_carry4_CI_CO[3])
                                                      0.117    12.980 r  acc_reg[15]_i_3/CO[3]
                         net (fo=1, unplaced)         0.000    12.980    acc_reg[15]_i_3_n_0
                         CARRY4 (Prop_carry4_CI_CO[3])
                                                      0.117    13.097 r  acc_reg[19]_i_3/CO[3]
                         net (fo=1, unplaced)         0.000    13.097    acc_reg[19]_i_3_n_0
                         CARRY4 (Prop_carry4_CI_CO[3])
                                                      0.117    13.214 r  acc_reg[23]_i_3/CO[3]
                         net (fo=1, unplaced)         0.000    13.214    acc_reg[23]_i_3_n_0
                         CARRY4 (Prop_carry4_CI_O[3])
                                                      0.331    13.545 r  acc_reg[27]_i_3/O[3]
                         net (fo=5, unplaced)         0.646    14.191    acc_reg[27]_i_3_n_4
                         LUT4 (Prop_lut4_I2_O)        0.300    14.491 r  acc[31]_i_20/O
                         net (fo=1, unplaced)         0.000    14.491    acc[31]_i_20_n_0
                         CARRY4 (Prop_carry4_DI[1]_CO[3])
                                                      0.547    15.038 r  acc_reg[31]_i_10/CO[3]
                         net (fo=1, unplaced)         0.000    15.038    acc_reg[31]_i_10_n_0
                         CARRY4 (Prop_carry4_CI_CO[0])
                                                      0.281    15.319 r  acc_reg[31]_i_4/CO[0]
                         net (fo=32, unplaced)        0.382    15.701    reduced_acc_ext1
                         LUT3 (Prop_lut3_I1_O)        0.367    16.068 r  acc[0]_i_1/O
                         net (fo=2, unplaced)         0.000    16.068    next_acc[0]
                         FDRE                                         r  acc_reg[0]/D
  -------------------------------------------------------------------    -------------------

                         (clock clk rise edge)       10.000    10.000 r  
                                                      0.000    10.000 r  clk (IN)
                         net (fo=0)                   0.000    10.000    clk
                         IBUF (Prop_ibuf_I_O)         0.838    10.838 r  clk_IBUF_inst/O
                         net (fo=1, unplaced)         0.760    11.598    clk_IBUF
                         BUFG (Prop_bufg_I_O)         0.091    11.689 r  clk_IBUF_BUFG_inst/O
                         net (fo=166, unplaced)       0.439    12.128    clk_IBUF_BUFG
                         FDRE                                         r  acc_reg[0]/C
                         clock pessimism              0.184    12.311    
                         clock uncertainty           -0.035    12.276    
                         FDRE (Setup_fdre_C_D)        0.044    12.320    acc_reg[0]
  -------------------------------------------------------------------
                         required time                         12.320    
                         arrival time                         -16.068    
  -------------------------------------------------------------------
                         slack                                 -3.748    

Slack (VIOLATED) :        -3.748ns  (required time - arrival time)
  Source:                 x_reg[1]/C
                            (rising edge-triggered cell FDRE clocked by clk  {rise@0.000ns fall@5.000ns period=10.000ns})
  Destination:            acc_reg[10]/D
                            (rising edge-triggered cell FDRE clocked by clk  {rise@0.000ns fall@5.000ns period=10.000ns})
  Path Group:             clk
  Path Type:              Setup (Max at Slow Process Corner)
  Requirement:            10.000ns  (clk rise@10.000ns - clk rise@0.000ns)
  Data Path Delay:        13.612ns  (logic 9.254ns (67.984%)  route 4.358ns (32.016%))
  Logic Levels:           32  (CARRY4=24 LUT2=1 LUT3=2 LUT4=3 LUT6=2)
  Clock Path Skew:        -0.145ns (DCD - SCD + CPR)
    Destination Clock Delay (DCD):    2.128ns = ( 12.128 - 10.000 ) 
    Source Clock Delay      (SCD):    2.456ns
    Clock Pessimism Removal (CPR):    0.184ns
  Clock Uncertainty:      0.035ns  ((TSJ^2 + TIJ^2)^1/2 + DJ) / 2 + PE
    Total System Jitter     (TSJ):    0.071ns
    Total Input Jitter      (TIJ):    0.000ns
    Discrete Jitter          (DJ):    0.000ns
    Phase Error              (PE):    0.000ns

    Location             Delay type                Incr(ns)  Path(ns)    Netlist Resource(s)
  -------------------------------------------------------------------    -------------------
                         (clock clk rise edge)        0.000     0.000 r  
                                                      0.000     0.000 r  clk (IN)
                         net (fo=0)                   0.000     0.000    clk
                         IBUF (Prop_ibuf_I_O)         0.972     0.972 r  clk_IBUF_inst/O
                         net (fo=1, unplaced)         0.800     1.771    clk_IBUF
                         BUFG (Prop_bufg_I_O)         0.101     1.872 r  clk_IBUF_BUFG_inst/O
                         net (fo=166, unplaced)       0.584     2.456    clk_IBUF_BUFG
                         FDRE                                         r  x_reg[1]/C
  -------------------------------------------------------------------    -------------------
                         FDRE (Prop_fdre_C_Q)         0.478     2.934 r  x_reg[1]/Q
                         net (fo=6, unplaced)         0.773     3.707    twice_x_ext[2]
                         LUT4 (Prop_lut4_I1_O)        0.321     4.028 r  x[7]_i_44/O
                         net (fo=1, unplaced)         0.000     4.028    x[7]_i_44_n_0
                         CARRY4 (Prop_carry4_DI[1]_CO[3])
                                                      0.547     4.575 r  x_reg[7]_i_33/CO[3]
                         net (fo=1, unplaced)         0.009     4.584    x_reg[7]_i_33_n_0
                         CARRY4 (Prop_carry4_CI_CO[3])
                                                      0.117     4.701 r  x_reg[7]_i_24/CO[3]
                         net (fo=1, unplaced)         0.000     4.701    x_reg[7]_i_24_n_0
                         CARRY4 (Prop_carry4_CI_CO[3])
                                                      0.117     4.818 r  x_reg[7]_i_15/CO[3]
                         net (fo=1, unplaced)         0.000     4.818    x_reg[7]_i_15_n_0
                         CARRY4 (Prop_carry4_CI_CO[3])
                                                      0.117     4.935 r  x_reg[7]_i_13/CO[3]
                         net (fo=1, unplaced)         0.000     4.935    x_reg[7]_i_13_n_0
                         CARRY4 (Prop_carry4_CI_CO[0])
                                                      0.281     5.216 r  x_reg[7]_i_8/CO[0]
                         net (fo=33, unplaced)        0.383     5.599    reduced_x2_ext1
                         LUT3 (Prop_lut3_I2_O)        0.367     5.966 r  x[7]_i_11/O
                         net (fo=1, unplaced)         0.000     5.966    x[7]_i_11_n_0
                         CARRY4 (Prop_carry4_S[1]_CO[3])
                                                      0.533     6.499 r  x_reg[7]_i_3/CO[3]
                         net (fo=1, unplaced)         0.009     6.508    x_reg[7]_i_3_n_0
                         CARRY4 (Prop_carry4_CI_CO[3])
                                                      0.117     6.625 r  x_reg[11]_i_3/CO[3]
                         net (fo=1, unplaced)         0.000     6.625    x_reg[11]_i_3_n_0
                         CARRY4 (Prop_carry4_CI_CO[3])
                                                      0.117     6.742 r  x_reg[15]_i_3/CO[3]
                         net (fo=1, unplaced)         0.000     6.742    x_reg[15]_i_3_n_0
                         CARRY4 (Prop_carry4_CI_CO[3])
                                                      0.117     6.859 r  x_reg[19]_i_3/CO[3]
                         net (fo=1, unplaced)         0.000     6.859    x_reg[19]_i_3_n_0
                         CARRY4 (Prop_carry4_CI_CO[3])
                                                      0.117     6.976 r  x_reg[23]_i_3/CO[3]
                         net (fo=1, unplaced)         0.000     6.976    x_reg[23]_i_3_n_0
                         CARRY4 (Prop_carry4_CI_O[3])
                                                      0.331     7.307 r  x_reg[27]_i_3/O[3]
                         net (fo=7, unplaced)         0.653     7.960    reduced_x2_ext[23]
                         LUT2 (Prop_lut2_I0_O)        0.307     8.267 r  acc[23]_i_22/O
                         net (fo=1, unplaced)         0.000     8.267    acc[23]_i_22_n_0
                         CARRY4 (Prop_carry4_S[3]_CO[3])
                                                      0.376     8.643 r  acc_reg[23]_i_17/CO[3]
                         net (fo=1, unplaced)         0.000     8.643    acc_reg[23]_i_17_n_0
                         CARRY4 (Prop_carry4_CI_O[3])
                                                      0.331     8.974 r  acc_reg[27]_i_17/O[3]
                         net (fo=5, unplaced)         0.646     9.620    acc_reg[27]_i_17_n_4
                         LUT4 (Prop_lut4_I2_O)        0.300     9.920 r  acc[31]_i_65/O
                         net (fo=1, unplaced)         0.000     9.920    acc[31]_i_65_n_0
                         CARRY4 (Prop_carry4_DI[1]_CO[3])
                                                      0.547    10.467 r  acc_reg[31]_i_42/CO[3]
                         net (fo=1, unplaced)         0.000    10.467    acc_reg[31]_i_42_n_0
                         CARRY4 (Prop_carry4_CI_CO[0])
                                                      0.281    10.748 f  acc_reg[31]_i_27/CO[0]
                         net (fo=64, unplaced)        0.399    11.147    reduced_x3_ext1
                         LUT6 (Prop_lut6_I5_O)        0.367    11.514 r  acc[3]_i_15/O
                         net (fo=1, unplaced)         0.449    11.963    acc[3]_i_15_n_0
                         LUT6 (Prop_lut6_I1_O)        0.124    12.087 r  acc[3]_i_10/O
                         net (fo=1, unplaced)         0.000    12.087    acc[3]_i_10_n_0
                         CARRY4 (Prop_carry4_S[1]_CO[3])
                                                      0.533    12.620 r  acc_reg[3]_i_3/CO[3]
                         net (fo=1, unplaced)         0.009    12.629    acc_reg[3]_i_3_n_0
                         CARRY4 (Prop_carry4_CI_CO[3])
                                                      0.117    12.746 r  acc_reg[7]_i_3/CO[3]
                         net (fo=1, unplaced)         0.000    12.746    acc_reg[7]_i_3_n_0
                         CARRY4 (Prop_carry4_CI_CO[3])
                                                      0.117    12.863 r  acc_reg[11]_i_3/CO[3]
                         net (fo=1, unplaced)         0.000    12.863    acc_reg[11]_i_3_n_0
                         CARRY4 (Prop_carry4_CI_CO[3])
                                                      0.117    12.980 r  acc_reg[15]_i_3/CO[3]
                         net (fo=1, unplaced)         0.000    12.980    acc_reg[15]_i_3_n_0
                         CARRY4 (Prop_carry4_CI_CO[3])
                                                      0.117    13.097 r  acc_reg[19]_i_3/CO[3]
                         net (fo=1, unplaced)         0.000    13.097    acc_reg[19]_i_3_n_0
                         CARRY4 (Prop_carry4_CI_CO[3])
                                                      0.117    13.214 r  acc_reg[23]_i_3/CO[3]
                         net (fo=1, unplaced)         0.000    13.214    acc_reg[23]_i_3_n_0
                         CARRY4 (Prop_carry4_CI_O[3])
                                                      0.331    13.545 r  acc_reg[27]_i_3/O[3]
                         net (fo=5, unplaced)         0.646    14.191    acc_reg[27]_i_3_n_4
                         LUT4 (Prop_lut4_I2_O)        0.300    14.491 r  acc[31]_i_20/O
                         net (fo=1, unplaced)         0.000    14.491    acc[31]_i_20_n_0
                         CARRY4 (Prop_carry4_DI[1]_CO[3])
                                                      0.547    15.038 r  acc_reg[31]_i_10/CO[3]
                         net (fo=1, unplaced)         0.000    15.038    acc_reg[31]_i_10_n_0
                         CARRY4 (Prop_carry4_CI_CO[0])
                                                      0.281    15.319 r  acc_reg[31]_i_4/CO[0]
                         net (fo=32, unplaced)        0.382    15.701    reduced_acc_ext1
                         LUT3 (Prop_lut3_I1_O)        0.367    16.068 r  acc[10]_i_1/O
                         net (fo=2, unplaced)         0.000    16.068    next_acc[10]
                         FDRE                                         r  acc_reg[10]/D
  -------------------------------------------------------------------    -------------------

                         (clock clk rise edge)       10.000    10.000 r  
                                                      0.000    10.000 r  clk (IN)
                         net (fo=0)                   0.000    10.000    clk
                         IBUF (Prop_ibuf_I_O)         0.838    10.838 r  clk_IBUF_inst/O
                         net (fo=1, unplaced)         0.760    11.598    clk_IBUF
                         BUFG (Prop_bufg_I_O)         0.091    11.689 r  clk_IBUF_BUFG_inst/O
                         net (fo=166, unplaced)       0.439    12.128    clk_IBUF_BUFG
                         FDRE                                         r  acc_reg[10]/C
                         clock pessimism              0.184    12.311    
                         clock uncertainty           -0.035    12.276    
                         FDRE (Setup_fdre_C_D)        0.044    12.320    acc_reg[10]
  -------------------------------------------------------------------
                         required time                         12.320    
                         arrival time                         -16.068    
  -------------------------------------------------------------------
                         slack                                 -3.748    

Slack (VIOLATED) :        -3.748ns  (required time - arrival time)
  Source:                 x_reg[1]/C
                            (rising edge-triggered cell FDRE clocked by clk  {rise@0.000ns fall@5.000ns period=10.000ns})
  Destination:            acc_reg[11]/D
                            (rising edge-triggered cell FDRE clocked by clk  {rise@0.000ns fall@5.000ns period=10.000ns})
  Path Group:             clk
  Path Type:              Setup (Max at Slow Process Corner)
  Requirement:            10.000ns  (clk rise@10.000ns - clk rise@0.000ns)
  Data Path Delay:        13.612ns  (logic 9.254ns (67.984%)  route 4.358ns (32.016%))
  Logic Levels:           32  (CARRY4=24 LUT2=1 LUT3=2 LUT4=3 LUT6=2)
  Clock Path Skew:        -0.145ns (DCD - SCD + CPR)
    Destination Clock Delay (DCD):    2.128ns = ( 12.128 - 10.000 ) 
    Source Clock Delay      (SCD):    2.456ns
    Clock Pessimism Removal (CPR):    0.184ns
  Clock Uncertainty:      0.035ns  ((TSJ^2 + TIJ^2)^1/2 + DJ) / 2 + PE
    Total System Jitter     (TSJ):    0.071ns
    Total Input Jitter      (TIJ):    0.000ns
    Discrete Jitter          (DJ):    0.000ns
    Phase Error              (PE):    0.000ns

    Location             Delay type                Incr(ns)  Path(ns)    Netlist Resource(s)
  -------------------------------------------------------------------    -------------------
                         (clock clk rise edge)        0.000     0.000 r  
                                                      0.000     0.000 r  clk (IN)
                         net (fo=0)                   0.000     0.000    clk
                         IBUF (Prop_ibuf_I_O)         0.972     0.972 r  clk_IBUF_inst/O
                         net (fo=1, unplaced)         0.800     1.771    clk_IBUF
                         BUFG (Prop_bufg_I_O)         0.101     1.872 r  clk_IBUF_BUFG_inst/O
                         net (fo=166, unplaced)       0.584     2.456    clk_IBUF_BUFG
                         FDRE                                         r  x_reg[1]/C
  -------------------------------------------------------------------    -------------------
                         FDRE (Prop_fdre_C_Q)         0.478     2.934 r  x_reg[1]/Q
                         net (fo=6, unplaced)         0.773     3.707    twice_x_ext[2]
                         LUT4 (Prop_lut4_I1_O)        0.321     4.028 r  x[7]_i_44/O
                         net (fo=1, unplaced)         0.000     4.028    x[7]_i_44_n_0
                         CARRY4 (Prop_carry4_DI[1]_CO[3])
                                                      0.547     4.575 r  x_reg[7]_i_33/CO[3]
                         net (fo=1, unplaced)         0.009     4.584    x_reg[7]_i_33_n_0
                         CARRY4 (Prop_carry4_CI_CO[3])
                                                      0.117     4.701 r  x_reg[7]_i_24/CO[3]
                         net (fo=1, unplaced)         0.000     4.701    x_reg[7]_i_24_n_0
                         CARRY4 (Prop_carry4_CI_CO[3])
                                                      0.117     4.818 r  x_reg[7]_i_15/CO[3]
                         net (fo=1, unplaced)         0.000     4.818    x_reg[7]_i_15_n_0
                         CARRY4 (Prop_carry4_CI_CO[3])
                                                      0.117     4.935 r  x_reg[7]_i_13/CO[3]
                         net (fo=1, unplaced)         0.000     4.935    x_reg[7]_i_13_n_0
                         CARRY4 (Prop_carry4_CI_CO[0])
                                                      0.281     5.216 r  x_reg[7]_i_8/CO[0]
                         net (fo=33, unplaced)        0.383     5.599    reduced_x2_ext1
                         LUT3 (Prop_lut3_I2_O)        0.367     5.966 r  x[7]_i_11/O
                         net (fo=1, unplaced)         0.000     5.966    x[7]_i_11_n_0
                         CARRY4 (Prop_carry4_S[1]_CO[3])
                                                      0.533     6.499 r  x_reg[7]_i_3/CO[3]
                         net (fo=1, unplaced)         0.009     6.508    x_reg[7]_i_3_n_0
                         CARRY4 (Prop_carry4_CI_CO[3])
                                                      0.117     6.625 r  x_reg[11]_i_3/CO[3]
                         net (fo=1, unplaced)         0.000     6.625    x_reg[11]_i_3_n_0
                         CARRY4 (Prop_carry4_CI_CO[3])
                                                      0.117     6.742 r  x_reg[15]_i_3/CO[3]
                         net (fo=1, unplaced)         0.000     6.742    x_reg[15]_i_3_n_0
                         CARRY4 (Prop_carry4_CI_CO[3])
                                                      0.117     6.859 r  x_reg[19]_i_3/CO[3]
                         net (fo=1, unplaced)         0.000     6.859    x_reg[19]_i_3_n_0
                         CARRY4 (Prop_carry4_CI_CO[3])
                                                      0.117     6.976 r  x_reg[23]_i_3/CO[3]
                         net (fo=1, unplaced)         0.000     6.976    x_reg[23]_i_3_n_0
                         CARRY4 (Prop_carry4_CI_O[3])
                                                      0.331     7.307 r  x_reg[27]_i_3/O[3]
                         net (fo=7, unplaced)         0.653     7.960    reduced_x2_ext[23]
                         LUT2 (Prop_lut2_I0_O)        0.307     8.267 r  acc[23]_i_22/O
                         net (fo=1, unplaced)         0.000     8.267    acc[23]_i_22_n_0
                         CARRY4 (Prop_carry4_S[3]_CO[3])
                                                      0.376     8.643 r  acc_reg[23]_i_17/CO[3]
                         net (fo=1, unplaced)         0.000     8.643    acc_reg[23]_i_17_n_0
                         CARRY4 (Prop_carry4_CI_O[3])
                                                      0.331     8.974 r  acc_reg[27]_i_17/O[3]
                         net (fo=5, unplaced)         0.646     9.620    acc_reg[27]_i_17_n_4
                         LUT4 (Prop_lut4_I2_O)        0.300     9.920 r  acc[31]_i_65/O
                         net (fo=1, unplaced)         0.000     9.920    acc[31]_i_65_n_0
                         CARRY4 (Prop_carry4_DI[1]_CO[3])
                                                      0.547    10.467 r  acc_reg[31]_i_42/CO[3]
                         net (fo=1, unplaced)         0.000    10.467    acc_reg[31]_i_42_n_0
                         CARRY4 (Prop_carry4_CI_CO[0])
                                                      0.281    10.748 f  acc_reg[31]_i_27/CO[0]
                         net (fo=64, unplaced)        0.399    11.147    reduced_x3_ext1
                         LUT6 (Prop_lut6_I5_O)        0.367    11.514 r  acc[3]_i_15/O
                         net (fo=1, unplaced)         0.449    11.963    acc[3]_i_15_n_0
                         LUT6 (Prop_lut6_I1_O)        0.124    12.087 r  acc[3]_i_10/O
                         net (fo=1, unplaced)         0.000    12.087    acc[3]_i_10_n_0
                         CARRY4 (Prop_carry4_S[1]_CO[3])
                                                      0.533    12.620 r  acc_reg[3]_i_3/CO[3]
                         net (fo=1, unplaced)         0.009    12.629    acc_reg[3]_i_3_n_0
                         CARRY4 (Prop_carry4_CI_CO[3])
                                                      0.117    12.746 r  acc_reg[7]_i_3/CO[3]
                         net (fo=1, unplaced)         0.000    12.746    acc_reg[7]_i_3_n_0
                         CARRY4 (Prop_carry4_CI_CO[3])
                                                      0.117    12.863 r  acc_reg[11]_i_3/CO[3]
                         net (fo=1, unplaced)         0.000    12.863    acc_reg[11]_i_3_n_0
                         CARRY4 (Prop_carry4_CI_CO[3])
                                                      0.117    12.980 r  acc_reg[15]_i_3/CO[3]
                         net (fo=1, unplaced)         0.000    12.980    acc_reg[15]_i_3_n_0
                         CARRY4 (Prop_carry4_CI_CO[3])
                                                      0.117    13.097 r  acc_reg[19]_i_3/CO[3]
                         net (fo=1, unplaced)         0.000    13.097    acc_reg[19]_i_3_n_0
                         CARRY4 (Prop_carry4_CI_CO[3])
                                                      0.117    13.214 r  acc_reg[23]_i_3/CO[3]
                         net (fo=1, unplaced)         0.000    13.214    acc_reg[23]_i_3_n_0
                         CARRY4 (Prop_carry4_CI_O[3])
                                                      0.331    13.545 r  acc_reg[27]_i_3/O[3]
                         net (fo=5, unplaced)         0.646    14.191    acc_reg[27]_i_3_n_4
                         LUT4 (Prop_lut4_I2_O)        0.300    14.491 r  acc[31]_i_20/O
                         net (fo=1, unplaced)         0.000    14.491    acc[31]_i_20_n_0
                         CARRY4 (Prop_carry4_DI[1]_CO[3])
                                                      0.547    15.038 r  acc_reg[31]_i_10/CO[3]
                         net (fo=1, unplaced)         0.000    15.038    acc_reg[31]_i_10_n_0
                         CARRY4 (Prop_carry4_CI_CO[0])
                                                      0.281    15.319 r  acc_reg[31]_i_4/CO[0]
                         net (fo=32, unplaced)        0.382    15.701    reduced_acc_ext1
                         LUT3 (Prop_lut3_I1_O)        0.367    16.068 r  acc[11]_i_1/O
                         net (fo=2, unplaced)         0.000    16.068    next_acc[11]
                         FDRE                                         r  acc_reg[11]/D
  -------------------------------------------------------------------    -------------------

                         (clock clk rise edge)       10.000    10.000 r  
                                                      0.000    10.000 r  clk (IN)
                         net (fo=0)                   0.000    10.000    clk
                         IBUF (Prop_ibuf_I_O)         0.838    10.838 r  clk_IBUF_inst/O
                         net (fo=1, unplaced)         0.760    11.598    clk_IBUF
                         BUFG (Prop_bufg_I_O)         0.091    11.689 r  clk_IBUF_BUFG_inst/O
                         net (fo=166, unplaced)       0.439    12.128    clk_IBUF_BUFG
                         FDRE                                         r  acc_reg[11]/C
                         clock pessimism              0.184    12.311    
                         clock uncertainty           -0.035    12.276    
                         FDRE (Setup_fdre_C_D)        0.044    12.320    acc_reg[11]
  -------------------------------------------------------------------
                         required time                         12.320    
                         arrival time                         -16.068    
  -------------------------------------------------------------------
                         slack                                 -3.748    

Slack (VIOLATED) :        -3.748ns  (required time - arrival time)
  Source:                 x_reg[1]/C
                            (rising edge-triggered cell FDRE clocked by clk  {rise@0.000ns fall@5.000ns period=10.000ns})
  Destination:            acc_reg[12]/D
                            (rising edge-triggered cell FDRE clocked by clk  {rise@0.000ns fall@5.000ns period=10.000ns})
  Path Group:             clk
  Path Type:              Setup (Max at Slow Process Corner)
  Requirement:            10.000ns  (clk rise@10.000ns - clk rise@0.000ns)
  Data Path Delay:        13.612ns  (logic 9.254ns (67.984%)  route 4.358ns (32.016%))
  Logic Levels:           32  (CARRY4=24 LUT2=1 LUT3=2 LUT4=3 LUT6=2)
  Clock Path Skew:        -0.145ns (DCD - SCD + CPR)
    Destination Clock Delay (DCD):    2.128ns = ( 12.128 - 10.000 ) 
    Source Clock Delay      (SCD):    2.456ns
    Clock Pessimism Removal (CPR):    0.184ns
  Clock Uncertainty:      0.035ns  ((TSJ^2 + TIJ^2)^1/2 + DJ) / 2 + PE
    Total System Jitter     (TSJ):    0.071ns
    Total Input Jitter      (TIJ):    0.000ns
    Discrete Jitter          (DJ):    0.000ns
    Phase Error              (PE):    0.000ns

    Location             Delay type                Incr(ns)  Path(ns)    Netlist Resource(s)
  -------------------------------------------------------------------    -------------------
                         (clock clk rise edge)        0.000     0.000 r  
                                                      0.000     0.000 r  clk (IN)
                         net (fo=0)                   0.000     0.000    clk
                         IBUF (Prop_ibuf_I_O)         0.972     0.972 r  clk_IBUF_inst/O
                         net (fo=1, unplaced)         0.800     1.771    clk_IBUF
                         BUFG (Prop_bufg_I_O)         0.101     1.872 r  clk_IBUF_BUFG_inst/O
                         net (fo=166, unplaced)       0.584     2.456    clk_IBUF_BUFG
                         FDRE                                         r  x_reg[1]/C
  -------------------------------------------------------------------    -------------------
                         FDRE (Prop_fdre_C_Q)         0.478     2.934 r  x_reg[1]/Q
                         net (fo=6, unplaced)         0.773     3.707    twice_x_ext[2]
                         LUT4 (Prop_lut4_I1_O)        0.321     4.028 r  x[7]_i_44/O
                         net (fo=1, unplaced)         0.000     4.028    x[7]_i_44_n_0
                         CARRY4 (Prop_carry4_DI[1]_CO[3])
                                                      0.547     4.575 r  x_reg[7]_i_33/CO[3]
                         net (fo=1, unplaced)         0.009     4.584    x_reg[7]_i_33_n_0
                         CARRY4 (Prop_carry4_CI_CO[3])
                                                      0.117     4.701 r  x_reg[7]_i_24/CO[3]
                         net (fo=1, unplaced)         0.000     4.701    x_reg[7]_i_24_n_0
                         CARRY4 (Prop_carry4_CI_CO[3])
                                                      0.117     4.818 r  x_reg[7]_i_15/CO[3]
                         net (fo=1, unplaced)         0.000     4.818    x_reg[7]_i_15_n_0
                         CARRY4 (Prop_carry4_CI_CO[3])
                                                      0.117     4.935 r  x_reg[7]_i_13/CO[3]
                         net (fo=1, unplaced)         0.000     4.935    x_reg[7]_i_13_n_0
                         CARRY4 (Prop_carry4_CI_CO[0])
                                                      0.281     5.216 r  x_reg[7]_i_8/CO[0]
                         net (fo=33, unplaced)        0.383     5.599    reduced_x2_ext1
                         LUT3 (Prop_lut3_I2_O)        0.367     5.966 r  x[7]_i_11/O
                         net (fo=1, unplaced)         0.000     5.966    x[7]_i_11_n_0
                         CARRY4 (Prop_carry4_S[1]_CO[3])
                                                      0.533     6.499 r  x_reg[7]_i_3/CO[3]
                         net (fo=1, unplaced)         0.009     6.508    x_reg[7]_i_3_n_0
                         CARRY4 (Prop_carry4_CI_CO[3])
                                                      0.117     6.625 r  x_reg[11]_i_3/CO[3]
                         net (fo=1, unplaced)         0.000     6.625    x_reg[11]_i_3_n_0
                         CARRY4 (Prop_carry4_CI_CO[3])
                                                      0.117     6.742 r  x_reg[15]_i_3/CO[3]
                         net (fo=1, unplaced)         0.000     6.742    x_reg[15]_i_3_n_0
                         CARRY4 (Prop_carry4_CI_CO[3])
                                                      0.117     6.859 r  x_reg[19]_i_3/CO[3]
                         net (fo=1, unplaced)         0.000     6.859    x_reg[19]_i_3_n_0
                         CARRY4 (Prop_carry4_CI_CO[3])
                                                      0.117     6.976 r  x_reg[23]_i_3/CO[3]
                         net (fo=1, unplaced)         0.000     6.976    x_reg[23]_i_3_n_0
                         CARRY4 (Prop_carry4_CI_O[3])
                                                      0.331     7.307 r  x_reg[27]_i_3/O[3]
                         net (fo=7, unplaced)         0.653     7.960    reduced_x2_ext[23]
                         LUT2 (Prop_lut2_I0_O)        0.307     8.267 r  acc[23]_i_22/O
                         net (fo=1, unplaced)         0.000     8.267    acc[23]_i_22_n_0
                         CARRY4 (Prop_carry4_S[3]_CO[3])
                                                      0.376     8.643 r  acc_reg[23]_i_17/CO[3]
                         net (fo=1, unplaced)         0.000     8.643    acc_reg[23]_i_17_n_0
                         CARRY4 (Prop_carry4_CI_O[3])
                                                      0.331     8.974 r  acc_reg[27]_i_17/O[3]
                         net (fo=5, unplaced)         0.646     9.620    acc_reg[27]_i_17_n_4
                         LUT4 (Prop_lut4_I2_O)        0.300     9.920 r  acc[31]_i_65/O
                         net (fo=1, unplaced)         0.000     9.920    acc[31]_i_65_n_0
                         CARRY4 (Prop_carry4_DI[1]_CO[3])
                                                      0.547    10.467 r  acc_reg[31]_i_42/CO[3]
                         net (fo=1, unplaced)         0.000    10.467    acc_reg[31]_i_42_n_0
                         CARRY4 (Prop_carry4_CI_CO[0])
                                                      0.281    10.748 f  acc_reg[31]_i_27/CO[0]
                         net (fo=64, unplaced)        0.399    11.147    reduced_x3_ext1
                         LUT6 (Prop_lut6_I5_O)        0.367    11.514 r  acc[3]_i_15/O
                         net (fo=1, unplaced)         0.449    11.963    acc[3]_i_15_n_0
                         LUT6 (Prop_lut6_I1_O)        0.124    12.087 r  acc[3]_i_10/O
                         net (fo=1, unplaced)         0.000    12.087    acc[3]_i_10_n_0
                         CARRY4 (Prop_carry4_S[1]_CO[3])
                                                      0.533    12.620 r  acc_reg[3]_i_3/CO[3]
                         net (fo=1, unplaced)         0.009    12.629    acc_reg[3]_i_3_n_0
                         CARRY4 (Prop_carry4_CI_CO[3])
                                                      0.117    12.746 r  acc_reg[7]_i_3/CO[3]
                         net (fo=1, unplaced)         0.000    12.746    acc_reg[7]_i_3_n_0
                         CARRY4 (Prop_carry4_CI_CO[3])
                                                      0.117    12.863 r  acc_reg[11]_i_3/CO[3]
                         net (fo=1, unplaced)         0.000    12.863    acc_reg[11]_i_3_n_0
                         CARRY4 (Prop_carry4_CI_CO[3])
                                                      0.117    12.980 r  acc_reg[15]_i_3/CO[3]
                         net (fo=1, unplaced)         0.000    12.980    acc_reg[15]_i_3_n_0
                         CARRY4 (Prop_carry4_CI_CO[3])
                                                      0.117    13.097 r  acc_reg[19]_i_3/CO[3]
                         net (fo=1, unplaced)         0.000    13.097    acc_reg[19]_i_3_n_0
                         CARRY4 (Prop_carry4_CI_CO[3])
                                                      0.117    13.214 r  acc_reg[23]_i_3/CO[3]
                         net (fo=1, unplaced)         0.000    13.214    acc_reg[23]_i_3_n_0
                         CARRY4 (Prop_carry4_CI_O[3])
                                                      0.331    13.545 r  acc_reg[27]_i_3/O[3]
                         net (fo=5, unplaced)         0.646    14.191    acc_reg[27]_i_3_n_4
                         LUT4 (Prop_lut4_I2_O)        0.300    14.491 r  acc[31]_i_20/O
                         net (fo=1, unplaced)         0.000    14.491    acc[31]_i_20_n_0
                         CARRY4 (Prop_carry4_DI[1]_CO[3])
                                                      0.547    15.038 r  acc_reg[31]_i_10/CO[3]
                         net (fo=1, unplaced)         0.000    15.038    acc_reg[31]_i_10_n_0
                         CARRY4 (Prop_carry4_CI_CO[0])
                                                      0.281    15.319 r  acc_reg[31]_i_4/CO[0]
                         net (fo=32, unplaced)        0.382    15.701    reduced_acc_ext1
                         LUT3 (Prop_lut3_I1_O)        0.367    16.068 r  acc[12]_i_1/O
                         net (fo=2, unplaced)         0.000    16.068    next_acc[12]
                         FDRE                                         r  acc_reg[12]/D
  -------------------------------------------------------------------    -------------------

                         (clock clk rise edge)       10.000    10.000 r  
                                                      0.000    10.000 r  clk (IN)
                         net (fo=0)                   0.000    10.000    clk
                         IBUF (Prop_ibuf_I_O)         0.838    10.838 r  clk_IBUF_inst/O
                         net (fo=1, unplaced)         0.760    11.598    clk_IBUF
                         BUFG (Prop_bufg_I_O)         0.091    11.689 r  clk_IBUF_BUFG_inst/O
                         net (fo=166, unplaced)       0.439    12.128    clk_IBUF_BUFG
                         FDRE                                         r  acc_reg[12]/C
                         clock pessimism              0.184    12.311    
                         clock uncertainty           -0.035    12.276    
                         FDRE (Setup_fdre_C_D)        0.044    12.320    acc_reg[12]
  -------------------------------------------------------------------
                         required time                         12.320    
                         arrival time                         -16.068    
  -------------------------------------------------------------------
                         slack                                 -3.748    

Slack (VIOLATED) :        -3.748ns  (required time - arrival time)
  Source:                 x_reg[1]/C
                            (rising edge-triggered cell FDRE clocked by clk  {rise@0.000ns fall@5.000ns period=10.000ns})
  Destination:            acc_reg[13]/D
                            (rising edge-triggered cell FDRE clocked by clk  {rise@0.000ns fall@5.000ns period=10.000ns})
  Path Group:             clk
  Path Type:              Setup (Max at Slow Process Corner)
  Requirement:            10.000ns  (clk rise@10.000ns - clk rise@0.000ns)
  Data Path Delay:        13.612ns  (logic 9.254ns (67.984%)  route 4.358ns (32.016%))
  Logic Levels:           32  (CARRY4=24 LUT2=1 LUT3=2 LUT4=3 LUT6=2)
  Clock Path Skew:        -0.145ns (DCD - SCD + CPR)
    Destination Clock Delay (DCD):    2.128ns = ( 12.128 - 10.000 ) 
    Source Clock Delay      (SCD):    2.456ns
    Clock Pessimism Removal (CPR):    0.184ns
  Clock Uncertainty:      0.035ns  ((TSJ^2 + TIJ^2)^1/2 + DJ) / 2 + PE
    Total System Jitter     (TSJ):    0.071ns
    Total Input Jitter      (TIJ):    0.000ns
    Discrete Jitter          (DJ):    0.000ns
    Phase Error              (PE):    0.000ns

    Location             Delay type                Incr(ns)  Path(ns)    Netlist Resource(s)
  -------------------------------------------------------------------    -------------------
                         (clock clk rise edge)        0.000     0.000 r  
                                                      0.000     0.000 r  clk (IN)
                         net (fo=0)                   0.000     0.000    clk
                         IBUF (Prop_ibuf_I_O)         0.972     0.972 r  clk_IBUF_inst/O
                         net (fo=1, unplaced)         0.800     1.771    clk_IBUF
                         BUFG (Prop_bufg_I_O)         0.101     1.872 r  clk_IBUF_BUFG_inst/O
                         net (fo=166, unplaced)       0.584     2.456    clk_IBUF_BUFG
                         FDRE                                         r  x_reg[1]/C
  -------------------------------------------------------------------    -------------------
                         FDRE (Prop_fdre_C_Q)         0.478     2.934 r  x_reg[1]/Q
                         net (fo=6, unplaced)         0.773     3.707    twice_x_ext[2]
                         LUT4 (Prop_lut4_I1_O)        0.321     4.028 r  x[7]_i_44/O
                         net (fo=1, unplaced)         0.000     4.028    x[7]_i_44_n_0
                         CARRY4 (Prop_carry4_DI[1]_CO[3])
                                                      0.547     4.575 r  x_reg[7]_i_33/CO[3]
                         net (fo=1, unplaced)         0.009     4.584    x_reg[7]_i_33_n_0
                         CARRY4 (Prop_carry4_CI_CO[3])
                                                      0.117     4.701 r  x_reg[7]_i_24/CO[3]
                         net (fo=1, unplaced)         0.000     4.701    x_reg[7]_i_24_n_0
                         CARRY4 (Prop_carry4_CI_CO[3])
                                                      0.117     4.818 r  x_reg[7]_i_15/CO[3]
                         net (fo=1, unplaced)         0.000     4.818    x_reg[7]_i_15_n_0
                         CARRY4 (Prop_carry4_CI_CO[3])
                                                      0.117     4.935 r  x_reg[7]_i_13/CO[3]
                         net (fo=1, unplaced)         0.000     4.935    x_reg[7]_i_13_n_0
                         CARRY4 (Prop_carry4_CI_CO[0])
                                                      0.281     5.216 r  x_reg[7]_i_8/CO[0]
                         net (fo=33, unplaced)        0.383     5.599    reduced_x2_ext1
                         LUT3 (Prop_lut3_I2_O)        0.367     5.966 r  x[7]_i_11/O
                         net (fo=1, unplaced)         0.000     5.966    x[7]_i_11_n_0
                         CARRY4 (Prop_carry4_S[1]_CO[3])
                                                      0.533     6.499 r  x_reg[7]_i_3/CO[3]
                         net (fo=1, unplaced)         0.009     6.508    x_reg[7]_i_3_n_0
                         CARRY4 (Prop_carry4_CI_CO[3])
                                                      0.117     6.625 r  x_reg[11]_i_3/CO[3]
                         net (fo=1, unplaced)         0.000     6.625    x_reg[11]_i_3_n_0
                         CARRY4 (Prop_carry4_CI_CO[3])
                                                      0.117     6.742 r  x_reg[15]_i_3/CO[3]
                         net (fo=1, unplaced)         0.000     6.742    x_reg[15]_i_3_n_0
                         CARRY4 (Prop_carry4_CI_CO[3])
                                                      0.117     6.859 r  x_reg[19]_i_3/CO[3]
                         net (fo=1, unplaced)         0.000     6.859    x_reg[19]_i_3_n_0
                         CARRY4 (Prop_carry4_CI_CO[3])
                                                      0.117     6.976 r  x_reg[23]_i_3/CO[3]
                         net (fo=1, unplaced)         0.000     6.976    x_reg[23]_i_3_n_0
                         CARRY4 (Prop_carry4_CI_O[3])
                                                      0.331     7.307 r  x_reg[27]_i_3/O[3]
                         net (fo=7, unplaced)         0.653     7.960    reduced_x2_ext[23]
                         LUT2 (Prop_lut2_I0_O)        0.307     8.267 r  acc[23]_i_22/O
                         net (fo=1, unplaced)         0.000     8.267    acc[23]_i_22_n_0
                         CARRY4 (Prop_carry4_S[3]_CO[3])
                                                      0.376     8.643 r  acc_reg[23]_i_17/CO[3]
                         net (fo=1, unplaced)         0.000     8.643    acc_reg[23]_i_17_n_0
                         CARRY4 (Prop_carry4_CI_O[3])
                                                      0.331     8.974 r  acc_reg[27]_i_17/O[3]
                         net (fo=5, unplaced)         0.646     9.620    acc_reg[27]_i_17_n_4
                         LUT4 (Prop_lut4_I2_O)        0.300     9.920 r  acc[31]_i_65/O
                         net (fo=1, unplaced)         0.000     9.920    acc[31]_i_65_n_0
                         CARRY4 (Prop_carry4_DI[1]_CO[3])
                                                      0.547    10.467 r  acc_reg[31]_i_42/CO[3]
                         net (fo=1, unplaced)         0.000    10.467    acc_reg[31]_i_42_n_0
                         CARRY4 (Prop_carry4_CI_CO[0])
                                                      0.281    10.748 f  acc_reg[31]_i_27/CO[0]
                         net (fo=64, unplaced)        0.399    11.147    reduced_x3_ext1
                         LUT6 (Prop_lut6_I5_O)        0.367    11.514 r  acc[3]_i_15/O
                         net (fo=1, unplaced)         0.449    11.963    acc[3]_i_15_n_0
                         LUT6 (Prop_lut6_I1_O)        0.124    12.087 r  acc[3]_i_10/O
                         net (fo=1, unplaced)         0.000    12.087    acc[3]_i_10_n_0
                         CARRY4 (Prop_carry4_S[1]_CO[3])
                                                      0.533    12.620 r  acc_reg[3]_i_3/CO[3]
                         net (fo=1, unplaced)         0.009    12.629    acc_reg[3]_i_3_n_0
                         CARRY4 (Prop_carry4_CI_CO[3])
                                                      0.117    12.746 r  acc_reg[7]_i_3/CO[3]
                         net (fo=1, unplaced)         0.000    12.746    acc_reg[7]_i_3_n_0
                         CARRY4 (Prop_carry4_CI_CO[3])
                                                      0.117    12.863 r  acc_reg[11]_i_3/CO[3]
                         net (fo=1, unplaced)         0.000    12.863    acc_reg[11]_i_3_n_0
                         CARRY4 (Prop_carry4_CI_CO[3])
                                                      0.117    12.980 r  acc_reg[15]_i_3/CO[3]
                         net (fo=1, unplaced)         0.000    12.980    acc_reg[15]_i_3_n_0
                         CARRY4 (Prop_carry4_CI_CO[3])
                                                      0.117    13.097 r  acc_reg[19]_i_3/CO[3]
                         net (fo=1, unplaced)         0.000    13.097    acc_reg[19]_i_3_n_0
                         CARRY4 (Prop_carry4_CI_CO[3])
                                                      0.117    13.214 r  acc_reg[23]_i_3/CO[3]
                         net (fo=1, unplaced)         0.000    13.214    acc_reg[23]_i_3_n_0
                         CARRY4 (Prop_carry4_CI_O[3])
                                                      0.331    13.545 r  acc_reg[27]_i_3/O[3]
                         net (fo=5, unplaced)         0.646    14.191    acc_reg[27]_i_3_n_4
                         LUT4 (Prop_lut4_I2_O)        0.300    14.491 r  acc[31]_i_20/O
                         net (fo=1, unplaced)         0.000    14.491    acc[31]_i_20_n_0
                         CARRY4 (Prop_carry4_DI[1]_CO[3])
                                                      0.547    15.038 r  acc_reg[31]_i_10/CO[3]
                         net (fo=1, unplaced)         0.000    15.038    acc_reg[31]_i_10_n_0
                         CARRY4 (Prop_carry4_CI_CO[0])
                                                      0.281    15.319 r  acc_reg[31]_i_4/CO[0]
                         net (fo=32, unplaced)        0.382    15.701    reduced_acc_ext1
                         LUT3 (Prop_lut3_I1_O)        0.367    16.068 r  acc[13]_i_1/O
                         net (fo=2, unplaced)         0.000    16.068    next_acc[13]
                         FDRE                                         r  acc_reg[13]/D
  -------------------------------------------------------------------    -------------------

                         (clock clk rise edge)       10.000    10.000 r  
                                                      0.000    10.000 r  clk (IN)
                         net (fo=0)                   0.000    10.000    clk
                         IBUF (Prop_ibuf_I_O)         0.838    10.838 r  clk_IBUF_inst/O
                         net (fo=1, unplaced)         0.760    11.598    clk_IBUF
                         BUFG (Prop_bufg_I_O)         0.091    11.689 r  clk_IBUF_BUFG_inst/O
                         net (fo=166, unplaced)       0.439    12.128    clk_IBUF_BUFG
                         FDRE                                         r  acc_reg[13]/C
                         clock pessimism              0.184    12.311    
                         clock uncertainty           -0.035    12.276    
                         FDRE (Setup_fdre_C_D)        0.044    12.320    acc_reg[13]
  -------------------------------------------------------------------
                         required time                         12.320    
                         arrival time                         -16.068    
  -------------------------------------------------------------------
                         slack                                 -3.748    

Slack (VIOLATED) :        -3.748ns  (required time - arrival time)
  Source:                 x_reg[1]/C
                            (rising edge-triggered cell FDRE clocked by clk  {rise@0.000ns fall@5.000ns period=10.000ns})
  Destination:            acc_reg[14]/D
                            (rising edge-triggered cell FDRE clocked by clk  {rise@0.000ns fall@5.000ns period=10.000ns})
  Path Group:             clk
  Path Type:              Setup (Max at Slow Process Corner)
  Requirement:            10.000ns  (clk rise@10.000ns - clk rise@0.000ns)
  Data Path Delay:        13.612ns  (logic 9.254ns (67.984%)  route 4.358ns (32.016%))
  Logic Levels:           32  (CARRY4=24 LUT2=1 LUT3=2 LUT4=3 LUT6=2)
  Clock Path Skew:        -0.145ns (DCD - SCD + CPR)
    Destination Clock Delay (DCD):    2.128ns = ( 12.128 - 10.000 ) 
    Source Clock Delay      (SCD):    2.456ns
    Clock Pessimism Removal (CPR):    0.184ns
  Clock Uncertainty:      0.035ns  ((TSJ^2 + TIJ^2)^1/2 + DJ) / 2 + PE
    Total System Jitter     (TSJ):    0.071ns
    Total Input Jitter      (TIJ):    0.000ns
    Discrete Jitter          (DJ):    0.000ns
    Phase Error              (PE):    0.000ns

    Location             Delay type                Incr(ns)  Path(ns)    Netlist Resource(s)
  -------------------------------------------------------------------    -------------------
                         (clock clk rise edge)        0.000     0.000 r  
                                                      0.000     0.000 r  clk (IN)
                         net (fo=0)                   0.000     0.000    clk
                         IBUF (Prop_ibuf_I_O)         0.972     0.972 r  clk_IBUF_inst/O
                         net (fo=1, unplaced)         0.800     1.771    clk_IBUF
                         BUFG (Prop_bufg_I_O)         0.101     1.872 r  clk_IBUF_BUFG_inst/O
                         net (fo=166, unplaced)       0.584     2.456    clk_IBUF_BUFG
                         FDRE                                         r  x_reg[1]/C
  -------------------------------------------------------------------    -------------------
                         FDRE (Prop_fdre_C_Q)         0.478     2.934 r  x_reg[1]/Q
                         net (fo=6, unplaced)         0.773     3.707    twice_x_ext[2]
                         LUT4 (Prop_lut4_I1_O)        0.321     4.028 r  x[7]_i_44/O
                         net (fo=1, unplaced)         0.000     4.028    x[7]_i_44_n_0
                         CARRY4 (Prop_carry4_DI[1]_CO[3])
                                                      0.547     4.575 r  x_reg[7]_i_33/CO[3]
                         net (fo=1, unplaced)         0.009     4.584    x_reg[7]_i_33_n_0
                         CARRY4 (Prop_carry4_CI_CO[3])
                                                      0.117     4.701 r  x_reg[7]_i_24/CO[3]
                         net (fo=1, unplaced)         0.000     4.701    x_reg[7]_i_24_n_0
                         CARRY4 (Prop_carry4_CI_CO[3])
                                                      0.117     4.818 r  x_reg[7]_i_15/CO[3]
                         net (fo=1, unplaced)         0.000     4.818    x_reg[7]_i_15_n_0
                         CARRY4 (Prop_carry4_CI_CO[3])
                                                      0.117     4.935 r  x_reg[7]_i_13/CO[3]
                         net (fo=1, unplaced)         0.000     4.935    x_reg[7]_i_13_n_0
                         CARRY4 (Prop_carry4_CI_CO[0])
                                                      0.281     5.216 r  x_reg[7]_i_8/CO[0]
                         net (fo=33, unplaced)        0.383     5.599    reduced_x2_ext1
                         LUT3 (Prop_lut3_I2_O)        0.367     5.966 r  x[7]_i_11/O
                         net (fo=1, unplaced)         0.000     5.966    x[7]_i_11_n_0
                         CARRY4 (Prop_carry4_S[1]_CO[3])
                                                      0.533     6.499 r  x_reg[7]_i_3/CO[3]
                         net (fo=1, unplaced)         0.009     6.508    x_reg[7]_i_3_n_0
                         CARRY4 (Prop_carry4_CI_CO[3])
                                                      0.117     6.625 r  x_reg[11]_i_3/CO[3]
                         net (fo=1, unplaced)         0.000     6.625    x_reg[11]_i_3_n_0
                         CARRY4 (Prop_carry4_CI_CO[3])
                                                      0.117     6.742 r  x_reg[15]_i_3/CO[3]
                         net (fo=1, unplaced)         0.000     6.742    x_reg[15]_i_3_n_0
                         CARRY4 (Prop_carry4_CI_CO[3])
                                                      0.117     6.859 r  x_reg[19]_i_3/CO[3]
                         net (fo=1, unplaced)         0.000     6.859    x_reg[19]_i_3_n_0
                         CARRY4 (Prop_carry4_CI_CO[3])
                                                      0.117     6.976 r  x_reg[23]_i_3/CO[3]
                         net (fo=1, unplaced)         0.000     6.976    x_reg[23]_i_3_n_0
                         CARRY4 (Prop_carry4_CI_O[3])
                                                      0.331     7.307 r  x_reg[27]_i_3/O[3]
                         net (fo=7, unplaced)         0.653     7.960    reduced_x2_ext[23]
                         LUT2 (Prop_lut2_I0_O)        0.307     8.267 r  acc[23]_i_22/O
                         net (fo=1, unplaced)         0.000     8.267    acc[23]_i_22_n_0
                         CARRY4 (Prop_carry4_S[3]_CO[3])
                                                      0.376     8.643 r  acc_reg[23]_i_17/CO[3]
                         net (fo=1, unplaced)         0.000     8.643    acc_reg[23]_i_17_n_0
                         CARRY4 (Prop_carry4_CI_O[3])
                                                      0.331     8.974 r  acc_reg[27]_i_17/O[3]
                         net (fo=5, unplaced)         0.646     9.620    acc_reg[27]_i_17_n_4
                         LUT4 (Prop_lut4_I2_O)        0.300     9.920 r  acc[31]_i_65/O
                         net (fo=1, unplaced)         0.000     9.920    acc[31]_i_65_n_0
                         CARRY4 (Prop_carry4_DI[1]_CO[3])
                                                      0.547    10.467 r  acc_reg[31]_i_42/CO[3]
                         net (fo=1, unplaced)         0.000    10.467    acc_reg[31]_i_42_n_0
                         CARRY4 (Prop_carry4_CI_CO[0])
                                                      0.281    10.748 f  acc_reg[31]_i_27/CO[0]
                         net (fo=64, unplaced)        0.399    11.147    reduced_x3_ext1
                         LUT6 (Prop_lut6_I5_O)        0.367    11.514 r  acc[3]_i_15/O
                         net (fo=1, unplaced)         0.449    11.963    acc[3]_i_15_n_0
                         LUT6 (Prop_lut6_I1_O)        0.124    12.087 r  acc[3]_i_10/O
                         net (fo=1, unplaced)         0.000    12.087    acc[3]_i_10_n_0
                         CARRY4 (Prop_carry4_S[1]_CO[3])
                                                      0.533    12.620 r  acc_reg[3]_i_3/CO[3]
                         net (fo=1, unplaced)         0.009    12.629    acc_reg[3]_i_3_n_0
                         CARRY4 (Prop_carry4_CI_CO[3])
                                                      0.117    12.746 r  acc_reg[7]_i_3/CO[3]
                         net (fo=1, unplaced)         0.000    12.746    acc_reg[7]_i_3_n_0
                         CARRY4 (Prop_carry4_CI_CO[3])
                                                      0.117    12.863 r  acc_reg[11]_i_3/CO[3]
                         net (fo=1, unplaced)         0.000    12.863    acc_reg[11]_i_3_n_0
                         CARRY4 (Prop_carry4_CI_CO[3])
                                                      0.117    12.980 r  acc_reg[15]_i_3/CO[3]
                         net (fo=1, unplaced)         0.000    12.980    acc_reg[15]_i_3_n_0
                         CARRY4 (Prop_carry4_CI_CO[3])
                                                      0.117    13.097 r  acc_reg[19]_i_3/CO[3]
                         net (fo=1, unplaced)         0.000    13.097    acc_reg[19]_i_3_n_0
                         CARRY4 (Prop_carry4_CI_CO[3])
                                                      0.117    13.214 r  acc_reg[23]_i_3/CO[3]
                         net (fo=1, unplaced)         0.000    13.214    acc_reg[23]_i_3_n_0
                         CARRY4 (Prop_carry4_CI_O[3])
                                                      0.331    13.545 r  acc_reg[27]_i_3/O[3]
                         net (fo=5, unplaced)         0.646    14.191    acc_reg[27]_i_3_n_4
                         LUT4 (Prop_lut4_I2_O)        0.300    14.491 r  acc[31]_i_20/O
                         net (fo=1, unplaced)         0.000    14.491    acc[31]_i_20_n_0
                         CARRY4 (Prop_carry4_DI[1]_CO[3])
                                                      0.547    15.038 r  acc_reg[31]_i_10/CO[3]
                         net (fo=1, unplaced)         0.000    15.038    acc_reg[31]_i_10_n_0
                         CARRY4 (Prop_carry4_CI_CO[0])
                                                      0.281    15.319 r  acc_reg[31]_i_4/CO[0]
                         net (fo=32, unplaced)        0.382    15.701    reduced_acc_ext1
                         LUT3 (Prop_lut3_I1_O)        0.367    16.068 r  acc[14]_i_1/O
                         net (fo=2, unplaced)         0.000    16.068    next_acc[14]
                         FDRE                                         r  acc_reg[14]/D
  -------------------------------------------------------------------    -------------------

                         (clock clk rise edge)       10.000    10.000 r  
                                                      0.000    10.000 r  clk (IN)
                         net (fo=0)                   0.000    10.000    clk
                         IBUF (Prop_ibuf_I_O)         0.838    10.838 r  clk_IBUF_inst/O
                         net (fo=1, unplaced)         0.760    11.598    clk_IBUF
                         BUFG (Prop_bufg_I_O)         0.091    11.689 r  clk_IBUF_BUFG_inst/O
                         net (fo=166, unplaced)       0.439    12.128    clk_IBUF_BUFG
                         FDRE                                         r  acc_reg[14]/C
                         clock pessimism              0.184    12.311    
                         clock uncertainty           -0.035    12.276    
                         FDRE (Setup_fdre_C_D)        0.044    12.320    acc_reg[14]
  -------------------------------------------------------------------
                         required time                         12.320    
                         arrival time                         -16.068    
  -------------------------------------------------------------------
                         slack                                 -3.748    

Slack (VIOLATED) :        -3.748ns  (required time - arrival time)
  Source:                 x_reg[1]/C
                            (rising edge-triggered cell FDRE clocked by clk  {rise@0.000ns fall@5.000ns period=10.000ns})
  Destination:            acc_reg[15]/D
                            (rising edge-triggered cell FDRE clocked by clk  {rise@0.000ns fall@5.000ns period=10.000ns})
  Path Group:             clk
  Path Type:              Setup (Max at Slow Process Corner)
  Requirement:            10.000ns  (clk rise@10.000ns - clk rise@0.000ns)
  Data Path Delay:        13.612ns  (logic 9.254ns (67.984%)  route 4.358ns (32.016%))
  Logic Levels:           32  (CARRY4=24 LUT2=1 LUT3=2 LUT4=3 LUT6=2)
  Clock Path Skew:        -0.145ns (DCD - SCD + CPR)
    Destination Clock Delay (DCD):    2.128ns = ( 12.128 - 10.000 ) 
    Source Clock Delay      (SCD):    2.456ns
    Clock Pessimism Removal (CPR):    0.184ns
  Clock Uncertainty:      0.035ns  ((TSJ^2 + TIJ^2)^1/2 + DJ) / 2 + PE
    Total System Jitter     (TSJ):    0.071ns
    Total Input Jitter      (TIJ):    0.000ns
    Discrete Jitter          (DJ):    0.000ns
    Phase Error              (PE):    0.000ns

    Location             Delay type                Incr(ns)  Path(ns)    Netlist Resource(s)
  -------------------------------------------------------------------    -------------------
                         (clock clk rise edge)        0.000     0.000 r  
                                                      0.000     0.000 r  clk (IN)
                         net (fo=0)                   0.000     0.000    clk
                         IBUF (Prop_ibuf_I_O)         0.972     0.972 r  clk_IBUF_inst/O
                         net (fo=1, unplaced)         0.800     1.771    clk_IBUF
                         BUFG (Prop_bufg_I_O)         0.101     1.872 r  clk_IBUF_BUFG_inst/O
                         net (fo=166, unplaced)       0.584     2.456    clk_IBUF_BUFG
                         FDRE                                         r  x_reg[1]/C
  -------------------------------------------------------------------    -------------------
                         FDRE (Prop_fdre_C_Q)         0.478     2.934 r  x_reg[1]/Q
                         net (fo=6, unplaced)         0.773     3.707    twice_x_ext[2]
                         LUT4 (Prop_lut4_I1_O)        0.321     4.028 r  x[7]_i_44/O
                         net (fo=1, unplaced)         0.000     4.028    x[7]_i_44_n_0
                         CARRY4 (Prop_carry4_DI[1]_CO[3])
                                                      0.547     4.575 r  x_reg[7]_i_33/CO[3]
                         net (fo=1, unplaced)         0.009     4.584    x_reg[7]_i_33_n_0
                         CARRY4 (Prop_carry4_CI_CO[3])
                                                      0.117     4.701 r  x_reg[7]_i_24/CO[3]
                         net (fo=1, unplaced)         0.000     4.701    x_reg[7]_i_24_n_0
                         CARRY4 (Prop_carry4_CI_CO[3])
                                                      0.117     4.818 r  x_reg[7]_i_15/CO[3]
                         net (fo=1, unplaced)         0.000     4.818    x_reg[7]_i_15_n_0
                         CARRY4 (Prop_carry4_CI_CO[3])
                                                      0.117     4.935 r  x_reg[7]_i_13/CO[3]
                         net (fo=1, unplaced)         0.000     4.935    x_reg[7]_i_13_n_0
                         CARRY4 (Prop_carry4_CI_CO[0])
                                                      0.281     5.216 r  x_reg[7]_i_8/CO[0]
                         net (fo=33, unplaced)        0.383     5.599    reduced_x2_ext1
                         LUT3 (Prop_lut3_I2_O)        0.367     5.966 r  x[7]_i_11/O
                         net (fo=1, unplaced)         0.000     5.966    x[7]_i_11_n_0
                         CARRY4 (Prop_carry4_S[1]_CO[3])
                                                      0.533     6.499 r  x_reg[7]_i_3/CO[3]
                         net (fo=1, unplaced)         0.009     6.508    x_reg[7]_i_3_n_0
                         CARRY4 (Prop_carry4_CI_CO[3])
                                                      0.117     6.625 r  x_reg[11]_i_3/CO[3]
                         net (fo=1, unplaced)         0.000     6.625    x_reg[11]_i_3_n_0
                         CARRY4 (Prop_carry4_CI_CO[3])
                                                      0.117     6.742 r  x_reg[15]_i_3/CO[3]
                         net (fo=1, unplaced)         0.000     6.742    x_reg[15]_i_3_n_0
                         CARRY4 (Prop_carry4_CI_CO[3])
                                                      0.117     6.859 r  x_reg[19]_i_3/CO[3]
                         net (fo=1, unplaced)         0.000     6.859    x_reg[19]_i_3_n_0
                         CARRY4 (Prop_carry4_CI_CO[3])
                                                      0.117     6.976 r  x_reg[23]_i_3/CO[3]
                         net (fo=1, unplaced)         0.000     6.976    x_reg[23]_i_3_n_0
                         CARRY4 (Prop_carry4_CI_O[3])
                                                      0.331     7.307 r  x_reg[27]_i_3/O[3]
                         net (fo=7, unplaced)         0.653     7.960    reduced_x2_ext[23]
                         LUT2 (Prop_lut2_I0_O)        0.307     8.267 r  acc[23]_i_22/O
                         net (fo=1, unplaced)         0.000     8.267    acc[23]_i_22_n_0
                         CARRY4 (Prop_carry4_S[3]_CO[3])
                                                      0.376     8.643 r  acc_reg[23]_i_17/CO[3]
                         net (fo=1, unplaced)         0.000     8.643    acc_reg[23]_i_17_n_0
                         CARRY4 (Prop_carry4_CI_O[3])
                                                      0.331     8.974 r  acc_reg[27]_i_17/O[3]
                         net (fo=5, unplaced)         0.646     9.620    acc_reg[27]_i_17_n_4
                         LUT4 (Prop_lut4_I2_O)        0.300     9.920 r  acc[31]_i_65/O
                         net (fo=1, unplaced)         0.000     9.920    acc[31]_i_65_n_0
                         CARRY4 (Prop_carry4_DI[1]_CO[3])
                                                      0.547    10.467 r  acc_reg[31]_i_42/CO[3]
                         net (fo=1, unplaced)         0.000    10.467    acc_reg[31]_i_42_n_0
                         CARRY4 (Prop_carry4_CI_CO[0])
                                                      0.281    10.748 f  acc_reg[31]_i_27/CO[0]
                         net (fo=64, unplaced)        0.399    11.147    reduced_x3_ext1
                         LUT6 (Prop_lut6_I5_O)        0.367    11.514 r  acc[3]_i_15/O
                         net (fo=1, unplaced)         0.449    11.963    acc[3]_i_15_n_0
                         LUT6 (Prop_lut6_I1_O)        0.124    12.087 r  acc[3]_i_10/O
                         net (fo=1, unplaced)         0.000    12.087    acc[3]_i_10_n_0
                         CARRY4 (Prop_carry4_S[1]_CO[3])
                                                      0.533    12.620 r  acc_reg[3]_i_3/CO[3]
                         net (fo=1, unplaced)         0.009    12.629    acc_reg[3]_i_3_n_0
                         CARRY4 (Prop_carry4_CI_CO[3])
                                                      0.117    12.746 r  acc_reg[7]_i_3/CO[3]
                         net (fo=1, unplaced)         0.000    12.746    acc_reg[7]_i_3_n_0
                         CARRY4 (Prop_carry4_CI_CO[3])
                                                      0.117    12.863 r  acc_reg[11]_i_3/CO[3]
                         net (fo=1, unplaced)         0.000    12.863    acc_reg[11]_i_3_n_0
                         CARRY4 (Prop_carry4_CI_CO[3])
                                                      0.117    12.980 r  acc_reg[15]_i_3/CO[3]
                         net (fo=1, unplaced)         0.000    12.980    acc_reg[15]_i_3_n_0
                         CARRY4 (Prop_carry4_CI_CO[3])
                                                      0.117    13.097 r  acc_reg[19]_i_3/CO[3]
                         net (fo=1, unplaced)         0.000    13.097    acc_reg[19]_i_3_n_0
                         CARRY4 (Prop_carry4_CI_CO[3])
                                                      0.117    13.214 r  acc_reg[23]_i_3/CO[3]
                         net (fo=1, unplaced)         0.000    13.214    acc_reg[23]_i_3_n_0
                         CARRY4 (Prop_carry4_CI_O[3])
                                                      0.331    13.545 r  acc_reg[27]_i_3/O[3]
                         net (fo=5, unplaced)         0.646    14.191    acc_reg[27]_i_3_n_4
                         LUT4 (Prop_lut4_I2_O)        0.300    14.491 r  acc[31]_i_20/O
                         net (fo=1, unplaced)         0.000    14.491    acc[31]_i_20_n_0
                         CARRY4 (Prop_carry4_DI[1]_CO[3])
                                                      0.547    15.038 r  acc_reg[31]_i_10/CO[3]
                         net (fo=1, unplaced)         0.000    15.038    acc_reg[31]_i_10_n_0
                         CARRY4 (Prop_carry4_CI_CO[0])
                                                      0.281    15.319 r  acc_reg[31]_i_4/CO[0]
                         net (fo=32, unplaced)        0.382    15.701    reduced_acc_ext1
                         LUT3 (Prop_lut3_I1_O)        0.367    16.068 r  acc[15]_i_1/O
                         net (fo=2, unplaced)         0.000    16.068    next_acc[15]
                         FDRE                                         r  acc_reg[15]/D
  -------------------------------------------------------------------    -------------------

                         (clock clk rise edge)       10.000    10.000 r  
                                                      0.000    10.000 r  clk (IN)
                         net (fo=0)                   0.000    10.000    clk
                         IBUF (Prop_ibuf_I_O)         0.838    10.838 r  clk_IBUF_inst/O
                         net (fo=1, unplaced)         0.760    11.598    clk_IBUF
                         BUFG (Prop_bufg_I_O)         0.091    11.689 r  clk_IBUF_BUFG_inst/O
                         net (fo=166, unplaced)       0.439    12.128    clk_IBUF_BUFG
                         FDRE                                         r  acc_reg[15]/C
                         clock pessimism              0.184    12.311    
                         clock uncertainty           -0.035    12.276    
                         FDRE (Setup_fdre_C_D)        0.044    12.320    acc_reg[15]
  -------------------------------------------------------------------
                         required time                         12.320    
                         arrival time                         -16.068    
  -------------------------------------------------------------------
                         slack                                 -3.748    

Slack (VIOLATED) :        -3.748ns  (required time - arrival time)
  Source:                 x_reg[1]/C
                            (rising edge-triggered cell FDRE clocked by clk  {rise@0.000ns fall@5.000ns period=10.000ns})
  Destination:            acc_reg[16]/D
                            (rising edge-triggered cell FDRE clocked by clk  {rise@0.000ns fall@5.000ns period=10.000ns})
  Path Group:             clk
  Path Type:              Setup (Max at Slow Process Corner)
  Requirement:            10.000ns  (clk rise@10.000ns - clk rise@0.000ns)
  Data Path Delay:        13.612ns  (logic 9.254ns (67.984%)  route 4.358ns (32.016%))
  Logic Levels:           32  (CARRY4=24 LUT2=1 LUT3=2 LUT4=3 LUT6=2)
  Clock Path Skew:        -0.145ns (DCD - SCD + CPR)
    Destination Clock Delay (DCD):    2.128ns = ( 12.128 - 10.000 ) 
    Source Clock Delay      (SCD):    2.456ns
    Clock Pessimism Removal (CPR):    0.184ns
  Clock Uncertainty:      0.035ns  ((TSJ^2 + TIJ^2)^1/2 + DJ) / 2 + PE
    Total System Jitter     (TSJ):    0.071ns
    Total Input Jitter      (TIJ):    0.000ns
    Discrete Jitter          (DJ):    0.000ns
    Phase Error              (PE):    0.000ns

    Location             Delay type                Incr(ns)  Path(ns)    Netlist Resource(s)
  -------------------------------------------------------------------    -------------------
                         (clock clk rise edge)        0.000     0.000 r  
                                                      0.000     0.000 r  clk (IN)
                         net (fo=0)                   0.000     0.000    clk
                         IBUF (Prop_ibuf_I_O)         0.972     0.972 r  clk_IBUF_inst/O
                         net (fo=1, unplaced)         0.800     1.771    clk_IBUF
                         BUFG (Prop_bufg_I_O)         0.101     1.872 r  clk_IBUF_BUFG_inst/O
                         net (fo=166, unplaced)       0.584     2.456    clk_IBUF_BUFG
                         FDRE                                         r  x_reg[1]/C
  -------------------------------------------------------------------    -------------------
                         FDRE (Prop_fdre_C_Q)         0.478     2.934 r  x_reg[1]/Q
                         net (fo=6, unplaced)         0.773     3.707    twice_x_ext[2]
                         LUT4 (Prop_lut4_I1_O)        0.321     4.028 r  x[7]_i_44/O
                         net (fo=1, unplaced)         0.000     4.028    x[7]_i_44_n_0
                         CARRY4 (Prop_carry4_DI[1]_CO[3])
                                                      0.547     4.575 r  x_reg[7]_i_33/CO[3]
                         net (fo=1, unplaced)         0.009     4.584    x_reg[7]_i_33_n_0
                         CARRY4 (Prop_carry4_CI_CO[3])
                                                      0.117     4.701 r  x_reg[7]_i_24/CO[3]
                         net (fo=1, unplaced)         0.000     4.701    x_reg[7]_i_24_n_0
                         CARRY4 (Prop_carry4_CI_CO[3])
                                                      0.117     4.818 r  x_reg[7]_i_15/CO[3]
                         net (fo=1, unplaced)         0.000     4.818    x_reg[7]_i_15_n_0
                         CARRY4 (Prop_carry4_CI_CO[3])
                                                      0.117     4.935 r  x_reg[7]_i_13/CO[3]
                         net (fo=1, unplaced)         0.000     4.935    x_reg[7]_i_13_n_0
                         CARRY4 (Prop_carry4_CI_CO[0])
                                                      0.281     5.216 r  x_reg[7]_i_8/CO[0]
                         net (fo=33, unplaced)        0.383     5.599    reduced_x2_ext1
                         LUT3 (Prop_lut3_I2_O)        0.367     5.966 r  x[7]_i_11/O
                         net (fo=1, unplaced)         0.000     5.966    x[7]_i_11_n_0
                         CARRY4 (Prop_carry4_S[1]_CO[3])
                                                      0.533     6.499 r  x_reg[7]_i_3/CO[3]
                         net (fo=1, unplaced)         0.009     6.508    x_reg[7]_i_3_n_0
                         CARRY4 (Prop_carry4_CI_CO[3])
                                                      0.117     6.625 r  x_reg[11]_i_3/CO[3]
                         net (fo=1, unplaced)         0.000     6.625    x_reg[11]_i_3_n_0
                         CARRY4 (Prop_carry4_CI_CO[3])
                                                      0.117     6.742 r  x_reg[15]_i_3/CO[3]
                         net (fo=1, unplaced)         0.000     6.742    x_reg[15]_i_3_n_0
                         CARRY4 (Prop_carry4_CI_CO[3])
                                                      0.117     6.859 r  x_reg[19]_i_3/CO[3]
                         net (fo=1, unplaced)         0.000     6.859    x_reg[19]_i_3_n_0
                         CARRY4 (Prop_carry4_CI_CO[3])
                                                      0.117     6.976 r  x_reg[23]_i_3/CO[3]
                         net (fo=1, unplaced)         0.000     6.976    x_reg[23]_i_3_n_0
                         CARRY4 (Prop_carry4_CI_O[3])
                                                      0.331     7.307 r  x_reg[27]_i_3/O[3]
                         net (fo=7, unplaced)         0.653     7.960    reduced_x2_ext[23]
                         LUT2 (Prop_lut2_I0_O)        0.307     8.267 r  acc[23]_i_22/O
                         net (fo=1, unplaced)         0.000     8.267    acc[23]_i_22_n_0
                         CARRY4 (Prop_carry4_S[3]_CO[3])
                                                      0.376     8.643 r  acc_reg[23]_i_17/CO[3]
                         net (fo=1, unplaced)         0.000     8.643    acc_reg[23]_i_17_n_0
                         CARRY4 (Prop_carry4_CI_O[3])
                                                      0.331     8.974 r  acc_reg[27]_i_17/O[3]
                         net (fo=5, unplaced)         0.646     9.620    acc_reg[27]_i_17_n_4
                         LUT4 (Prop_lut4_I2_O)        0.300     9.920 r  acc[31]_i_65/O
                         net (fo=1, unplaced)         0.000     9.920    acc[31]_i_65_n_0
                         CARRY4 (Prop_carry4_DI[1]_CO[3])
                                                      0.547    10.467 r  acc_reg[31]_i_42/CO[3]
                         net (fo=1, unplaced)         0.000    10.467    acc_reg[31]_i_42_n_0
                         CARRY4 (Prop_carry4_CI_CO[0])
                                                      0.281    10.748 f  acc_reg[31]_i_27/CO[0]
                         net (fo=64, unplaced)        0.399    11.147    reduced_x3_ext1
                         LUT6 (Prop_lut6_I5_O)        0.367    11.514 r  acc[3]_i_15/O
                         net (fo=1, unplaced)         0.449    11.963    acc[3]_i_15_n_0
                         LUT6 (Prop_lut6_I1_O)        0.124    12.087 r  acc[3]_i_10/O
                         net (fo=1, unplaced)         0.000    12.087    acc[3]_i_10_n_0
                         CARRY4 (Prop_carry4_S[1]_CO[3])
                                                      0.533    12.620 r  acc_reg[3]_i_3/CO[3]
                         net (fo=1, unplaced)         0.009    12.629    acc_reg[3]_i_3_n_0
                         CARRY4 (Prop_carry4_CI_CO[3])
                                                      0.117    12.746 r  acc_reg[7]_i_3/CO[3]
                         net (fo=1, unplaced)         0.000    12.746    acc_reg[7]_i_3_n_0
                         CARRY4 (Prop_carry4_CI_CO[3])
                                                      0.117    12.863 r  acc_reg[11]_i_3/CO[3]
                         net (fo=1, unplaced)         0.000    12.863    acc_reg[11]_i_3_n_0
                         CARRY4 (Prop_carry4_CI_CO[3])
                                                      0.117    12.980 r  acc_reg[15]_i_3/CO[3]
                         net (fo=1, unplaced)         0.000    12.980    acc_reg[15]_i_3_n_0
                         CARRY4 (Prop_carry4_CI_CO[3])
                                                      0.117    13.097 r  acc_reg[19]_i_3/CO[3]
                         net (fo=1, unplaced)         0.000    13.097    acc_reg[19]_i_3_n_0
                         CARRY4 (Prop_carry4_CI_CO[3])
                                                      0.117    13.214 r  acc_reg[23]_i_3/CO[3]
                         net (fo=1, unplaced)         0.000    13.214    acc_reg[23]_i_3_n_0
                         CARRY4 (Prop_carry4_CI_O[3])
                                                      0.331    13.545 r  acc_reg[27]_i_3/O[3]
                         net (fo=5, unplaced)         0.646    14.191    acc_reg[27]_i_3_n_4
                         LUT4 (Prop_lut4_I2_O)        0.300    14.491 r  acc[31]_i_20/O
                         net (fo=1, unplaced)         0.000    14.491    acc[31]_i_20_n_0
                         CARRY4 (Prop_carry4_DI[1]_CO[3])
                                                      0.547    15.038 r  acc_reg[31]_i_10/CO[3]
                         net (fo=1, unplaced)         0.000    15.038    acc_reg[31]_i_10_n_0
                         CARRY4 (Prop_carry4_CI_CO[0])
                                                      0.281    15.319 r  acc_reg[31]_i_4/CO[0]
                         net (fo=32, unplaced)        0.382    15.701    reduced_acc_ext1
                         LUT3 (Prop_lut3_I1_O)        0.367    16.068 r  acc[16]_i_1/O
                         net (fo=2, unplaced)         0.000    16.068    next_acc[16]
                         FDRE                                         r  acc_reg[16]/D
  -------------------------------------------------------------------    -------------------

                         (clock clk rise edge)       10.000    10.000 r  
                                                      0.000    10.000 r  clk (IN)
                         net (fo=0)                   0.000    10.000    clk
                         IBUF (Prop_ibuf_I_O)         0.838    10.838 r  clk_IBUF_inst/O
                         net (fo=1, unplaced)         0.760    11.598    clk_IBUF
                         BUFG (Prop_bufg_I_O)         0.091    11.689 r  clk_IBUF_BUFG_inst/O
                         net (fo=166, unplaced)       0.439    12.128    clk_IBUF_BUFG
                         FDRE                                         r  acc_reg[16]/C
                         clock pessimism              0.184    12.311    
                         clock uncertainty           -0.035    12.276    
                         FDRE (Setup_fdre_C_D)        0.044    12.320    acc_reg[16]
  -------------------------------------------------------------------
                         required time                         12.320    
                         arrival time                         -16.068    
  -------------------------------------------------------------------
                         slack                                 -3.748    

Slack (VIOLATED) :        -3.748ns  (required time - arrival time)
  Source:                 x_reg[1]/C
                            (rising edge-triggered cell FDRE clocked by clk  {rise@0.000ns fall@5.000ns period=10.000ns})
  Destination:            acc_reg[17]/D
                            (rising edge-triggered cell FDRE clocked by clk  {rise@0.000ns fall@5.000ns period=10.000ns})
  Path Group:             clk
  Path Type:              Setup (Max at Slow Process Corner)
  Requirement:            10.000ns  (clk rise@10.000ns - clk rise@0.000ns)
  Data Path Delay:        13.612ns  (logic 9.254ns (67.984%)  route 4.358ns (32.016%))
  Logic Levels:           32  (CARRY4=24 LUT2=1 LUT3=2 LUT4=3 LUT6=2)
  Clock Path Skew:        -0.145ns (DCD - SCD + CPR)
    Destination Clock Delay (DCD):    2.128ns = ( 12.128 - 10.000 ) 
    Source Clock Delay      (SCD):    2.456ns
    Clock Pessimism Removal (CPR):    0.184ns
  Clock Uncertainty:      0.035ns  ((TSJ^2 + TIJ^2)^1/2 + DJ) / 2 + PE
    Total System Jitter     (TSJ):    0.071ns
    Total Input Jitter      (TIJ):    0.000ns
    Discrete Jitter          (DJ):    0.000ns
    Phase Error              (PE):    0.000ns

    Location             Delay type                Incr(ns)  Path(ns)    Netlist Resource(s)
  -------------------------------------------------------------------    -------------------
                         (clock clk rise edge)        0.000     0.000 r  
                                                      0.000     0.000 r  clk (IN)
                         net (fo=0)                   0.000     0.000    clk
                         IBUF (Prop_ibuf_I_O)         0.972     0.972 r  clk_IBUF_inst/O
                         net (fo=1, unplaced)         0.800     1.771    clk_IBUF
                         BUFG (Prop_bufg_I_O)         0.101     1.872 r  clk_IBUF_BUFG_inst/O
                         net (fo=166, unplaced)       0.584     2.456    clk_IBUF_BUFG
                         FDRE                                         r  x_reg[1]/C
  -------------------------------------------------------------------    -------------------
                         FDRE (Prop_fdre_C_Q)         0.478     2.934 r  x_reg[1]/Q
                         net (fo=6, unplaced)         0.773     3.707    twice_x_ext[2]
                         LUT4 (Prop_lut4_I1_O)        0.321     4.028 r  x[7]_i_44/O
                         net (fo=1, unplaced)         0.000     4.028    x[7]_i_44_n_0
                         CARRY4 (Prop_carry4_DI[1]_CO[3])
                                                      0.547     4.575 r  x_reg[7]_i_33/CO[3]
                         net (fo=1, unplaced)         0.009     4.584    x_reg[7]_i_33_n_0
                         CARRY4 (Prop_carry4_CI_CO[3])
                                                      0.117     4.701 r  x_reg[7]_i_24/CO[3]
                         net (fo=1, unplaced)         0.000     4.701    x_reg[7]_i_24_n_0
                         CARRY4 (Prop_carry4_CI_CO[3])
                                                      0.117     4.818 r  x_reg[7]_i_15/CO[3]
                         net (fo=1, unplaced)         0.000     4.818    x_reg[7]_i_15_n_0
                         CARRY4 (Prop_carry4_CI_CO[3])
                                                      0.117     4.935 r  x_reg[7]_i_13/CO[3]
                         net (fo=1, unplaced)         0.000     4.935    x_reg[7]_i_13_n_0
                         CARRY4 (Prop_carry4_CI_CO[0])
                                                      0.281     5.216 r  x_reg[7]_i_8/CO[0]
                         net (fo=33, unplaced)        0.383     5.599    reduced_x2_ext1
                         LUT3 (Prop_lut3_I2_O)        0.367     5.966 r  x[7]_i_11/O
                         net (fo=1, unplaced)         0.000     5.966    x[7]_i_11_n_0
                         CARRY4 (Prop_carry4_S[1]_CO[3])
                                                      0.533     6.499 r  x_reg[7]_i_3/CO[3]
                         net (fo=1, unplaced)         0.009     6.508    x_reg[7]_i_3_n_0
                         CARRY4 (Prop_carry4_CI_CO[3])
                                                      0.117     6.625 r  x_reg[11]_i_3/CO[3]
                         net (fo=1, unplaced)         0.000     6.625    x_reg[11]_i_3_n_0
                         CARRY4 (Prop_carry4_CI_CO[3])
                                                      0.117     6.742 r  x_reg[15]_i_3/CO[3]
                         net (fo=1, unplaced)         0.000     6.742    x_reg[15]_i_3_n_0
                         CARRY4 (Prop_carry4_CI_CO[3])
                                                      0.117     6.859 r  x_reg[19]_i_3/CO[3]
                         net (fo=1, unplaced)         0.000     6.859    x_reg[19]_i_3_n_0
                         CARRY4 (Prop_carry4_CI_CO[3])
                                                      0.117     6.976 r  x_reg[23]_i_3/CO[3]
                         net (fo=1, unplaced)         0.000     6.976    x_reg[23]_i_3_n_0
                         CARRY4 (Prop_carry4_CI_O[3])
                                                      0.331     7.307 r  x_reg[27]_i_3/O[3]
                         net (fo=7, unplaced)         0.653     7.960    reduced_x2_ext[23]
                         LUT2 (Prop_lut2_I0_O)        0.307     8.267 r  acc[23]_i_22/O
                         net (fo=1, unplaced)         0.000     8.267    acc[23]_i_22_n_0
                         CARRY4 (Prop_carry4_S[3]_CO[3])
                                                      0.376     8.643 r  acc_reg[23]_i_17/CO[3]
                         net (fo=1, unplaced)         0.000     8.643    acc_reg[23]_i_17_n_0
                         CARRY4 (Prop_carry4_CI_O[3])
                                                      0.331     8.974 r  acc_reg[27]_i_17/O[3]
                         net (fo=5, unplaced)         0.646     9.620    acc_reg[27]_i_17_n_4
                         LUT4 (Prop_lut4_I2_O)        0.300     9.920 r  acc[31]_i_65/O
                         net (fo=1, unplaced)         0.000     9.920    acc[31]_i_65_n_0
                         CARRY4 (Prop_carry4_DI[1]_CO[3])
                                                      0.547    10.467 r  acc_reg[31]_i_42/CO[3]
                         net (fo=1, unplaced)         0.000    10.467    acc_reg[31]_i_42_n_0
                         CARRY4 (Prop_carry4_CI_CO[0])
                                                      0.281    10.748 f  acc_reg[31]_i_27/CO[0]
                         net (fo=64, unplaced)        0.399    11.147    reduced_x3_ext1
                         LUT6 (Prop_lut6_I5_O)        0.367    11.514 r  acc[3]_i_15/O
                         net (fo=1, unplaced)         0.449    11.963    acc[3]_i_15_n_0
                         LUT6 (Prop_lut6_I1_O)        0.124    12.087 r  acc[3]_i_10/O
                         net (fo=1, unplaced)         0.000    12.087    acc[3]_i_10_n_0
                         CARRY4 (Prop_carry4_S[1]_CO[3])
                                                      0.533    12.620 r  acc_reg[3]_i_3/CO[3]
                         net (fo=1, unplaced)         0.009    12.629    acc_reg[3]_i_3_n_0
                         CARRY4 (Prop_carry4_CI_CO[3])
                                                      0.117    12.746 r  acc_reg[7]_i_3/CO[3]
                         net (fo=1, unplaced)         0.000    12.746    acc_reg[7]_i_3_n_0
                         CARRY4 (Prop_carry4_CI_CO[3])
                                                      0.117    12.863 r  acc_reg[11]_i_3/CO[3]
                         net (fo=1, unplaced)         0.000    12.863    acc_reg[11]_i_3_n_0
                         CARRY4 (Prop_carry4_CI_CO[3])
                                                      0.117    12.980 r  acc_reg[15]_i_3/CO[3]
                         net (fo=1, unplaced)         0.000    12.980    acc_reg[15]_i_3_n_0
                         CARRY4 (Prop_carry4_CI_CO[3])
                                                      0.117    13.097 r  acc_reg[19]_i_3/CO[3]
                         net (fo=1, unplaced)         0.000    13.097    acc_reg[19]_i_3_n_0
                         CARRY4 (Prop_carry4_CI_CO[3])
                                                      0.117    13.214 r  acc_reg[23]_i_3/CO[3]
                         net (fo=1, unplaced)         0.000    13.214    acc_reg[23]_i_3_n_0
                         CARRY4 (Prop_carry4_CI_O[3])
                                                      0.331    13.545 r  acc_reg[27]_i_3/O[3]
                         net (fo=5, unplaced)         0.646    14.191    acc_reg[27]_i_3_n_4
                         LUT4 (Prop_lut4_I2_O)        0.300    14.491 r  acc[31]_i_20/O
                         net (fo=1, unplaced)         0.000    14.491    acc[31]_i_20_n_0
                         CARRY4 (Prop_carry4_DI[1]_CO[3])
                                                      0.547    15.038 r  acc_reg[31]_i_10/CO[3]
                         net (fo=1, unplaced)         0.000    15.038    acc_reg[31]_i_10_n_0
                         CARRY4 (Prop_carry4_CI_CO[0])
                                                      0.281    15.319 r  acc_reg[31]_i_4/CO[0]
                         net (fo=32, unplaced)        0.382    15.701    reduced_acc_ext1
                         LUT3 (Prop_lut3_I1_O)        0.367    16.068 r  acc[17]_i_1/O
                         net (fo=2, unplaced)         0.000    16.068    next_acc[17]
                         FDRE                                         r  acc_reg[17]/D
  -------------------------------------------------------------------    -------------------

                         (clock clk rise edge)       10.000    10.000 r  
                                                      0.000    10.000 r  clk (IN)
                         net (fo=0)                   0.000    10.000    clk
                         IBUF (Prop_ibuf_I_O)         0.838    10.838 r  clk_IBUF_inst/O
                         net (fo=1, unplaced)         0.760    11.598    clk_IBUF
                         BUFG (Prop_bufg_I_O)         0.091    11.689 r  clk_IBUF_BUFG_inst/O
                         net (fo=166, unplaced)       0.439    12.128    clk_IBUF_BUFG
                         FDRE                                         r  acc_reg[17]/C
                         clock pessimism              0.184    12.311    
                         clock uncertainty           -0.035    12.276    
                         FDRE (Setup_fdre_C_D)        0.044    12.320    acc_reg[17]
  -------------------------------------------------------------------
                         required time                         12.320    
                         arrival time                         -16.068    
  -------------------------------------------------------------------
                         slack                                 -3.748    

Slack (VIOLATED) :        -3.748ns  (required time - arrival time)
  Source:                 x_reg[1]/C
                            (rising edge-triggered cell FDRE clocked by clk  {rise@0.000ns fall@5.000ns period=10.000ns})
  Destination:            acc_reg[18]/D
                            (rising edge-triggered cell FDRE clocked by clk  {rise@0.000ns fall@5.000ns period=10.000ns})
  Path Group:             clk
  Path Type:              Setup (Max at Slow Process Corner)
  Requirement:            10.000ns  (clk rise@10.000ns - clk rise@0.000ns)
  Data Path Delay:        13.612ns  (logic 9.254ns (67.984%)  route 4.358ns (32.016%))
  Logic Levels:           32  (CARRY4=24 LUT2=1 LUT3=2 LUT4=3 LUT6=2)
  Clock Path Skew:        -0.145ns (DCD - SCD + CPR)
    Destination Clock Delay (DCD):    2.128ns = ( 12.128 - 10.000 ) 
    Source Clock Delay      (SCD):    2.456ns
    Clock Pessimism Removal (CPR):    0.184ns
  Clock Uncertainty:      0.035ns  ((TSJ^2 + TIJ^2)^1/2 + DJ) / 2 + PE
    Total System Jitter     (TSJ):    0.071ns
    Total Input Jitter      (TIJ):    0.000ns
    Discrete Jitter          (DJ):    0.000ns
    Phase Error              (PE):    0.000ns

    Location             Delay type                Incr(ns)  Path(ns)    Netlist Resource(s)
  -------------------------------------------------------------------    -------------------
                         (clock clk rise edge)        0.000     0.000 r  
                                                      0.000     0.000 r  clk (IN)
                         net (fo=0)                   0.000     0.000    clk
                         IBUF (Prop_ibuf_I_O)         0.972     0.972 r  clk_IBUF_inst/O
                         net (fo=1, unplaced)         0.800     1.771    clk_IBUF
                         BUFG (Prop_bufg_I_O)         0.101     1.872 r  clk_IBUF_BUFG_inst/O
                         net (fo=166, unplaced)       0.584     2.456    clk_IBUF_BUFG
                         FDRE                                         r  x_reg[1]/C
  -------------------------------------------------------------------    -------------------
                         FDRE (Prop_fdre_C_Q)         0.478     2.934 r  x_reg[1]/Q
                         net (fo=6, unplaced)         0.773     3.707    twice_x_ext[2]
                         LUT4 (Prop_lut4_I1_O)        0.321     4.028 r  x[7]_i_44/O
                         net (fo=1, unplaced)         0.000     4.028    x[7]_i_44_n_0
                         CARRY4 (Prop_carry4_DI[1]_CO[3])
                                                      0.547     4.575 r  x_reg[7]_i_33/CO[3]
                         net (fo=1, unplaced)         0.009     4.584    x_reg[7]_i_33_n_0
                         CARRY4 (Prop_carry4_CI_CO[3])
                                                      0.117     4.701 r  x_reg[7]_i_24/CO[3]
                         net (fo=1, unplaced)         0.000     4.701    x_reg[7]_i_24_n_0
                         CARRY4 (Prop_carry4_CI_CO[3])
                                                      0.117     4.818 r  x_reg[7]_i_15/CO[3]
                         net (fo=1, unplaced)         0.000     4.818    x_reg[7]_i_15_n_0
                         CARRY4 (Prop_carry4_CI_CO[3])
                                                      0.117     4.935 r  x_reg[7]_i_13/CO[3]
                         net (fo=1, unplaced)         0.000     4.935    x_reg[7]_i_13_n_0
                         CARRY4 (Prop_carry4_CI_CO[0])
                                                      0.281     5.216 r  x_reg[7]_i_8/CO[0]
                         net (fo=33, unplaced)        0.383     5.599    reduced_x2_ext1
                         LUT3 (Prop_lut3_I2_O)        0.367     5.966 r  x[7]_i_11/O
                         net (fo=1, unplaced)         0.000     5.966    x[7]_i_11_n_0
                         CARRY4 (Prop_carry4_S[1]_CO[3])
                                                      0.533     6.499 r  x_reg[7]_i_3/CO[3]
                         net (fo=1, unplaced)         0.009     6.508    x_reg[7]_i_3_n_0
                         CARRY4 (Prop_carry4_CI_CO[3])
                                                      0.117     6.625 r  x_reg[11]_i_3/CO[3]
                         net (fo=1, unplaced)         0.000     6.625    x_reg[11]_i_3_n_0
                         CARRY4 (Prop_carry4_CI_CO[3])
                                                      0.117     6.742 r  x_reg[15]_i_3/CO[3]
                         net (fo=1, unplaced)         0.000     6.742    x_reg[15]_i_3_n_0
                         CARRY4 (Prop_carry4_CI_CO[3])
                                                      0.117     6.859 r  x_reg[19]_i_3/CO[3]
                         net (fo=1, unplaced)         0.000     6.859    x_reg[19]_i_3_n_0
                         CARRY4 (Prop_carry4_CI_CO[3])
                                                      0.117     6.976 r  x_reg[23]_i_3/CO[3]
                         net (fo=1, unplaced)         0.000     6.976    x_reg[23]_i_3_n_0
                         CARRY4 (Prop_carry4_CI_O[3])
                                                      0.331     7.307 r  x_reg[27]_i_3/O[3]
                         net (fo=7, unplaced)         0.653     7.960    reduced_x2_ext[23]
                         LUT2 (Prop_lut2_I0_O)        0.307     8.267 r  acc[23]_i_22/O
                         net (fo=1, unplaced)         0.000     8.267    acc[23]_i_22_n_0
                         CARRY4 (Prop_carry4_S[3]_CO[3])
                                                      0.376     8.643 r  acc_reg[23]_i_17/CO[3]
                         net (fo=1, unplaced)         0.000     8.643    acc_reg[23]_i_17_n_0
                         CARRY4 (Prop_carry4_CI_O[3])
                                                      0.331     8.974 r  acc_reg[27]_i_17/O[3]
                         net (fo=5, unplaced)         0.646     9.620    acc_reg[27]_i_17_n_4
                         LUT4 (Prop_lut4_I2_O)        0.300     9.920 r  acc[31]_i_65/O
                         net (fo=1, unplaced)         0.000     9.920    acc[31]_i_65_n_0
                         CARRY4 (Prop_carry4_DI[1]_CO[3])
                                                      0.547    10.467 r  acc_reg[31]_i_42/CO[3]
                         net (fo=1, unplaced)         0.000    10.467    acc_reg[31]_i_42_n_0
                         CARRY4 (Prop_carry4_CI_CO[0])
                                                      0.281    10.748 f  acc_reg[31]_i_27/CO[0]
                         net (fo=64, unplaced)        0.399    11.147    reduced_x3_ext1
                         LUT6 (Prop_lut6_I5_O)        0.367    11.514 r  acc[3]_i_15/O
                         net (fo=1, unplaced)         0.449    11.963    acc[3]_i_15_n_0
                         LUT6 (Prop_lut6_I1_O)        0.124    12.087 r  acc[3]_i_10/O
                         net (fo=1, unplaced)         0.000    12.087    acc[3]_i_10_n_0
                         CARRY4 (Prop_carry4_S[1]_CO[3])
                                                      0.533    12.620 r  acc_reg[3]_i_3/CO[3]
                         net (fo=1, unplaced)         0.009    12.629    acc_reg[3]_i_3_n_0
                         CARRY4 (Prop_carry4_CI_CO[3])
                                                      0.117    12.746 r  acc_reg[7]_i_3/CO[3]
                         net (fo=1, unplaced)         0.000    12.746    acc_reg[7]_i_3_n_0
                         CARRY4 (Prop_carry4_CI_CO[3])
                                                      0.117    12.863 r  acc_reg[11]_i_3/CO[3]
                         net (fo=1, unplaced)         0.000    12.863    acc_reg[11]_i_3_n_0
                         CARRY4 (Prop_carry4_CI_CO[3])
                                                      0.117    12.980 r  acc_reg[15]_i_3/CO[3]
                         net (fo=1, unplaced)         0.000    12.980    acc_reg[15]_i_3_n_0
                         CARRY4 (Prop_carry4_CI_CO[3])
                                                      0.117    13.097 r  acc_reg[19]_i_3/CO[3]
                         net (fo=1, unplaced)         0.000    13.097    acc_reg[19]_i_3_n_0
                         CARRY4 (Prop_carry4_CI_CO[3])
                                                      0.117    13.214 r  acc_reg[23]_i_3/CO[3]
                         net (fo=1, unplaced)         0.000    13.214    acc_reg[23]_i_3_n_0
                         CARRY4 (Prop_carry4_CI_O[3])
                                                      0.331    13.545 r  acc_reg[27]_i_3/O[3]
                         net (fo=5, unplaced)         0.646    14.191    acc_reg[27]_i_3_n_4
                         LUT4 (Prop_lut4_I2_O)        0.300    14.491 r  acc[31]_i_20/O
                         net (fo=1, unplaced)         0.000    14.491    acc[31]_i_20_n_0
                         CARRY4 (Prop_carry4_DI[1]_CO[3])
                                                      0.547    15.038 r  acc_reg[31]_i_10/CO[3]
                         net (fo=1, unplaced)         0.000    15.038    acc_reg[31]_i_10_n_0
                         CARRY4 (Prop_carry4_CI_CO[0])
                                                      0.281    15.319 r  acc_reg[31]_i_4/CO[0]
                         net (fo=32, unplaced)        0.382    15.701    reduced_acc_ext1
                         LUT3 (Prop_lut3_I1_O)        0.367    16.068 r  acc[18]_i_1/O
                         net (fo=2, unplaced)         0.000    16.068    next_acc[18]
                         FDRE                                         r  acc_reg[18]/D
  -------------------------------------------------------------------    -------------------

                         (clock clk rise edge)       10.000    10.000 r  
                                                      0.000    10.000 r  clk (IN)
                         net (fo=0)                   0.000    10.000    clk
                         IBUF (Prop_ibuf_I_O)         0.838    10.838 r  clk_IBUF_inst/O
                         net (fo=1, unplaced)         0.760    11.598    clk_IBUF
                         BUFG (Prop_bufg_I_O)         0.091    11.689 r  clk_IBUF_BUFG_inst/O
                         net (fo=166, unplaced)       0.439    12.128    clk_IBUF_BUFG
                         FDRE                                         r  acc_reg[18]/C
                         clock pessimism              0.184    12.311    
                         clock uncertainty           -0.035    12.276    
                         FDRE (Setup_fdre_C_D)        0.044    12.320    acc_reg[18]
  -------------------------------------------------------------------
                         required time                         12.320    
                         arrival time                         -16.068    
  -------------------------------------------------------------------
                         slack                                 -3.748    

Slack (VIOLATED) :        -3.748ns  (required time - arrival time)
  Source:                 x_reg[1]/C
                            (rising edge-triggered cell FDRE clocked by clk  {rise@0.000ns fall@5.000ns period=10.000ns})
  Destination:            acc_reg[19]/D
                            (rising edge-triggered cell FDRE clocked by clk  {rise@0.000ns fall@5.000ns period=10.000ns})
  Path Group:             clk
  Path Type:              Setup (Max at Slow Process Corner)
  Requirement:            10.000ns  (clk rise@10.000ns - clk rise@0.000ns)
  Data Path Delay:        13.612ns  (logic 9.254ns (67.984%)  route 4.358ns (32.016%))
  Logic Levels:           32  (CARRY4=24 LUT2=1 LUT3=2 LUT4=3 LUT6=2)
  Clock Path Skew:        -0.145ns (DCD - SCD + CPR)
    Destination Clock Delay (DCD):    2.128ns = ( 12.128 - 10.000 ) 
    Source Clock Delay      (SCD):    2.456ns
    Clock Pessimism Removal (CPR):    0.184ns
  Clock Uncertainty:      0.035ns  ((TSJ^2 + TIJ^2)^1/2 + DJ) / 2 + PE
    Total System Jitter     (TSJ):    0.071ns
    Total Input Jitter      (TIJ):    0.000ns
    Discrete Jitter          (DJ):    0.000ns
    Phase Error              (PE):    0.000ns

    Location             Delay type                Incr(ns)  Path(ns)    Netlist Resource(s)
  -------------------------------------------------------------------    -------------------
                         (clock clk rise edge)        0.000     0.000 r  
                                                      0.000     0.000 r  clk (IN)
                         net (fo=0)                   0.000     0.000    clk
                         IBUF (Prop_ibuf_I_O)         0.972     0.972 r  clk_IBUF_inst/O
                         net (fo=1, unplaced)         0.800     1.771    clk_IBUF
                         BUFG (Prop_bufg_I_O)         0.101     1.872 r  clk_IBUF_BUFG_inst/O
                         net (fo=166, unplaced)       0.584     2.456    clk_IBUF_BUFG
                         FDRE                                         r  x_reg[1]/C
  -------------------------------------------------------------------    -------------------
                         FDRE (Prop_fdre_C_Q)         0.478     2.934 r  x_reg[1]/Q
                         net (fo=6, unplaced)         0.773     3.707    twice_x_ext[2]
                         LUT4 (Prop_lut4_I1_O)        0.321     4.028 r  x[7]_i_44/O
                         net (fo=1, unplaced)         0.000     4.028    x[7]_i_44_n_0
                         CARRY4 (Prop_carry4_DI[1]_CO[3])
                                                      0.547     4.575 r  x_reg[7]_i_33/CO[3]
                         net (fo=1, unplaced)         0.009     4.584    x_reg[7]_i_33_n_0
                         CARRY4 (Prop_carry4_CI_CO[3])
                                                      0.117     4.701 r  x_reg[7]_i_24/CO[3]
                         net (fo=1, unplaced)         0.000     4.701    x_reg[7]_i_24_n_0
                         CARRY4 (Prop_carry4_CI_CO[3])
                                                      0.117     4.818 r  x_reg[7]_i_15/CO[3]
                         net (fo=1, unplaced)         0.000     4.818    x_reg[7]_i_15_n_0
                         CARRY4 (Prop_carry4_CI_CO[3])
                                                      0.117     4.935 r  x_reg[7]_i_13/CO[3]
                         net (fo=1, unplaced)         0.000     4.935    x_reg[7]_i_13_n_0
                         CARRY4 (Prop_carry4_CI_CO[0])
                                                      0.281     5.216 r  x_reg[7]_i_8/CO[0]
                         net (fo=33, unplaced)        0.383     5.599    reduced_x2_ext1
                         LUT3 (Prop_lut3_I2_O)        0.367     5.966 r  x[7]_i_11/O
                         net (fo=1, unplaced)         0.000     5.966    x[7]_i_11_n_0
                         CARRY4 (Prop_carry4_S[1]_CO[3])
                                                      0.533     6.499 r  x_reg[7]_i_3/CO[3]
                         net (fo=1, unplaced)         0.009     6.508    x_reg[7]_i_3_n_0
                         CARRY4 (Prop_carry4_CI_CO[3])
                                                      0.117     6.625 r  x_reg[11]_i_3/CO[3]
                         net (fo=1, unplaced)         0.000     6.625    x_reg[11]_i_3_n_0
                         CARRY4 (Prop_carry4_CI_CO[3])
                                                      0.117     6.742 r  x_reg[15]_i_3/CO[3]
                         net (fo=1, unplaced)         0.000     6.742    x_reg[15]_i_3_n_0
                         CARRY4 (Prop_carry4_CI_CO[3])
                                                      0.117     6.859 r  x_reg[19]_i_3/CO[3]
                         net (fo=1, unplaced)         0.000     6.859    x_reg[19]_i_3_n_0
                         CARRY4 (Prop_carry4_CI_CO[3])
                                                      0.117     6.976 r  x_reg[23]_i_3/CO[3]
                         net (fo=1, unplaced)         0.000     6.976    x_reg[23]_i_3_n_0
                         CARRY4 (Prop_carry4_CI_O[3])
                                                      0.331     7.307 r  x_reg[27]_i_3/O[3]
                         net (fo=7, unplaced)         0.653     7.960    reduced_x2_ext[23]
                         LUT2 (Prop_lut2_I0_O)        0.307     8.267 r  acc[23]_i_22/O
                         net (fo=1, unplaced)         0.000     8.267    acc[23]_i_22_n_0
                         CARRY4 (Prop_carry4_S[3]_CO[3])
                                                      0.376     8.643 r  acc_reg[23]_i_17/CO[3]
                         net (fo=1, unplaced)         0.000     8.643    acc_reg[23]_i_17_n_0
                         CARRY4 (Prop_carry4_CI_O[3])
                                                      0.331     8.974 r  acc_reg[27]_i_17/O[3]
                         net (fo=5, unplaced)         0.646     9.620    acc_reg[27]_i_17_n_4
                         LUT4 (Prop_lut4_I2_O)        0.300     9.920 r  acc[31]_i_65/O
                         net (fo=1, unplaced)         0.000     9.920    acc[31]_i_65_n_0
                         CARRY4 (Prop_carry4_DI[1]_CO[3])
                                                      0.547    10.467 r  acc_reg[31]_i_42/CO[3]
                         net (fo=1, unplaced)         0.000    10.467    acc_reg[31]_i_42_n_0
                         CARRY4 (Prop_carry4_CI_CO[0])
                                                      0.281    10.748 f  acc_reg[31]_i_27/CO[0]
                         net (fo=64, unplaced)        0.399    11.147    reduced_x3_ext1
                         LUT6 (Prop_lut6_I5_O)        0.367    11.514 r  acc[3]_i_15/O
                         net (fo=1, unplaced)         0.449    11.963    acc[3]_i_15_n_0
                         LUT6 (Prop_lut6_I1_O)        0.124    12.087 r  acc[3]_i_10/O
                         net (fo=1, unplaced)         0.000    12.087    acc[3]_i_10_n_0
                         CARRY4 (Prop_carry4_S[1]_CO[3])
                                                      0.533    12.620 r  acc_reg[3]_i_3/CO[3]
                         net (fo=1, unplaced)         0.009    12.629    acc_reg[3]_i_3_n_0
                         CARRY4 (Prop_carry4_CI_CO[3])
                                                      0.117    12.746 r  acc_reg[7]_i_3/CO[3]
                         net (fo=1, unplaced)         0.000    12.746    acc_reg[7]_i_3_n_0
                         CARRY4 (Prop_carry4_CI_CO[3])
                                                      0.117    12.863 r  acc_reg[11]_i_3/CO[3]
                         net (fo=1, unplaced)         0.000    12.863    acc_reg[11]_i_3_n_0
                         CARRY4 (Prop_carry4_CI_CO[3])
                                                      0.117    12.980 r  acc_reg[15]_i_3/CO[3]
                         net (fo=1, unplaced)         0.000    12.980    acc_reg[15]_i_3_n_0
                         CARRY4 (Prop_carry4_CI_CO[3])
                                                      0.117    13.097 r  acc_reg[19]_i_3/CO[3]
                         net (fo=1, unplaced)         0.000    13.097    acc_reg[19]_i_3_n_0
                         CARRY4 (Prop_carry4_CI_CO[3])
                                                      0.117    13.214 r  acc_reg[23]_i_3/CO[3]
                         net (fo=1, unplaced)         0.000    13.214    acc_reg[23]_i_3_n_0
                         CARRY4 (Prop_carry4_CI_O[3])
                                                      0.331    13.545 r  acc_reg[27]_i_3/O[3]
                         net (fo=5, unplaced)         0.646    14.191    acc_reg[27]_i_3_n_4
                         LUT4 (Prop_lut4_I2_O)        0.300    14.491 r  acc[31]_i_20/O
                         net (fo=1, unplaced)         0.000    14.491    acc[31]_i_20_n_0
                         CARRY4 (Prop_carry4_DI[1]_CO[3])
                                                      0.547    15.038 r  acc_reg[31]_i_10/CO[3]
                         net (fo=1, unplaced)         0.000    15.038    acc_reg[31]_i_10_n_0
                         CARRY4 (Prop_carry4_CI_CO[0])
                                                      0.281    15.319 r  acc_reg[31]_i_4/CO[0]
                         net (fo=32, unplaced)        0.382    15.701    reduced_acc_ext1
                         LUT3 (Prop_lut3_I1_O)        0.367    16.068 r  acc[19]_i_1/O
                         net (fo=2, unplaced)         0.000    16.068    next_acc[19]
                         FDRE                                         r  acc_reg[19]/D
  -------------------------------------------------------------------    -------------------

                         (clock clk rise edge)       10.000    10.000 r  
                                                      0.000    10.000 r  clk (IN)
                         net (fo=0)                   0.000    10.000    clk
                         IBUF (Prop_ibuf_I_O)         0.838    10.838 r  clk_IBUF_inst/O
                         net (fo=1, unplaced)         0.760    11.598    clk_IBUF
                         BUFG (Prop_bufg_I_O)         0.091    11.689 r  clk_IBUF_BUFG_inst/O
                         net (fo=166, unplaced)       0.439    12.128    clk_IBUF_BUFG
                         FDRE                                         r  acc_reg[19]/C
                         clock pessimism              0.184    12.311    
                         clock uncertainty           -0.035    12.276    
                         FDRE (Setup_fdre_C_D)        0.044    12.320    acc_reg[19]
  -------------------------------------------------------------------
                         required time                         12.320    
                         arrival time                         -16.068    
  -------------------------------------------------------------------
                         slack                                 -3.748    

Slack (VIOLATED) :        -3.748ns  (required time - arrival time)
  Source:                 x_reg[1]/C
                            (rising edge-triggered cell FDRE clocked by clk  {rise@0.000ns fall@5.000ns period=10.000ns})
  Destination:            acc_reg[1]/D
                            (rising edge-triggered cell FDRE clocked by clk  {rise@0.000ns fall@5.000ns period=10.000ns})
  Path Group:             clk
  Path Type:              Setup (Max at Slow Process Corner)
  Requirement:            10.000ns  (clk rise@10.000ns - clk rise@0.000ns)
  Data Path Delay:        13.612ns  (logic 9.254ns (67.984%)  route 4.358ns (32.016%))
  Logic Levels:           32  (CARRY4=24 LUT2=1 LUT3=2 LUT4=3 LUT6=2)
  Clock Path Skew:        -0.145ns (DCD - SCD + CPR)
    Destination Clock Delay (DCD):    2.128ns = ( 12.128 - 10.000 ) 
    Source Clock Delay      (SCD):    2.456ns
    Clock Pessimism Removal (CPR):    0.184ns
  Clock Uncertainty:      0.035ns  ((TSJ^2 + TIJ^2)^1/2 + DJ) / 2 + PE
    Total System Jitter     (TSJ):    0.071ns
    Total Input Jitter      (TIJ):    0.000ns
    Discrete Jitter          (DJ):    0.000ns
    Phase Error              (PE):    0.000ns

    Location             Delay type                Incr(ns)  Path(ns)    Netlist Resource(s)
  -------------------------------------------------------------------    -------------------
                         (clock clk rise edge)        0.000     0.000 r  
                                                      0.000     0.000 r  clk (IN)
                         net (fo=0)                   0.000     0.000    clk
                         IBUF (Prop_ibuf_I_O)         0.972     0.972 r  clk_IBUF_inst/O
                         net (fo=1, unplaced)         0.800     1.771    clk_IBUF
                         BUFG (Prop_bufg_I_O)         0.101     1.872 r  clk_IBUF_BUFG_inst/O
                         net (fo=166, unplaced)       0.584     2.456    clk_IBUF_BUFG
                         FDRE                                         r  x_reg[1]/C
  -------------------------------------------------------------------    -------------------
                         FDRE (Prop_fdre_C_Q)         0.478     2.934 r  x_reg[1]/Q
                         net (fo=6, unplaced)         0.773     3.707    twice_x_ext[2]
                         LUT4 (Prop_lut4_I1_O)        0.321     4.028 r  x[7]_i_44/O
                         net (fo=1, unplaced)         0.000     4.028    x[7]_i_44_n_0
                         CARRY4 (Prop_carry4_DI[1]_CO[3])
                                                      0.547     4.575 r  x_reg[7]_i_33/CO[3]
                         net (fo=1, unplaced)         0.009     4.584    x_reg[7]_i_33_n_0
                         CARRY4 (Prop_carry4_CI_CO[3])
                                                      0.117     4.701 r  x_reg[7]_i_24/CO[3]
                         net (fo=1, unplaced)         0.000     4.701    x_reg[7]_i_24_n_0
                         CARRY4 (Prop_carry4_CI_CO[3])
                                                      0.117     4.818 r  x_reg[7]_i_15/CO[3]
                         net (fo=1, unplaced)         0.000     4.818    x_reg[7]_i_15_n_0
                         CARRY4 (Prop_carry4_CI_CO[3])
                                                      0.117     4.935 r  x_reg[7]_i_13/CO[3]
                         net (fo=1, unplaced)         0.000     4.935    x_reg[7]_i_13_n_0
                         CARRY4 (Prop_carry4_CI_CO[0])
                                                      0.281     5.216 r  x_reg[7]_i_8/CO[0]
                         net (fo=33, unplaced)        0.383     5.599    reduced_x2_ext1
                         LUT3 (Prop_lut3_I2_O)        0.367     5.966 r  x[7]_i_11/O
                         net (fo=1, unplaced)         0.000     5.966    x[7]_i_11_n_0
                         CARRY4 (Prop_carry4_S[1]_CO[3])
                                                      0.533     6.499 r  x_reg[7]_i_3/CO[3]
                         net (fo=1, unplaced)         0.009     6.508    x_reg[7]_i_3_n_0
                         CARRY4 (Prop_carry4_CI_CO[3])
                                                      0.117     6.625 r  x_reg[11]_i_3/CO[3]
                         net (fo=1, unplaced)         0.000     6.625    x_reg[11]_i_3_n_0
                         CARRY4 (Prop_carry4_CI_CO[3])
                                                      0.117     6.742 r  x_reg[15]_i_3/CO[3]
                         net (fo=1, unplaced)         0.000     6.742    x_reg[15]_i_3_n_0
                         CARRY4 (Prop_carry4_CI_CO[3])
                                                      0.117     6.859 r  x_reg[19]_i_3/CO[3]
                         net (fo=1, unplaced)         0.000     6.859    x_reg[19]_i_3_n_0
                         CARRY4 (Prop_carry4_CI_CO[3])
                                                      0.117     6.976 r  x_reg[23]_i_3/CO[3]
                         net (fo=1, unplaced)         0.000     6.976    x_reg[23]_i_3_n_0
                         CARRY4 (Prop_carry4_CI_O[3])
                                                      0.331     7.307 r  x_reg[27]_i_3/O[3]
                         net (fo=7, unplaced)         0.653     7.960    reduced_x2_ext[23]
                         LUT2 (Prop_lut2_I0_O)        0.307     8.267 r  acc[23]_i_22/O
                         net (fo=1, unplaced)         0.000     8.267    acc[23]_i_22_n_0
                         CARRY4 (Prop_carry4_S[3]_CO[3])
                                                      0.376     8.643 r  acc_reg[23]_i_17/CO[3]
                         net (fo=1, unplaced)         0.000     8.643    acc_reg[23]_i_17_n_0
                         CARRY4 (Prop_carry4_CI_O[3])
                                                      0.331     8.974 r  acc_reg[27]_i_17/O[3]
                         net (fo=5, unplaced)         0.646     9.620    acc_reg[27]_i_17_n_4
                         LUT4 (Prop_lut4_I2_O)        0.300     9.920 r  acc[31]_i_65/O
                         net (fo=1, unplaced)         0.000     9.920    acc[31]_i_65_n_0
                         CARRY4 (Prop_carry4_DI[1]_CO[3])
                                                      0.547    10.467 r  acc_reg[31]_i_42/CO[3]
                         net (fo=1, unplaced)         0.000    10.467    acc_reg[31]_i_42_n_0
                         CARRY4 (Prop_carry4_CI_CO[0])
                                                      0.281    10.748 f  acc_reg[31]_i_27/CO[0]
                         net (fo=64, unplaced)        0.399    11.147    reduced_x3_ext1
                         LUT6 (Prop_lut6_I5_O)        0.367    11.514 r  acc[3]_i_15/O
                         net (fo=1, unplaced)         0.449    11.963    acc[3]_i_15_n_0
                         LUT6 (Prop_lut6_I1_O)        0.124    12.087 r  acc[3]_i_10/O
                         net (fo=1, unplaced)         0.000    12.087    acc[3]_i_10_n_0
                         CARRY4 (Prop_carry4_S[1]_CO[3])
                                                      0.533    12.620 r  acc_reg[3]_i_3/CO[3]
                         net (fo=1, unplaced)         0.009    12.629    acc_reg[3]_i_3_n_0
                         CARRY4 (Prop_carry4_CI_CO[3])
                                                      0.117    12.746 r  acc_reg[7]_i_3/CO[3]
                         net (fo=1, unplaced)         0.000    12.746    acc_reg[7]_i_3_n_0
                         CARRY4 (Prop_carry4_CI_CO[3])
                                                      0.117    12.863 r  acc_reg[11]_i_3/CO[3]
                         net (fo=1, unplaced)         0.000    12.863    acc_reg[11]_i_3_n_0
                         CARRY4 (Prop_carry4_CI_CO[3])
                                                      0.117    12.980 r  acc_reg[15]_i_3/CO[3]
                         net (fo=1, unplaced)         0.000    12.980    acc_reg[15]_i_3_n_0
                         CARRY4 (Prop_carry4_CI_CO[3])
                                                      0.117    13.097 r  acc_reg[19]_i_3/CO[3]
                         net (fo=1, unplaced)         0.000    13.097    acc_reg[19]_i_3_n_0
                         CARRY4 (Prop_carry4_CI_CO[3])
                                                      0.117    13.214 r  acc_reg[23]_i_3/CO[3]
                         net (fo=1, unplaced)         0.000    13.214    acc_reg[23]_i_3_n_0
                         CARRY4 (Prop_carry4_CI_O[3])
                                                      0.331    13.545 r  acc_reg[27]_i_3/O[3]
                         net (fo=5, unplaced)         0.646    14.191    acc_reg[27]_i_3_n_4
                         LUT4 (Prop_lut4_I2_O)        0.300    14.491 r  acc[31]_i_20/O
                         net (fo=1, unplaced)         0.000    14.491    acc[31]_i_20_n_0
                         CARRY4 (Prop_carry4_DI[1]_CO[3])
                                                      0.547    15.038 r  acc_reg[31]_i_10/CO[3]
                         net (fo=1, unplaced)         0.000    15.038    acc_reg[31]_i_10_n_0
                         CARRY4 (Prop_carry4_CI_CO[0])
                                                      0.281    15.319 r  acc_reg[31]_i_4/CO[0]
                         net (fo=32, unplaced)        0.382    15.701    reduced_acc_ext1
                         LUT3 (Prop_lut3_I1_O)        0.367    16.068 r  acc[1]_i_1/O
                         net (fo=2, unplaced)         0.000    16.068    next_acc[1]
                         FDRE                                         r  acc_reg[1]/D
  -------------------------------------------------------------------    -------------------

                         (clock clk rise edge)       10.000    10.000 r  
                                                      0.000    10.000 r  clk (IN)
                         net (fo=0)                   0.000    10.000    clk
                         IBUF (Prop_ibuf_I_O)         0.838    10.838 r  clk_IBUF_inst/O
                         net (fo=1, unplaced)         0.760    11.598    clk_IBUF
                         BUFG (Prop_bufg_I_O)         0.091    11.689 r  clk_IBUF_BUFG_inst/O
                         net (fo=166, unplaced)       0.439    12.128    clk_IBUF_BUFG
                         FDRE                                         r  acc_reg[1]/C
                         clock pessimism              0.184    12.311    
                         clock uncertainty           -0.035    12.276    
                         FDRE (Setup_fdre_C_D)        0.044    12.320    acc_reg[1]
  -------------------------------------------------------------------
                         required time                         12.320    
                         arrival time                         -16.068    
  -------------------------------------------------------------------
                         slack                                 -3.748    

Slack (VIOLATED) :        -3.748ns  (required time - arrival time)
  Source:                 x_reg[1]/C
                            (rising edge-triggered cell FDRE clocked by clk  {rise@0.000ns fall@5.000ns period=10.000ns})
  Destination:            acc_reg[20]/D
                            (rising edge-triggered cell FDRE clocked by clk  {rise@0.000ns fall@5.000ns period=10.000ns})
  Path Group:             clk
  Path Type:              Setup (Max at Slow Process Corner)
  Requirement:            10.000ns  (clk rise@10.000ns - clk rise@0.000ns)
  Data Path Delay:        13.612ns  (logic 9.254ns (67.984%)  route 4.358ns (32.016%))
  Logic Levels:           32  (CARRY4=24 LUT2=1 LUT3=2 LUT4=3 LUT6=2)
  Clock Path Skew:        -0.145ns (DCD - SCD + CPR)
    Destination Clock Delay (DCD):    2.128ns = ( 12.128 - 10.000 ) 
    Source Clock Delay      (SCD):    2.456ns
    Clock Pessimism Removal (CPR):    0.184ns
  Clock Uncertainty:      0.035ns  ((TSJ^2 + TIJ^2)^1/2 + DJ) / 2 + PE
    Total System Jitter     (TSJ):    0.071ns
    Total Input Jitter      (TIJ):    0.000ns
    Discrete Jitter          (DJ):    0.000ns
    Phase Error              (PE):    0.000ns

    Location             Delay type                Incr(ns)  Path(ns)    Netlist Resource(s)
  -------------------------------------------------------------------    -------------------
                         (clock clk rise edge)        0.000     0.000 r  
                                                      0.000     0.000 r  clk (IN)
                         net (fo=0)                   0.000     0.000    clk
                         IBUF (Prop_ibuf_I_O)         0.972     0.972 r  clk_IBUF_inst/O
                         net (fo=1, unplaced)         0.800     1.771    clk_IBUF
                         BUFG (Prop_bufg_I_O)         0.101     1.872 r  clk_IBUF_BUFG_inst/O
                         net (fo=166, unplaced)       0.584     2.456    clk_IBUF_BUFG
                         FDRE                                         r  x_reg[1]/C
  -------------------------------------------------------------------    -------------------
                         FDRE (Prop_fdre_C_Q)         0.478     2.934 r  x_reg[1]/Q
                         net (fo=6, unplaced)         0.773     3.707    twice_x_ext[2]
                         LUT4 (Prop_lut4_I1_O)        0.321     4.028 r  x[7]_i_44/O
                         net (fo=1, unplaced)         0.000     4.028    x[7]_i_44_n_0
                         CARRY4 (Prop_carry4_DI[1]_CO[3])
                                                      0.547     4.575 r  x_reg[7]_i_33/CO[3]
                         net (fo=1, unplaced)         0.009     4.584    x_reg[7]_i_33_n_0
                         CARRY4 (Prop_carry4_CI_CO[3])
                                                      0.117     4.701 r  x_reg[7]_i_24/CO[3]
                         net (fo=1, unplaced)         0.000     4.701    x_reg[7]_i_24_n_0
                         CARRY4 (Prop_carry4_CI_CO[3])
                                                      0.117     4.818 r  x_reg[7]_i_15/CO[3]
                         net (fo=1, unplaced)         0.000     4.818    x_reg[7]_i_15_n_0
                         CARRY4 (Prop_carry4_CI_CO[3])
                                                      0.117     4.935 r  x_reg[7]_i_13/CO[3]
                         net (fo=1, unplaced)         0.000     4.935    x_reg[7]_i_13_n_0
                         CARRY4 (Prop_carry4_CI_CO[0])
                                                      0.281     5.216 r  x_reg[7]_i_8/CO[0]
                         net (fo=33, unplaced)        0.383     5.599    reduced_x2_ext1
                         LUT3 (Prop_lut3_I2_O)        0.367     5.966 r  x[7]_i_11/O
                         net (fo=1, unplaced)         0.000     5.966    x[7]_i_11_n_0
                         CARRY4 (Prop_carry4_S[1]_CO[3])
                                                      0.533     6.499 r  x_reg[7]_i_3/CO[3]
                         net (fo=1, unplaced)         0.009     6.508    x_reg[7]_i_3_n_0
                         CARRY4 (Prop_carry4_CI_CO[3])
                                                      0.117     6.625 r  x_reg[11]_i_3/CO[3]
                         net (fo=1, unplaced)         0.000     6.625    x_reg[11]_i_3_n_0
                         CARRY4 (Prop_carry4_CI_CO[3])
                                                      0.117     6.742 r  x_reg[15]_i_3/CO[3]
                         net (fo=1, unplaced)         0.000     6.742    x_reg[15]_i_3_n_0
                         CARRY4 (Prop_carry4_CI_CO[3])
                                                      0.117     6.859 r  x_reg[19]_i_3/CO[3]
                         net (fo=1, unplaced)         0.000     6.859    x_reg[19]_i_3_n_0
                         CARRY4 (Prop_carry4_CI_CO[3])
                                                      0.117     6.976 r  x_reg[23]_i_3/CO[3]
                         net (fo=1, unplaced)         0.000     6.976    x_reg[23]_i_3_n_0
                         CARRY4 (Prop_carry4_CI_O[3])
                                                      0.331     7.307 r  x_reg[27]_i_3/O[3]
                         net (fo=7, unplaced)         0.653     7.960    reduced_x2_ext[23]
                         LUT2 (Prop_lut2_I0_O)        0.307     8.267 r  acc[23]_i_22/O
                         net (fo=1, unplaced)         0.000     8.267    acc[23]_i_22_n_0
                         CARRY4 (Prop_carry4_S[3]_CO[3])
                                                      0.376     8.643 r  acc_reg[23]_i_17/CO[3]
                         net (fo=1, unplaced)         0.000     8.643    acc_reg[23]_i_17_n_0
                         CARRY4 (Prop_carry4_CI_O[3])
                                                      0.331     8.974 r  acc_reg[27]_i_17/O[3]
                         net (fo=5, unplaced)         0.646     9.620    acc_reg[27]_i_17_n_4
                         LUT4 (Prop_lut4_I2_O)        0.300     9.920 r  acc[31]_i_65/O
                         net (fo=1, unplaced)         0.000     9.920    acc[31]_i_65_n_0
                         CARRY4 (Prop_carry4_DI[1]_CO[3])
                                                      0.547    10.467 r  acc_reg[31]_i_42/CO[3]
                         net (fo=1, unplaced)         0.000    10.467    acc_reg[31]_i_42_n_0
                         CARRY4 (Prop_carry4_CI_CO[0])
                                                      0.281    10.748 f  acc_reg[31]_i_27/CO[0]
                         net (fo=64, unplaced)        0.399    11.147    reduced_x3_ext1
                         LUT6 (Prop_lut6_I5_O)        0.367    11.514 r  acc[3]_i_15/O
                         net (fo=1, unplaced)         0.449    11.963    acc[3]_i_15_n_0
                         LUT6 (Prop_lut6_I1_O)        0.124    12.087 r  acc[3]_i_10/O
                         net (fo=1, unplaced)         0.000    12.087    acc[3]_i_10_n_0
                         CARRY4 (Prop_carry4_S[1]_CO[3])
                                                      0.533    12.620 r  acc_reg[3]_i_3/CO[3]
                         net (fo=1, unplaced)         0.009    12.629    acc_reg[3]_i_3_n_0
                         CARRY4 (Prop_carry4_CI_CO[3])
                                                      0.117    12.746 r  acc_reg[7]_i_3/CO[3]
                         net (fo=1, unplaced)         0.000    12.746    acc_reg[7]_i_3_n_0
                         CARRY4 (Prop_carry4_CI_CO[3])
                                                      0.117    12.863 r  acc_reg[11]_i_3/CO[3]
                         net (fo=1, unplaced)         0.000    12.863    acc_reg[11]_i_3_n_0
                         CARRY4 (Prop_carry4_CI_CO[3])
                                                      0.117    12.980 r  acc_reg[15]_i_3/CO[3]
                         net (fo=1, unplaced)         0.000    12.980    acc_reg[15]_i_3_n_0
                         CARRY4 (Prop_carry4_CI_CO[3])
                                                      0.117    13.097 r  acc_reg[19]_i_3/CO[3]
                         net (fo=1, unplaced)         0.000    13.097    acc_reg[19]_i_3_n_0
                         CARRY4 (Prop_carry4_CI_CO[3])
                                                      0.117    13.214 r  acc_reg[23]_i_3/CO[3]
                         net (fo=1, unplaced)         0.000    13.214    acc_reg[23]_i_3_n_0
                         CARRY4 (Prop_carry4_CI_O[3])
                                                      0.331    13.545 r  acc_reg[27]_i_3/O[3]
                         net (fo=5, unplaced)         0.646    14.191    acc_reg[27]_i_3_n_4
                         LUT4 (Prop_lut4_I2_O)        0.300    14.491 r  acc[31]_i_20/O
                         net (fo=1, unplaced)         0.000    14.491    acc[31]_i_20_n_0
                         CARRY4 (Prop_carry4_DI[1]_CO[3])
                                                      0.547    15.038 r  acc_reg[31]_i_10/CO[3]
                         net (fo=1, unplaced)         0.000    15.038    acc_reg[31]_i_10_n_0
                         CARRY4 (Prop_carry4_CI_CO[0])
                                                      0.281    15.319 r  acc_reg[31]_i_4/CO[0]
                         net (fo=32, unplaced)        0.382    15.701    reduced_acc_ext1
                         LUT3 (Prop_lut3_I1_O)        0.367    16.068 r  acc[20]_i_1/O
                         net (fo=2, unplaced)         0.000    16.068    next_acc[20]
                         FDRE                                         r  acc_reg[20]/D
  -------------------------------------------------------------------    -------------------

                         (clock clk rise edge)       10.000    10.000 r  
                                                      0.000    10.000 r  clk (IN)
                         net (fo=0)                   0.000    10.000    clk
                         IBUF (Prop_ibuf_I_O)         0.838    10.838 r  clk_IBUF_inst/O
                         net (fo=1, unplaced)         0.760    11.598    clk_IBUF
                         BUFG (Prop_bufg_I_O)         0.091    11.689 r  clk_IBUF_BUFG_inst/O
                         net (fo=166, unplaced)       0.439    12.128    clk_IBUF_BUFG
                         FDRE                                         r  acc_reg[20]/C
                         clock pessimism              0.184    12.311    
                         clock uncertainty           -0.035    12.276    
                         FDRE (Setup_fdre_C_D)        0.044    12.320    acc_reg[20]
  -------------------------------------------------------------------
                         required time                         12.320    
                         arrival time                         -16.068    
  -------------------------------------------------------------------
                         slack                                 -3.748    

Slack (VIOLATED) :        -3.748ns  (required time - arrival time)
  Source:                 x_reg[1]/C
                            (rising edge-triggered cell FDRE clocked by clk  {rise@0.000ns fall@5.000ns period=10.000ns})
  Destination:            acc_reg[21]/D
                            (rising edge-triggered cell FDRE clocked by clk  {rise@0.000ns fall@5.000ns period=10.000ns})
  Path Group:             clk
  Path Type:              Setup (Max at Slow Process Corner)
  Requirement:            10.000ns  (clk rise@10.000ns - clk rise@0.000ns)
  Data Path Delay:        13.612ns  (logic 9.254ns (67.984%)  route 4.358ns (32.016%))
  Logic Levels:           32  (CARRY4=24 LUT2=1 LUT3=2 LUT4=3 LUT6=2)
  Clock Path Skew:        -0.145ns (DCD - SCD + CPR)
    Destination Clock Delay (DCD):    2.128ns = ( 12.128 - 10.000 ) 
    Source Clock Delay      (SCD):    2.456ns
    Clock Pessimism Removal (CPR):    0.184ns
  Clock Uncertainty:      0.035ns  ((TSJ^2 + TIJ^2)^1/2 + DJ) / 2 + PE
    Total System Jitter     (TSJ):    0.071ns
    Total Input Jitter      (TIJ):    0.000ns
    Discrete Jitter          (DJ):    0.000ns
    Phase Error              (PE):    0.000ns

    Location             Delay type                Incr(ns)  Path(ns)    Netlist Resource(s)
  -------------------------------------------------------------------    -------------------
                         (clock clk rise edge)        0.000     0.000 r  
                                                      0.000     0.000 r  clk (IN)
                         net (fo=0)                   0.000     0.000    clk
                         IBUF (Prop_ibuf_I_O)         0.972     0.972 r  clk_IBUF_inst/O
                         net (fo=1, unplaced)         0.800     1.771    clk_IBUF
                         BUFG (Prop_bufg_I_O)         0.101     1.872 r  clk_IBUF_BUFG_inst/O
                         net (fo=166, unplaced)       0.584     2.456    clk_IBUF_BUFG
                         FDRE                                         r  x_reg[1]/C
  -------------------------------------------------------------------    -------------------
                         FDRE (Prop_fdre_C_Q)         0.478     2.934 r  x_reg[1]/Q
                         net (fo=6, unplaced)         0.773     3.707    twice_x_ext[2]
                         LUT4 (Prop_lut4_I1_O)        0.321     4.028 r  x[7]_i_44/O
                         net (fo=1, unplaced)         0.000     4.028    x[7]_i_44_n_0
                         CARRY4 (Prop_carry4_DI[1]_CO[3])
                                                      0.547     4.575 r  x_reg[7]_i_33/CO[3]
                         net (fo=1, unplaced)         0.009     4.584    x_reg[7]_i_33_n_0
                         CARRY4 (Prop_carry4_CI_CO[3])
                                                      0.117     4.701 r  x_reg[7]_i_24/CO[3]
                         net (fo=1, unplaced)         0.000     4.701    x_reg[7]_i_24_n_0
                         CARRY4 (Prop_carry4_CI_CO[3])
                                                      0.117     4.818 r  x_reg[7]_i_15/CO[3]
                         net (fo=1, unplaced)         0.000     4.818    x_reg[7]_i_15_n_0
                         CARRY4 (Prop_carry4_CI_CO[3])
                                                      0.117     4.935 r  x_reg[7]_i_13/CO[3]
                         net (fo=1, unplaced)         0.000     4.935    x_reg[7]_i_13_n_0
                         CARRY4 (Prop_carry4_CI_CO[0])
                                                      0.281     5.216 r  x_reg[7]_i_8/CO[0]
                         net (fo=33, unplaced)        0.383     5.599    reduced_x2_ext1
                         LUT3 (Prop_lut3_I2_O)        0.367     5.966 r  x[7]_i_11/O
                         net (fo=1, unplaced)         0.000     5.966    x[7]_i_11_n_0
                         CARRY4 (Prop_carry4_S[1]_CO[3])
                                                      0.533     6.499 r  x_reg[7]_i_3/CO[3]
                         net (fo=1, unplaced)         0.009     6.508    x_reg[7]_i_3_n_0
                         CARRY4 (Prop_carry4_CI_CO[3])
                                                      0.117     6.625 r  x_reg[11]_i_3/CO[3]
                         net (fo=1, unplaced)         0.000     6.625    x_reg[11]_i_3_n_0
                         CARRY4 (Prop_carry4_CI_CO[3])
                                                      0.117     6.742 r  x_reg[15]_i_3/CO[3]
                         net (fo=1, unplaced)         0.000     6.742    x_reg[15]_i_3_n_0
                         CARRY4 (Prop_carry4_CI_CO[3])
                                                      0.117     6.859 r  x_reg[19]_i_3/CO[3]
                         net (fo=1, unplaced)         0.000     6.859    x_reg[19]_i_3_n_0
                         CARRY4 (Prop_carry4_CI_CO[3])
                                                      0.117     6.976 r  x_reg[23]_i_3/CO[3]
                         net (fo=1, unplaced)         0.000     6.976    x_reg[23]_i_3_n_0
                         CARRY4 (Prop_carry4_CI_O[3])
                                                      0.331     7.307 r  x_reg[27]_i_3/O[3]
                         net (fo=7, unplaced)         0.653     7.960    reduced_x2_ext[23]
                         LUT2 (Prop_lut2_I0_O)        0.307     8.267 r  acc[23]_i_22/O
                         net (fo=1, unplaced)         0.000     8.267    acc[23]_i_22_n_0
                         CARRY4 (Prop_carry4_S[3]_CO[3])
                                                      0.376     8.643 r  acc_reg[23]_i_17/CO[3]
                         net (fo=1, unplaced)         0.000     8.643    acc_reg[23]_i_17_n_0
                         CARRY4 (Prop_carry4_CI_O[3])
                                                      0.331     8.974 r  acc_reg[27]_i_17/O[3]
                         net (fo=5, unplaced)         0.646     9.620    acc_reg[27]_i_17_n_4
                         LUT4 (Prop_lut4_I2_O)        0.300     9.920 r  acc[31]_i_65/O
                         net (fo=1, unplaced)         0.000     9.920    acc[31]_i_65_n_0
                         CARRY4 (Prop_carry4_DI[1]_CO[3])
                                                      0.547    10.467 r  acc_reg[31]_i_42/CO[3]
                         net (fo=1, unplaced)         0.000    10.467    acc_reg[31]_i_42_n_0
                         CARRY4 (Prop_carry4_CI_CO[0])
                                                      0.281    10.748 f  acc_reg[31]_i_27/CO[0]
                         net (fo=64, unplaced)        0.399    11.147    reduced_x3_ext1
                         LUT6 (Prop_lut6_I5_O)        0.367    11.514 r  acc[3]_i_15/O
                         net (fo=1, unplaced)         0.449    11.963    acc[3]_i_15_n_0
                         LUT6 (Prop_lut6_I1_O)        0.124    12.087 r  acc[3]_i_10/O
                         net (fo=1, unplaced)         0.000    12.087    acc[3]_i_10_n_0
                         CARRY4 (Prop_carry4_S[1]_CO[3])
                                                      0.533    12.620 r  acc_reg[3]_i_3/CO[3]
                         net (fo=1, unplaced)         0.009    12.629    acc_reg[3]_i_3_n_0
                         CARRY4 (Prop_carry4_CI_CO[3])
                                                      0.117    12.746 r  acc_reg[7]_i_3/CO[3]
                         net (fo=1, unplaced)         0.000    12.746    acc_reg[7]_i_3_n_0
                         CARRY4 (Prop_carry4_CI_CO[3])
                                                      0.117    12.863 r  acc_reg[11]_i_3/CO[3]
                         net (fo=1, unplaced)         0.000    12.863    acc_reg[11]_i_3_n_0
                         CARRY4 (Prop_carry4_CI_CO[3])
                                                      0.117    12.980 r  acc_reg[15]_i_3/CO[3]
                         net (fo=1, unplaced)         0.000    12.980    acc_reg[15]_i_3_n_0
                         CARRY4 (Prop_carry4_CI_CO[3])
                                                      0.117    13.097 r  acc_reg[19]_i_3/CO[3]
                         net (fo=1, unplaced)         0.000    13.097    acc_reg[19]_i_3_n_0
                         CARRY4 (Prop_carry4_CI_CO[3])
                                                      0.117    13.214 r  acc_reg[23]_i_3/CO[3]
                         net (fo=1, unplaced)         0.000    13.214    acc_reg[23]_i_3_n_0
                         CARRY4 (Prop_carry4_CI_O[3])
                                                      0.331    13.545 r  acc_reg[27]_i_3/O[3]
                         net (fo=5, unplaced)         0.646    14.191    acc_reg[27]_i_3_n_4
                         LUT4 (Prop_lut4_I2_O)        0.300    14.491 r  acc[31]_i_20/O
                         net (fo=1, unplaced)         0.000    14.491    acc[31]_i_20_n_0
                         CARRY4 (Prop_carry4_DI[1]_CO[3])
                                                      0.547    15.038 r  acc_reg[31]_i_10/CO[3]
                         net (fo=1, unplaced)         0.000    15.038    acc_reg[31]_i_10_n_0
                         CARRY4 (Prop_carry4_CI_CO[0])
                                                      0.281    15.319 r  acc_reg[31]_i_4/CO[0]
                         net (fo=32, unplaced)        0.382    15.701    reduced_acc_ext1
                         LUT3 (Prop_lut3_I1_O)        0.367    16.068 r  acc[21]_i_1/O
                         net (fo=2, unplaced)         0.000    16.068    next_acc[21]
                         FDRE                                         r  acc_reg[21]/D
  -------------------------------------------------------------------    -------------------

                         (clock clk rise edge)       10.000    10.000 r  
                                                      0.000    10.000 r  clk (IN)
                         net (fo=0)                   0.000    10.000    clk
                         IBUF (Prop_ibuf_I_O)         0.838    10.838 r  clk_IBUF_inst/O
                         net (fo=1, unplaced)         0.760    11.598    clk_IBUF
                         BUFG (Prop_bufg_I_O)         0.091    11.689 r  clk_IBUF_BUFG_inst/O
                         net (fo=166, unplaced)       0.439    12.128    clk_IBUF_BUFG
                         FDRE                                         r  acc_reg[21]/C
                         clock pessimism              0.184    12.311    
                         clock uncertainty           -0.035    12.276    
                         FDRE (Setup_fdre_C_D)        0.044    12.320    acc_reg[21]
  -------------------------------------------------------------------
                         required time                         12.320    
                         arrival time                         -16.068    
  -------------------------------------------------------------------
                         slack                                 -3.748    

Slack (VIOLATED) :        -3.748ns  (required time - arrival time)
  Source:                 x_reg[1]/C
                            (rising edge-triggered cell FDRE clocked by clk  {rise@0.000ns fall@5.000ns period=10.000ns})
  Destination:            acc_reg[22]/D
                            (rising edge-triggered cell FDRE clocked by clk  {rise@0.000ns fall@5.000ns period=10.000ns})
  Path Group:             clk
  Path Type:              Setup (Max at Slow Process Corner)
  Requirement:            10.000ns  (clk rise@10.000ns - clk rise@0.000ns)
  Data Path Delay:        13.612ns  (logic 9.254ns (67.984%)  route 4.358ns (32.016%))
  Logic Levels:           32  (CARRY4=24 LUT2=1 LUT3=2 LUT4=3 LUT6=2)
  Clock Path Skew:        -0.145ns (DCD - SCD + CPR)
    Destination Clock Delay (DCD):    2.128ns = ( 12.128 - 10.000 ) 
    Source Clock Delay      (SCD):    2.456ns
    Clock Pessimism Removal (CPR):    0.184ns
  Clock Uncertainty:      0.035ns  ((TSJ^2 + TIJ^2)^1/2 + DJ) / 2 + PE
    Total System Jitter     (TSJ):    0.071ns
    Total Input Jitter      (TIJ):    0.000ns
    Discrete Jitter          (DJ):    0.000ns
    Phase Error              (PE):    0.000ns

    Location             Delay type                Incr(ns)  Path(ns)    Netlist Resource(s)
  -------------------------------------------------------------------    -------------------
                         (clock clk rise edge)        0.000     0.000 r  
                                                      0.000     0.000 r  clk (IN)
                         net (fo=0)                   0.000     0.000    clk
                         IBUF (Prop_ibuf_I_O)         0.972     0.972 r  clk_IBUF_inst/O
                         net (fo=1, unplaced)         0.800     1.771    clk_IBUF
                         BUFG (Prop_bufg_I_O)         0.101     1.872 r  clk_IBUF_BUFG_inst/O
                         net (fo=166, unplaced)       0.584     2.456    clk_IBUF_BUFG
                         FDRE                                         r  x_reg[1]/C
  -------------------------------------------------------------------    -------------------
                         FDRE (Prop_fdre_C_Q)         0.478     2.934 r  x_reg[1]/Q
                         net (fo=6, unplaced)         0.773     3.707    twice_x_ext[2]
                         LUT4 (Prop_lut4_I1_O)        0.321     4.028 r  x[7]_i_44/O
                         net (fo=1, unplaced)         0.000     4.028    x[7]_i_44_n_0
                         CARRY4 (Prop_carry4_DI[1]_CO[3])
                                                      0.547     4.575 r  x_reg[7]_i_33/CO[3]
                         net (fo=1, unplaced)         0.009     4.584    x_reg[7]_i_33_n_0
                         CARRY4 (Prop_carry4_CI_CO[3])
                                                      0.117     4.701 r  x_reg[7]_i_24/CO[3]
                         net (fo=1, unplaced)         0.000     4.701    x_reg[7]_i_24_n_0
                         CARRY4 (Prop_carry4_CI_CO[3])
                                                      0.117     4.818 r  x_reg[7]_i_15/CO[3]
                         net (fo=1, unplaced)         0.000     4.818    x_reg[7]_i_15_n_0
                         CARRY4 (Prop_carry4_CI_CO[3])
                                                      0.117     4.935 r  x_reg[7]_i_13/CO[3]
                         net (fo=1, unplaced)         0.000     4.935    x_reg[7]_i_13_n_0
                         CARRY4 (Prop_carry4_CI_CO[0])
                                                      0.281     5.216 r  x_reg[7]_i_8/CO[0]
                         net (fo=33, unplaced)        0.383     5.599    reduced_x2_ext1
                         LUT3 (Prop_lut3_I2_O)        0.367     5.966 r  x[7]_i_11/O
                         net (fo=1, unplaced)         0.000     5.966    x[7]_i_11_n_0
                         CARRY4 (Prop_carry4_S[1]_CO[3])
                                                      0.533     6.499 r  x_reg[7]_i_3/CO[3]
                         net (fo=1, unplaced)         0.009     6.508    x_reg[7]_i_3_n_0
                         CARRY4 (Prop_carry4_CI_CO[3])
                                                      0.117     6.625 r  x_reg[11]_i_3/CO[3]
                         net (fo=1, unplaced)         0.000     6.625    x_reg[11]_i_3_n_0
                         CARRY4 (Prop_carry4_CI_CO[3])
                                                      0.117     6.742 r  x_reg[15]_i_3/CO[3]
                         net (fo=1, unplaced)         0.000     6.742    x_reg[15]_i_3_n_0
                         CARRY4 (Prop_carry4_CI_CO[3])
                                                      0.117     6.859 r  x_reg[19]_i_3/CO[3]
                         net (fo=1, unplaced)         0.000     6.859    x_reg[19]_i_3_n_0
                         CARRY4 (Prop_carry4_CI_CO[3])
                                                      0.117     6.976 r  x_reg[23]_i_3/CO[3]
                         net (fo=1, unplaced)         0.000     6.976    x_reg[23]_i_3_n_0
                         CARRY4 (Prop_carry4_CI_O[3])
                                                      0.331     7.307 r  x_reg[27]_i_3/O[3]
                         net (fo=7, unplaced)         0.653     7.960    reduced_x2_ext[23]
                         LUT2 (Prop_lut2_I0_O)        0.307     8.267 r  acc[23]_i_22/O
                         net (fo=1, unplaced)         0.000     8.267    acc[23]_i_22_n_0
                         CARRY4 (Prop_carry4_S[3]_CO[3])
                                                      0.376     8.643 r  acc_reg[23]_i_17/CO[3]
                         net (fo=1, unplaced)         0.000     8.643    acc_reg[23]_i_17_n_0
                         CARRY4 (Prop_carry4_CI_O[3])
                                                      0.331     8.974 r  acc_reg[27]_i_17/O[3]
                         net (fo=5, unplaced)         0.646     9.620    acc_reg[27]_i_17_n_4
                         LUT4 (Prop_lut4_I2_O)        0.300     9.920 r  acc[31]_i_65/O
                         net (fo=1, unplaced)         0.000     9.920    acc[31]_i_65_n_0
                         CARRY4 (Prop_carry4_DI[1]_CO[3])
                                                      0.547    10.467 r  acc_reg[31]_i_42/CO[3]
                         net (fo=1, unplaced)         0.000    10.467    acc_reg[31]_i_42_n_0
                         CARRY4 (Prop_carry4_CI_CO[0])
                                                      0.281    10.748 f  acc_reg[31]_i_27/CO[0]
                         net (fo=64, unplaced)        0.399    11.147    reduced_x3_ext1
                         LUT6 (Prop_lut6_I5_O)        0.367    11.514 r  acc[3]_i_15/O
                         net (fo=1, unplaced)         0.449    11.963    acc[3]_i_15_n_0
                         LUT6 (Prop_lut6_I1_O)        0.124    12.087 r  acc[3]_i_10/O
                         net (fo=1, unplaced)         0.000    12.087    acc[3]_i_10_n_0
                         CARRY4 (Prop_carry4_S[1]_CO[3])
                                                      0.533    12.620 r  acc_reg[3]_i_3/CO[3]
                         net (fo=1, unplaced)         0.009    12.629    acc_reg[3]_i_3_n_0
                         CARRY4 (Prop_carry4_CI_CO[3])
                                                      0.117    12.746 r  acc_reg[7]_i_3/CO[3]
                         net (fo=1, unplaced)         0.000    12.746    acc_reg[7]_i_3_n_0
                         CARRY4 (Prop_carry4_CI_CO[3])
                                                      0.117    12.863 r  acc_reg[11]_i_3/CO[3]
                         net (fo=1, unplaced)         0.000    12.863    acc_reg[11]_i_3_n_0
                         CARRY4 (Prop_carry4_CI_CO[3])
                                                      0.117    12.980 r  acc_reg[15]_i_3/CO[3]
                         net (fo=1, unplaced)         0.000    12.980    acc_reg[15]_i_3_n_0
                         CARRY4 (Prop_carry4_CI_CO[3])
                                                      0.117    13.097 r  acc_reg[19]_i_3/CO[3]
                         net (fo=1, unplaced)         0.000    13.097    acc_reg[19]_i_3_n_0
                         CARRY4 (Prop_carry4_CI_CO[3])
                                                      0.117    13.214 r  acc_reg[23]_i_3/CO[3]
                         net (fo=1, unplaced)         0.000    13.214    acc_reg[23]_i_3_n_0
                         CARRY4 (Prop_carry4_CI_O[3])
                                                      0.331    13.545 r  acc_reg[27]_i_3/O[3]
                         net (fo=5, unplaced)         0.646    14.191    acc_reg[27]_i_3_n_4
                         LUT4 (Prop_lut4_I2_O)        0.300    14.491 r  acc[31]_i_20/O
                         net (fo=1, unplaced)         0.000    14.491    acc[31]_i_20_n_0
                         CARRY4 (Prop_carry4_DI[1]_CO[3])
                                                      0.547    15.038 r  acc_reg[31]_i_10/CO[3]
                         net (fo=1, unplaced)         0.000    15.038    acc_reg[31]_i_10_n_0
                         CARRY4 (Prop_carry4_CI_CO[0])
                                                      0.281    15.319 r  acc_reg[31]_i_4/CO[0]
                         net (fo=32, unplaced)        0.382    15.701    reduced_acc_ext1
                         LUT3 (Prop_lut3_I1_O)        0.367    16.068 r  acc[22]_i_1/O
                         net (fo=2, unplaced)         0.000    16.068    next_acc[22]
                         FDRE                                         r  acc_reg[22]/D
  -------------------------------------------------------------------    -------------------

                         (clock clk rise edge)       10.000    10.000 r  
                                                      0.000    10.000 r  clk (IN)
                         net (fo=0)                   0.000    10.000    clk
                         IBUF (Prop_ibuf_I_O)         0.838    10.838 r  clk_IBUF_inst/O
                         net (fo=1, unplaced)         0.760    11.598    clk_IBUF
                         BUFG (Prop_bufg_I_O)         0.091    11.689 r  clk_IBUF_BUFG_inst/O
                         net (fo=166, unplaced)       0.439    12.128    clk_IBUF_BUFG
                         FDRE                                         r  acc_reg[22]/C
                         clock pessimism              0.184    12.311    
                         clock uncertainty           -0.035    12.276    
                         FDRE (Setup_fdre_C_D)        0.044    12.320    acc_reg[22]
  -------------------------------------------------------------------
                         required time                         12.320    
                         arrival time                         -16.068    
  -------------------------------------------------------------------
                         slack                                 -3.748    

Slack (VIOLATED) :        -3.748ns  (required time - arrival time)
  Source:                 x_reg[1]/C
                            (rising edge-triggered cell FDRE clocked by clk  {rise@0.000ns fall@5.000ns period=10.000ns})
  Destination:            acc_reg[23]/D
                            (rising edge-triggered cell FDRE clocked by clk  {rise@0.000ns fall@5.000ns period=10.000ns})
  Path Group:             clk
  Path Type:              Setup (Max at Slow Process Corner)
  Requirement:            10.000ns  (clk rise@10.000ns - clk rise@0.000ns)
  Data Path Delay:        13.612ns  (logic 9.254ns (67.984%)  route 4.358ns (32.016%))
  Logic Levels:           32  (CARRY4=24 LUT2=1 LUT3=2 LUT4=3 LUT6=2)
  Clock Path Skew:        -0.145ns (DCD - SCD + CPR)
    Destination Clock Delay (DCD):    2.128ns = ( 12.128 - 10.000 ) 
    Source Clock Delay      (SCD):    2.456ns
    Clock Pessimism Removal (CPR):    0.184ns
  Clock Uncertainty:      0.035ns  ((TSJ^2 + TIJ^2)^1/2 + DJ) / 2 + PE
    Total System Jitter     (TSJ):    0.071ns
    Total Input Jitter      (TIJ):    0.000ns
    Discrete Jitter          (DJ):    0.000ns
    Phase Error              (PE):    0.000ns

    Location             Delay type                Incr(ns)  Path(ns)    Netlist Resource(s)
  -------------------------------------------------------------------    -------------------
                         (clock clk rise edge)        0.000     0.000 r  
                                                      0.000     0.000 r  clk (IN)
                         net (fo=0)                   0.000     0.000    clk
                         IBUF (Prop_ibuf_I_O)         0.972     0.972 r  clk_IBUF_inst/O
                         net (fo=1, unplaced)         0.800     1.771    clk_IBUF
                         BUFG (Prop_bufg_I_O)         0.101     1.872 r  clk_IBUF_BUFG_inst/O
                         net (fo=166, unplaced)       0.584     2.456    clk_IBUF_BUFG
                         FDRE                                         r  x_reg[1]/C
  -------------------------------------------------------------------    -------------------
                         FDRE (Prop_fdre_C_Q)         0.478     2.934 r  x_reg[1]/Q
                         net (fo=6, unplaced)         0.773     3.707    twice_x_ext[2]
                         LUT4 (Prop_lut4_I1_O)        0.321     4.028 r  x[7]_i_44/O
                         net (fo=1, unplaced)         0.000     4.028    x[7]_i_44_n_0
                         CARRY4 (Prop_carry4_DI[1]_CO[3])
                                                      0.547     4.575 r  x_reg[7]_i_33/CO[3]
                         net (fo=1, unplaced)         0.009     4.584    x_reg[7]_i_33_n_0
                         CARRY4 (Prop_carry4_CI_CO[3])
                                                      0.117     4.701 r  x_reg[7]_i_24/CO[3]
                         net (fo=1, unplaced)         0.000     4.701    x_reg[7]_i_24_n_0
                         CARRY4 (Prop_carry4_CI_CO[3])
                                                      0.117     4.818 r  x_reg[7]_i_15/CO[3]
                         net (fo=1, unplaced)         0.000     4.818    x_reg[7]_i_15_n_0
                         CARRY4 (Prop_carry4_CI_CO[3])
                                                      0.117     4.935 r  x_reg[7]_i_13/CO[3]
                         net (fo=1, unplaced)         0.000     4.935    x_reg[7]_i_13_n_0
                         CARRY4 (Prop_carry4_CI_CO[0])
                                                      0.281     5.216 r  x_reg[7]_i_8/CO[0]
                         net (fo=33, unplaced)        0.383     5.599    reduced_x2_ext1
                         LUT3 (Prop_lut3_I2_O)        0.367     5.966 r  x[7]_i_11/O
                         net (fo=1, unplaced)         0.000     5.966    x[7]_i_11_n_0
                         CARRY4 (Prop_carry4_S[1]_CO[3])
                                                      0.533     6.499 r  x_reg[7]_i_3/CO[3]
                         net (fo=1, unplaced)         0.009     6.508    x_reg[7]_i_3_n_0
                         CARRY4 (Prop_carry4_CI_CO[3])
                                                      0.117     6.625 r  x_reg[11]_i_3/CO[3]
                         net (fo=1, unplaced)         0.000     6.625    x_reg[11]_i_3_n_0
                         CARRY4 (Prop_carry4_CI_CO[3])
                                                      0.117     6.742 r  x_reg[15]_i_3/CO[3]
                         net (fo=1, unplaced)         0.000     6.742    x_reg[15]_i_3_n_0
                         CARRY4 (Prop_carry4_CI_CO[3])
                                                      0.117     6.859 r  x_reg[19]_i_3/CO[3]
                         net (fo=1, unplaced)         0.000     6.859    x_reg[19]_i_3_n_0
                         CARRY4 (Prop_carry4_CI_CO[3])
                                                      0.117     6.976 r  x_reg[23]_i_3/CO[3]
                         net (fo=1, unplaced)         0.000     6.976    x_reg[23]_i_3_n_0
                         CARRY4 (Prop_carry4_CI_O[3])
                                                      0.331     7.307 r  x_reg[27]_i_3/O[3]
                         net (fo=7, unplaced)         0.653     7.960    reduced_x2_ext[23]
                         LUT2 (Prop_lut2_I0_O)        0.307     8.267 r  acc[23]_i_22/O
                         net (fo=1, unplaced)         0.000     8.267    acc[23]_i_22_n_0
                         CARRY4 (Prop_carry4_S[3]_CO[3])
                                                      0.376     8.643 r  acc_reg[23]_i_17/CO[3]
                         net (fo=1, unplaced)         0.000     8.643    acc_reg[23]_i_17_n_0
                         CARRY4 (Prop_carry4_CI_O[3])
                                                      0.331     8.974 r  acc_reg[27]_i_17/O[3]
                         net (fo=5, unplaced)         0.646     9.620    acc_reg[27]_i_17_n_4
                         LUT4 (Prop_lut4_I2_O)        0.300     9.920 r  acc[31]_i_65/O
                         net (fo=1, unplaced)         0.000     9.920    acc[31]_i_65_n_0
                         CARRY4 (Prop_carry4_DI[1]_CO[3])
                                                      0.547    10.467 r  acc_reg[31]_i_42/CO[3]
                         net (fo=1, unplaced)         0.000    10.467    acc_reg[31]_i_42_n_0
                         CARRY4 (Prop_carry4_CI_CO[0])
                                                      0.281    10.748 f  acc_reg[31]_i_27/CO[0]
                         net (fo=64, unplaced)        0.399    11.147    reduced_x3_ext1
                         LUT6 (Prop_lut6_I5_O)        0.367    11.514 r  acc[3]_i_15/O
                         net (fo=1, unplaced)         0.449    11.963    acc[3]_i_15_n_0
                         LUT6 (Prop_lut6_I1_O)        0.124    12.087 r  acc[3]_i_10/O
                         net (fo=1, unplaced)         0.000    12.087    acc[3]_i_10_n_0
                         CARRY4 (Prop_carry4_S[1]_CO[3])
                                                      0.533    12.620 r  acc_reg[3]_i_3/CO[3]
                         net (fo=1, unplaced)         0.009    12.629    acc_reg[3]_i_3_n_0
                         CARRY4 (Prop_carry4_CI_CO[3])
                                                      0.117    12.746 r  acc_reg[7]_i_3/CO[3]
                         net (fo=1, unplaced)         0.000    12.746    acc_reg[7]_i_3_n_0
                         CARRY4 (Prop_carry4_CI_CO[3])
                                                      0.117    12.863 r  acc_reg[11]_i_3/CO[3]
                         net (fo=1, unplaced)         0.000    12.863    acc_reg[11]_i_3_n_0
                         CARRY4 (Prop_carry4_CI_CO[3])
                                                      0.117    12.980 r  acc_reg[15]_i_3/CO[3]
                         net (fo=1, unplaced)         0.000    12.980    acc_reg[15]_i_3_n_0
                         CARRY4 (Prop_carry4_CI_CO[3])
                                                      0.117    13.097 r  acc_reg[19]_i_3/CO[3]
                         net (fo=1, unplaced)         0.000    13.097    acc_reg[19]_i_3_n_0
                         CARRY4 (Prop_carry4_CI_CO[3])
                                                      0.117    13.214 r  acc_reg[23]_i_3/CO[3]
                         net (fo=1, unplaced)         0.000    13.214    acc_reg[23]_i_3_n_0
                         CARRY4 (Prop_carry4_CI_O[3])
                                                      0.331    13.545 r  acc_reg[27]_i_3/O[3]
                         net (fo=5, unplaced)         0.646    14.191    acc_reg[27]_i_3_n_4
                         LUT4 (Prop_lut4_I2_O)        0.300    14.491 r  acc[31]_i_20/O
                         net (fo=1, unplaced)         0.000    14.491    acc[31]_i_20_n_0
                         CARRY4 (Prop_carry4_DI[1]_CO[3])
                                                      0.547    15.038 r  acc_reg[31]_i_10/CO[3]
                         net (fo=1, unplaced)         0.000    15.038    acc_reg[31]_i_10_n_0
                         CARRY4 (Prop_carry4_CI_CO[0])
                                                      0.281    15.319 r  acc_reg[31]_i_4/CO[0]
                         net (fo=32, unplaced)        0.382    15.701    reduced_acc_ext1
                         LUT3 (Prop_lut3_I1_O)        0.367    16.068 r  acc[23]_i_1/O
                         net (fo=2, unplaced)         0.000    16.068    next_acc[23]
                         FDRE                                         r  acc_reg[23]/D
  -------------------------------------------------------------------    -------------------

                         (clock clk rise edge)       10.000    10.000 r  
                                                      0.000    10.000 r  clk (IN)
                         net (fo=0)                   0.000    10.000    clk
                         IBUF (Prop_ibuf_I_O)         0.838    10.838 r  clk_IBUF_inst/O
                         net (fo=1, unplaced)         0.760    11.598    clk_IBUF
                         BUFG (Prop_bufg_I_O)         0.091    11.689 r  clk_IBUF_BUFG_inst/O
                         net (fo=166, unplaced)       0.439    12.128    clk_IBUF_BUFG
                         FDRE                                         r  acc_reg[23]/C
                         clock pessimism              0.184    12.311    
                         clock uncertainty           -0.035    12.276    
                         FDRE (Setup_fdre_C_D)        0.044    12.320    acc_reg[23]
  -------------------------------------------------------------------
                         required time                         12.320    
                         arrival time                         -16.068    
  -------------------------------------------------------------------
                         slack                                 -3.748    

Slack (VIOLATED) :        -3.748ns  (required time - arrival time)
  Source:                 x_reg[1]/C
                            (rising edge-triggered cell FDRE clocked by clk  {rise@0.000ns fall@5.000ns period=10.000ns})
  Destination:            acc_reg[24]/D
                            (rising edge-triggered cell FDRE clocked by clk  {rise@0.000ns fall@5.000ns period=10.000ns})
  Path Group:             clk
  Path Type:              Setup (Max at Slow Process Corner)
  Requirement:            10.000ns  (clk rise@10.000ns - clk rise@0.000ns)
  Data Path Delay:        13.612ns  (logic 9.254ns (67.984%)  route 4.358ns (32.016%))
  Logic Levels:           32  (CARRY4=24 LUT2=1 LUT3=2 LUT4=3 LUT6=2)
  Clock Path Skew:        -0.145ns (DCD - SCD + CPR)
    Destination Clock Delay (DCD):    2.128ns = ( 12.128 - 10.000 ) 
    Source Clock Delay      (SCD):    2.456ns
    Clock Pessimism Removal (CPR):    0.184ns
  Clock Uncertainty:      0.035ns  ((TSJ^2 + TIJ^2)^1/2 + DJ) / 2 + PE
    Total System Jitter     (TSJ):    0.071ns
    Total Input Jitter      (TIJ):    0.000ns
    Discrete Jitter          (DJ):    0.000ns
    Phase Error              (PE):    0.000ns

    Location             Delay type                Incr(ns)  Path(ns)    Netlist Resource(s)
  -------------------------------------------------------------------    -------------------
                         (clock clk rise edge)        0.000     0.000 r  
                                                      0.000     0.000 r  clk (IN)
                         net (fo=0)                   0.000     0.000    clk
                         IBUF (Prop_ibuf_I_O)         0.972     0.972 r  clk_IBUF_inst/O
                         net (fo=1, unplaced)         0.800     1.771    clk_IBUF
                         BUFG (Prop_bufg_I_O)         0.101     1.872 r  clk_IBUF_BUFG_inst/O
                         net (fo=166, unplaced)       0.584     2.456    clk_IBUF_BUFG
                         FDRE                                         r  x_reg[1]/C
  -------------------------------------------------------------------    -------------------
                         FDRE (Prop_fdre_C_Q)         0.478     2.934 r  x_reg[1]/Q
                         net (fo=6, unplaced)         0.773     3.707    twice_x_ext[2]
                         LUT4 (Prop_lut4_I1_O)        0.321     4.028 r  x[7]_i_44/O
                         net (fo=1, unplaced)         0.000     4.028    x[7]_i_44_n_0
                         CARRY4 (Prop_carry4_DI[1]_CO[3])
                                                      0.547     4.575 r  x_reg[7]_i_33/CO[3]
                         net (fo=1, unplaced)         0.009     4.584    x_reg[7]_i_33_n_0
                         CARRY4 (Prop_carry4_CI_CO[3])
                                                      0.117     4.701 r  x_reg[7]_i_24/CO[3]
                         net (fo=1, unplaced)         0.000     4.701    x_reg[7]_i_24_n_0
                         CARRY4 (Prop_carry4_CI_CO[3])
                                                      0.117     4.818 r  x_reg[7]_i_15/CO[3]
                         net (fo=1, unplaced)         0.000     4.818    x_reg[7]_i_15_n_0
                         CARRY4 (Prop_carry4_CI_CO[3])
                                                      0.117     4.935 r  x_reg[7]_i_13/CO[3]
                         net (fo=1, unplaced)         0.000     4.935    x_reg[7]_i_13_n_0
                         CARRY4 (Prop_carry4_CI_CO[0])
                                                      0.281     5.216 r  x_reg[7]_i_8/CO[0]
                         net (fo=33, unplaced)        0.383     5.599    reduced_x2_ext1
                         LUT3 (Prop_lut3_I2_O)        0.367     5.966 r  x[7]_i_11/O
                         net (fo=1, unplaced)         0.000     5.966    x[7]_i_11_n_0
                         CARRY4 (Prop_carry4_S[1]_CO[3])
                                                      0.533     6.499 r  x_reg[7]_i_3/CO[3]
                         net (fo=1, unplaced)         0.009     6.508    x_reg[7]_i_3_n_0
                         CARRY4 (Prop_carry4_CI_CO[3])
                                                      0.117     6.625 r  x_reg[11]_i_3/CO[3]
                         net (fo=1, unplaced)         0.000     6.625    x_reg[11]_i_3_n_0
                         CARRY4 (Prop_carry4_CI_CO[3])
                                                      0.117     6.742 r  x_reg[15]_i_3/CO[3]
                         net (fo=1, unplaced)         0.000     6.742    x_reg[15]_i_3_n_0
                         CARRY4 (Prop_carry4_CI_CO[3])
                                                      0.117     6.859 r  x_reg[19]_i_3/CO[3]
                         net (fo=1, unplaced)         0.000     6.859    x_reg[19]_i_3_n_0
                         CARRY4 (Prop_carry4_CI_CO[3])
                                                      0.117     6.976 r  x_reg[23]_i_3/CO[3]
                         net (fo=1, unplaced)         0.000     6.976    x_reg[23]_i_3_n_0
                         CARRY4 (Prop_carry4_CI_O[3])
                                                      0.331     7.307 r  x_reg[27]_i_3/O[3]
                         net (fo=7, unplaced)         0.653     7.960    reduced_x2_ext[23]
                         LUT2 (Prop_lut2_I0_O)        0.307     8.267 r  acc[23]_i_22/O
                         net (fo=1, unplaced)         0.000     8.267    acc[23]_i_22_n_0
                         CARRY4 (Prop_carry4_S[3]_CO[3])
                                                      0.376     8.643 r  acc_reg[23]_i_17/CO[3]
                         net (fo=1, unplaced)         0.000     8.643    acc_reg[23]_i_17_n_0
                         CARRY4 (Prop_carry4_CI_O[3])
                                                      0.331     8.974 r  acc_reg[27]_i_17/O[3]
                         net (fo=5, unplaced)         0.646     9.620    acc_reg[27]_i_17_n_4
                         LUT4 (Prop_lut4_I2_O)        0.300     9.920 r  acc[31]_i_65/O
                         net (fo=1, unplaced)         0.000     9.920    acc[31]_i_65_n_0
                         CARRY4 (Prop_carry4_DI[1]_CO[3])
                                                      0.547    10.467 r  acc_reg[31]_i_42/CO[3]
                         net (fo=1, unplaced)         0.000    10.467    acc_reg[31]_i_42_n_0
                         CARRY4 (Prop_carry4_CI_CO[0])
                                                      0.281    10.748 f  acc_reg[31]_i_27/CO[0]
                         net (fo=64, unplaced)        0.399    11.147    reduced_x3_ext1
                         LUT6 (Prop_lut6_I5_O)        0.367    11.514 r  acc[3]_i_15/O
                         net (fo=1, unplaced)         0.449    11.963    acc[3]_i_15_n_0
                         LUT6 (Prop_lut6_I1_O)        0.124    12.087 r  acc[3]_i_10/O
                         net (fo=1, unplaced)         0.000    12.087    acc[3]_i_10_n_0
                         CARRY4 (Prop_carry4_S[1]_CO[3])
                                                      0.533    12.620 r  acc_reg[3]_i_3/CO[3]
                         net (fo=1, unplaced)         0.009    12.629    acc_reg[3]_i_3_n_0
                         CARRY4 (Prop_carry4_CI_CO[3])
                                                      0.117    12.746 r  acc_reg[7]_i_3/CO[3]
                         net (fo=1, unplaced)         0.000    12.746    acc_reg[7]_i_3_n_0
                         CARRY4 (Prop_carry4_CI_CO[3])
                                                      0.117    12.863 r  acc_reg[11]_i_3/CO[3]
                         net (fo=1, unplaced)         0.000    12.863    acc_reg[11]_i_3_n_0
                         CARRY4 (Prop_carry4_CI_CO[3])
                                                      0.117    12.980 r  acc_reg[15]_i_3/CO[3]
                         net (fo=1, unplaced)         0.000    12.980    acc_reg[15]_i_3_n_0
                         CARRY4 (Prop_carry4_CI_CO[3])
                                                      0.117    13.097 r  acc_reg[19]_i_3/CO[3]
                         net (fo=1, unplaced)         0.000    13.097    acc_reg[19]_i_3_n_0
                         CARRY4 (Prop_carry4_CI_CO[3])
                                                      0.117    13.214 r  acc_reg[23]_i_3/CO[3]
                         net (fo=1, unplaced)         0.000    13.214    acc_reg[23]_i_3_n_0
                         CARRY4 (Prop_carry4_CI_O[3])
                                                      0.331    13.545 r  acc_reg[27]_i_3/O[3]
                         net (fo=5, unplaced)         0.646    14.191    acc_reg[27]_i_3_n_4
                         LUT4 (Prop_lut4_I2_O)        0.300    14.491 r  acc[31]_i_20/O
                         net (fo=1, unplaced)         0.000    14.491    acc[31]_i_20_n_0
                         CARRY4 (Prop_carry4_DI[1]_CO[3])
                                                      0.547    15.038 r  acc_reg[31]_i_10/CO[3]
                         net (fo=1, unplaced)         0.000    15.038    acc_reg[31]_i_10_n_0
                         CARRY4 (Prop_carry4_CI_CO[0])
                                                      0.281    15.319 r  acc_reg[31]_i_4/CO[0]
                         net (fo=32, unplaced)        0.382    15.701    reduced_acc_ext1
                         LUT3 (Prop_lut3_I1_O)        0.367    16.068 r  acc[24]_i_1/O
                         net (fo=2, unplaced)         0.000    16.068    next_acc[24]
                         FDRE                                         r  acc_reg[24]/D
  -------------------------------------------------------------------    -------------------

                         (clock clk rise edge)       10.000    10.000 r  
                                                      0.000    10.000 r  clk (IN)
                         net (fo=0)                   0.000    10.000    clk
                         IBUF (Prop_ibuf_I_O)         0.838    10.838 r  clk_IBUF_inst/O
                         net (fo=1, unplaced)         0.760    11.598    clk_IBUF
                         BUFG (Prop_bufg_I_O)         0.091    11.689 r  clk_IBUF_BUFG_inst/O
                         net (fo=166, unplaced)       0.439    12.128    clk_IBUF_BUFG
                         FDRE                                         r  acc_reg[24]/C
                         clock pessimism              0.184    12.311    
                         clock uncertainty           -0.035    12.276    
                         FDRE (Setup_fdre_C_D)        0.044    12.320    acc_reg[24]
  -------------------------------------------------------------------
                         required time                         12.320    
                         arrival time                         -16.068    
  -------------------------------------------------------------------
                         slack                                 -3.748    

Slack (VIOLATED) :        -3.748ns  (required time - arrival time)
  Source:                 x_reg[1]/C
                            (rising edge-triggered cell FDRE clocked by clk  {rise@0.000ns fall@5.000ns period=10.000ns})
  Destination:            acc_reg[25]/D
                            (rising edge-triggered cell FDRE clocked by clk  {rise@0.000ns fall@5.000ns period=10.000ns})
  Path Group:             clk
  Path Type:              Setup (Max at Slow Process Corner)
  Requirement:            10.000ns  (clk rise@10.000ns - clk rise@0.000ns)
  Data Path Delay:        13.612ns  (logic 9.254ns (67.984%)  route 4.358ns (32.016%))
  Logic Levels:           32  (CARRY4=24 LUT2=1 LUT3=2 LUT4=3 LUT6=2)
  Clock Path Skew:        -0.145ns (DCD - SCD + CPR)
    Destination Clock Delay (DCD):    2.128ns = ( 12.128 - 10.000 ) 
    Source Clock Delay      (SCD):    2.456ns
    Clock Pessimism Removal (CPR):    0.184ns
  Clock Uncertainty:      0.035ns  ((TSJ^2 + TIJ^2)^1/2 + DJ) / 2 + PE
    Total System Jitter     (TSJ):    0.071ns
    Total Input Jitter      (TIJ):    0.000ns
    Discrete Jitter          (DJ):    0.000ns
    Phase Error              (PE):    0.000ns

    Location             Delay type                Incr(ns)  Path(ns)    Netlist Resource(s)
  -------------------------------------------------------------------    -------------------
                         (clock clk rise edge)        0.000     0.000 r  
                                                      0.000     0.000 r  clk (IN)
                         net (fo=0)                   0.000     0.000    clk
                         IBUF (Prop_ibuf_I_O)         0.972     0.972 r  clk_IBUF_inst/O
                         net (fo=1, unplaced)         0.800     1.771    clk_IBUF
                         BUFG (Prop_bufg_I_O)         0.101     1.872 r  clk_IBUF_BUFG_inst/O
                         net (fo=166, unplaced)       0.584     2.456    clk_IBUF_BUFG
                         FDRE                                         r  x_reg[1]/C
  -------------------------------------------------------------------    -------------------
                         FDRE (Prop_fdre_C_Q)         0.478     2.934 r  x_reg[1]/Q
                         net (fo=6, unplaced)         0.773     3.707    twice_x_ext[2]
                         LUT4 (Prop_lut4_I1_O)        0.321     4.028 r  x[7]_i_44/O
                         net (fo=1, unplaced)         0.000     4.028    x[7]_i_44_n_0
                         CARRY4 (Prop_carry4_DI[1]_CO[3])
                                                      0.547     4.575 r  x_reg[7]_i_33/CO[3]
                         net (fo=1, unplaced)         0.009     4.584    x_reg[7]_i_33_n_0
                         CARRY4 (Prop_carry4_CI_CO[3])
                                                      0.117     4.701 r  x_reg[7]_i_24/CO[3]
                         net (fo=1, unplaced)         0.000     4.701    x_reg[7]_i_24_n_0
                         CARRY4 (Prop_carry4_CI_CO[3])
                                                      0.117     4.818 r  x_reg[7]_i_15/CO[3]
                         net (fo=1, unplaced)         0.000     4.818    x_reg[7]_i_15_n_0
                         CARRY4 (Prop_carry4_CI_CO[3])
                                                      0.117     4.935 r  x_reg[7]_i_13/CO[3]
                         net (fo=1, unplaced)         0.000     4.935    x_reg[7]_i_13_n_0
                         CARRY4 (Prop_carry4_CI_CO[0])
                                                      0.281     5.216 r  x_reg[7]_i_8/CO[0]
                         net (fo=33, unplaced)        0.383     5.599    reduced_x2_ext1
                         LUT3 (Prop_lut3_I2_O)        0.367     5.966 r  x[7]_i_11/O
                         net (fo=1, unplaced)         0.000     5.966    x[7]_i_11_n_0
                         CARRY4 (Prop_carry4_S[1]_CO[3])
                                                      0.533     6.499 r  x_reg[7]_i_3/CO[3]
                         net (fo=1, unplaced)         0.009     6.508    x_reg[7]_i_3_n_0
                         CARRY4 (Prop_carry4_CI_CO[3])
                                                      0.117     6.625 r  x_reg[11]_i_3/CO[3]
                         net (fo=1, unplaced)         0.000     6.625    x_reg[11]_i_3_n_0
                         CARRY4 (Prop_carry4_CI_CO[3])
                                                      0.117     6.742 r  x_reg[15]_i_3/CO[3]
                         net (fo=1, unplaced)         0.000     6.742    x_reg[15]_i_3_n_0
                         CARRY4 (Prop_carry4_CI_CO[3])
                                                      0.117     6.859 r  x_reg[19]_i_3/CO[3]
                         net (fo=1, unplaced)         0.000     6.859    x_reg[19]_i_3_n_0
                         CARRY4 (Prop_carry4_CI_CO[3])
                                                      0.117     6.976 r  x_reg[23]_i_3/CO[3]
                         net (fo=1, unplaced)         0.000     6.976    x_reg[23]_i_3_n_0
                         CARRY4 (Prop_carry4_CI_O[3])
                                                      0.331     7.307 r  x_reg[27]_i_3/O[3]
                         net (fo=7, unplaced)         0.653     7.960    reduced_x2_ext[23]
                         LUT2 (Prop_lut2_I0_O)        0.307     8.267 r  acc[23]_i_22/O
                         net (fo=1, unplaced)         0.000     8.267    acc[23]_i_22_n_0
                         CARRY4 (Prop_carry4_S[3]_CO[3])
                                                      0.376     8.643 r  acc_reg[23]_i_17/CO[3]
                         net (fo=1, unplaced)         0.000     8.643    acc_reg[23]_i_17_n_0
                         CARRY4 (Prop_carry4_CI_O[3])
                                                      0.331     8.974 r  acc_reg[27]_i_17/O[3]
                         net (fo=5, unplaced)         0.646     9.620    acc_reg[27]_i_17_n_4
                         LUT4 (Prop_lut4_I2_O)        0.300     9.920 r  acc[31]_i_65/O
                         net (fo=1, unplaced)         0.000     9.920    acc[31]_i_65_n_0
                         CARRY4 (Prop_carry4_DI[1]_CO[3])
                                                      0.547    10.467 r  acc_reg[31]_i_42/CO[3]
                         net (fo=1, unplaced)         0.000    10.467    acc_reg[31]_i_42_n_0
                         CARRY4 (Prop_carry4_CI_CO[0])
                                                      0.281    10.748 f  acc_reg[31]_i_27/CO[0]
                         net (fo=64, unplaced)        0.399    11.147    reduced_x3_ext1
                         LUT6 (Prop_lut6_I5_O)        0.367    11.514 r  acc[3]_i_15/O
                         net (fo=1, unplaced)         0.449    11.963    acc[3]_i_15_n_0
                         LUT6 (Prop_lut6_I1_O)        0.124    12.087 r  acc[3]_i_10/O
                         net (fo=1, unplaced)         0.000    12.087    acc[3]_i_10_n_0
                         CARRY4 (Prop_carry4_S[1]_CO[3])
                                                      0.533    12.620 r  acc_reg[3]_i_3/CO[3]
                         net (fo=1, unplaced)         0.009    12.629    acc_reg[3]_i_3_n_0
                         CARRY4 (Prop_carry4_CI_CO[3])
                                                      0.117    12.746 r  acc_reg[7]_i_3/CO[3]
                         net (fo=1, unplaced)         0.000    12.746    acc_reg[7]_i_3_n_0
                         CARRY4 (Prop_carry4_CI_CO[3])
                                                      0.117    12.863 r  acc_reg[11]_i_3/CO[3]
                         net (fo=1, unplaced)         0.000    12.863    acc_reg[11]_i_3_n_0
                         CARRY4 (Prop_carry4_CI_CO[3])
                                                      0.117    12.980 r  acc_reg[15]_i_3/CO[3]
                         net (fo=1, unplaced)         0.000    12.980    acc_reg[15]_i_3_n_0
                         CARRY4 (Prop_carry4_CI_CO[3])
                                                      0.117    13.097 r  acc_reg[19]_i_3/CO[3]
                         net (fo=1, unplaced)         0.000    13.097    acc_reg[19]_i_3_n_0
                         CARRY4 (Prop_carry4_CI_CO[3])
                                                      0.117    13.214 r  acc_reg[23]_i_3/CO[3]
                         net (fo=1, unplaced)         0.000    13.214    acc_reg[23]_i_3_n_0
                         CARRY4 (Prop_carry4_CI_O[3])
                                                      0.331    13.545 r  acc_reg[27]_i_3/O[3]
                         net (fo=5, unplaced)         0.646    14.191    acc_reg[27]_i_3_n_4
                         LUT4 (Prop_lut4_I2_O)        0.300    14.491 r  acc[31]_i_20/O
                         net (fo=1, unplaced)         0.000    14.491    acc[31]_i_20_n_0
                         CARRY4 (Prop_carry4_DI[1]_CO[3])
                                                      0.547    15.038 r  acc_reg[31]_i_10/CO[3]
                         net (fo=1, unplaced)         0.000    15.038    acc_reg[31]_i_10_n_0
                         CARRY4 (Prop_carry4_CI_CO[0])
                                                      0.281    15.319 r  acc_reg[31]_i_4/CO[0]
                         net (fo=32, unplaced)        0.382    15.701    reduced_acc_ext1
                         LUT3 (Prop_lut3_I1_O)        0.367    16.068 r  acc[25]_i_1/O
                         net (fo=2, unplaced)         0.000    16.068    next_acc[25]
                         FDRE                                         r  acc_reg[25]/D
  -------------------------------------------------------------------    -------------------

                         (clock clk rise edge)       10.000    10.000 r  
                                                      0.000    10.000 r  clk (IN)
                         net (fo=0)                   0.000    10.000    clk
                         IBUF (Prop_ibuf_I_O)         0.838    10.838 r  clk_IBUF_inst/O
                         net (fo=1, unplaced)         0.760    11.598    clk_IBUF
                         BUFG (Prop_bufg_I_O)         0.091    11.689 r  clk_IBUF_BUFG_inst/O
                         net (fo=166, unplaced)       0.439    12.128    clk_IBUF_BUFG
                         FDRE                                         r  acc_reg[25]/C
                         clock pessimism              0.184    12.311    
                         clock uncertainty           -0.035    12.276    
                         FDRE (Setup_fdre_C_D)        0.044    12.320    acc_reg[25]
  -------------------------------------------------------------------
                         required time                         12.320    
                         arrival time                         -16.068    
  -------------------------------------------------------------------
                         slack                                 -3.748    





Pulse Width Checks
--------------------------------------------------------------------------------------
Clock Name:         clk
Waveform(ns):       { 0.000 5.000 }
Period(ns):         10.000
Sources:            { clk }

Check Type        Corner  Lib Pin  Reference Pin  Required(ns)  Actual(ns)  Slack(ns)  Location  Pin
Min Period        n/a     BUFG/I   n/a            2.155         10.000      7.845                clk_IBUF_BUFG_inst/I
Min Period        n/a     FDRE/C   n/a            1.000         10.000      9.000                acc_reg[0]/C
Min Period        n/a     FDRE/C   n/a            1.000         10.000      9.000                acc_reg[10]/C
Min Period        n/a     FDRE/C   n/a            1.000         10.000      9.000                acc_reg[11]/C
Min Period        n/a     FDRE/C   n/a            1.000         10.000      9.000                acc_reg[12]/C
Min Period        n/a     FDRE/C   n/a            1.000         10.000      9.000                acc_reg[13]/C
Min Period        n/a     FDRE/C   n/a            1.000         10.000      9.000                acc_reg[14]/C
Min Period        n/a     FDRE/C   n/a            1.000         10.000      9.000                acc_reg[15]/C
Min Period        n/a     FDRE/C   n/a            1.000         10.000      9.000                acc_reg[16]/C
Min Period        n/a     FDRE/C   n/a            1.000         10.000      9.000                acc_reg[17]/C
Min Period        n/a     FDRE/C   n/a            1.000         10.000      9.000                acc_reg[18]/C
Min Period        n/a     FDRE/C   n/a            1.000         10.000      9.000                acc_reg[19]/C
Min Period        n/a     FDRE/C   n/a            1.000         10.000      9.000                acc_reg[1]/C
Min Period        n/a     FDRE/C   n/a            1.000         10.000      9.000                acc_reg[20]/C
Min Period        n/a     FDRE/C   n/a            1.000         10.000      9.000                acc_reg[21]/C
Min Period        n/a     FDRE/C   n/a            1.000         10.000      9.000                acc_reg[22]/C
Min Period        n/a     FDRE/C   n/a            1.000         10.000      9.000                acc_reg[23]/C
Min Period        n/a     FDRE/C   n/a            1.000         10.000      9.000                acc_reg[24]/C
Min Period        n/a     FDRE/C   n/a            1.000         10.000      9.000                acc_reg[25]/C
Min Period        n/a     FDRE/C   n/a            1.000         10.000      9.000                acc_reg[26]/C
Low Pulse Width   Slow    FDRE/C   n/a            0.500         5.000       4.500                acc_reg[0]/C
Low Pulse Width   Fast    FDRE/C   n/a            0.500         5.000       4.500                acc_reg[0]/C
Low Pulse Width   Slow    FDRE/C   n/a            0.500         5.000       4.500                acc_reg[10]/C
Low Pulse Width   Fast    FDRE/C   n/a            0.500         5.000       4.500                acc_reg[10]/C
Low Pulse Width   Slow    FDRE/C   n/a            0.500         5.000       4.500                acc_reg[11]/C
Low Pulse Width   Fast    FDRE/C   n/a            0.500         5.000       4.500                acc_reg[11]/C
Low Pulse Width   Slow    FDRE/C   n/a            0.500         5.000       4.500                acc_reg[12]/C
Low Pulse Width   Fast    FDRE/C   n/a            0.500         5.000       4.500                acc_reg[12]/C
Low Pulse Width   Slow    FDRE/C   n/a            0.500         5.000       4.500                acc_reg[13]/C
Low Pulse Width   Fast    FDRE/C   n/a            0.500         5.000       4.500                acc_reg[13]/C
Low Pulse Width   Slow    FDRE/C   n/a            0.500         5.000       4.500                acc_reg[14]/C
Low Pulse Width   Fast    FDRE/C   n/a            0.500         5.000       4.500                acc_reg[14]/C
Low Pulse Width   Slow    FDRE/C   n/a            0.500         5.000       4.500                acc_reg[15]/C
Low Pulse Width   Fast    FDRE/C   n/a            0.500         5.000       4.500                acc_reg[15]/C
Low Pulse Width   Slow    FDRE/C   n/a            0.500         5.000       4.500                acc_reg[16]/C
Low Pulse Width   Fast    FDRE/C   n/a            0.500         5.000       4.500                acc_reg[16]/C
Low Pulse Width   Slow    FDRE/C   n/a            0.500         5.000       4.500                acc_reg[17]/C
Low Pulse Width   Fast    FDRE/C   n/a            0.500         5.000       4.500                acc_reg[17]/C
Low Pulse Width   Slow    FDRE/C   n/a            0.500         5.000       4.500                acc_reg[18]/C
Low Pulse Width   Fast    FDRE/C   n/a            0.500         5.000       4.500                acc_reg[18]/C
High Pulse Width  Slow    FDRE/C   n/a            0.500         5.000       4.500                acc_reg[0]/C
High Pulse Width  Fast    FDRE/C   n/a            0.500         5.000       4.500                acc_reg[0]/C
High Pulse Width  Slow    FDRE/C   n/a            0.500         5.000       4.500                acc_reg[10]/C
High Pulse Width  Fast    FDRE/C   n/a            0.500         5.000       4.500                acc_reg[10]/C
High Pulse Width  Slow    FDRE/C   n/a            0.500         5.000       4.500                acc_reg[11]/C
High Pulse Width  Fast    FDRE/C   n/a            0.500         5.000       4.500                acc_reg[11]/C
High Pulse Width  Slow    FDRE/C   n/a            0.500         5.000       4.500                acc_reg[12]/C
High Pulse Width  Fast    FDRE/C   n/a            0.500         5.000       4.500                acc_reg[12]/C
High Pulse Width  Slow    FDRE/C   n/a            0.500         5.000       4.500                acc_reg[13]/C
High Pulse Width  Fast    FDRE/C   n/a            0.500         5.000       4.500                acc_reg[13]/C
High Pulse Width  Slow    FDRE/C   n/a            0.500         5.000       4.500                acc_reg[14]/C
High Pulse Width  Fast    FDRE/C   n/a            0.500         5.000       4.500                acc_reg[14]/C
High Pulse Width  Slow    FDRE/C   n/a            0.500         5.000       4.500                acc_reg[15]/C
High Pulse Width  Fast    FDRE/C   n/a            0.500         5.000       4.500                acc_reg[15]/C
High Pulse Width  Slow    FDRE/C   n/a            0.500         5.000       4.500                acc_reg[16]/C
High Pulse Width  Fast    FDRE/C   n/a            0.500         5.000       4.500                acc_reg[16]/C
High Pulse Width  Slow    FDRE/C   n/a            0.500         5.000       4.500                acc_reg[17]/C
High Pulse Width  Fast    FDRE/C   n/a            0.500         5.000       4.500                acc_reg[17]/C
High Pulse Width  Slow    FDRE/C   n/a            0.500         5.000       4.500                acc_reg[18]/C
High Pulse Width  Fast    FDRE/C   n/a            0.500         5.000       4.500                acc_reg[18]/C



