Copyright 1986-2022 Xilinx, Inc. All Rights Reserved. Copyright 2022-2024 Advanced Micro Devices, Inc. All Rights Reserved.
------------------------------------------------------------------------------------------------------------------------------------------------------------------------------------------------
| Tool Version : Vivado v.2024.1 (win64) Build 5076996 Wed May 22 18:37:14 MDT 2024
| Date         : Sun Jul 19 20:36:27 2026
| Host         : DESKTOP-63734QH running 64-bit major release  (build 9200)
| Command      : report_timing_summary -delay_type max -max_paths 20 -file F:/repos/pynq_butterfly/reports/ntt4096_dual_butterfly_cyclic_xpm_synth/ntt4096_dual_butterfly_cyclic_xpm_timing.rpt
| Design       : ntt4096_dual_butterfly_cyclic_core
| Device       : 7z020-clg400
| Speed File   : -1  PRODUCTION 1.12 2019-11-22
| Design State : Synthesized
------------------------------------------------------------------------------------------------------------------------------------------------------------------------------------------------

Timing Summary Report

------------------------------------------------------------------------------------------------
| Timer Settings
| --------------
------------------------------------------------------------------------------------------------

  Enable Multi Corner Analysis               :  Yes
  Enable Pessimism Removal                   :  Yes
  Pessimism Removal Resolution               :  Nearest Common Node
  Enable Input Delay Default Clock           :  No
  Enable Preset / Clear Arcs                 :  No
  Disable Flight Delays                      :  No
  Ignore I/O Paths                           :  No
  Timing Early Launch at Borrowing Latches   :  No
  Borrow Time for Max Delay Exceptions       :  Yes
  Merge Timing Exceptions                    :  Yes
  Inter-SLR Compensation                     :  Conservative

  Corner  Analyze    Analyze    
  Name    Max Paths  Min Paths  
  ------  ---------  ---------  
  Slow    Yes        Yes        
  Fast    Yes        Yes        


------------------------------------------------------------------------------------------------
| Report Methodology
| ------------------
------------------------------------------------------------------------------------------------

No report available as report_methodology has not been run prior. Run report_methodology on the current design for the summary of methodology violations.



check_timing report

Table of Contents
-----------------
1. checking no_clock (0)
2. checking constant_clock (0)
3. checking pulse_width_clock (0)
4. checking unconstrained_internal_endpoints (0)
5. checking no_input_delay (176)
6. checking no_output_delay (224)
7. checking multiple_clock (0)
8. checking generated_clocks (0)
9. checking loops (0)
10. checking partial_input_delay (0)
11. checking partial_output_delay (0)
12. checking latch_loops (0)

1. checking no_clock (0)
------------------------
 There are 0 register/latch pins with no clock.


2. checking constant_clock (0)
------------------------------
 There are 0 register/latch pins with constant_clock.


3. checking pulse_width_clock (0)
---------------------------------
 There are 0 register/latch pins which need pulse_width check


4. checking unconstrained_internal_endpoints (0)
------------------------------------------------
 There are 0 pins that are not constrained for maximum delay.

 There are 0 pins that are not constrained for maximum delay due to constant clock.


5. checking no_input_delay (176)
--------------------------------
 There are 176 input ports with no input delay specified. (HIGH)

 There are 0 input ports with no input delay but user has a false path constraint.


6. checking no_output_delay (224)
---------------------------------
 There are 224 ports with no output delay specified. (HIGH)

 There are 0 ports with no output delay but user has a false path constraint

 There are 0 ports with no output delay but with a timing clock defined on it or propagating through it


7. checking multiple_clock (0)
------------------------------
 There are 0 register/latch pins with multiple clocks.


8. checking generated_clocks (0)
--------------------------------
 There are 0 generated clocks that are not connected to a clock source.


9. checking loops (0)
---------------------
 There are 0 combinational loops in the design.


10. checking partial_input_delay (0)
------------------------------------
 There are 0 input ports with partial input delay specified.


11. checking partial_output_delay (0)
-------------------------------------
 There are 0 ports with partial output delay specified.


12. checking latch_loops (0)
----------------------------
 There are 0 combinational latch loops in the design through latch input



------------------------------------------------------------------------------------------------
| Design Timing Summary
| ---------------------
------------------------------------------------------------------------------------------------

    WNS(ns)      TNS(ns)  TNS Failing Endpoints  TNS Total Endpoints     WPWS(ns)     TPWS(ns)  TPWS Failing Endpoints  TPWS Total Endpoints  
    -------      -------  ---------------------  -------------------     --------     --------  ----------------------  --------------------  
      1.198        0.000                      0                 1991        4.500        0.000                       0                   804  


All user specified timing constraints are met.


------------------------------------------------------------------------------------------------
| Clock Summary
| -------------
------------------------------------------------------------------------------------------------

Clock  Waveform(ns)       Period(ns)      Frequency(MHz)
-----  ------------       ----------      --------------
clk    {0.000 5.000}      10.000          100.000         


------------------------------------------------------------------------------------------------
| Intra Clock Table
| -----------------
------------------------------------------------------------------------------------------------

Clock             WNS(ns)      TNS(ns)  TNS Failing Endpoints  TNS Total Endpoints     WPWS(ns)     TPWS(ns)  TPWS Failing Endpoints  TPWS Total Endpoints  
-----             -------      -------  ---------------------  -------------------     --------     --------  ----------------------  --------------------  
clk                 1.198        0.000                      0                 1991        4.500        0.000                       0                   804  


------------------------------------------------------------------------------------------------
| Inter Clock Table
| -----------------
------------------------------------------------------------------------------------------------

From Clock    To Clock          WNS(ns)      TNS(ns)  TNS Failing Endpoints  TNS Total Endpoints  
----------    --------          -------      -------  ---------------------  -------------------  


------------------------------------------------------------------------------------------------
| Other Path Groups Table
| -----------------------
------------------------------------------------------------------------------------------------

Path Group    From Clock    To Clock          WNS(ns)      TNS(ns)  TNS Failing Endpoints  TNS Total Endpoints  
----------    ----------    --------          -------      -------  ---------------------  -------------------  


------------------------------------------------------------------------------------------------
| Timing Details
| --------------
------------------------------------------------------------------------------------------------


---------------------------------------------------------------------------------------------------
From Clock:  clk
  To Clock:  clk

Setup :            0  Failing Endpoints,  Worst Slack        1.198ns,  Total Violation        0.000ns
Hold  :           NA  Failing Endpoints,  Worst Slack           NA  ,  Total Violation           NA
PW    :            0  Failing Endpoints,  Worst Slack        4.500ns,  Total Violation        0.000ns
---------------------------------------------------------------------------------------------------


Max Delay Paths
--------------------------------------------------------------------------------------
Slack (MET) :             1.198ns  (required time - arrival time)
  Source:                 coefficient_memory/bank1/memory_reg/CLKBWRCLK
                            (rising edge-triggered cell RAMB36E1 clocked by clk  {rise@0.000ns fall@5.000ns period=10.000ns})
  Destination:            butterfly0/multiplier/x_reg[27]/D
                            (rising edge-triggered cell FDRE clocked by clk  {rise@0.000ns fall@5.000ns period=10.000ns})
  Path Group:             clk
  Path Type:              Setup (Max at Slow Process Corner)
  Requirement:            10.000ns  (clk rise@10.000ns - clk rise@0.000ns)
  Data Path Delay:        8.666ns  (logic 4.909ns (56.649%)  route 3.757ns (43.351%))
  Logic Levels:           13  (CARRY4=7 LUT3=2 LUT4=1 LUT6=3)
  Clock Path Skew:        -0.145ns (DCD - SCD + CPR)
    Destination Clock Delay (DCD):    2.128ns = ( 12.128 - 10.000 ) 
    Source Clock Delay      (SCD):    2.456ns
    Clock Pessimism Removal (CPR):    0.184ns
  Clock Uncertainty:      0.035ns  ((TSJ^2 + TIJ^2)^1/2 + DJ) / 2 + PE
    Total System Jitter     (TSJ):    0.071ns
    Total Input Jitter      (TIJ):    0.000ns
    Discrete Jitter          (DJ):    0.000ns
    Phase Error              (PE):    0.000ns

    Location             Delay type                Incr(ns)  Path(ns)    Netlist Resource(s)
  -------------------------------------------------------------------    -------------------
                         (clock clk rise edge)        0.000     0.000 r  
                                                      0.000     0.000 r  clk (IN)
                         net (fo=0)                   0.000     0.000    clk
                         IBUF (Prop_ibuf_I_O)         0.972     0.972 r  clk_IBUF_inst/O
                         net (fo=1, unplaced)         0.800     1.771    clk_IBUF
                         BUFG (Prop_bufg_I_O)         0.101     1.872 r  clk_IBUF_BUFG_inst/O
                         net (fo=803, unplaced)       0.584     2.456    coefficient_memory/bank1/clk_IBUF_BUFG
                         RAMB36E1                                     r  coefficient_memory/bank1/memory_reg/CLKBWRCLK
  -------------------------------------------------------------------    -------------------
                         RAMB36E1 (Prop_ramb36e1_CLKBWRCLK_DOBDO[2])
                                                      2.454     4.910 r  coefficient_memory/bank1/memory_reg/DOBDO[2]
                         net (fo=4, unplaced)         0.800     5.710    coefficient_memory/bank0/a_register_reg[31][2]
                         LUT6 (Prop_lut6_I3_O)        0.124     5.834 r  coefficient_memory/bank0/inspect_data0_OBUF[2]_inst_i_2/O
                         net (fo=1, unplaced)         0.449     6.283    coefficient_memory/bank3/a_register_reg[2]
                         LUT6 (Prop_lut6_I3_O)        0.124     6.407 r  coefficient_memory/bank3/inspect_data0_OBUF[2]_inst_i_1/O
                         net (fo=10, unplaced)        0.462     6.869    coefficient_memory/bank3/DI[2]
                         LUT3 (Prop_lut3_I0_O)        0.153     7.022 r  coefficient_memory/bank3/x[3]_i_15/O
                         net (fo=2, unplaced)         0.517     7.539    coefficient_memory/bank3/x[3]_i_15_n_0
                         LUT4 (Prop_lut4_I3_O)        0.331     7.870 r  coefficient_memory/bank3/x[3]_i_18/O
                         net (fo=1, unplaced)         0.000     7.870    coefficient_memory/bank3/x[3]_i_18_n_0
                         CARRY4 (Prop_carry4_S[3]_CO[3])
                                                      0.376     8.246 r  coefficient_memory/bank3/x_reg[3]_i_7/CO[3]
                         net (fo=1, unplaced)         0.009     8.255    coefficient_memory/bank3/x_reg[3]_i_7_n_0
                         CARRY4 (Prop_carry4_CI_CO[3])
                                                      0.117     8.372 r  coefficient_memory/bank3/x_reg[7]_i_7/CO[3]
                         net (fo=1, unplaced)         0.000     8.372    coefficient_memory/bank3/x_reg[7]_i_7_n_0
                         CARRY4 (Prop_carry4_CI_CO[3])
                                                      0.117     8.489 r  coefficient_memory/bank3/x_reg[11]_i_7/CO[3]
                         net (fo=1, unplaced)         0.000     8.489    coefficient_memory/bank3/x_reg[11]_i_7_n_0
                         CARRY4 (Prop_carry4_CI_CO[3])
                                                      0.117     8.606 r  coefficient_memory/bank3/x_reg[15]_i_6/CO[3]
                         net (fo=1, unplaced)         0.000     8.606    coefficient_memory/bank3/x_reg[15]_i_6_n_0
                         CARRY4 (Prop_carry4_CI_CO[3])
                                                      0.117     8.723 r  coefficient_memory/bank3/x_reg[19]_i_7/CO[3]
                         net (fo=1, unplaced)         0.000     8.723    coefficient_memory/bank3/x_reg[19]_i_7_n_0
                         CARRY4 (Prop_carry4_CI_CO[3])
                                                      0.117     8.840 r  coefficient_memory/bank3/x_reg[23]_i_7/CO[3]
                         net (fo=1, unplaced)         0.000     8.840    coefficient_memory/bank3/x_reg[23]_i_7_n_0
                         CARRY4 (Prop_carry4_CI_O[3])
                                                      0.331     9.171 r  coefficient_memory/bank3/x_reg[27]_i_7/O[3]
                         net (fo=1, unplaced)         0.618     9.789    coefficient_memory/bank3/butterfly0/input_difference_reduced00_out[27]
                         LUT3 (Prop_lut3_I2_O)        0.307    10.096 r  coefficient_memory/bank3/x[27]_i_4/O
                         net (fo=1, unplaced)         0.902    10.998    butterfly0/multiplier/x_reg[27]_0
                         LUT6 (Prop_lut6_I3_O)        0.124    11.122 r  butterfly0/multiplier/x[27]_i_1/O
                         net (fo=1, unplaced)         0.000    11.122    butterfly0/multiplier/x[27]_i_1_n_0
                         FDRE                                         r  butterfly0/multiplier/x_reg[27]/D
  -------------------------------------------------------------------    -------------------

                         (clock clk rise edge)       10.000    10.000 r  
                                                      0.000    10.000 r  clk (IN)
                         net (fo=0)                   0.000    10.000    clk
                         IBUF (Prop_ibuf_I_O)         0.838    10.838 r  clk_IBUF_inst/O
                         net (fo=1, unplaced)         0.760    11.598    clk_IBUF
                         BUFG (Prop_bufg_I_O)         0.091    11.689 r  clk_IBUF_BUFG_inst/O
                         net (fo=803, unplaced)       0.439    12.128    butterfly0/multiplier/clk_IBUF_BUFG
                         FDRE                                         r  butterfly0/multiplier/x_reg[27]/C
                         clock pessimism              0.184    12.311    
                         clock uncertainty           -0.035    12.276    
                         FDRE (Setup_fdre_C_D)        0.044    12.320    butterfly0/multiplier/x_reg[27]
  -------------------------------------------------------------------
                         required time                         12.320    
                         arrival time                         -11.122    
  -------------------------------------------------------------------
                         slack                                  1.198    

Slack (MET) :             1.203ns  (required time - arrival time)
  Source:                 coefficient_memory/bank0/memory_reg/CLKBWRCLK
                            (rising edge-triggered cell RAMB36E1 clocked by clk  {rise@0.000ns fall@5.000ns period=10.000ns})
  Destination:            butterfly1/multiplier/x_reg[27]/D
                            (rising edge-triggered cell FDRE clocked by clk  {rise@0.000ns fall@5.000ns period=10.000ns})
  Path Group:             clk
  Path Type:              Setup (Max at Slow Process Corner)
  Requirement:            10.000ns  (clk rise@10.000ns - clk rise@0.000ns)
  Data Path Delay:        8.661ns  (logic 4.909ns (56.681%)  route 3.752ns (43.319%))
  Logic Levels:           13  (CARRY4=7 LUT3=2 LUT4=1 LUT6=3)
  Clock Path Skew:        -0.145ns (DCD - SCD + CPR)
    Destination Clock Delay (DCD):    2.128ns = ( 12.128 - 10.000 ) 
    Source Clock Delay      (SCD):    2.456ns
    Clock Pessimism Removal (CPR):    0.184ns
  Clock Uncertainty:      0.035ns  ((TSJ^2 + TIJ^2)^1/2 + DJ) / 2 + PE
    Total System Jitter     (TSJ):    0.071ns
    Total Input Jitter      (TIJ):    0.000ns
    Discrete Jitter          (DJ):    0.000ns
    Phase Error              (PE):    0.000ns

    Location             Delay type                Incr(ns)  Path(ns)    Netlist Resource(s)
  -------------------------------------------------------------------    -------------------
                         (clock clk rise edge)        0.000     0.000 r  
                                                      0.000     0.000 r  clk (IN)
                         net (fo=0)                   0.000     0.000    clk
                         IBUF (Prop_ibuf_I_O)         0.972     0.972 r  clk_IBUF_inst/O
                         net (fo=1, unplaced)         0.800     1.771    clk_IBUF
                         BUFG (Prop_bufg_I_O)         0.101     1.872 r  clk_IBUF_BUFG_inst/O
                         net (fo=803, unplaced)       0.584     2.456    coefficient_memory/bank0/clk_IBUF_BUFG
                         RAMB36E1                                     r  coefficient_memory/bank0/memory_reg/CLKBWRCLK
  -------------------------------------------------------------------    -------------------
                         RAMB36E1 (Prop_ramb36e1_CLKBWRCLK_DOBDO[2])
                                                      2.454     4.910 f  coefficient_memory/bank0/memory_reg/DOBDO[2]
                         net (fo=4, unplaced)         0.800     5.710    coefficient_memory/bank1/DOBDO[2]
                         LUT6 (Prop_lut6_I5_O)        0.124     5.834 f  coefficient_memory/bank1/inspect_data3_OBUF[2]_inst_i_2/O
                         net (fo=1, unplaced)         0.449     6.283    coefficient_memory/bank3/x_reg[2]_0
                         LUT6 (Prop_lut6_I5_O)        0.124     6.407 f  coefficient_memory/bank3/inspect_data3_OBUF[2]_inst_i_1/O
                         net (fo=8, unplaced)         0.457     6.864    coefficient_memory/bank3/memory_reg_60
                         LUT3 (Prop_lut3_I1_O)        0.153     7.017 r  coefficient_memory/bank3/x[3]_i_15__0/O
                         net (fo=2, unplaced)         0.517     7.534    coefficient_memory/bank3/x[3]_i_15__0_n_0
                         LUT4 (Prop_lut4_I3_O)        0.331     7.865 r  coefficient_memory/bank3/x[3]_i_18__0/O
                         net (fo=1, unplaced)         0.000     7.865    coefficient_memory/bank3/x[3]_i_18__0_n_0
                         CARRY4 (Prop_carry4_S[3]_CO[3])
                                                      0.376     8.241 r  coefficient_memory/bank3/x_reg[3]_i_7__0/CO[3]
                         net (fo=1, unplaced)         0.009     8.250    coefficient_memory/bank3/x_reg[3]_i_7__0_n_0
                         CARRY4 (Prop_carry4_CI_CO[3])
                                                      0.117     8.367 r  coefficient_memory/bank3/x_reg[7]_i_7__0/CO[3]
                         net (fo=1, unplaced)         0.000     8.367    coefficient_memory/bank3/x_reg[7]_i_7__0_n_0
                         CARRY4 (Prop_carry4_CI_CO[3])
                                                      0.117     8.484 r  coefficient_memory/bank3/x_reg[11]_i_7__0/CO[3]
                         net (fo=1, unplaced)         0.000     8.484    coefficient_memory/bank2/x[12]_i_4__0[0]
                         CARRY4 (Prop_carry4_CI_CO[3])
                                                      0.117     8.601 r  coefficient_memory/bank2/x_reg[15]_i_6__0/CO[3]
                         net (fo=1, unplaced)         0.000     8.601    coefficient_memory/bank3/x[16]_i_3__0_0[0]
                         CARRY4 (Prop_carry4_CI_CO[3])
                                                      0.117     8.718 r  coefficient_memory/bank3/x_reg[19]_i_7__0/CO[3]
                         net (fo=1, unplaced)         0.000     8.718    coefficient_memory/bank3/x_reg[19]_i_7__0_n_0
                         CARRY4 (Prop_carry4_CI_CO[3])
                                                      0.117     8.835 r  coefficient_memory/bank3/x_reg[23]_i_7__0/CO[3]
                         net (fo=1, unplaced)         0.000     8.835    coefficient_memory/bank2/x[24]_i_3__0[0]
                         CARRY4 (Prop_carry4_CI_O[3])
                                                      0.331     9.166 r  coefficient_memory/bank2/x_reg[27]_i_7__0/O[3]
                         net (fo=1, unplaced)         0.618     9.784    coefficient_memory/bank3/x_reg[27][7]
                         LUT3 (Prop_lut3_I2_O)        0.307    10.091 r  coefficient_memory/bank3/x[27]_i_4__0/O
                         net (fo=1, unplaced)         0.902    10.993    butterfly1/multiplier/x_reg[27]_0
                         LUT6 (Prop_lut6_I3_O)        0.124    11.117 r  butterfly1/multiplier/x[27]_i_1__0/O
                         net (fo=1, unplaced)         0.000    11.117    butterfly1/multiplier/x[27]_i_1__0_n_0
                         FDRE                                         r  butterfly1/multiplier/x_reg[27]/D
  -------------------------------------------------------------------    -------------------

                         (clock clk rise edge)       10.000    10.000 r  
                                                      0.000    10.000 r  clk (IN)
                         net (fo=0)                   0.000    10.000    clk
                         IBUF (Prop_ibuf_I_O)         0.838    10.838 r  clk_IBUF_inst/O
                         net (fo=1, unplaced)         0.760    11.598    clk_IBUF
                         BUFG (Prop_bufg_I_O)         0.091    11.689 r  clk_IBUF_BUFG_inst/O
                         net (fo=803, unplaced)       0.439    12.128    butterfly1/multiplier/clk_IBUF_BUFG
                         FDRE                                         r  butterfly1/multiplier/x_reg[27]/C
                         clock pessimism              0.184    12.311    
                         clock uncertainty           -0.035    12.276    
                         FDRE (Setup_fdre_C_D)        0.044    12.320    butterfly1/multiplier/x_reg[27]
  -------------------------------------------------------------------
                         required time                         12.320    
                         arrival time                         -11.117    
  -------------------------------------------------------------------
                         slack                                  1.203    

Slack (MET) :             1.203ns  (required time - arrival time)
  Source:                 coefficient_memory/bank1/memory_reg/CLKBWRCLK
                            (rising edge-triggered cell RAMB36E1 clocked by clk  {rise@0.000ns fall@5.000ns period=10.000ns})
  Destination:            butterfly0/sum_register_reg[0]/D
                            (rising edge-triggered cell FDRE clocked by clk  {rise@0.000ns fall@5.000ns period=10.000ns})
  Path Group:             clk
  Path Type:              Setup (Max at Slow Process Corner)
  Requirement:            10.000ns  (clk rise@10.000ns - clk rise@0.000ns)
  Data Path Delay:        8.661ns  (logic 5.700ns (65.814%)  route 2.961ns (34.186%))
  Logic Levels:           13  (CARRY4=9 LUT3=1 LUT4=1 LUT6=2)
  Clock Path Skew:        -0.145ns (DCD - SCD + CPR)
    Destination Clock Delay (DCD):    2.128ns = ( 12.128 - 10.000 ) 
    Source Clock Delay      (SCD):    2.456ns
    Clock Pessimism Removal (CPR):    0.184ns
  Clock Uncertainty:      0.035ns  ((TSJ^2 + TIJ^2)^1/2 + DJ) / 2 + PE
    Total System Jitter     (TSJ):    0.071ns
    Total Input Jitter      (TIJ):    0.000ns
    Discrete Jitter          (DJ):    0.000ns
    Phase Error              (PE):    0.000ns

    Location             Delay type                Incr(ns)  Path(ns)    Netlist Resource(s)
  -------------------------------------------------------------------    -------------------
                         (clock clk rise edge)        0.000     0.000 r  
                                                      0.000     0.000 r  clk (IN)
                         net (fo=0)                   0.000     0.000    clk
                         IBUF (Prop_ibuf_I_O)         0.972     0.972 r  clk_IBUF_inst/O
                         net (fo=1, unplaced)         0.800     1.771    clk_IBUF
                         BUFG (Prop_bufg_I_O)         0.101     1.872 r  clk_IBUF_BUFG_inst/O
                         net (fo=803, unplaced)       0.584     2.456    coefficient_memory/bank1/clk_IBUF_BUFG
                         RAMB36E1                                     r  coefficient_memory/bank1/memory_reg/CLKBWRCLK
  -------------------------------------------------------------------    -------------------
                         RAMB36E1 (Prop_ramb36e1_CLKBWRCLK_DOBDO[1])
                                                      2.454     4.910 r  coefficient_memory/bank1/memory_reg/DOBDO[1]
                         net (fo=4, unplaced)         0.800     5.710    coefficient_memory/bank0/a_register_reg[31][1]
                         LUT6 (Prop_lut6_I3_O)        0.124     5.834 r  coefficient_memory/bank0/inspect_data0_OBUF[1]_inst_i_2/O
                         net (fo=1, unplaced)         0.449     6.283    coefficient_memory/bank3/a_register_reg[1]
                         LUT6 (Prop_lut6_I3_O)        0.124     6.407 r  coefficient_memory/bank3/inspect_data0_OBUF[1]_inst_i_1/O
                         net (fo=10, unplaced)        0.682     7.089    coefficient_memory/bank3/DI[1]
                         CARRY4 (Prop_carry4_DI[1]_CO[3])
                                                      0.520     7.609 r  coefficient_memory/bank3/sum_register_reg[3]_i_3/CO[3]
                         net (fo=1, unplaced)         0.009     7.618    coefficient_memory/bank3/sum_register_reg[3]_i_3_n_0
                         CARRY4 (Prop_carry4_CI_CO[3])
                                                      0.117     7.735 r  coefficient_memory/bank3/sum_register_reg[7]_i_3/CO[3]
                         net (fo=1, unplaced)         0.000     7.735    coefficient_memory/bank3/sum_register_reg[7]_i_3_n_0
                         CARRY4 (Prop_carry4_CI_CO[3])
                                                      0.117     7.852 r  coefficient_memory/bank3/sum_register_reg[11]_i_3/CO[3]
                         net (fo=1, unplaced)         0.000     7.852    coefficient_memory/bank3/sum_register_reg[11]_i_3_n_0
                         CARRY4 (Prop_carry4_CI_CO[3])
                                                      0.117     7.969 r  coefficient_memory/bank3/sum_register_reg[15]_i_3/CO[3]
                         net (fo=1, unplaced)         0.000     7.969    coefficient_memory/bank3/sum_register_reg[15]_i_3_n_0
                         CARRY4 (Prop_carry4_CI_CO[3])
                                                      0.117     8.086 r  coefficient_memory/bank3/sum_register_reg[19]_i_3/CO[3]
                         net (fo=1, unplaced)         0.000     8.086    coefficient_memory/bank3/sum_register_reg[19]_i_3_n_0
                         CARRY4 (Prop_carry4_CI_CO[3])
                                                      0.117     8.203 r  coefficient_memory/bank3/sum_register_reg[23]_i_3/CO[3]
                         net (fo=1, unplaced)         0.000     8.203    coefficient_memory/bank3/sum_register_reg[23]_i_3_n_0
                         CARRY4 (Prop_carry4_CI_O[1])
                                                      0.337     8.540 r  coefficient_memory/bank3/sum_register_reg[27]_i_3/O[1]
                         net (fo=5, unplaced)         0.639     9.179    coefficient_memory/bank3/sum_register_reg[27]_i_3_n_6
                         LUT4 (Prop_lut4_I1_O)        0.332     9.511 r  coefficient_memory/bank3/sum_register[31]_i_20/O
                         net (fo=1, unplaced)         0.000     9.511    coefficient_memory/bank3/sum_register[31]_i_20_n_0
                         CARRY4 (Prop_carry4_DI[0]_CO[3])
                                                      0.576    10.087 r  coefficient_memory/bank3/sum_register_reg[31]_i_9/CO[3]
                         net (fo=1, unplaced)         0.000    10.087    coefficient_memory/bank3/sum_register_reg[31]_i_9_n_0
                         CARRY4 (Prop_carry4_CI_CO[0])
                                                      0.281    10.368 r  coefficient_memory/bank3/sum_register_reg[31]_i_3/CO[0]
                         net (fo=32, unplaced)        0.382    10.750    coefficient_memory/bank3/butterfly0/input_sum_reduced1
                         LUT3 (Prop_lut3_I1_O)        0.367    11.117 r  coefficient_memory/bank3/sum_register[0]_i_1/O
                         net (fo=1, unplaced)         0.000    11.117    butterfly0/D[0]
                         FDRE                                         r  butterfly0/sum_register_reg[0]/D
  -------------------------------------------------------------------    -------------------

                         (clock clk rise edge)       10.000    10.000 r  
                                                      0.000    10.000 r  clk (IN)
                         net (fo=0)                   0.000    10.000    clk
                         IBUF (Prop_ibuf_I_O)         0.838    10.838 r  clk_IBUF_inst/O
                         net (fo=1, unplaced)         0.760    11.598    clk_IBUF
                         BUFG (Prop_bufg_I_O)         0.091    11.689 r  clk_IBUF_BUFG_inst/O
                         net (fo=803, unplaced)       0.439    12.128    butterfly0/clk_IBUF_BUFG
                         FDRE                                         r  butterfly0/sum_register_reg[0]/C
                         clock pessimism              0.184    12.311    
                         clock uncertainty           -0.035    12.276    
                         FDRE (Setup_fdre_C_D)        0.044    12.320    butterfly0/sum_register_reg[0]
  -------------------------------------------------------------------
                         required time                         12.320    
                         arrival time                         -11.117    
  -------------------------------------------------------------------
                         slack                                  1.203    

Slack (MET) :             1.203ns  (required time - arrival time)
  Source:                 coefficient_memory/bank1/memory_reg/CLKBWRCLK
                            (rising edge-triggered cell RAMB36E1 clocked by clk  {rise@0.000ns fall@5.000ns period=10.000ns})
  Destination:            butterfly0/sum_register_reg[10]/D
                            (rising edge-triggered cell FDRE clocked by clk  {rise@0.000ns fall@5.000ns period=10.000ns})
  Path Group:             clk
  Path Type:              Setup (Max at Slow Process Corner)
  Requirement:            10.000ns  (clk rise@10.000ns - clk rise@0.000ns)
  Data Path Delay:        8.661ns  (logic 5.700ns (65.814%)  route 2.961ns (34.186%))
  Logic Levels:           13  (CARRY4=9 LUT3=1 LUT4=1 LUT6=2)
  Clock Path Skew:        -0.145ns (DCD - SCD + CPR)
    Destination Clock Delay (DCD):    2.128ns = ( 12.128 - 10.000 ) 
    Source Clock Delay      (SCD):    2.456ns
    Clock Pessimism Removal (CPR):    0.184ns
  Clock Uncertainty:      0.035ns  ((TSJ^2 + TIJ^2)^1/2 + DJ) / 2 + PE
    Total System Jitter     (TSJ):    0.071ns
    Total Input Jitter      (TIJ):    0.000ns
    Discrete Jitter          (DJ):    0.000ns
    Phase Error              (PE):    0.000ns

    Location             Delay type                Incr(ns)  Path(ns)    Netlist Resource(s)
  -------------------------------------------------------------------    -------------------
                         (clock clk rise edge)        0.000     0.000 r  
                                                      0.000     0.000 r  clk (IN)
                         net (fo=0)                   0.000     0.000    clk
                         IBUF (Prop_ibuf_I_O)         0.972     0.972 r  clk_IBUF_inst/O
                         net (fo=1, unplaced)         0.800     1.771    clk_IBUF
                         BUFG (Prop_bufg_I_O)         0.101     1.872 r  clk_IBUF_BUFG_inst/O
                         net (fo=803, unplaced)       0.584     2.456    coefficient_memory/bank1/clk_IBUF_BUFG
                         RAMB36E1                                     r  coefficient_memory/bank1/memory_reg/CLKBWRCLK
  -------------------------------------------------------------------    -------------------
                         RAMB36E1 (Prop_ramb36e1_CLKBWRCLK_DOBDO[1])
                                                      2.454     4.910 r  coefficient_memory/bank1/memory_reg/DOBDO[1]
                         net (fo=4, unplaced)         0.800     5.710    coefficient_memory/bank0/a_register_reg[31][1]
                         LUT6 (Prop_lut6_I3_O)        0.124     5.834 r  coefficient_memory/bank0/inspect_data0_OBUF[1]_inst_i_2/O
                         net (fo=1, unplaced)         0.449     6.283    coefficient_memory/bank3/a_register_reg[1]
                         LUT6 (Prop_lut6_I3_O)        0.124     6.407 r  coefficient_memory/bank3/inspect_data0_OBUF[1]_inst_i_1/O
                         net (fo=10, unplaced)        0.682     7.089    coefficient_memory/bank3/DI[1]
                         CARRY4 (Prop_carry4_DI[1]_CO[3])
                                                      0.520     7.609 r  coefficient_memory/bank3/sum_register_reg[3]_i_3/CO[3]
                         net (fo=1, unplaced)         0.009     7.618    coefficient_memory/bank3/sum_register_reg[3]_i_3_n_0
                         CARRY4 (Prop_carry4_CI_CO[3])
                                                      0.117     7.735 r  coefficient_memory/bank3/sum_register_reg[7]_i_3/CO[3]
                         net (fo=1, unplaced)         0.000     7.735    coefficient_memory/bank3/sum_register_reg[7]_i_3_n_0
                         CARRY4 (Prop_carry4_CI_CO[3])
                                                      0.117     7.852 r  coefficient_memory/bank3/sum_register_reg[11]_i_3/CO[3]
                         net (fo=1, unplaced)         0.000     7.852    coefficient_memory/bank3/sum_register_reg[11]_i_3_n_0
                         CARRY4 (Prop_carry4_CI_CO[3])
                                                      0.117     7.969 r  coefficient_memory/bank3/sum_register_reg[15]_i_3/CO[3]
                         net (fo=1, unplaced)         0.000     7.969    coefficient_memory/bank3/sum_register_reg[15]_i_3_n_0
                         CARRY4 (Prop_carry4_CI_CO[3])
                                                      0.117     8.086 r  coefficient_memory/bank3/sum_register_reg[19]_i_3/CO[3]
                         net (fo=1, unplaced)         0.000     8.086    coefficient_memory/bank3/sum_register_reg[19]_i_3_n_0
                         CARRY4 (Prop_carry4_CI_CO[3])
                                                      0.117     8.203 r  coefficient_memory/bank3/sum_register_reg[23]_i_3/CO[3]
                         net (fo=1, unplaced)         0.000     8.203    coefficient_memory/bank3/sum_register_reg[23]_i_3_n_0
                         CARRY4 (Prop_carry4_CI_O[1])
                                                      0.337     8.540 r  coefficient_memory/bank3/sum_register_reg[27]_i_3/O[1]
                         net (fo=5, unplaced)         0.639     9.179    coefficient_memory/bank3/sum_register_reg[27]_i_3_n_6
                         LUT4 (Prop_lut4_I1_O)        0.332     9.511 r  coefficient_memory/bank3/sum_register[31]_i_20/O
                         net (fo=1, unplaced)         0.000     9.511    coefficient_memory/bank3/sum_register[31]_i_20_n_0
                         CARRY4 (Prop_carry4_DI[0]_CO[3])
                                                      0.576    10.087 r  coefficient_memory/bank3/sum_register_reg[31]_i_9/CO[3]
                         net (fo=1, unplaced)         0.000    10.087    coefficient_memory/bank3/sum_register_reg[31]_i_9_n_0
                         CARRY4 (Prop_carry4_CI_CO[0])
                                                      0.281    10.368 r  coefficient_memory/bank3/sum_register_reg[31]_i_3/CO[0]
                         net (fo=32, unplaced)        0.382    10.750    coefficient_memory/bank3/butterfly0/input_sum_reduced1
                         LUT3 (Prop_lut3_I1_O)        0.367    11.117 r  coefficient_memory/bank3/sum_register[10]_i_1/O
                         net (fo=1, unplaced)         0.000    11.117    butterfly0/D[10]
                         FDRE                                         r  butterfly0/sum_register_reg[10]/D
  -------------------------------------------------------------------    -------------------

                         (clock clk rise edge)       10.000    10.000 r  
                                                      0.000    10.000 r  clk (IN)
                         net (fo=0)                   0.000    10.000    clk
                         IBUF (Prop_ibuf_I_O)         0.838    10.838 r  clk_IBUF_inst/O
                         net (fo=1, unplaced)         0.760    11.598    clk_IBUF
                         BUFG (Prop_bufg_I_O)         0.091    11.689 r  clk_IBUF_BUFG_inst/O
                         net (fo=803, unplaced)       0.439    12.128    butterfly0/clk_IBUF_BUFG
                         FDRE                                         r  butterfly0/sum_register_reg[10]/C
                         clock pessimism              0.184    12.311    
                         clock uncertainty           -0.035    12.276    
                         FDRE (Setup_fdre_C_D)        0.044    12.320    butterfly0/sum_register_reg[10]
  -------------------------------------------------------------------
                         required time                         12.320    
                         arrival time                         -11.117    
  -------------------------------------------------------------------
                         slack                                  1.203    

Slack (MET) :             1.203ns  (required time - arrival time)
  Source:                 coefficient_memory/bank1/memory_reg/CLKBWRCLK
                            (rising edge-triggered cell RAMB36E1 clocked by clk  {rise@0.000ns fall@5.000ns period=10.000ns})
  Destination:            butterfly0/sum_register_reg[11]/D
                            (rising edge-triggered cell FDRE clocked by clk  {rise@0.000ns fall@5.000ns period=10.000ns})
  Path Group:             clk
  Path Type:              Setup (Max at Slow Process Corner)
  Requirement:            10.000ns  (clk rise@10.000ns - clk rise@0.000ns)
  Data Path Delay:        8.661ns  (logic 5.700ns (65.814%)  route 2.961ns (34.186%))
  Logic Levels:           13  (CARRY4=9 LUT3=1 LUT4=1 LUT6=2)
  Clock Path Skew:        -0.145ns (DCD - SCD + CPR)
    Destination Clock Delay (DCD):    2.128ns = ( 12.128 - 10.000 ) 
    Source Clock Delay      (SCD):    2.456ns
    Clock Pessimism Removal (CPR):    0.184ns
  Clock Uncertainty:      0.035ns  ((TSJ^2 + TIJ^2)^1/2 + DJ) / 2 + PE
    Total System Jitter     (TSJ):    0.071ns
    Total Input Jitter      (TIJ):    0.000ns
    Discrete Jitter          (DJ):    0.000ns
    Phase Error              (PE):    0.000ns

    Location             Delay type                Incr(ns)  Path(ns)    Netlist Resource(s)
  -------------------------------------------------------------------    -------------------
                         (clock clk rise edge)        0.000     0.000 r  
                                                      0.000     0.000 r  clk (IN)
                         net (fo=0)                   0.000     0.000    clk
                         IBUF (Prop_ibuf_I_O)         0.972     0.972 r  clk_IBUF_inst/O
                         net (fo=1, unplaced)         0.800     1.771    clk_IBUF
                         BUFG (Prop_bufg_I_O)         0.101     1.872 r  clk_IBUF_BUFG_inst/O
                         net (fo=803, unplaced)       0.584     2.456    coefficient_memory/bank1/clk_IBUF_BUFG
                         RAMB36E1                                     r  coefficient_memory/bank1/memory_reg/CLKBWRCLK
  -------------------------------------------------------------------    -------------------
                         RAMB36E1 (Prop_ramb36e1_CLKBWRCLK_DOBDO[1])
                                                      2.454     4.910 r  coefficient_memory/bank1/memory_reg/DOBDO[1]
                         net (fo=4, unplaced)         0.800     5.710    coefficient_memory/bank0/a_register_reg[31][1]
                         LUT6 (Prop_lut6_I3_O)        0.124     5.834 r  coefficient_memory/bank0/inspect_data0_OBUF[1]_inst_i_2/O
                         net (fo=1, unplaced)         0.449     6.283    coefficient_memory/bank3/a_register_reg[1]
                         LUT6 (Prop_lut6_I3_O)        0.124     6.407 r  coefficient_memory/bank3/inspect_data0_OBUF[1]_inst_i_1/O
                         net (fo=10, unplaced)        0.682     7.089    coefficient_memory/bank3/DI[1]
                         CARRY4 (Prop_carry4_DI[1]_CO[3])
                                                      0.520     7.609 r  coefficient_memory/bank3/sum_register_reg[3]_i_3/CO[3]
                         net (fo=1, unplaced)         0.009     7.618    coefficient_memory/bank3/sum_register_reg[3]_i_3_n_0
                         CARRY4 (Prop_carry4_CI_CO[3])
                                                      0.117     7.735 r  coefficient_memory/bank3/sum_register_reg[7]_i_3/CO[3]
                         net (fo=1, unplaced)         0.000     7.735    coefficient_memory/bank3/sum_register_reg[7]_i_3_n_0
                         CARRY4 (Prop_carry4_CI_CO[3])
                                                      0.117     7.852 r  coefficient_memory/bank3/sum_register_reg[11]_i_3/CO[3]
                         net (fo=1, unplaced)         0.000     7.852    coefficient_memory/bank3/sum_register_reg[11]_i_3_n_0
                         CARRY4 (Prop_carry4_CI_CO[3])
                                                      0.117     7.969 r  coefficient_memory/bank3/sum_register_reg[15]_i_3/CO[3]
                         net (fo=1, unplaced)         0.000     7.969    coefficient_memory/bank3/sum_register_reg[15]_i_3_n_0
                         CARRY4 (Prop_carry4_CI_CO[3])
                                                      0.117     8.086 r  coefficient_memory/bank3/sum_register_reg[19]_i_3/CO[3]
                         net (fo=1, unplaced)         0.000     8.086    coefficient_memory/bank3/sum_register_reg[19]_i_3_n_0
                         CARRY4 (Prop_carry4_CI_CO[3])
                                                      0.117     8.203 r  coefficient_memory/bank3/sum_register_reg[23]_i_3/CO[3]
                         net (fo=1, unplaced)         0.000     8.203    coefficient_memory/bank3/sum_register_reg[23]_i_3_n_0
                         CARRY4 (Prop_carry4_CI_O[1])
                                                      0.337     8.540 r  coefficient_memory/bank3/sum_register_reg[27]_i_3/O[1]
                         net (fo=5, unplaced)         0.639     9.179    coefficient_memory/bank3/sum_register_reg[27]_i_3_n_6
                         LUT4 (Prop_lut4_I1_O)        0.332     9.511 r  coefficient_memory/bank3/sum_register[31]_i_20/O
                         net (fo=1, unplaced)         0.000     9.511    coefficient_memory/bank3/sum_register[31]_i_20_n_0
                         CARRY4 (Prop_carry4_DI[0]_CO[3])
                                                      0.576    10.087 r  coefficient_memory/bank3/sum_register_reg[31]_i_9/CO[3]
                         net (fo=1, unplaced)         0.000    10.087    coefficient_memory/bank3/sum_register_reg[31]_i_9_n_0
                         CARRY4 (Prop_carry4_CI_CO[0])
                                                      0.281    10.368 r  coefficient_memory/bank3/sum_register_reg[31]_i_3/CO[0]
                         net (fo=32, unplaced)        0.382    10.750    coefficient_memory/bank3/butterfly0/input_sum_reduced1
                         LUT3 (Prop_lut3_I1_O)        0.367    11.117 r  coefficient_memory/bank3/sum_register[11]_i_1/O
                         net (fo=1, unplaced)         0.000    11.117    butterfly0/D[11]
                         FDRE                                         r  butterfly0/sum_register_reg[11]/D
  -------------------------------------------------------------------    -------------------

                         (clock clk rise edge)       10.000    10.000 r  
                                                      0.000    10.000 r  clk (IN)
                         net (fo=0)                   0.000    10.000    clk
                         IBUF (Prop_ibuf_I_O)         0.838    10.838 r  clk_IBUF_inst/O
                         net (fo=1, unplaced)         0.760    11.598    clk_IBUF
                         BUFG (Prop_bufg_I_O)         0.091    11.689 r  clk_IBUF_BUFG_inst/O
                         net (fo=803, unplaced)       0.439    12.128    butterfly0/clk_IBUF_BUFG
                         FDRE                                         r  butterfly0/sum_register_reg[11]/C
                         clock pessimism              0.184    12.311    
                         clock uncertainty           -0.035    12.276    
                         FDRE (Setup_fdre_C_D)        0.044    12.320    butterfly0/sum_register_reg[11]
  -------------------------------------------------------------------
                         required time                         12.320    
                         arrival time                         -11.117    
  -------------------------------------------------------------------
                         slack                                  1.203    

Slack (MET) :             1.203ns  (required time - arrival time)
  Source:                 coefficient_memory/bank1/memory_reg/CLKBWRCLK
                            (rising edge-triggered cell RAMB36E1 clocked by clk  {rise@0.000ns fall@5.000ns period=10.000ns})
  Destination:            butterfly0/sum_register_reg[12]/D
                            (rising edge-triggered cell FDRE clocked by clk  {rise@0.000ns fall@5.000ns period=10.000ns})
  Path Group:             clk
  Path Type:              Setup (Max at Slow Process Corner)
  Requirement:            10.000ns  (clk rise@10.000ns - clk rise@0.000ns)
  Data Path Delay:        8.661ns  (logic 5.700ns (65.814%)  route 2.961ns (34.186%))
  Logic Levels:           13  (CARRY4=9 LUT3=1 LUT4=1 LUT6=2)
  Clock Path Skew:        -0.145ns (DCD - SCD + CPR)
    Destination Clock Delay (DCD):    2.128ns = ( 12.128 - 10.000 ) 
    Source Clock Delay      (SCD):    2.456ns
    Clock Pessimism Removal (CPR):    0.184ns
  Clock Uncertainty:      0.035ns  ((TSJ^2 + TIJ^2)^1/2 + DJ) / 2 + PE
    Total System Jitter     (TSJ):    0.071ns
    Total Input Jitter      (TIJ):    0.000ns
    Discrete Jitter          (DJ):    0.000ns
    Phase Error              (PE):    0.000ns

    Location             Delay type                Incr(ns)  Path(ns)    Netlist Resource(s)
  -------------------------------------------------------------------    -------------------
                         (clock clk rise edge)        0.000     0.000 r  
                                                      0.000     0.000 r  clk (IN)
                         net (fo=0)                   0.000     0.000    clk
                         IBUF (Prop_ibuf_I_O)         0.972     0.972 r  clk_IBUF_inst/O
                         net (fo=1, unplaced)         0.800     1.771    clk_IBUF
                         BUFG (Prop_bufg_I_O)         0.101     1.872 r  clk_IBUF_BUFG_inst/O
                         net (fo=803, unplaced)       0.584     2.456    coefficient_memory/bank1/clk_IBUF_BUFG
                         RAMB36E1                                     r  coefficient_memory/bank1/memory_reg/CLKBWRCLK
  -------------------------------------------------------------------    -------------------
                         RAMB36E1 (Prop_ramb36e1_CLKBWRCLK_DOBDO[1])
                                                      2.454     4.910 r  coefficient_memory/bank1/memory_reg/DOBDO[1]
                         net (fo=4, unplaced)         0.800     5.710    coefficient_memory/bank0/a_register_reg[31][1]
                         LUT6 (Prop_lut6_I3_O)        0.124     5.834 r  coefficient_memory/bank0/inspect_data0_OBUF[1]_inst_i_2/O
                         net (fo=1, unplaced)         0.449     6.283    coefficient_memory/bank3/a_register_reg[1]
                         LUT6 (Prop_lut6_I3_O)        0.124     6.407 r  coefficient_memory/bank3/inspect_data0_OBUF[1]_inst_i_1/O
                         net (fo=10, unplaced)        0.682     7.089    coefficient_memory/bank3/DI[1]
                         CARRY4 (Prop_carry4_DI[1]_CO[3])
                                                      0.520     7.609 r  coefficient_memory/bank3/sum_register_reg[3]_i_3/CO[3]
                         net (fo=1, unplaced)         0.009     7.618    coefficient_memory/bank3/sum_register_reg[3]_i_3_n_0
                         CARRY4 (Prop_carry4_CI_CO[3])
                                                      0.117     7.735 r  coefficient_memory/bank3/sum_register_reg[7]_i_3/CO[3]
                         net (fo=1, unplaced)         0.000     7.735    coefficient_memory/bank3/sum_register_reg[7]_i_3_n_0
                         CARRY4 (Prop_carry4_CI_CO[3])
                                                      0.117     7.852 r  coefficient_memory/bank3/sum_register_reg[11]_i_3/CO[3]
                         net (fo=1, unplaced)         0.000     7.852    coefficient_memory/bank3/sum_register_reg[11]_i_3_n_0
                         CARRY4 (Prop_carry4_CI_CO[3])
                                                      0.117     7.969 r  coefficient_memory/bank3/sum_register_reg[15]_i_3/CO[3]
                         net (fo=1, unplaced)         0.000     7.969    coefficient_memory/bank3/sum_register_reg[15]_i_3_n_0
                         CARRY4 (Prop_carry4_CI_CO[3])
                                                      0.117     8.086 r  coefficient_memory/bank3/sum_register_reg[19]_i_3/CO[3]
                         net (fo=1, unplaced)         0.000     8.086    coefficient_memory/bank3/sum_register_reg[19]_i_3_n_0
                         CARRY4 (Prop_carry4_CI_CO[3])
                                                      0.117     8.203 r  coefficient_memory/bank3/sum_register_reg[23]_i_3/CO[3]
                         net (fo=1, unplaced)         0.000     8.203    coefficient_memory/bank3/sum_register_reg[23]_i_3_n_0
                         CARRY4 (Prop_carry4_CI_O[1])
                                                      0.337     8.540 r  coefficient_memory/bank3/sum_register_reg[27]_i_3/O[1]
                         net (fo=5, unplaced)         0.639     9.179    coefficient_memory/bank3/sum_register_reg[27]_i_3_n_6
                         LUT4 (Prop_lut4_I1_O)        0.332     9.511 r  coefficient_memory/bank3/sum_register[31]_i_20/O
                         net (fo=1, unplaced)         0.000     9.511    coefficient_memory/bank3/sum_register[31]_i_20_n_0
                         CARRY4 (Prop_carry4_DI[0]_CO[3])
                                                      0.576    10.087 r  coefficient_memory/bank3/sum_register_reg[31]_i_9/CO[3]
                         net (fo=1, unplaced)         0.000    10.087    coefficient_memory/bank3/sum_register_reg[31]_i_9_n_0
                         CARRY4 (Prop_carry4_CI_CO[0])
                                                      0.281    10.368 r  coefficient_memory/bank3/sum_register_reg[31]_i_3/CO[0]
                         net (fo=32, unplaced)        0.382    10.750    coefficient_memory/bank3/butterfly0/input_sum_reduced1
                         LUT3 (Prop_lut3_I1_O)        0.367    11.117 r  coefficient_memory/bank3/sum_register[12]_i_1/O
                         net (fo=1, unplaced)         0.000    11.117    butterfly0/D[12]
                         FDRE                                         r  butterfly0/sum_register_reg[12]/D
  -------------------------------------------------------------------    -------------------

                         (clock clk rise edge)       10.000    10.000 r  
                                                      0.000    10.000 r  clk (IN)
                         net (fo=0)                   0.000    10.000    clk
                         IBUF (Prop_ibuf_I_O)         0.838    10.838 r  clk_IBUF_inst/O
                         net (fo=1, unplaced)         0.760    11.598    clk_IBUF
                         BUFG (Prop_bufg_I_O)         0.091    11.689 r  clk_IBUF_BUFG_inst/O
                         net (fo=803, unplaced)       0.439    12.128    butterfly0/clk_IBUF_BUFG
                         FDRE                                         r  butterfly0/sum_register_reg[12]/C
                         clock pessimism              0.184    12.311    
                         clock uncertainty           -0.035    12.276    
                         FDRE (Setup_fdre_C_D)        0.044    12.320    butterfly0/sum_register_reg[12]
  -------------------------------------------------------------------
                         required time                         12.320    
                         arrival time                         -11.117    
  -------------------------------------------------------------------
                         slack                                  1.203    

Slack (MET) :             1.203ns  (required time - arrival time)
  Source:                 coefficient_memory/bank1/memory_reg/CLKBWRCLK
                            (rising edge-triggered cell RAMB36E1 clocked by clk  {rise@0.000ns fall@5.000ns period=10.000ns})
  Destination:            butterfly0/sum_register_reg[13]/D
                            (rising edge-triggered cell FDRE clocked by clk  {rise@0.000ns fall@5.000ns period=10.000ns})
  Path Group:             clk
  Path Type:              Setup (Max at Slow Process Corner)
  Requirement:            10.000ns  (clk rise@10.000ns - clk rise@0.000ns)
  Data Path Delay:        8.661ns  (logic 5.700ns (65.814%)  route 2.961ns (34.186%))
  Logic Levels:           13  (CARRY4=9 LUT3=1 LUT4=1 LUT6=2)
  Clock Path Skew:        -0.145ns (DCD - SCD + CPR)
    Destination Clock Delay (DCD):    2.128ns = ( 12.128 - 10.000 ) 
    Source Clock Delay      (SCD):    2.456ns
    Clock Pessimism Removal (CPR):    0.184ns
  Clock Uncertainty:      0.035ns  ((TSJ^2 + TIJ^2)^1/2 + DJ) / 2 + PE
    Total System Jitter     (TSJ):    0.071ns
    Total Input Jitter      (TIJ):    0.000ns
    Discrete Jitter          (DJ):    0.000ns
    Phase Error              (PE):    0.000ns

    Location             Delay type                Incr(ns)  Path(ns)    Netlist Resource(s)
  -------------------------------------------------------------------    -------------------
                         (clock clk rise edge)        0.000     0.000 r  
                                                      0.000     0.000 r  clk (IN)
                         net (fo=0)                   0.000     0.000    clk
                         IBUF (Prop_ibuf_I_O)         0.972     0.972 r  clk_IBUF_inst/O
                         net (fo=1, unplaced)         0.800     1.771    clk_IBUF
                         BUFG (Prop_bufg_I_O)         0.101     1.872 r  clk_IBUF_BUFG_inst/O
                         net (fo=803, unplaced)       0.584     2.456    coefficient_memory/bank1/clk_IBUF_BUFG
                         RAMB36E1                                     r  coefficient_memory/bank1/memory_reg/CLKBWRCLK
  -------------------------------------------------------------------    -------------------
                         RAMB36E1 (Prop_ramb36e1_CLKBWRCLK_DOBDO[1])
                                                      2.454     4.910 r  coefficient_memory/bank1/memory_reg/DOBDO[1]
                         net (fo=4, unplaced)         0.800     5.710    coefficient_memory/bank0/a_register_reg[31][1]
                         LUT6 (Prop_lut6_I3_O)        0.124     5.834 r  coefficient_memory/bank0/inspect_data0_OBUF[1]_inst_i_2/O
                         net (fo=1, unplaced)         0.449     6.283    coefficient_memory/bank3/a_register_reg[1]
                         LUT6 (Prop_lut6_I3_O)        0.124     6.407 r  coefficient_memory/bank3/inspect_data0_OBUF[1]_inst_i_1/O
                         net (fo=10, unplaced)        0.682     7.089    coefficient_memory/bank3/DI[1]
                         CARRY4 (Prop_carry4_DI[1]_CO[3])
                                                      0.520     7.609 r  coefficient_memory/bank3/sum_register_reg[3]_i_3/CO[3]
                         net (fo=1, unplaced)         0.009     7.618    coefficient_memory/bank3/sum_register_reg[3]_i_3_n_0
                         CARRY4 (Prop_carry4_CI_CO[3])
                                                      0.117     7.735 r  coefficient_memory/bank3/sum_register_reg[7]_i_3/CO[3]
                         net (fo=1, unplaced)         0.000     7.735    coefficient_memory/bank3/sum_register_reg[7]_i_3_n_0
                         CARRY4 (Prop_carry4_CI_CO[3])
                                                      0.117     7.852 r  coefficient_memory/bank3/sum_register_reg[11]_i_3/CO[3]
                         net (fo=1, unplaced)         0.000     7.852    coefficient_memory/bank3/sum_register_reg[11]_i_3_n_0
                         CARRY4 (Prop_carry4_CI_CO[3])
                                                      0.117     7.969 r  coefficient_memory/bank3/sum_register_reg[15]_i_3/CO[3]
                         net (fo=1, unplaced)         0.000     7.969    coefficient_memory/bank3/sum_register_reg[15]_i_3_n_0
                         CARRY4 (Prop_carry4_CI_CO[3])
                                                      0.117     8.086 r  coefficient_memory/bank3/sum_register_reg[19]_i_3/CO[3]
                         net (fo=1, unplaced)         0.000     8.086    coefficient_memory/bank3/sum_register_reg[19]_i_3_n_0
                         CARRY4 (Prop_carry4_CI_CO[3])
                                                      0.117     8.203 r  coefficient_memory/bank3/sum_register_reg[23]_i_3/CO[3]
                         net (fo=1, unplaced)         0.000     8.203    coefficient_memory/bank3/sum_register_reg[23]_i_3_n_0
                         CARRY4 (Prop_carry4_CI_O[1])
                                                      0.337     8.540 r  coefficient_memory/bank3/sum_register_reg[27]_i_3/O[1]
                         net (fo=5, unplaced)         0.639     9.179    coefficient_memory/bank3/sum_register_reg[27]_i_3_n_6
                         LUT4 (Prop_lut4_I1_O)        0.332     9.511 r  coefficient_memory/bank3/sum_register[31]_i_20/O
                         net (fo=1, unplaced)         0.000     9.511    coefficient_memory/bank3/sum_register[31]_i_20_n_0
                         CARRY4 (Prop_carry4_DI[0]_CO[3])
                                                      0.576    10.087 r  coefficient_memory/bank3/sum_register_reg[31]_i_9/CO[3]
                         net (fo=1, unplaced)         0.000    10.087    coefficient_memory/bank3/sum_register_reg[31]_i_9_n_0
                         CARRY4 (Prop_carry4_CI_CO[0])
                                                      0.281    10.368 r  coefficient_memory/bank3/sum_register_reg[31]_i_3/CO[0]
                         net (fo=32, unplaced)        0.382    10.750    coefficient_memory/bank3/butterfly0/input_sum_reduced1
                         LUT3 (Prop_lut3_I1_O)        0.367    11.117 r  coefficient_memory/bank3/sum_register[13]_i_1/O
                         net (fo=1, unplaced)         0.000    11.117    butterfly0/D[13]
                         FDRE                                         r  butterfly0/sum_register_reg[13]/D
  -------------------------------------------------------------------    -------------------

                         (clock clk rise edge)       10.000    10.000 r  
                                                      0.000    10.000 r  clk (IN)
                         net (fo=0)                   0.000    10.000    clk
                         IBUF (Prop_ibuf_I_O)         0.838    10.838 r  clk_IBUF_inst/O
                         net (fo=1, unplaced)         0.760    11.598    clk_IBUF
                         BUFG (Prop_bufg_I_O)         0.091    11.689 r  clk_IBUF_BUFG_inst/O
                         net (fo=803, unplaced)       0.439    12.128    butterfly0/clk_IBUF_BUFG
                         FDRE                                         r  butterfly0/sum_register_reg[13]/C
                         clock pessimism              0.184    12.311    
                         clock uncertainty           -0.035    12.276    
                         FDRE (Setup_fdre_C_D)        0.044    12.320    butterfly0/sum_register_reg[13]
  -------------------------------------------------------------------
                         required time                         12.320    
                         arrival time                         -11.117    
  -------------------------------------------------------------------
                         slack                                  1.203    

Slack (MET) :             1.203ns  (required time - arrival time)
  Source:                 coefficient_memory/bank1/memory_reg/CLKBWRCLK
                            (rising edge-triggered cell RAMB36E1 clocked by clk  {rise@0.000ns fall@5.000ns period=10.000ns})
  Destination:            butterfly0/sum_register_reg[14]/D
                            (rising edge-triggered cell FDRE clocked by clk  {rise@0.000ns fall@5.000ns period=10.000ns})
  Path Group:             clk
  Path Type:              Setup (Max at Slow Process Corner)
  Requirement:            10.000ns  (clk rise@10.000ns - clk rise@0.000ns)
  Data Path Delay:        8.661ns  (logic 5.700ns (65.814%)  route 2.961ns (34.186%))
  Logic Levels:           13  (CARRY4=9 LUT3=1 LUT4=1 LUT6=2)
  Clock Path Skew:        -0.145ns (DCD - SCD + CPR)
    Destination Clock Delay (DCD):    2.128ns = ( 12.128 - 10.000 ) 
    Source Clock Delay      (SCD):    2.456ns
    Clock Pessimism Removal (CPR):    0.184ns
  Clock Uncertainty:      0.035ns  ((TSJ^2 + TIJ^2)^1/2 + DJ) / 2 + PE
    Total System Jitter     (TSJ):    0.071ns
    Total Input Jitter      (TIJ):    0.000ns
    Discrete Jitter          (DJ):    0.000ns
    Phase Error              (PE):    0.000ns

    Location             Delay type                Incr(ns)  Path(ns)    Netlist Resource(s)
  -------------------------------------------------------------------    -------------------
                         (clock clk rise edge)        0.000     0.000 r  
                                                      0.000     0.000 r  clk (IN)
                         net (fo=0)                   0.000     0.000    clk
                         IBUF (Prop_ibuf_I_O)         0.972     0.972 r  clk_IBUF_inst/O
                         net (fo=1, unplaced)         0.800     1.771    clk_IBUF
                         BUFG (Prop_bufg_I_O)         0.101     1.872 r  clk_IBUF_BUFG_inst/O
                         net (fo=803, unplaced)       0.584     2.456    coefficient_memory/bank1/clk_IBUF_BUFG
                         RAMB36E1                                     r  coefficient_memory/bank1/memory_reg/CLKBWRCLK
  -------------------------------------------------------------------    -------------------
                         RAMB36E1 (Prop_ramb36e1_CLKBWRCLK_DOBDO[1])
                                                      2.454     4.910 r  coefficient_memory/bank1/memory_reg/DOBDO[1]
                         net (fo=4, unplaced)         0.800     5.710    coefficient_memory/bank0/a_register_reg[31][1]
                         LUT6 (Prop_lut6_I3_O)        0.124     5.834 r  coefficient_memory/bank0/inspect_data0_OBUF[1]_inst_i_2/O
                         net (fo=1, unplaced)         0.449     6.283    coefficient_memory/bank3/a_register_reg[1]
                         LUT6 (Prop_lut6_I3_O)        0.124     6.407 r  coefficient_memory/bank3/inspect_data0_OBUF[1]_inst_i_1/O
                         net (fo=10, unplaced)        0.682     7.089    coefficient_memory/bank3/DI[1]
                         CARRY4 (Prop_carry4_DI[1]_CO[3])
                                                      0.520     7.609 r  coefficient_memory/bank3/sum_register_reg[3]_i_3/CO[3]
                         net (fo=1, unplaced)         0.009     7.618    coefficient_memory/bank3/sum_register_reg[3]_i_3_n_0
                         CARRY4 (Prop_carry4_CI_CO[3])
                                                      0.117     7.735 r  coefficient_memory/bank3/sum_register_reg[7]_i_3/CO[3]
                         net (fo=1, unplaced)         0.000     7.735    coefficient_memory/bank3/sum_register_reg[7]_i_3_n_0
                         CARRY4 (Prop_carry4_CI_CO[3])
                                                      0.117     7.852 r  coefficient_memory/bank3/sum_register_reg[11]_i_3/CO[3]
                         net (fo=1, unplaced)         0.000     7.852    coefficient_memory/bank3/sum_register_reg[11]_i_3_n_0
                         CARRY4 (Prop_carry4_CI_CO[3])
                                                      0.117     7.969 r  coefficient_memory/bank3/sum_register_reg[15]_i_3/CO[3]
                         net (fo=1, unplaced)         0.000     7.969    coefficient_memory/bank3/sum_register_reg[15]_i_3_n_0
                         CARRY4 (Prop_carry4_CI_CO[3])
                                                      0.117     8.086 r  coefficient_memory/bank3/sum_register_reg[19]_i_3/CO[3]
                         net (fo=1, unplaced)         0.000     8.086    coefficient_memory/bank3/sum_register_reg[19]_i_3_n_0
                         CARRY4 (Prop_carry4_CI_CO[3])
                                                      0.117     8.203 r  coefficient_memory/bank3/sum_register_reg[23]_i_3/CO[3]
                         net (fo=1, unplaced)         0.000     8.203    coefficient_memory/bank3/sum_register_reg[23]_i_3_n_0
                         CARRY4 (Prop_carry4_CI_O[1])
                                                      0.337     8.540 r  coefficient_memory/bank3/sum_register_reg[27]_i_3/O[1]
                         net (fo=5, unplaced)         0.639     9.179    coefficient_memory/bank3/sum_register_reg[27]_i_3_n_6
                         LUT4 (Prop_lut4_I1_O)        0.332     9.511 r  coefficient_memory/bank3/sum_register[31]_i_20/O
                         net (fo=1, unplaced)         0.000     9.511    coefficient_memory/bank3/sum_register[31]_i_20_n_0
                         CARRY4 (Prop_carry4_DI[0]_CO[3])
                                                      0.576    10.087 r  coefficient_memory/bank3/sum_register_reg[31]_i_9/CO[3]
                         net (fo=1, unplaced)         0.000    10.087    coefficient_memory/bank3/sum_register_reg[31]_i_9_n_0
                         CARRY4 (Prop_carry4_CI_CO[0])
                                                      0.281    10.368 r  coefficient_memory/bank3/sum_register_reg[31]_i_3/CO[0]
                         net (fo=32, unplaced)        0.382    10.750    coefficient_memory/bank3/butterfly0/input_sum_reduced1
                         LUT3 (Prop_lut3_I1_O)        0.367    11.117 r  coefficient_memory/bank3/sum_register[14]_i_1/O
                         net (fo=1, unplaced)         0.000    11.117    butterfly0/D[14]
                         FDRE                                         r  butterfly0/sum_register_reg[14]/D
  -------------------------------------------------------------------    -------------------

                         (clock clk rise edge)       10.000    10.000 r  
                                                      0.000    10.000 r  clk (IN)
                         net (fo=0)                   0.000    10.000    clk
                         IBUF (Prop_ibuf_I_O)         0.838    10.838 r  clk_IBUF_inst/O
                         net (fo=1, unplaced)         0.760    11.598    clk_IBUF
                         BUFG (Prop_bufg_I_O)         0.091    11.689 r  clk_IBUF_BUFG_inst/O
                         net (fo=803, unplaced)       0.439    12.128    butterfly0/clk_IBUF_BUFG
                         FDRE                                         r  butterfly0/sum_register_reg[14]/C
                         clock pessimism              0.184    12.311    
                         clock uncertainty           -0.035    12.276    
                         FDRE (Setup_fdre_C_D)        0.044    12.320    butterfly0/sum_register_reg[14]
  -------------------------------------------------------------------
                         required time                         12.320    
                         arrival time                         -11.117    
  -------------------------------------------------------------------
                         slack                                  1.203    

Slack (MET) :             1.203ns  (required time - arrival time)
  Source:                 coefficient_memory/bank1/memory_reg/CLKBWRCLK
                            (rising edge-triggered cell RAMB36E1 clocked by clk  {rise@0.000ns fall@5.000ns period=10.000ns})
  Destination:            butterfly0/sum_register_reg[15]/D
                            (rising edge-triggered cell FDRE clocked by clk  {rise@0.000ns fall@5.000ns period=10.000ns})
  Path Group:             clk
  Path Type:              Setup (Max at Slow Process Corner)
  Requirement:            10.000ns  (clk rise@10.000ns - clk rise@0.000ns)
  Data Path Delay:        8.661ns  (logic 5.700ns (65.814%)  route 2.961ns (34.186%))
  Logic Levels:           13  (CARRY4=9 LUT3=1 LUT4=1 LUT6=2)
  Clock Path Skew:        -0.145ns (DCD - SCD + CPR)
    Destination Clock Delay (DCD):    2.128ns = ( 12.128 - 10.000 ) 
    Source Clock Delay      (SCD):    2.456ns
    Clock Pessimism Removal (CPR):    0.184ns
  Clock Uncertainty:      0.035ns  ((TSJ^2 + TIJ^2)^1/2 + DJ) / 2 + PE
    Total System Jitter     (TSJ):    0.071ns
    Total Input Jitter      (TIJ):    0.000ns
    Discrete Jitter          (DJ):    0.000ns
    Phase Error              (PE):    0.000ns

    Location             Delay type                Incr(ns)  Path(ns)    Netlist Resource(s)
  -------------------------------------------------------------------    -------------------
                         (clock clk rise edge)        0.000     0.000 r  
                                                      0.000     0.000 r  clk (IN)
                         net (fo=0)                   0.000     0.000    clk
                         IBUF (Prop_ibuf_I_O)         0.972     0.972 r  clk_IBUF_inst/O
                         net (fo=1, unplaced)         0.800     1.771    clk_IBUF
                         BUFG (Prop_bufg_I_O)         0.101     1.872 r  clk_IBUF_BUFG_inst/O
                         net (fo=803, unplaced)       0.584     2.456    coefficient_memory/bank1/clk_IBUF_BUFG
                         RAMB36E1                                     r  coefficient_memory/bank1/memory_reg/CLKBWRCLK
  -------------------------------------------------------------------    -------------------
                         RAMB36E1 (Prop_ramb36e1_CLKBWRCLK_DOBDO[1])
                                                      2.454     4.910 r  coefficient_memory/bank1/memory_reg/DOBDO[1]
                         net (fo=4, unplaced)         0.800     5.710    coefficient_memory/bank0/a_register_reg[31][1]
                         LUT6 (Prop_lut6_I3_O)        0.124     5.834 r  coefficient_memory/bank0/inspect_data0_OBUF[1]_inst_i_2/O
                         net (fo=1, unplaced)         0.449     6.283    coefficient_memory/bank3/a_register_reg[1]
                         LUT6 (Prop_lut6_I3_O)        0.124     6.407 r  coefficient_memory/bank3/inspect_data0_OBUF[1]_inst_i_1/O
                         net (fo=10, unplaced)        0.682     7.089    coefficient_memory/bank3/DI[1]
                         CARRY4 (Prop_carry4_DI[1]_CO[3])
                                                      0.520     7.609 r  coefficient_memory/bank3/sum_register_reg[3]_i_3/CO[3]
                         net (fo=1, unplaced)         0.009     7.618    coefficient_memory/bank3/sum_register_reg[3]_i_3_n_0
                         CARRY4 (Prop_carry4_CI_CO[3])
                                                      0.117     7.735 r  coefficient_memory/bank3/sum_register_reg[7]_i_3/CO[3]
                         net (fo=1, unplaced)         0.000     7.735    coefficient_memory/bank3/sum_register_reg[7]_i_3_n_0
                         CARRY4 (Prop_carry4_CI_CO[3])
                                                      0.117     7.852 r  coefficient_memory/bank3/sum_register_reg[11]_i_3/CO[3]
                         net (fo=1, unplaced)         0.000     7.852    coefficient_memory/bank3/sum_register_reg[11]_i_3_n_0
                         CARRY4 (Prop_carry4_CI_CO[3])
                                                      0.117     7.969 r  coefficient_memory/bank3/sum_register_reg[15]_i_3/CO[3]
                         net (fo=1, unplaced)         0.000     7.969    coefficient_memory/bank3/sum_register_reg[15]_i_3_n_0
                         CARRY4 (Prop_carry4_CI_CO[3])
                                                      0.117     8.086 r  coefficient_memory/bank3/sum_register_reg[19]_i_3/CO[3]
                         net (fo=1, unplaced)         0.000     8.086    coefficient_memory/bank3/sum_register_reg[19]_i_3_n_0
                         CARRY4 (Prop_carry4_CI_CO[3])
                                                      0.117     8.203 r  coefficient_memory/bank3/sum_register_reg[23]_i_3/CO[3]
                         net (fo=1, unplaced)         0.000     8.203    coefficient_memory/bank3/sum_register_reg[23]_i_3_n_0
                         CARRY4 (Prop_carry4_CI_O[1])
                                                      0.337     8.540 r  coefficient_memory/bank3/sum_register_reg[27]_i_3/O[1]
                         net (fo=5, unplaced)         0.639     9.179    coefficient_memory/bank3/sum_register_reg[27]_i_3_n_6
                         LUT4 (Prop_lut4_I1_O)        0.332     9.511 r  coefficient_memory/bank3/sum_register[31]_i_20/O
                         net (fo=1, unplaced)         0.000     9.511    coefficient_memory/bank3/sum_register[31]_i_20_n_0
                         CARRY4 (Prop_carry4_DI[0]_CO[3])
                                                      0.576    10.087 r  coefficient_memory/bank3/sum_register_reg[31]_i_9/CO[3]
                         net (fo=1, unplaced)         0.000    10.087    coefficient_memory/bank3/sum_register_reg[31]_i_9_n_0
                         CARRY4 (Prop_carry4_CI_CO[0])
                                                      0.281    10.368 r  coefficient_memory/bank3/sum_register_reg[31]_i_3/CO[0]
                         net (fo=32, unplaced)        0.382    10.750    coefficient_memory/bank3/butterfly0/input_sum_reduced1
                         LUT3 (Prop_lut3_I1_O)        0.367    11.117 r  coefficient_memory/bank3/sum_register[15]_i_1/O
                         net (fo=1, unplaced)         0.000    11.117    butterfly0/D[15]
                         FDRE                                         r  butterfly0/sum_register_reg[15]/D
  -------------------------------------------------------------------    -------------------

                         (clock clk rise edge)       10.000    10.000 r  
                                                      0.000    10.000 r  clk (IN)
                         net (fo=0)                   0.000    10.000    clk
                         IBUF (Prop_ibuf_I_O)         0.838    10.838 r  clk_IBUF_inst/O
                         net (fo=1, unplaced)         0.760    11.598    clk_IBUF
                         BUFG (Prop_bufg_I_O)         0.091    11.689 r  clk_IBUF_BUFG_inst/O
                         net (fo=803, unplaced)       0.439    12.128    butterfly0/clk_IBUF_BUFG
                         FDRE                                         r  butterfly0/sum_register_reg[15]/C
                         clock pessimism              0.184    12.311    
                         clock uncertainty           -0.035    12.276    
                         FDRE (Setup_fdre_C_D)        0.044    12.320    butterfly0/sum_register_reg[15]
  -------------------------------------------------------------------
                         required time                         12.320    
                         arrival time                         -11.117    
  -------------------------------------------------------------------
                         slack                                  1.203    

Slack (MET) :             1.203ns  (required time - arrival time)
  Source:                 coefficient_memory/bank1/memory_reg/CLKBWRCLK
                            (rising edge-triggered cell RAMB36E1 clocked by clk  {rise@0.000ns fall@5.000ns period=10.000ns})
  Destination:            butterfly0/sum_register_reg[16]/D
                            (rising edge-triggered cell FDRE clocked by clk  {rise@0.000ns fall@5.000ns period=10.000ns})
  Path Group:             clk
  Path Type:              Setup (Max at Slow Process Corner)
  Requirement:            10.000ns  (clk rise@10.000ns - clk rise@0.000ns)
  Data Path Delay:        8.661ns  (logic 5.700ns (65.814%)  route 2.961ns (34.186%))
  Logic Levels:           13  (CARRY4=9 LUT3=1 LUT4=1 LUT6=2)
  Clock Path Skew:        -0.145ns (DCD - SCD + CPR)
    Destination Clock Delay (DCD):    2.128ns = ( 12.128 - 10.000 ) 
    Source Clock Delay      (SCD):    2.456ns
    Clock Pessimism Removal (CPR):    0.184ns
  Clock Uncertainty:      0.035ns  ((TSJ^2 + TIJ^2)^1/2 + DJ) / 2 + PE
    Total System Jitter     (TSJ):    0.071ns
    Total Input Jitter      (TIJ):    0.000ns
    Discrete Jitter          (DJ):    0.000ns
    Phase Error              (PE):    0.000ns

    Location             Delay type                Incr(ns)  Path(ns)    Netlist Resource(s)
  -------------------------------------------------------------------    -------------------
                         (clock clk rise edge)        0.000     0.000 r  
                                                      0.000     0.000 r  clk (IN)
                         net (fo=0)                   0.000     0.000    clk
                         IBUF (Prop_ibuf_I_O)         0.972     0.972 r  clk_IBUF_inst/O
                         net (fo=1, unplaced)         0.800     1.771    clk_IBUF
                         BUFG (Prop_bufg_I_O)         0.101     1.872 r  clk_IBUF_BUFG_inst/O
                         net (fo=803, unplaced)       0.584     2.456    coefficient_memory/bank1/clk_IBUF_BUFG
                         RAMB36E1                                     r  coefficient_memory/bank1/memory_reg/CLKBWRCLK
  -------------------------------------------------------------------    -------------------
                         RAMB36E1 (Prop_ramb36e1_CLKBWRCLK_DOBDO[1])
                                                      2.454     4.910 r  coefficient_memory/bank1/memory_reg/DOBDO[1]
                         net (fo=4, unplaced)         0.800     5.710    coefficient_memory/bank0/a_register_reg[31][1]
                         LUT6 (Prop_lut6_I3_O)        0.124     5.834 r  coefficient_memory/bank0/inspect_data0_OBUF[1]_inst_i_2/O
                         net (fo=1, unplaced)         0.449     6.283    coefficient_memory/bank3/a_register_reg[1]
                         LUT6 (Prop_lut6_I3_O)        0.124     6.407 r  coefficient_memory/bank3/inspect_data0_OBUF[1]_inst_i_1/O
                         net (fo=10, unplaced)        0.682     7.089    coefficient_memory/bank3/DI[1]
                         CARRY4 (Prop_carry4_DI[1]_CO[3])
                                                      0.520     7.609 r  coefficient_memory/bank3/sum_register_reg[3]_i_3/CO[3]
                         net (fo=1, unplaced)         0.009     7.618    coefficient_memory/bank3/sum_register_reg[3]_i_3_n_0
                         CARRY4 (Prop_carry4_CI_CO[3])
                                                      0.117     7.735 r  coefficient_memory/bank3/sum_register_reg[7]_i_3/CO[3]
                         net (fo=1, unplaced)         0.000     7.735    coefficient_memory/bank3/sum_register_reg[7]_i_3_n_0
                         CARRY4 (Prop_carry4_CI_CO[3])
                                                      0.117     7.852 r  coefficient_memory/bank3/sum_register_reg[11]_i_3/CO[3]
                         net (fo=1, unplaced)         0.000     7.852    coefficient_memory/bank3/sum_register_reg[11]_i_3_n_0
                         CARRY4 (Prop_carry4_CI_CO[3])
                                                      0.117     7.969 r  coefficient_memory/bank3/sum_register_reg[15]_i_3/CO[3]
                         net (fo=1, unplaced)         0.000     7.969    coefficient_memory/bank3/sum_register_reg[15]_i_3_n_0
                         CARRY4 (Prop_carry4_CI_CO[3])
                                                      0.117     8.086 r  coefficient_memory/bank3/sum_register_reg[19]_i_3/CO[3]
                         net (fo=1, unplaced)         0.000     8.086    coefficient_memory/bank3/sum_register_reg[19]_i_3_n_0
                         CARRY4 (Prop_carry4_CI_CO[3])
                                                      0.117     8.203 r  coefficient_memory/bank3/sum_register_reg[23]_i_3/CO[3]
                         net (fo=1, unplaced)         0.000     8.203    coefficient_memory/bank3/sum_register_reg[23]_i_3_n_0
                         CARRY4 (Prop_carry4_CI_O[1])
                                                      0.337     8.540 r  coefficient_memory/bank3/sum_register_reg[27]_i_3/O[1]
                         net (fo=5, unplaced)         0.639     9.179    coefficient_memory/bank3/sum_register_reg[27]_i_3_n_6
                         LUT4 (Prop_lut4_I1_O)        0.332     9.511 r  coefficient_memory/bank3/sum_register[31]_i_20/O
                         net (fo=1, unplaced)         0.000     9.511    coefficient_memory/bank3/sum_register[31]_i_20_n_0
                         CARRY4 (Prop_carry4_DI[0]_CO[3])
                                                      0.576    10.087 r  coefficient_memory/bank3/sum_register_reg[31]_i_9/CO[3]
                         net (fo=1, unplaced)         0.000    10.087    coefficient_memory/bank3/sum_register_reg[31]_i_9_n_0
                         CARRY4 (Prop_carry4_CI_CO[0])
                                                      0.281    10.368 r  coefficient_memory/bank3/sum_register_reg[31]_i_3/CO[0]
                         net (fo=32, unplaced)        0.382    10.750    coefficient_memory/bank3/butterfly0/input_sum_reduced1
                         LUT3 (Prop_lut3_I1_O)        0.367    11.117 r  coefficient_memory/bank3/sum_register[16]_i_1/O
                         net (fo=1, unplaced)         0.000    11.117    butterfly0/D[16]
                         FDRE                                         r  butterfly0/sum_register_reg[16]/D
  -------------------------------------------------------------------    -------------------

                         (clock clk rise edge)       10.000    10.000 r  
                                                      0.000    10.000 r  clk (IN)
                         net (fo=0)                   0.000    10.000    clk
                         IBUF (Prop_ibuf_I_O)         0.838    10.838 r  clk_IBUF_inst/O
                         net (fo=1, unplaced)         0.760    11.598    clk_IBUF
                         BUFG (Prop_bufg_I_O)         0.091    11.689 r  clk_IBUF_BUFG_inst/O
                         net (fo=803, unplaced)       0.439    12.128    butterfly0/clk_IBUF_BUFG
                         FDRE                                         r  butterfly0/sum_register_reg[16]/C
                         clock pessimism              0.184    12.311    
                         clock uncertainty           -0.035    12.276    
                         FDRE (Setup_fdre_C_D)        0.044    12.320    butterfly0/sum_register_reg[16]
  -------------------------------------------------------------------
                         required time                         12.320    
                         arrival time                         -11.117    
  -------------------------------------------------------------------
                         slack                                  1.203    

Slack (MET) :             1.203ns  (required time - arrival time)
  Source:                 coefficient_memory/bank1/memory_reg/CLKBWRCLK
                            (rising edge-triggered cell RAMB36E1 clocked by clk  {rise@0.000ns fall@5.000ns period=10.000ns})
  Destination:            butterfly0/sum_register_reg[17]/D
                            (rising edge-triggered cell FDRE clocked by clk  {rise@0.000ns fall@5.000ns period=10.000ns})
  Path Group:             clk
  Path Type:              Setup (Max at Slow Process Corner)
  Requirement:            10.000ns  (clk rise@10.000ns - clk rise@0.000ns)
  Data Path Delay:        8.661ns  (logic 5.700ns (65.814%)  route 2.961ns (34.186%))
  Logic Levels:           13  (CARRY4=9 LUT3=1 LUT4=1 LUT6=2)
  Clock Path Skew:        -0.145ns (DCD - SCD + CPR)
    Destination Clock Delay (DCD):    2.128ns = ( 12.128 - 10.000 ) 
    Source Clock Delay      (SCD):    2.456ns
    Clock Pessimism Removal (CPR):    0.184ns
  Clock Uncertainty:      0.035ns  ((TSJ^2 + TIJ^2)^1/2 + DJ) / 2 + PE
    Total System Jitter     (TSJ):    0.071ns
    Total Input Jitter      (TIJ):    0.000ns
    Discrete Jitter          (DJ):    0.000ns
    Phase Error              (PE):    0.000ns

    Location             Delay type                Incr(ns)  Path(ns)    Netlist Resource(s)
  -------------------------------------------------------------------    -------------------
                         (clock clk rise edge)        0.000     0.000 r  
                                                      0.000     0.000 r  clk (IN)
                         net (fo=0)                   0.000     0.000    clk
                         IBUF (Prop_ibuf_I_O)         0.972     0.972 r  clk_IBUF_inst/O
                         net (fo=1, unplaced)         0.800     1.771    clk_IBUF
                         BUFG (Prop_bufg_I_O)         0.101     1.872 r  clk_IBUF_BUFG_inst/O
                         net (fo=803, unplaced)       0.584     2.456    coefficient_memory/bank1/clk_IBUF_BUFG
                         RAMB36E1                                     r  coefficient_memory/bank1/memory_reg/CLKBWRCLK
  -------------------------------------------------------------------    -------------------
                         RAMB36E1 (Prop_ramb36e1_CLKBWRCLK_DOBDO[1])
                                                      2.454     4.910 r  coefficient_memory/bank1/memory_reg/DOBDO[1]
                         net (fo=4, unplaced)         0.800     5.710    coefficient_memory/bank0/a_register_reg[31][1]
                         LUT6 (Prop_lut6_I3_O)        0.124     5.834 r  coefficient_memory/bank0/inspect_data0_OBUF[1]_inst_i_2/O
                         net (fo=1, unplaced)         0.449     6.283    coefficient_memory/bank3/a_register_reg[1]
                         LUT6 (Prop_lut6_I3_O)        0.124     6.407 r  coefficient_memory/bank3/inspect_data0_OBUF[1]_inst_i_1/O
                         net (fo=10, unplaced)        0.682     7.089    coefficient_memory/bank3/DI[1]
                         CARRY4 (Prop_carry4_DI[1]_CO[3])
                                                      0.520     7.609 r  coefficient_memory/bank3/sum_register_reg[3]_i_3/CO[3]
                         net (fo=1, unplaced)         0.009     7.618    coefficient_memory/bank3/sum_register_reg[3]_i_3_n_0
                         CARRY4 (Prop_carry4_CI_CO[3])
                                                      0.117     7.735 r  coefficient_memory/bank3/sum_register_reg[7]_i_3/CO[3]
                         net (fo=1, unplaced)         0.000     7.735    coefficient_memory/bank3/sum_register_reg[7]_i_3_n_0
                         CARRY4 (Prop_carry4_CI_CO[3])
                                                      0.117     7.852 r  coefficient_memory/bank3/sum_register_reg[11]_i_3/CO[3]
                         net (fo=1, unplaced)         0.000     7.852    coefficient_memory/bank3/sum_register_reg[11]_i_3_n_0
                         CARRY4 (Prop_carry4_CI_CO[3])
                                                      0.117     7.969 r  coefficient_memory/bank3/sum_register_reg[15]_i_3/CO[3]
                         net (fo=1, unplaced)         0.000     7.969    coefficient_memory/bank3/sum_register_reg[15]_i_3_n_0
                         CARRY4 (Prop_carry4_CI_CO[3])
                                                      0.117     8.086 r  coefficient_memory/bank3/sum_register_reg[19]_i_3/CO[3]
                         net (fo=1, unplaced)         0.000     8.086    coefficient_memory/bank3/sum_register_reg[19]_i_3_n_0
                         CARRY4 (Prop_carry4_CI_CO[3])
                                                      0.117     8.203 r  coefficient_memory/bank3/sum_register_reg[23]_i_3/CO[3]
                         net (fo=1, unplaced)         0.000     8.203    coefficient_memory/bank3/sum_register_reg[23]_i_3_n_0
                         CARRY4 (Prop_carry4_CI_O[1])
                                                      0.337     8.540 r  coefficient_memory/bank3/sum_register_reg[27]_i_3/O[1]
                         net (fo=5, unplaced)         0.639     9.179    coefficient_memory/bank3/sum_register_reg[27]_i_3_n_6
                         LUT4 (Prop_lut4_I1_O)        0.332     9.511 r  coefficient_memory/bank3/sum_register[31]_i_20/O
                         net (fo=1, unplaced)         0.000     9.511    coefficient_memory/bank3/sum_register[31]_i_20_n_0
                         CARRY4 (Prop_carry4_DI[0]_CO[3])
                                                      0.576    10.087 r  coefficient_memory/bank3/sum_register_reg[31]_i_9/CO[3]
                         net (fo=1, unplaced)         0.000    10.087    coefficient_memory/bank3/sum_register_reg[31]_i_9_n_0
                         CARRY4 (Prop_carry4_CI_CO[0])
                                                      0.281    10.368 r  coefficient_memory/bank3/sum_register_reg[31]_i_3/CO[0]
                         net (fo=32, unplaced)        0.382    10.750    coefficient_memory/bank3/butterfly0/input_sum_reduced1
                         LUT3 (Prop_lut3_I1_O)        0.367    11.117 r  coefficient_memory/bank3/sum_register[17]_i_1/O
                         net (fo=1, unplaced)         0.000    11.117    butterfly0/D[17]
                         FDRE                                         r  butterfly0/sum_register_reg[17]/D
  -------------------------------------------------------------------    -------------------

                         (clock clk rise edge)       10.000    10.000 r  
                                                      0.000    10.000 r  clk (IN)
                         net (fo=0)                   0.000    10.000    clk
                         IBUF (Prop_ibuf_I_O)         0.838    10.838 r  clk_IBUF_inst/O
                         net (fo=1, unplaced)         0.760    11.598    clk_IBUF
                         BUFG (Prop_bufg_I_O)         0.091    11.689 r  clk_IBUF_BUFG_inst/O
                         net (fo=803, unplaced)       0.439    12.128    butterfly0/clk_IBUF_BUFG
                         FDRE                                         r  butterfly0/sum_register_reg[17]/C
                         clock pessimism              0.184    12.311    
                         clock uncertainty           -0.035    12.276    
                         FDRE (Setup_fdre_C_D)        0.044    12.320    butterfly0/sum_register_reg[17]
  -------------------------------------------------------------------
                         required time                         12.320    
                         arrival time                         -11.117    
  -------------------------------------------------------------------
                         slack                                  1.203    

Slack (MET) :             1.203ns  (required time - arrival time)
  Source:                 coefficient_memory/bank1/memory_reg/CLKBWRCLK
                            (rising edge-triggered cell RAMB36E1 clocked by clk  {rise@0.000ns fall@5.000ns period=10.000ns})
  Destination:            butterfly0/sum_register_reg[18]/D
                            (rising edge-triggered cell FDRE clocked by clk  {rise@0.000ns fall@5.000ns period=10.000ns})
  Path Group:             clk
  Path Type:              Setup (Max at Slow Process Corner)
  Requirement:            10.000ns  (clk rise@10.000ns - clk rise@0.000ns)
  Data Path Delay:        8.661ns  (logic 5.700ns (65.814%)  route 2.961ns (34.186%))
  Logic Levels:           13  (CARRY4=9 LUT3=1 LUT4=1 LUT6=2)
  Clock Path Skew:        -0.145ns (DCD - SCD + CPR)
    Destination Clock Delay (DCD):    2.128ns = ( 12.128 - 10.000 ) 
    Source Clock Delay      (SCD):    2.456ns
    Clock Pessimism Removal (CPR):    0.184ns
  Clock Uncertainty:      0.035ns  ((TSJ^2 + TIJ^2)^1/2 + DJ) / 2 + PE
    Total System Jitter     (TSJ):    0.071ns
    Total Input Jitter      (TIJ):    0.000ns
    Discrete Jitter          (DJ):    0.000ns
    Phase Error              (PE):    0.000ns

    Location             Delay type                Incr(ns)  Path(ns)    Netlist Resource(s)
  -------------------------------------------------------------------    -------------------
                         (clock clk rise edge)        0.000     0.000 r  
                                                      0.000     0.000 r  clk (IN)
                         net (fo=0)                   0.000     0.000    clk
                         IBUF (Prop_ibuf_I_O)         0.972     0.972 r  clk_IBUF_inst/O
                         net (fo=1, unplaced)         0.800     1.771    clk_IBUF
                         BUFG (Prop_bufg_I_O)         0.101     1.872 r  clk_IBUF_BUFG_inst/O
                         net (fo=803, unplaced)       0.584     2.456    coefficient_memory/bank1/clk_IBUF_BUFG
                         RAMB36E1                                     r  coefficient_memory/bank1/memory_reg/CLKBWRCLK
  -------------------------------------------------------------------    -------------------
                         RAMB36E1 (Prop_ramb36e1_CLKBWRCLK_DOBDO[1])
                                                      2.454     4.910 r  coefficient_memory/bank1/memory_reg/DOBDO[1]
                         net (fo=4, unplaced)         0.800     5.710    coefficient_memory/bank0/a_register_reg[31][1]
                         LUT6 (Prop_lut6_I3_O)        0.124     5.834 r  coefficient_memory/bank0/inspect_data0_OBUF[1]_inst_i_2/O
                         net (fo=1, unplaced)         0.449     6.283    coefficient_memory/bank3/a_register_reg[1]
                         LUT6 (Prop_lut6_I3_O)        0.124     6.407 r  coefficient_memory/bank3/inspect_data0_OBUF[1]_inst_i_1/O
                         net (fo=10, unplaced)        0.682     7.089    coefficient_memory/bank3/DI[1]
                         CARRY4 (Prop_carry4_DI[1]_CO[3])
                                                      0.520     7.609 r  coefficient_memory/bank3/sum_register_reg[3]_i_3/CO[3]
                         net (fo=1, unplaced)         0.009     7.618    coefficient_memory/bank3/sum_register_reg[3]_i_3_n_0
                         CARRY4 (Prop_carry4_CI_CO[3])
                                                      0.117     7.735 r  coefficient_memory/bank3/sum_register_reg[7]_i_3/CO[3]
                         net (fo=1, unplaced)         0.000     7.735    coefficient_memory/bank3/sum_register_reg[7]_i_3_n_0
                         CARRY4 (Prop_carry4_CI_CO[3])
                                                      0.117     7.852 r  coefficient_memory/bank3/sum_register_reg[11]_i_3/CO[3]
                         net (fo=1, unplaced)         0.000     7.852    coefficient_memory/bank3/sum_register_reg[11]_i_3_n_0
                         CARRY4 (Prop_carry4_CI_CO[3])
                                                      0.117     7.969 r  coefficient_memory/bank3/sum_register_reg[15]_i_3/CO[3]
                         net (fo=1, unplaced)         0.000     7.969    coefficient_memory/bank3/sum_register_reg[15]_i_3_n_0
                         CARRY4 (Prop_carry4_CI_CO[3])
                                                      0.117     8.086 r  coefficient_memory/bank3/sum_register_reg[19]_i_3/CO[3]
                         net (fo=1, unplaced)         0.000     8.086    coefficient_memory/bank3/sum_register_reg[19]_i_3_n_0
                         CARRY4 (Prop_carry4_CI_CO[3])
                                                      0.117     8.203 r  coefficient_memory/bank3/sum_register_reg[23]_i_3/CO[3]
                         net (fo=1, unplaced)         0.000     8.203    coefficient_memory/bank3/sum_register_reg[23]_i_3_n_0
                         CARRY4 (Prop_carry4_CI_O[1])
                                                      0.337     8.540 r  coefficient_memory/bank3/sum_register_reg[27]_i_3/O[1]
                         net (fo=5, unplaced)         0.639     9.179    coefficient_memory/bank3/sum_register_reg[27]_i_3_n_6
                         LUT4 (Prop_lut4_I1_O)        0.332     9.511 r  coefficient_memory/bank3/sum_register[31]_i_20/O
                         net (fo=1, unplaced)         0.000     9.511    coefficient_memory/bank3/sum_register[31]_i_20_n_0
                         CARRY4 (Prop_carry4_DI[0]_CO[3])
                                                      0.576    10.087 r  coefficient_memory/bank3/sum_register_reg[31]_i_9/CO[3]
                         net (fo=1, unplaced)         0.000    10.087    coefficient_memory/bank3/sum_register_reg[31]_i_9_n_0
                         CARRY4 (Prop_carry4_CI_CO[0])
                                                      0.281    10.368 r  coefficient_memory/bank3/sum_register_reg[31]_i_3/CO[0]
                         net (fo=32, unplaced)        0.382    10.750    coefficient_memory/bank3/butterfly0/input_sum_reduced1
                         LUT3 (Prop_lut3_I1_O)        0.367    11.117 r  coefficient_memory/bank3/sum_register[18]_i_1/O
                         net (fo=1, unplaced)         0.000    11.117    butterfly0/D[18]
                         FDRE                                         r  butterfly0/sum_register_reg[18]/D
  -------------------------------------------------------------------    -------------------

                         (clock clk rise edge)       10.000    10.000 r  
                                                      0.000    10.000 r  clk (IN)
                         net (fo=0)                   0.000    10.000    clk
                         IBUF (Prop_ibuf_I_O)         0.838    10.838 r  clk_IBUF_inst/O
                         net (fo=1, unplaced)         0.760    11.598    clk_IBUF
                         BUFG (Prop_bufg_I_O)         0.091    11.689 r  clk_IBUF_BUFG_inst/O
                         net (fo=803, unplaced)       0.439    12.128    butterfly0/clk_IBUF_BUFG
                         FDRE                                         r  butterfly0/sum_register_reg[18]/C
                         clock pessimism              0.184    12.311    
                         clock uncertainty           -0.035    12.276    
                         FDRE (Setup_fdre_C_D)        0.044    12.320    butterfly0/sum_register_reg[18]
  -------------------------------------------------------------------
                         required time                         12.320    
                         arrival time                         -11.117    
  -------------------------------------------------------------------
                         slack                                  1.203    

Slack (MET) :             1.203ns  (required time - arrival time)
  Source:                 coefficient_memory/bank1/memory_reg/CLKBWRCLK
                            (rising edge-triggered cell RAMB36E1 clocked by clk  {rise@0.000ns fall@5.000ns period=10.000ns})
  Destination:            butterfly0/sum_register_reg[19]/D
                            (rising edge-triggered cell FDRE clocked by clk  {rise@0.000ns fall@5.000ns period=10.000ns})
  Path Group:             clk
  Path Type:              Setup (Max at Slow Process Corner)
  Requirement:            10.000ns  (clk rise@10.000ns - clk rise@0.000ns)
  Data Path Delay:        8.661ns  (logic 5.700ns (65.814%)  route 2.961ns (34.186%))
  Logic Levels:           13  (CARRY4=9 LUT3=1 LUT4=1 LUT6=2)
  Clock Path Skew:        -0.145ns (DCD - SCD + CPR)
    Destination Clock Delay (DCD):    2.128ns = ( 12.128 - 10.000 ) 
    Source Clock Delay      (SCD):    2.456ns
    Clock Pessimism Removal (CPR):    0.184ns
  Clock Uncertainty:      0.035ns  ((TSJ^2 + TIJ^2)^1/2 + DJ) / 2 + PE
    Total System Jitter     (TSJ):    0.071ns
    Total Input Jitter      (TIJ):    0.000ns
    Discrete Jitter          (DJ):    0.000ns
    Phase Error              (PE):    0.000ns

    Location             Delay type                Incr(ns)  Path(ns)    Netlist Resource(s)
  -------------------------------------------------------------------    -------------------
                         (clock clk rise edge)        0.000     0.000 r  
                                                      0.000     0.000 r  clk (IN)
                         net (fo=0)                   0.000     0.000    clk
                         IBUF (Prop_ibuf_I_O)         0.972     0.972 r  clk_IBUF_inst/O
                         net (fo=1, unplaced)         0.800     1.771    clk_IBUF
                         BUFG (Prop_bufg_I_O)         0.101     1.872 r  clk_IBUF_BUFG_inst/O
                         net (fo=803, unplaced)       0.584     2.456    coefficient_memory/bank1/clk_IBUF_BUFG
                         RAMB36E1                                     r  coefficient_memory/bank1/memory_reg/CLKBWRCLK
  -------------------------------------------------------------------    -------------------
                         RAMB36E1 (Prop_ramb36e1_CLKBWRCLK_DOBDO[1])
                                                      2.454     4.910 r  coefficient_memory/bank1/memory_reg/DOBDO[1]
                         net (fo=4, unplaced)         0.800     5.710    coefficient_memory/bank0/a_register_reg[31][1]
                         LUT6 (Prop_lut6_I3_O)        0.124     5.834 r  coefficient_memory/bank0/inspect_data0_OBUF[1]_inst_i_2/O
                         net (fo=1, unplaced)         0.449     6.283    coefficient_memory/bank3/a_register_reg[1]
                         LUT6 (Prop_lut6_I3_O)        0.124     6.407 r  coefficient_memory/bank3/inspect_data0_OBUF[1]_inst_i_1/O
                         net (fo=10, unplaced)        0.682     7.089    coefficient_memory/bank3/DI[1]
                         CARRY4 (Prop_carry4_DI[1]_CO[3])
                                                      0.520     7.609 r  coefficient_memory/bank3/sum_register_reg[3]_i_3/CO[3]
                         net (fo=1, unplaced)         0.009     7.618    coefficient_memory/bank3/sum_register_reg[3]_i_3_n_0
                         CARRY4 (Prop_carry4_CI_CO[3])
                                                      0.117     7.735 r  coefficient_memory/bank3/sum_register_reg[7]_i_3/CO[3]
                         net (fo=1, unplaced)         0.000     7.735    coefficient_memory/bank3/sum_register_reg[7]_i_3_n_0
                         CARRY4 (Prop_carry4_CI_CO[3])
                                                      0.117     7.852 r  coefficient_memory/bank3/sum_register_reg[11]_i_3/CO[3]
                         net (fo=1, unplaced)         0.000     7.852    coefficient_memory/bank3/sum_register_reg[11]_i_3_n_0
                         CARRY4 (Prop_carry4_CI_CO[3])
                                                      0.117     7.969 r  coefficient_memory/bank3/sum_register_reg[15]_i_3/CO[3]
                         net (fo=1, unplaced)         0.000     7.969    coefficient_memory/bank3/sum_register_reg[15]_i_3_n_0
                         CARRY4 (Prop_carry4_CI_CO[3])
                                                      0.117     8.086 r  coefficient_memory/bank3/sum_register_reg[19]_i_3/CO[3]
                         net (fo=1, unplaced)         0.000     8.086    coefficient_memory/bank3/sum_register_reg[19]_i_3_n_0
                         CARRY4 (Prop_carry4_CI_CO[3])
                                                      0.117     8.203 r  coefficient_memory/bank3/sum_register_reg[23]_i_3/CO[3]
                         net (fo=1, unplaced)         0.000     8.203    coefficient_memory/bank3/sum_register_reg[23]_i_3_n_0
                         CARRY4 (Prop_carry4_CI_O[1])
                                                      0.337     8.540 r  coefficient_memory/bank3/sum_register_reg[27]_i_3/O[1]
                         net (fo=5, unplaced)         0.639     9.179    coefficient_memory/bank3/sum_register_reg[27]_i_3_n_6
                         LUT4 (Prop_lut4_I1_O)        0.332     9.511 r  coefficient_memory/bank3/sum_register[31]_i_20/O
                         net (fo=1, unplaced)         0.000     9.511    coefficient_memory/bank3/sum_register[31]_i_20_n_0
                         CARRY4 (Prop_carry4_DI[0]_CO[3])
                                                      0.576    10.087 r  coefficient_memory/bank3/sum_register_reg[31]_i_9/CO[3]
                         net (fo=1, unplaced)         0.000    10.087    coefficient_memory/bank3/sum_register_reg[31]_i_9_n_0
                         CARRY4 (Prop_carry4_CI_CO[0])
                                                      0.281    10.368 r  coefficient_memory/bank3/sum_register_reg[31]_i_3/CO[0]
                         net (fo=32, unplaced)        0.382    10.750    coefficient_memory/bank3/butterfly0/input_sum_reduced1
                         LUT3 (Prop_lut3_I1_O)        0.367    11.117 r  coefficient_memory/bank3/sum_register[19]_i_1/O
                         net (fo=1, unplaced)         0.000    11.117    butterfly0/D[19]
                         FDRE                                         r  butterfly0/sum_register_reg[19]/D
  -------------------------------------------------------------------    -------------------

                         (clock clk rise edge)       10.000    10.000 r  
                                                      0.000    10.000 r  clk (IN)
                         net (fo=0)                   0.000    10.000    clk
                         IBUF (Prop_ibuf_I_O)         0.838    10.838 r  clk_IBUF_inst/O
                         net (fo=1, unplaced)         0.760    11.598    clk_IBUF
                         BUFG (Prop_bufg_I_O)         0.091    11.689 r  clk_IBUF_BUFG_inst/O
                         net (fo=803, unplaced)       0.439    12.128    butterfly0/clk_IBUF_BUFG
                         FDRE                                         r  butterfly0/sum_register_reg[19]/C
                         clock pessimism              0.184    12.311    
                         clock uncertainty           -0.035    12.276    
                         FDRE (Setup_fdre_C_D)        0.044    12.320    butterfly0/sum_register_reg[19]
  -------------------------------------------------------------------
                         required time                         12.320    
                         arrival time                         -11.117    
  -------------------------------------------------------------------
                         slack                                  1.203    

Slack (MET) :             1.203ns  (required time - arrival time)
  Source:                 coefficient_memory/bank1/memory_reg/CLKBWRCLK
                            (rising edge-triggered cell RAMB36E1 clocked by clk  {rise@0.000ns fall@5.000ns period=10.000ns})
  Destination:            butterfly0/sum_register_reg[1]/D
                            (rising edge-triggered cell FDRE clocked by clk  {rise@0.000ns fall@5.000ns period=10.000ns})
  Path Group:             clk
  Path Type:              Setup (Max at Slow Process Corner)
  Requirement:            10.000ns  (clk rise@10.000ns - clk rise@0.000ns)
  Data Path Delay:        8.661ns  (logic 5.700ns (65.814%)  route 2.961ns (34.186%))
  Logic Levels:           13  (CARRY4=9 LUT3=1 LUT4=1 LUT6=2)
  Clock Path Skew:        -0.145ns (DCD - SCD + CPR)
    Destination Clock Delay (DCD):    2.128ns = ( 12.128 - 10.000 ) 
    Source Clock Delay      (SCD):    2.456ns
    Clock Pessimism Removal (CPR):    0.184ns
  Clock Uncertainty:      0.035ns  ((TSJ^2 + TIJ^2)^1/2 + DJ) / 2 + PE
    Total System Jitter     (TSJ):    0.071ns
    Total Input Jitter      (TIJ):    0.000ns
    Discrete Jitter          (DJ):    0.000ns
    Phase Error              (PE):    0.000ns

    Location             Delay type                Incr(ns)  Path(ns)    Netlist Resource(s)
  -------------------------------------------------------------------    -------------------
                         (clock clk rise edge)        0.000     0.000 r  
                                                      0.000     0.000 r  clk (IN)
                         net (fo=0)                   0.000     0.000    clk
                         IBUF (Prop_ibuf_I_O)         0.972     0.972 r  clk_IBUF_inst/O
                         net (fo=1, unplaced)         0.800     1.771    clk_IBUF
                         BUFG (Prop_bufg_I_O)         0.101     1.872 r  clk_IBUF_BUFG_inst/O
                         net (fo=803, unplaced)       0.584     2.456    coefficient_memory/bank1/clk_IBUF_BUFG
                         RAMB36E1                                     r  coefficient_memory/bank1/memory_reg/CLKBWRCLK
  -------------------------------------------------------------------    -------------------
                         RAMB36E1 (Prop_ramb36e1_CLKBWRCLK_DOBDO[1])
                                                      2.454     4.910 r  coefficient_memory/bank1/memory_reg/DOBDO[1]
                         net (fo=4, unplaced)         0.800     5.710    coefficient_memory/bank0/a_register_reg[31][1]
                         LUT6 (Prop_lut6_I3_O)        0.124     5.834 r  coefficient_memory/bank0/inspect_data0_OBUF[1]_inst_i_2/O
                         net (fo=1, unplaced)         0.449     6.283    coefficient_memory/bank3/a_register_reg[1]
                         LUT6 (Prop_lut6_I3_O)        0.124     6.407 r  coefficient_memory/bank3/inspect_data0_OBUF[1]_inst_i_1/O
                         net (fo=10, unplaced)        0.682     7.089    coefficient_memory/bank3/DI[1]
                         CARRY4 (Prop_carry4_DI[1]_CO[3])
                                                      0.520     7.609 r  coefficient_memory/bank3/sum_register_reg[3]_i_3/CO[3]
                         net (fo=1, unplaced)         0.009     7.618    coefficient_memory/bank3/sum_register_reg[3]_i_3_n_0
                         CARRY4 (Prop_carry4_CI_CO[3])
                                                      0.117     7.735 r  coefficient_memory/bank3/sum_register_reg[7]_i_3/CO[3]
                         net (fo=1, unplaced)         0.000     7.735    coefficient_memory/bank3/sum_register_reg[7]_i_3_n_0
                         CARRY4 (Prop_carry4_CI_CO[3])
                                                      0.117     7.852 r  coefficient_memory/bank3/sum_register_reg[11]_i_3/CO[3]
                         net (fo=1, unplaced)         0.000     7.852    coefficient_memory/bank3/sum_register_reg[11]_i_3_n_0
                         CARRY4 (Prop_carry4_CI_CO[3])
                                                      0.117     7.969 r  coefficient_memory/bank3/sum_register_reg[15]_i_3/CO[3]
                         net (fo=1, unplaced)         0.000     7.969    coefficient_memory/bank3/sum_register_reg[15]_i_3_n_0
                         CARRY4 (Prop_carry4_CI_CO[3])
                                                      0.117     8.086 r  coefficient_memory/bank3/sum_register_reg[19]_i_3/CO[3]
                         net (fo=1, unplaced)         0.000     8.086    coefficient_memory/bank3/sum_register_reg[19]_i_3_n_0
                         CARRY4 (Prop_carry4_CI_CO[3])
                                                      0.117     8.203 r  coefficient_memory/bank3/sum_register_reg[23]_i_3/CO[3]
                         net (fo=1, unplaced)         0.000     8.203    coefficient_memory/bank3/sum_register_reg[23]_i_3_n_0
                         CARRY4 (Prop_carry4_CI_O[1])
                                                      0.337     8.540 r  coefficient_memory/bank3/sum_register_reg[27]_i_3/O[1]
                         net (fo=5, unplaced)         0.639     9.179    coefficient_memory/bank3/sum_register_reg[27]_i_3_n_6
                         LUT4 (Prop_lut4_I1_O)        0.332     9.511 r  coefficient_memory/bank3/sum_register[31]_i_20/O
                         net (fo=1, unplaced)         0.000     9.511    coefficient_memory/bank3/sum_register[31]_i_20_n_0
                         CARRY4 (Prop_carry4_DI[0]_CO[3])
                                                      0.576    10.087 r  coefficient_memory/bank3/sum_register_reg[31]_i_9/CO[3]
                         net (fo=1, unplaced)         0.000    10.087    coefficient_memory/bank3/sum_register_reg[31]_i_9_n_0
                         CARRY4 (Prop_carry4_CI_CO[0])
                                                      0.281    10.368 r  coefficient_memory/bank3/sum_register_reg[31]_i_3/CO[0]
                         net (fo=32, unplaced)        0.382    10.750    coefficient_memory/bank3/butterfly0/input_sum_reduced1
                         LUT3 (Prop_lut3_I1_O)        0.367    11.117 r  coefficient_memory/bank3/sum_register[1]_i_1/O
                         net (fo=1, unplaced)         0.000    11.117    butterfly0/D[1]
                         FDRE                                         r  butterfly0/sum_register_reg[1]/D
  -------------------------------------------------------------------    -------------------

                         (clock clk rise edge)       10.000    10.000 r  
                                                      0.000    10.000 r  clk (IN)
                         net (fo=0)                   0.000    10.000    clk
                         IBUF (Prop_ibuf_I_O)         0.838    10.838 r  clk_IBUF_inst/O
                         net (fo=1, unplaced)         0.760    11.598    clk_IBUF
                         BUFG (Prop_bufg_I_O)         0.091    11.689 r  clk_IBUF_BUFG_inst/O
                         net (fo=803, unplaced)       0.439    12.128    butterfly0/clk_IBUF_BUFG
                         FDRE                                         r  butterfly0/sum_register_reg[1]/C
                         clock pessimism              0.184    12.311    
                         clock uncertainty           -0.035    12.276    
                         FDRE (Setup_fdre_C_D)        0.044    12.320    butterfly0/sum_register_reg[1]
  -------------------------------------------------------------------
                         required time                         12.320    
                         arrival time                         -11.117    
  -------------------------------------------------------------------
                         slack                                  1.203    

Slack (MET) :             1.203ns  (required time - arrival time)
  Source:                 coefficient_memory/bank1/memory_reg/CLKBWRCLK
                            (rising edge-triggered cell RAMB36E1 clocked by clk  {rise@0.000ns fall@5.000ns period=10.000ns})
  Destination:            butterfly0/sum_register_reg[20]/D
                            (rising edge-triggered cell FDRE clocked by clk  {rise@0.000ns fall@5.000ns period=10.000ns})
  Path Group:             clk
  Path Type:              Setup (Max at Slow Process Corner)
  Requirement:            10.000ns  (clk rise@10.000ns - clk rise@0.000ns)
  Data Path Delay:        8.661ns  (logic 5.700ns (65.814%)  route 2.961ns (34.186%))
  Logic Levels:           13  (CARRY4=9 LUT3=1 LUT4=1 LUT6=2)
  Clock Path Skew:        -0.145ns (DCD - SCD + CPR)
    Destination Clock Delay (DCD):    2.128ns = ( 12.128 - 10.000 ) 
    Source Clock Delay      (SCD):    2.456ns
    Clock Pessimism Removal (CPR):    0.184ns
  Clock Uncertainty:      0.035ns  ((TSJ^2 + TIJ^2)^1/2 + DJ) / 2 + PE
    Total System Jitter     (TSJ):    0.071ns
    Total Input Jitter      (TIJ):    0.000ns
    Discrete Jitter          (DJ):    0.000ns
    Phase Error              (PE):    0.000ns

    Location             Delay type                Incr(ns)  Path(ns)    Netlist Resource(s)
  -------------------------------------------------------------------    -------------------
                         (clock clk rise edge)        0.000     0.000 r  
                                                      0.000     0.000 r  clk (IN)
                         net (fo=0)                   0.000     0.000    clk
                         IBUF (Prop_ibuf_I_O)         0.972     0.972 r  clk_IBUF_inst/O
                         net (fo=1, unplaced)         0.800     1.771    clk_IBUF
                         BUFG (Prop_bufg_I_O)         0.101     1.872 r  clk_IBUF_BUFG_inst/O
                         net (fo=803, unplaced)       0.584     2.456    coefficient_memory/bank1/clk_IBUF_BUFG
                         RAMB36E1                                     r  coefficient_memory/bank1/memory_reg/CLKBWRCLK
  -------------------------------------------------------------------    -------------------
                         RAMB36E1 (Prop_ramb36e1_CLKBWRCLK_DOBDO[1])
                                                      2.454     4.910 r  coefficient_memory/bank1/memory_reg/DOBDO[1]
                         net (fo=4, unplaced)         0.800     5.710    coefficient_memory/bank0/a_register_reg[31][1]
                         LUT6 (Prop_lut6_I3_O)        0.124     5.834 r  coefficient_memory/bank0/inspect_data0_OBUF[1]_inst_i_2/O
                         net (fo=1, unplaced)         0.449     6.283    coefficient_memory/bank3/a_register_reg[1]
                         LUT6 (Prop_lut6_I3_O)        0.124     6.407 r  coefficient_memory/bank3/inspect_data0_OBUF[1]_inst_i_1/O
                         net (fo=10, unplaced)        0.682     7.089    coefficient_memory/bank3/DI[1]
                         CARRY4 (Prop_carry4_DI[1]_CO[3])
                                                      0.520     7.609 r  coefficient_memory/bank3/sum_register_reg[3]_i_3/CO[3]
                         net (fo=1, unplaced)         0.009     7.618    coefficient_memory/bank3/sum_register_reg[3]_i_3_n_0
                         CARRY4 (Prop_carry4_CI_CO[3])
                                                      0.117     7.735 r  coefficient_memory/bank3/sum_register_reg[7]_i_3/CO[3]
                         net (fo=1, unplaced)         0.000     7.735    coefficient_memory/bank3/sum_register_reg[7]_i_3_n_0
                         CARRY4 (Prop_carry4_CI_CO[3])
                                                      0.117     7.852 r  coefficient_memory/bank3/sum_register_reg[11]_i_3/CO[3]
                         net (fo=1, unplaced)         0.000     7.852    coefficient_memory/bank3/sum_register_reg[11]_i_3_n_0
                         CARRY4 (Prop_carry4_CI_CO[3])
                                                      0.117     7.969 r  coefficient_memory/bank3/sum_register_reg[15]_i_3/CO[3]
                         net (fo=1, unplaced)         0.000     7.969    coefficient_memory/bank3/sum_register_reg[15]_i_3_n_0
                         CARRY4 (Prop_carry4_CI_CO[3])
                                                      0.117     8.086 r  coefficient_memory/bank3/sum_register_reg[19]_i_3/CO[3]
                         net (fo=1, unplaced)         0.000     8.086    coefficient_memory/bank3/sum_register_reg[19]_i_3_n_0
                         CARRY4 (Prop_carry4_CI_CO[3])
                                                      0.117     8.203 r  coefficient_memory/bank3/sum_register_reg[23]_i_3/CO[3]
                         net (fo=1, unplaced)         0.000     8.203    coefficient_memory/bank3/sum_register_reg[23]_i_3_n_0
                         CARRY4 (Prop_carry4_CI_O[1])
                                                      0.337     8.540 r  coefficient_memory/bank3/sum_register_reg[27]_i_3/O[1]
                         net (fo=5, unplaced)         0.639     9.179    coefficient_memory/bank3/sum_register_reg[27]_i_3_n_6
                         LUT4 (Prop_lut4_I1_O)        0.332     9.511 r  coefficient_memory/bank3/sum_register[31]_i_20/O
                         net (fo=1, unplaced)         0.000     9.511    coefficient_memory/bank3/sum_register[31]_i_20_n_0
                         CARRY4 (Prop_carry4_DI[0]_CO[3])
                                                      0.576    10.087 r  coefficient_memory/bank3/sum_register_reg[31]_i_9/CO[3]
                         net (fo=1, unplaced)         0.000    10.087    coefficient_memory/bank3/sum_register_reg[31]_i_9_n_0
                         CARRY4 (Prop_carry4_CI_CO[0])
                                                      0.281    10.368 r  coefficient_memory/bank3/sum_register_reg[31]_i_3/CO[0]
                         net (fo=32, unplaced)        0.382    10.750    coefficient_memory/bank3/butterfly0/input_sum_reduced1
                         LUT3 (Prop_lut3_I1_O)        0.367    11.117 r  coefficient_memory/bank3/sum_register[20]_i_1/O
                         net (fo=1, unplaced)         0.000    11.117    butterfly0/D[20]
                         FDRE                                         r  butterfly0/sum_register_reg[20]/D
  -------------------------------------------------------------------    -------------------

                         (clock clk rise edge)       10.000    10.000 r  
                                                      0.000    10.000 r  clk (IN)
                         net (fo=0)                   0.000    10.000    clk
                         IBUF (Prop_ibuf_I_O)         0.838    10.838 r  clk_IBUF_inst/O
                         net (fo=1, unplaced)         0.760    11.598    clk_IBUF
                         BUFG (Prop_bufg_I_O)         0.091    11.689 r  clk_IBUF_BUFG_inst/O
                         net (fo=803, unplaced)       0.439    12.128    butterfly0/clk_IBUF_BUFG
                         FDRE                                         r  butterfly0/sum_register_reg[20]/C
                         clock pessimism              0.184    12.311    
                         clock uncertainty           -0.035    12.276    
                         FDRE (Setup_fdre_C_D)        0.044    12.320    butterfly0/sum_register_reg[20]
  -------------------------------------------------------------------
                         required time                         12.320    
                         arrival time                         -11.117    
  -------------------------------------------------------------------
                         slack                                  1.203    

Slack (MET) :             1.203ns  (required time - arrival time)
  Source:                 coefficient_memory/bank1/memory_reg/CLKBWRCLK
                            (rising edge-triggered cell RAMB36E1 clocked by clk  {rise@0.000ns fall@5.000ns period=10.000ns})
  Destination:            butterfly0/sum_register_reg[21]/D
                            (rising edge-triggered cell FDRE clocked by clk  {rise@0.000ns fall@5.000ns period=10.000ns})
  Path Group:             clk
  Path Type:              Setup (Max at Slow Process Corner)
  Requirement:            10.000ns  (clk rise@10.000ns - clk rise@0.000ns)
  Data Path Delay:        8.661ns  (logic 5.700ns (65.814%)  route 2.961ns (34.186%))
  Logic Levels:           13  (CARRY4=9 LUT3=1 LUT4=1 LUT6=2)
  Clock Path Skew:        -0.145ns (DCD - SCD + CPR)
    Destination Clock Delay (DCD):    2.128ns = ( 12.128 - 10.000 ) 
    Source Clock Delay      (SCD):    2.456ns
    Clock Pessimism Removal (CPR):    0.184ns
  Clock Uncertainty:      0.035ns  ((TSJ^2 + TIJ^2)^1/2 + DJ) / 2 + PE
    Total System Jitter     (TSJ):    0.071ns
    Total Input Jitter      (TIJ):    0.000ns
    Discrete Jitter          (DJ):    0.000ns
    Phase Error              (PE):    0.000ns

    Location             Delay type                Incr(ns)  Path(ns)    Netlist Resource(s)
  -------------------------------------------------------------------    -------------------
                         (clock clk rise edge)        0.000     0.000 r  
                                                      0.000     0.000 r  clk (IN)
                         net (fo=0)                   0.000     0.000    clk
                         IBUF (Prop_ibuf_I_O)         0.972     0.972 r  clk_IBUF_inst/O
                         net (fo=1, unplaced)         0.800     1.771    clk_IBUF
                         BUFG (Prop_bufg_I_O)         0.101     1.872 r  clk_IBUF_BUFG_inst/O
                         net (fo=803, unplaced)       0.584     2.456    coefficient_memory/bank1/clk_IBUF_BUFG
                         RAMB36E1                                     r  coefficient_memory/bank1/memory_reg/CLKBWRCLK
  -------------------------------------------------------------------    -------------------
                         RAMB36E1 (Prop_ramb36e1_CLKBWRCLK_DOBDO[1])
                                                      2.454     4.910 r  coefficient_memory/bank1/memory_reg/DOBDO[1]
                         net (fo=4, unplaced)         0.800     5.710    coefficient_memory/bank0/a_register_reg[31][1]
                         LUT6 (Prop_lut6_I3_O)        0.124     5.834 r  coefficient_memory/bank0/inspect_data0_OBUF[1]_inst_i_2/O
                         net (fo=1, unplaced)         0.449     6.283    coefficient_memory/bank3/a_register_reg[1]
                         LUT6 (Prop_lut6_I3_O)        0.124     6.407 r  coefficient_memory/bank3/inspect_data0_OBUF[1]_inst_i_1/O
                         net (fo=10, unplaced)        0.682     7.089    coefficient_memory/bank3/DI[1]
                         CARRY4 (Prop_carry4_DI[1]_CO[3])
                                                      0.520     7.609 r  coefficient_memory/bank3/sum_register_reg[3]_i_3/CO[3]
                         net (fo=1, unplaced)         0.009     7.618    coefficient_memory/bank3/sum_register_reg[3]_i_3_n_0
                         CARRY4 (Prop_carry4_CI_CO[3])
                                                      0.117     7.735 r  coefficient_memory/bank3/sum_register_reg[7]_i_3/CO[3]
                         net (fo=1, unplaced)         0.000     7.735    coefficient_memory/bank3/sum_register_reg[7]_i_3_n_0
                         CARRY4 (Prop_carry4_CI_CO[3])
                                                      0.117     7.852 r  coefficient_memory/bank3/sum_register_reg[11]_i_3/CO[3]
                         net (fo=1, unplaced)         0.000     7.852    coefficient_memory/bank3/sum_register_reg[11]_i_3_n_0
                         CARRY4 (Prop_carry4_CI_CO[3])
                                                      0.117     7.969 r  coefficient_memory/bank3/sum_register_reg[15]_i_3/CO[3]
                         net (fo=1, unplaced)         0.000     7.969    coefficient_memory/bank3/sum_register_reg[15]_i_3_n_0
                         CARRY4 (Prop_carry4_CI_CO[3])
                                                      0.117     8.086 r  coefficient_memory/bank3/sum_register_reg[19]_i_3/CO[3]
                         net (fo=1, unplaced)         0.000     8.086    coefficient_memory/bank3/sum_register_reg[19]_i_3_n_0
                         CARRY4 (Prop_carry4_CI_CO[3])
                                                      0.117     8.203 r  coefficient_memory/bank3/sum_register_reg[23]_i_3/CO[3]
                         net (fo=1, unplaced)         0.000     8.203    coefficient_memory/bank3/sum_register_reg[23]_i_3_n_0
                         CARRY4 (Prop_carry4_CI_O[1])
                                                      0.337     8.540 r  coefficient_memory/bank3/sum_register_reg[27]_i_3/O[1]
                         net (fo=5, unplaced)         0.639     9.179    coefficient_memory/bank3/sum_register_reg[27]_i_3_n_6
                         LUT4 (Prop_lut4_I1_O)        0.332     9.511 r  coefficient_memory/bank3/sum_register[31]_i_20/O
                         net (fo=1, unplaced)         0.000     9.511    coefficient_memory/bank3/sum_register[31]_i_20_n_0
                         CARRY4 (Prop_carry4_DI[0]_CO[3])
                                                      0.576    10.087 r  coefficient_memory/bank3/sum_register_reg[31]_i_9/CO[3]
                         net (fo=1, unplaced)         0.000    10.087    coefficient_memory/bank3/sum_register_reg[31]_i_9_n_0
                         CARRY4 (Prop_carry4_CI_CO[0])
                                                      0.281    10.368 r  coefficient_memory/bank3/sum_register_reg[31]_i_3/CO[0]
                         net (fo=32, unplaced)        0.382    10.750    coefficient_memory/bank3/butterfly0/input_sum_reduced1
                         LUT3 (Prop_lut3_I1_O)        0.367    11.117 r  coefficient_memory/bank3/sum_register[21]_i_1/O
                         net (fo=1, unplaced)         0.000    11.117    butterfly0/D[21]
                         FDRE                                         r  butterfly0/sum_register_reg[21]/D
  -------------------------------------------------------------------    -------------------

                         (clock clk rise edge)       10.000    10.000 r  
                                                      0.000    10.000 r  clk (IN)
                         net (fo=0)                   0.000    10.000    clk
                         IBUF (Prop_ibuf_I_O)         0.838    10.838 r  clk_IBUF_inst/O
                         net (fo=1, unplaced)         0.760    11.598    clk_IBUF
                         BUFG (Prop_bufg_I_O)         0.091    11.689 r  clk_IBUF_BUFG_inst/O
                         net (fo=803, unplaced)       0.439    12.128    butterfly0/clk_IBUF_BUFG
                         FDRE                                         r  butterfly0/sum_register_reg[21]/C
                         clock pessimism              0.184    12.311    
                         clock uncertainty           -0.035    12.276    
                         FDRE (Setup_fdre_C_D)        0.044    12.320    butterfly0/sum_register_reg[21]
  -------------------------------------------------------------------
                         required time                         12.320    
                         arrival time                         -11.117    
  -------------------------------------------------------------------
                         slack                                  1.203    

Slack (MET) :             1.203ns  (required time - arrival time)
  Source:                 coefficient_memory/bank1/memory_reg/CLKBWRCLK
                            (rising edge-triggered cell RAMB36E1 clocked by clk  {rise@0.000ns fall@5.000ns period=10.000ns})
  Destination:            butterfly0/sum_register_reg[22]/D
                            (rising edge-triggered cell FDRE clocked by clk  {rise@0.000ns fall@5.000ns period=10.000ns})
  Path Group:             clk
  Path Type:              Setup (Max at Slow Process Corner)
  Requirement:            10.000ns  (clk rise@10.000ns - clk rise@0.000ns)
  Data Path Delay:        8.661ns  (logic 5.700ns (65.814%)  route 2.961ns (34.186%))
  Logic Levels:           13  (CARRY4=9 LUT3=1 LUT4=1 LUT6=2)
  Clock Path Skew:        -0.145ns (DCD - SCD + CPR)
    Destination Clock Delay (DCD):    2.128ns = ( 12.128 - 10.000 ) 
    Source Clock Delay      (SCD):    2.456ns
    Clock Pessimism Removal (CPR):    0.184ns
  Clock Uncertainty:      0.035ns  ((TSJ^2 + TIJ^2)^1/2 + DJ) / 2 + PE
    Total System Jitter     (TSJ):    0.071ns
    Total Input Jitter      (TIJ):    0.000ns
    Discrete Jitter          (DJ):    0.000ns
    Phase Error              (PE):    0.000ns

    Location             Delay type                Incr(ns)  Path(ns)    Netlist Resource(s)
  -------------------------------------------------------------------    -------------------
                         (clock clk rise edge)        0.000     0.000 r  
                                                      0.000     0.000 r  clk (IN)
                         net (fo=0)                   0.000     0.000    clk
                         IBUF (Prop_ibuf_I_O)         0.972     0.972 r  clk_IBUF_inst/O
                         net (fo=1, unplaced)         0.800     1.771    clk_IBUF
                         BUFG (Prop_bufg_I_O)         0.101     1.872 r  clk_IBUF_BUFG_inst/O
                         net (fo=803, unplaced)       0.584     2.456    coefficient_memory/bank1/clk_IBUF_BUFG
                         RAMB36E1                                     r  coefficient_memory/bank1/memory_reg/CLKBWRCLK
  -------------------------------------------------------------------    -------------------
                         RAMB36E1 (Prop_ramb36e1_CLKBWRCLK_DOBDO[1])
                                                      2.454     4.910 r  coefficient_memory/bank1/memory_reg/DOBDO[1]
                         net (fo=4, unplaced)         0.800     5.710    coefficient_memory/bank0/a_register_reg[31][1]
                         LUT6 (Prop_lut6_I3_O)        0.124     5.834 r  coefficient_memory/bank0/inspect_data0_OBUF[1]_inst_i_2/O
                         net (fo=1, unplaced)         0.449     6.283    coefficient_memory/bank3/a_register_reg[1]
                         LUT6 (Prop_lut6_I3_O)        0.124     6.407 r  coefficient_memory/bank3/inspect_data0_OBUF[1]_inst_i_1/O
                         net (fo=10, unplaced)        0.682     7.089    coefficient_memory/bank3/DI[1]
                         CARRY4 (Prop_carry4_DI[1]_CO[3])
                                                      0.520     7.609 r  coefficient_memory/bank3/sum_register_reg[3]_i_3/CO[3]
                         net (fo=1, unplaced)         0.009     7.618    coefficient_memory/bank3/sum_register_reg[3]_i_3_n_0
                         CARRY4 (Prop_carry4_CI_CO[3])
                                                      0.117     7.735 r  coefficient_memory/bank3/sum_register_reg[7]_i_3/CO[3]
                         net (fo=1, unplaced)         0.000     7.735    coefficient_memory/bank3/sum_register_reg[7]_i_3_n_0
                         CARRY4 (Prop_carry4_CI_CO[3])
                                                      0.117     7.852 r  coefficient_memory/bank3/sum_register_reg[11]_i_3/CO[3]
                         net (fo=1, unplaced)         0.000     7.852    coefficient_memory/bank3/sum_register_reg[11]_i_3_n_0
                         CARRY4 (Prop_carry4_CI_CO[3])
                                                      0.117     7.969 r  coefficient_memory/bank3/sum_register_reg[15]_i_3/CO[3]
                         net (fo=1, unplaced)         0.000     7.969    coefficient_memory/bank3/sum_register_reg[15]_i_3_n_0
                         CARRY4 (Prop_carry4_CI_CO[3])
                                                      0.117     8.086 r  coefficient_memory/bank3/sum_register_reg[19]_i_3/CO[3]
                         net (fo=1, unplaced)         0.000     8.086    coefficient_memory/bank3/sum_register_reg[19]_i_3_n_0
                         CARRY4 (Prop_carry4_CI_CO[3])
                                                      0.117     8.203 r  coefficient_memory/bank3/sum_register_reg[23]_i_3/CO[3]
                         net (fo=1, unplaced)         0.000     8.203    coefficient_memory/bank3/sum_register_reg[23]_i_3_n_0
                         CARRY4 (Prop_carry4_CI_O[1])
                                                      0.337     8.540 r  coefficient_memory/bank3/sum_register_reg[27]_i_3/O[1]
                         net (fo=5, unplaced)         0.639     9.179    coefficient_memory/bank3/sum_register_reg[27]_i_3_n_6
                         LUT4 (Prop_lut4_I1_O)        0.332     9.511 r  coefficient_memory/bank3/sum_register[31]_i_20/O
                         net (fo=1, unplaced)         0.000     9.511    coefficient_memory/bank3/sum_register[31]_i_20_n_0
                         CARRY4 (Prop_carry4_DI[0]_CO[3])
                                                      0.576    10.087 r  coefficient_memory/bank3/sum_register_reg[31]_i_9/CO[3]
                         net (fo=1, unplaced)         0.000    10.087    coefficient_memory/bank3/sum_register_reg[31]_i_9_n_0
                         CARRY4 (Prop_carry4_CI_CO[0])
                                                      0.281    10.368 r  coefficient_memory/bank3/sum_register_reg[31]_i_3/CO[0]
                         net (fo=32, unplaced)        0.382    10.750    coefficient_memory/bank3/butterfly0/input_sum_reduced1
                         LUT3 (Prop_lut3_I1_O)        0.367    11.117 r  coefficient_memory/bank3/sum_register[22]_i_1/O
                         net (fo=1, unplaced)         0.000    11.117    butterfly0/D[22]
                         FDRE                                         r  butterfly0/sum_register_reg[22]/D
  -------------------------------------------------------------------    -------------------

                         (clock clk rise edge)       10.000    10.000 r  
                                                      0.000    10.000 r  clk (IN)
                         net (fo=0)                   0.000    10.000    clk
                         IBUF (Prop_ibuf_I_O)         0.838    10.838 r  clk_IBUF_inst/O
                         net (fo=1, unplaced)         0.760    11.598    clk_IBUF
                         BUFG (Prop_bufg_I_O)         0.091    11.689 r  clk_IBUF_BUFG_inst/O
                         net (fo=803, unplaced)       0.439    12.128    butterfly0/clk_IBUF_BUFG
                         FDRE                                         r  butterfly0/sum_register_reg[22]/C
                         clock pessimism              0.184    12.311    
                         clock uncertainty           -0.035    12.276    
                         FDRE (Setup_fdre_C_D)        0.044    12.320    butterfly0/sum_register_reg[22]
  -------------------------------------------------------------------
                         required time                         12.320    
                         arrival time                         -11.117    
  -------------------------------------------------------------------
                         slack                                  1.203    

Slack (MET) :             1.203ns  (required time - arrival time)
  Source:                 coefficient_memory/bank1/memory_reg/CLKBWRCLK
                            (rising edge-triggered cell RAMB36E1 clocked by clk  {rise@0.000ns fall@5.000ns period=10.000ns})
  Destination:            butterfly0/sum_register_reg[23]/D
                            (rising edge-triggered cell FDRE clocked by clk  {rise@0.000ns fall@5.000ns period=10.000ns})
  Path Group:             clk
  Path Type:              Setup (Max at Slow Process Corner)
  Requirement:            10.000ns  (clk rise@10.000ns - clk rise@0.000ns)
  Data Path Delay:        8.661ns  (logic 5.700ns (65.814%)  route 2.961ns (34.186%))
  Logic Levels:           13  (CARRY4=9 LUT3=1 LUT4=1 LUT6=2)
  Clock Path Skew:        -0.145ns (DCD - SCD + CPR)
    Destination Clock Delay (DCD):    2.128ns = ( 12.128 - 10.000 ) 
    Source Clock Delay      (SCD):    2.456ns
    Clock Pessimism Removal (CPR):    0.184ns
  Clock Uncertainty:      0.035ns  ((TSJ^2 + TIJ^2)^1/2 + DJ) / 2 + PE
    Total System Jitter     (TSJ):    0.071ns
    Total Input Jitter      (TIJ):    0.000ns
    Discrete Jitter          (DJ):    0.000ns
    Phase Error              (PE):    0.000ns

    Location             Delay type                Incr(ns)  Path(ns)    Netlist Resource(s)
  -------------------------------------------------------------------    -------------------
                         (clock clk rise edge)        0.000     0.000 r  
                                                      0.000     0.000 r  clk (IN)
                         net (fo=0)                   0.000     0.000    clk
                         IBUF (Prop_ibuf_I_O)         0.972     0.972 r  clk_IBUF_inst/O
                         net (fo=1, unplaced)         0.800     1.771    clk_IBUF
                         BUFG (Prop_bufg_I_O)         0.101     1.872 r  clk_IBUF_BUFG_inst/O
                         net (fo=803, unplaced)       0.584     2.456    coefficient_memory/bank1/clk_IBUF_BUFG
                         RAMB36E1                                     r  coefficient_memory/bank1/memory_reg/CLKBWRCLK
  -------------------------------------------------------------------    -------------------
                         RAMB36E1 (Prop_ramb36e1_CLKBWRCLK_DOBDO[1])
                                                      2.454     4.910 r  coefficient_memory/bank1/memory_reg/DOBDO[1]
                         net (fo=4, unplaced)         0.800     5.710    coefficient_memory/bank0/a_register_reg[31][1]
                         LUT6 (Prop_lut6_I3_O)        0.124     5.834 r  coefficient_memory/bank0/inspect_data0_OBUF[1]_inst_i_2/O
                         net (fo=1, unplaced)         0.449     6.283    coefficient_memory/bank3/a_register_reg[1]
                         LUT6 (Prop_lut6_I3_O)        0.124     6.407 r  coefficient_memory/bank3/inspect_data0_OBUF[1]_inst_i_1/O
                         net (fo=10, unplaced)        0.682     7.089    coefficient_memory/bank3/DI[1]
                         CARRY4 (Prop_carry4_DI[1]_CO[3])
                                                      0.520     7.609 r  coefficient_memory/bank3/sum_register_reg[3]_i_3/CO[3]
                         net (fo=1, unplaced)         0.009     7.618    coefficient_memory/bank3/sum_register_reg[3]_i_3_n_0
                         CARRY4 (Prop_carry4_CI_CO[3])
                                                      0.117     7.735 r  coefficient_memory/bank3/sum_register_reg[7]_i_3/CO[3]
                         net (fo=1, unplaced)         0.000     7.735    coefficient_memory/bank3/sum_register_reg[7]_i_3_n_0
                         CARRY4 (Prop_carry4_CI_CO[3])
                                                      0.117     7.852 r  coefficient_memory/bank3/sum_register_reg[11]_i_3/CO[3]
                         net (fo=1, unplaced)         0.000     7.852    coefficient_memory/bank3/sum_register_reg[11]_i_3_n_0
                         CARRY4 (Prop_carry4_CI_CO[3])
                                                      0.117     7.969 r  coefficient_memory/bank3/sum_register_reg[15]_i_3/CO[3]
                         net (fo=1, unplaced)         0.000     7.969    coefficient_memory/bank3/sum_register_reg[15]_i_3_n_0
                         CARRY4 (Prop_carry4_CI_CO[3])
                                                      0.117     8.086 r  coefficient_memory/bank3/sum_register_reg[19]_i_3/CO[3]
                         net (fo=1, unplaced)         0.000     8.086    coefficient_memory/bank3/sum_register_reg[19]_i_3_n_0
                         CARRY4 (Prop_carry4_CI_CO[3])
                                                      0.117     8.203 r  coefficient_memory/bank3/sum_register_reg[23]_i_3/CO[3]
                         net (fo=1, unplaced)         0.000     8.203    coefficient_memory/bank3/sum_register_reg[23]_i_3_n_0
                         CARRY4 (Prop_carry4_CI_O[1])
                                                      0.337     8.540 r  coefficient_memory/bank3/sum_register_reg[27]_i_3/O[1]
                         net (fo=5, unplaced)         0.639     9.179    coefficient_memory/bank3/sum_register_reg[27]_i_3_n_6
                         LUT4 (Prop_lut4_I1_O)        0.332     9.511 r  coefficient_memory/bank3/sum_register[31]_i_20/O
                         net (fo=1, unplaced)         0.000     9.511    coefficient_memory/bank3/sum_register[31]_i_20_n_0
                         CARRY4 (Prop_carry4_DI[0]_CO[3])
                                                      0.576    10.087 r  coefficient_memory/bank3/sum_register_reg[31]_i_9/CO[3]
                         net (fo=1, unplaced)         0.000    10.087    coefficient_memory/bank3/sum_register_reg[31]_i_9_n_0
                         CARRY4 (Prop_carry4_CI_CO[0])
                                                      0.281    10.368 r  coefficient_memory/bank3/sum_register_reg[31]_i_3/CO[0]
                         net (fo=32, unplaced)        0.382    10.750    coefficient_memory/bank3/butterfly0/input_sum_reduced1
                         LUT3 (Prop_lut3_I1_O)        0.367    11.117 r  coefficient_memory/bank3/sum_register[23]_i_1/O
                         net (fo=1, unplaced)         0.000    11.117    butterfly0/D[23]
                         FDRE                                         r  butterfly0/sum_register_reg[23]/D
  -------------------------------------------------------------------    -------------------

                         (clock clk rise edge)       10.000    10.000 r  
                                                      0.000    10.000 r  clk (IN)
                         net (fo=0)                   0.000    10.000    clk
                         IBUF (Prop_ibuf_I_O)         0.838    10.838 r  clk_IBUF_inst/O
                         net (fo=1, unplaced)         0.760    11.598    clk_IBUF
                         BUFG (Prop_bufg_I_O)         0.091    11.689 r  clk_IBUF_BUFG_inst/O
                         net (fo=803, unplaced)       0.439    12.128    butterfly0/clk_IBUF_BUFG
                         FDRE                                         r  butterfly0/sum_register_reg[23]/C
                         clock pessimism              0.184    12.311    
                         clock uncertainty           -0.035    12.276    
                         FDRE (Setup_fdre_C_D)        0.044    12.320    butterfly0/sum_register_reg[23]
  -------------------------------------------------------------------
                         required time                         12.320    
                         arrival time                         -11.117    
  -------------------------------------------------------------------
                         slack                                  1.203    

Slack (MET) :             1.203ns  (required time - arrival time)
  Source:                 coefficient_memory/bank1/memory_reg/CLKBWRCLK
                            (rising edge-triggered cell RAMB36E1 clocked by clk  {rise@0.000ns fall@5.000ns period=10.000ns})
  Destination:            butterfly0/sum_register_reg[24]/D
                            (rising edge-triggered cell FDRE clocked by clk  {rise@0.000ns fall@5.000ns period=10.000ns})
  Path Group:             clk
  Path Type:              Setup (Max at Slow Process Corner)
  Requirement:            10.000ns  (clk rise@10.000ns - clk rise@0.000ns)
  Data Path Delay:        8.661ns  (logic 5.700ns (65.814%)  route 2.961ns (34.186%))
  Logic Levels:           13  (CARRY4=9 LUT3=1 LUT4=1 LUT6=2)
  Clock Path Skew:        -0.145ns (DCD - SCD + CPR)
    Destination Clock Delay (DCD):    2.128ns = ( 12.128 - 10.000 ) 
    Source Clock Delay      (SCD):    2.456ns
    Clock Pessimism Removal (CPR):    0.184ns
  Clock Uncertainty:      0.035ns  ((TSJ^2 + TIJ^2)^1/2 + DJ) / 2 + PE
    Total System Jitter     (TSJ):    0.071ns
    Total Input Jitter      (TIJ):    0.000ns
    Discrete Jitter          (DJ):    0.000ns
    Phase Error              (PE):    0.000ns

    Location             Delay type                Incr(ns)  Path(ns)    Netlist Resource(s)
  -------------------------------------------------------------------    -------------------
                         (clock clk rise edge)        0.000     0.000 r  
                                                      0.000     0.000 r  clk (IN)
                         net (fo=0)                   0.000     0.000    clk
                         IBUF (Prop_ibuf_I_O)         0.972     0.972 r  clk_IBUF_inst/O
                         net (fo=1, unplaced)         0.800     1.771    clk_IBUF
                         BUFG (Prop_bufg_I_O)         0.101     1.872 r  clk_IBUF_BUFG_inst/O
                         net (fo=803, unplaced)       0.584     2.456    coefficient_memory/bank1/clk_IBUF_BUFG
                         RAMB36E1                                     r  coefficient_memory/bank1/memory_reg/CLKBWRCLK
  -------------------------------------------------------------------    -------------------
                         RAMB36E1 (Prop_ramb36e1_CLKBWRCLK_DOBDO[1])
                                                      2.454     4.910 r  coefficient_memory/bank1/memory_reg/DOBDO[1]
                         net (fo=4, unplaced)         0.800     5.710    coefficient_memory/bank0/a_register_reg[31][1]
                         LUT6 (Prop_lut6_I3_O)        0.124     5.834 r  coefficient_memory/bank0/inspect_data0_OBUF[1]_inst_i_2/O
                         net (fo=1, unplaced)         0.449     6.283    coefficient_memory/bank3/a_register_reg[1]
                         LUT6 (Prop_lut6_I3_O)        0.124     6.407 r  coefficient_memory/bank3/inspect_data0_OBUF[1]_inst_i_1/O
                         net (fo=10, unplaced)        0.682     7.089    coefficient_memory/bank3/DI[1]
                         CARRY4 (Prop_carry4_DI[1]_CO[3])
                                                      0.520     7.609 r  coefficient_memory/bank3/sum_register_reg[3]_i_3/CO[3]
                         net (fo=1, unplaced)         0.009     7.618    coefficient_memory/bank3/sum_register_reg[3]_i_3_n_0
                         CARRY4 (Prop_carry4_CI_CO[3])
                                                      0.117     7.735 r  coefficient_memory/bank3/sum_register_reg[7]_i_3/CO[3]
                         net (fo=1, unplaced)         0.000     7.735    coefficient_memory/bank3/sum_register_reg[7]_i_3_n_0
                         CARRY4 (Prop_carry4_CI_CO[3])
                                                      0.117     7.852 r  coefficient_memory/bank3/sum_register_reg[11]_i_3/CO[3]
                         net (fo=1, unplaced)         0.000     7.852    coefficient_memory/bank3/sum_register_reg[11]_i_3_n_0
                         CARRY4 (Prop_carry4_CI_CO[3])
                                                      0.117     7.969 r  coefficient_memory/bank3/sum_register_reg[15]_i_3/CO[3]
                         net (fo=1, unplaced)         0.000     7.969    coefficient_memory/bank3/sum_register_reg[15]_i_3_n_0
                         CARRY4 (Prop_carry4_CI_CO[3])
                                                      0.117     8.086 r  coefficient_memory/bank3/sum_register_reg[19]_i_3/CO[3]
                         net (fo=1, unplaced)         0.000     8.086    coefficient_memory/bank3/sum_register_reg[19]_i_3_n_0
                         CARRY4 (Prop_carry4_CI_CO[3])
                                                      0.117     8.203 r  coefficient_memory/bank3/sum_register_reg[23]_i_3/CO[3]
                         net (fo=1, unplaced)         0.000     8.203    coefficient_memory/bank3/sum_register_reg[23]_i_3_n_0
                         CARRY4 (Prop_carry4_CI_O[1])
                                                      0.337     8.540 r  coefficient_memory/bank3/sum_register_reg[27]_i_3/O[1]
                         net (fo=5, unplaced)         0.639     9.179    coefficient_memory/bank3/sum_register_reg[27]_i_3_n_6
                         LUT4 (Prop_lut4_I1_O)        0.332     9.511 r  coefficient_memory/bank3/sum_register[31]_i_20/O
                         net (fo=1, unplaced)         0.000     9.511    coefficient_memory/bank3/sum_register[31]_i_20_n_0
                         CARRY4 (Prop_carry4_DI[0]_CO[3])
                                                      0.576    10.087 r  coefficient_memory/bank3/sum_register_reg[31]_i_9/CO[3]
                         net (fo=1, unplaced)         0.000    10.087    coefficient_memory/bank3/sum_register_reg[31]_i_9_n_0
                         CARRY4 (Prop_carry4_CI_CO[0])
                                                      0.281    10.368 r  coefficient_memory/bank3/sum_register_reg[31]_i_3/CO[0]
                         net (fo=32, unplaced)        0.382    10.750    coefficient_memory/bank3/butterfly0/input_sum_reduced1
                         LUT3 (Prop_lut3_I1_O)        0.367    11.117 r  coefficient_memory/bank3/sum_register[24]_i_1/O
                         net (fo=1, unplaced)         0.000    11.117    butterfly0/D[24]
                         FDRE                                         r  butterfly0/sum_register_reg[24]/D
  -------------------------------------------------------------------    -------------------

                         (clock clk rise edge)       10.000    10.000 r  
                                                      0.000    10.000 r  clk (IN)
                         net (fo=0)                   0.000    10.000    clk
                         IBUF (Prop_ibuf_I_O)         0.838    10.838 r  clk_IBUF_inst/O
                         net (fo=1, unplaced)         0.760    11.598    clk_IBUF
                         BUFG (Prop_bufg_I_O)         0.091    11.689 r  clk_IBUF_BUFG_inst/O
                         net (fo=803, unplaced)       0.439    12.128    butterfly0/clk_IBUF_BUFG
                         FDRE                                         r  butterfly0/sum_register_reg[24]/C
                         clock pessimism              0.184    12.311    
                         clock uncertainty           -0.035    12.276    
                         FDRE (Setup_fdre_C_D)        0.044    12.320    butterfly0/sum_register_reg[24]
  -------------------------------------------------------------------
                         required time                         12.320    
                         arrival time                         -11.117    
  -------------------------------------------------------------------
                         slack                                  1.203    

Slack (MET) :             1.203ns  (required time - arrival time)
  Source:                 coefficient_memory/bank1/memory_reg/CLKBWRCLK
                            (rising edge-triggered cell RAMB36E1 clocked by clk  {rise@0.000ns fall@5.000ns period=10.000ns})
  Destination:            butterfly0/sum_register_reg[25]/D
                            (rising edge-triggered cell FDRE clocked by clk  {rise@0.000ns fall@5.000ns period=10.000ns})
  Path Group:             clk
  Path Type:              Setup (Max at Slow Process Corner)
  Requirement:            10.000ns  (clk rise@10.000ns - clk rise@0.000ns)
  Data Path Delay:        8.661ns  (logic 5.700ns (65.814%)  route 2.961ns (34.186%))
  Logic Levels:           13  (CARRY4=9 LUT3=1 LUT4=1 LUT6=2)
  Clock Path Skew:        -0.145ns (DCD - SCD + CPR)
    Destination Clock Delay (DCD):    2.128ns = ( 12.128 - 10.000 ) 
    Source Clock Delay      (SCD):    2.456ns
    Clock Pessimism Removal (CPR):    0.184ns
  Clock Uncertainty:      0.035ns  ((TSJ^2 + TIJ^2)^1/2 + DJ) / 2 + PE
    Total System Jitter     (TSJ):    0.071ns
    Total Input Jitter      (TIJ):    0.000ns
    Discrete Jitter          (DJ):    0.000ns
    Phase Error              (PE):    0.000ns

    Location             Delay type                Incr(ns)  Path(ns)    Netlist Resource(s)
  -------------------------------------------------------------------    -------------------
                         (clock clk rise edge)        0.000     0.000 r  
                                                      0.000     0.000 r  clk (IN)
                         net (fo=0)                   0.000     0.000    clk
                         IBUF (Prop_ibuf_I_O)         0.972     0.972 r  clk_IBUF_inst/O
                         net (fo=1, unplaced)         0.800     1.771    clk_IBUF
                         BUFG (Prop_bufg_I_O)         0.101     1.872 r  clk_IBUF_BUFG_inst/O
                         net (fo=803, unplaced)       0.584     2.456    coefficient_memory/bank1/clk_IBUF_BUFG
                         RAMB36E1                                     r  coefficient_memory/bank1/memory_reg/CLKBWRCLK
  -------------------------------------------------------------------    -------------------
                         RAMB36E1 (Prop_ramb36e1_CLKBWRCLK_DOBDO[1])
                                                      2.454     4.910 r  coefficient_memory/bank1/memory_reg/DOBDO[1]
                         net (fo=4, unplaced)         0.800     5.710    coefficient_memory/bank0/a_register_reg[31][1]
                         LUT6 (Prop_lut6_I3_O)        0.124     5.834 r  coefficient_memory/bank0/inspect_data0_OBUF[1]_inst_i_2/O
                         net (fo=1, unplaced)         0.449     6.283    coefficient_memory/bank3/a_register_reg[1]
                         LUT6 (Prop_lut6_I3_O)        0.124     6.407 r  coefficient_memory/bank3/inspect_data0_OBUF[1]_inst_i_1/O
                         net (fo=10, unplaced)        0.682     7.089    coefficient_memory/bank3/DI[1]
                         CARRY4 (Prop_carry4_DI[1]_CO[3])
                                                      0.520     7.609 r  coefficient_memory/bank3/sum_register_reg[3]_i_3/CO[3]
                         net (fo=1, unplaced)         0.009     7.618    coefficient_memory/bank3/sum_register_reg[3]_i_3_n_0
                         CARRY4 (Prop_carry4_CI_CO[3])
                                                      0.117     7.735 r  coefficient_memory/bank3/sum_register_reg[7]_i_3/CO[3]
                         net (fo=1, unplaced)         0.000     7.735    coefficient_memory/bank3/sum_register_reg[7]_i_3_n_0
                         CARRY4 (Prop_carry4_CI_CO[3])
                                                      0.117     7.852 r  coefficient_memory/bank3/sum_register_reg[11]_i_3/CO[3]
                         net (fo=1, unplaced)         0.000     7.852    coefficient_memory/bank3/sum_register_reg[11]_i_3_n_0
                         CARRY4 (Prop_carry4_CI_CO[3])
                                                      0.117     7.969 r  coefficient_memory/bank3/sum_register_reg[15]_i_3/CO[3]
                         net (fo=1, unplaced)         0.000     7.969    coefficient_memory/bank3/sum_register_reg[15]_i_3_n_0
                         CARRY4 (Prop_carry4_CI_CO[3])
                                                      0.117     8.086 r  coefficient_memory/bank3/sum_register_reg[19]_i_3/CO[3]
                         net (fo=1, unplaced)         0.000     8.086    coefficient_memory/bank3/sum_register_reg[19]_i_3_n_0
                         CARRY4 (Prop_carry4_CI_CO[3])
                                                      0.117     8.203 r  coefficient_memory/bank3/sum_register_reg[23]_i_3/CO[3]
                         net (fo=1, unplaced)         0.000     8.203    coefficient_memory/bank3/sum_register_reg[23]_i_3_n_0
                         CARRY4 (Prop_carry4_CI_O[1])
                                                      0.337     8.540 r  coefficient_memory/bank3/sum_register_reg[27]_i_3/O[1]
                         net (fo=5, unplaced)         0.639     9.179    coefficient_memory/bank3/sum_register_reg[27]_i_3_n_6
                         LUT4 (Prop_lut4_I1_O)        0.332     9.511 r  coefficient_memory/bank3/sum_register[31]_i_20/O
                         net (fo=1, unplaced)         0.000     9.511    coefficient_memory/bank3/sum_register[31]_i_20_n_0
                         CARRY4 (Prop_carry4_DI[0]_CO[3])
                                                      0.576    10.087 r  coefficient_memory/bank3/sum_register_reg[31]_i_9/CO[3]
                         net (fo=1, unplaced)         0.000    10.087    coefficient_memory/bank3/sum_register_reg[31]_i_9_n_0
                         CARRY4 (Prop_carry4_CI_CO[0])
                                                      0.281    10.368 r  coefficient_memory/bank3/sum_register_reg[31]_i_3/CO[0]
                         net (fo=32, unplaced)        0.382    10.750    coefficient_memory/bank3/butterfly0/input_sum_reduced1
                         LUT3 (Prop_lut3_I1_O)        0.367    11.117 r  coefficient_memory/bank3/sum_register[25]_i_1/O
                         net (fo=1, unplaced)         0.000    11.117    butterfly0/D[25]
                         FDRE                                         r  butterfly0/sum_register_reg[25]/D
  -------------------------------------------------------------------    -------------------

                         (clock clk rise edge)       10.000    10.000 r  
                                                      0.000    10.000 r  clk (IN)
                         net (fo=0)                   0.000    10.000    clk
                         IBUF (Prop_ibuf_I_O)         0.838    10.838 r  clk_IBUF_inst/O
                         net (fo=1, unplaced)         0.760    11.598    clk_IBUF
                         BUFG (Prop_bufg_I_O)         0.091    11.689 r  clk_IBUF_BUFG_inst/O
                         net (fo=803, unplaced)       0.439    12.128    butterfly0/clk_IBUF_BUFG
                         FDRE                                         r  butterfly0/sum_register_reg[25]/C
                         clock pessimism              0.184    12.311    
                         clock uncertainty           -0.035    12.276    
                         FDRE (Setup_fdre_C_D)        0.044    12.320    butterfly0/sum_register_reg[25]
  -------------------------------------------------------------------
                         required time                         12.320    
                         arrival time                         -11.117    
  -------------------------------------------------------------------
                         slack                                  1.203    





Pulse Width Checks
--------------------------------------------------------------------------------------
Clock Name:         clk
Waveform(ns):       { 0.000 5.000 }
Period(ns):         10.000
Sources:            { clk }

Check Type        Corner  Lib Pin             Reference Pin  Required(ns)  Actual(ns)  Slack(ns)  Location  Pin
Min Period        n/a     RAMB36E1/CLKARDCLK  n/a            2.944         10.000      7.056                coefficient_memory/bank0/memory_reg/CLKARDCLK
Min Period        n/a     RAMB36E1/CLKARDCLK  n/a            2.944         10.000      7.056                coefficient_memory/bank1/memory_reg/CLKARDCLK
Min Period        n/a     RAMB36E1/CLKARDCLK  n/a            2.944         10.000      7.056                coefficient_memory/bank2/memory_reg/CLKARDCLK
Min Period        n/a     RAMB36E1/CLKARDCLK  n/a            2.944         10.000      7.056                coefficient_memory/bank3/memory_reg/CLKARDCLK
Min Period        n/a     RAMB36E1/CLKBWRCLK  n/a            2.576         10.000      7.424                coefficient_memory/bank0/memory_reg/CLKBWRCLK
Min Period        n/a     RAMB36E1/CLKBWRCLK  n/a            2.576         10.000      7.424                coefficient_memory/bank1/memory_reg/CLKBWRCLK
Min Period        n/a     RAMB36E1/CLKBWRCLK  n/a            2.576         10.000      7.424                coefficient_memory/bank2/memory_reg/CLKBWRCLK
Min Period        n/a     RAMB36E1/CLKBWRCLK  n/a            2.576         10.000      7.424                coefficient_memory/bank3/memory_reg/CLKBWRCLK
Min Period        n/a     RAMB36E1/CLKARDCLK  n/a            2.576         10.000      7.424                profile_memory/profile_memory/xpm_memory_base_inst/gen_wr_a.gen_word_narrow.mem_reg_0/CLKARDCLK
Min Period        n/a     RAMB36E1/CLKBWRCLK  n/a            2.576         10.000      7.424                profile_memory/profile_memory/xpm_memory_base_inst/gen_wr_a.gen_word_narrow.mem_reg_0/CLKBWRCLK
Min Period        n/a     RAMB36E1/CLKARDCLK  n/a            2.576         10.000      7.424                profile_memory/profile_memory/xpm_memory_base_inst/gen_wr_a.gen_word_narrow.mem_reg_1/CLKARDCLK
Min Period        n/a     RAMB36E1/CLKBWRCLK  n/a            2.576         10.000      7.424                profile_memory/profile_memory/xpm_memory_base_inst/gen_wr_a.gen_word_narrow.mem_reg_1/CLKBWRCLK
Min Period        n/a     RAMB36E1/CLKARDCLK  n/a            2.576         10.000      7.424                profile_memory/profile_memory/xpm_memory_base_inst/gen_wr_a.gen_word_narrow.mem_reg_2/CLKARDCLK
Min Period        n/a     RAMB36E1/CLKBWRCLK  n/a            2.576         10.000      7.424                profile_memory/profile_memory/xpm_memory_base_inst/gen_wr_a.gen_word_narrow.mem_reg_2/CLKBWRCLK
Min Period        n/a     RAMB36E1/CLKARDCLK  n/a            2.576         10.000      7.424                profile_memory/profile_memory/xpm_memory_base_inst/gen_wr_a.gen_word_narrow.mem_reg_3/CLKARDCLK
Min Period        n/a     RAMB36E1/CLKBWRCLK  n/a            2.576         10.000      7.424                profile_memory/profile_memory/xpm_memory_base_inst/gen_wr_a.gen_word_narrow.mem_reg_3/CLKBWRCLK
Min Period        n/a     BUFG/I              n/a            2.155         10.000      7.845                clk_IBUF_BUFG_inst/I
Min Period        n/a     FDSE/C              n/a            1.000         10.000      9.000                FSM_onehot_state_reg[0]/C
Min Period        n/a     FDRE/C              n/a            1.000         10.000      9.000                FSM_onehot_state_reg[1]/C
Min Period        n/a     FDRE/C              n/a            1.000         10.000      9.000                FSM_onehot_state_reg[2]/C
Low Pulse Width   Slow    FDSE/C              n/a            0.500         5.000       4.500                FSM_onehot_state_reg[0]/C
Low Pulse Width   Fast    FDSE/C              n/a            0.500         5.000       4.500                FSM_onehot_state_reg[0]/C
Low Pulse Width   Slow    FDRE/C              n/a            0.500         5.000       4.500                FSM_onehot_state_reg[1]/C
Low Pulse Width   Fast    FDRE/C              n/a            0.500         5.000       4.500                FSM_onehot_state_reg[1]/C
Low Pulse Width   Slow    FDRE/C              n/a            0.500         5.000       4.500                FSM_onehot_state_reg[2]/C
Low Pulse Width   Fast    FDRE/C              n/a            0.500         5.000       4.500                FSM_onehot_state_reg[2]/C
Low Pulse Width   Slow    FDRE/C              n/a            0.500         5.000       4.500                FSM_onehot_state_reg[3]/C
Low Pulse Width   Fast    FDRE/C              n/a            0.500         5.000       4.500                FSM_onehot_state_reg[3]/C
Low Pulse Width   Slow    FDRE/C              n/a            0.500         5.000       4.500                FSM_onehot_state_reg[4]/C
Low Pulse Width   Fast    FDRE/C              n/a            0.500         5.000       4.500                FSM_onehot_state_reg[4]/C
Low Pulse Width   Slow    FDRE/C              n/a            0.500         5.000       4.500                FSM_onehot_state_reg[5]/C
Low Pulse Width   Fast    FDRE/C              n/a            0.500         5.000       4.500                FSM_onehot_state_reg[5]/C
Low Pulse Width   Slow    FDRE/C              n/a            0.500         5.000       4.500                busy_reg/C
Low Pulse Width   Fast    FDRE/C              n/a            0.500         5.000       4.500                busy_reg/C
Low Pulse Width   Slow    FDRE/C              n/a            0.500         5.000       4.500                butterfly_count_reg[10]/C
Low Pulse Width   Fast    FDRE/C              n/a            0.500         5.000       4.500                butterfly_count_reg[10]/C
Low Pulse Width   Slow    FDRE/C              n/a            0.500         5.000       4.500                butterfly_count_reg[11]/C
Low Pulse Width   Fast    FDRE/C              n/a            0.500         5.000       4.500                butterfly_count_reg[11]/C
Low Pulse Width   Slow    FDRE/C              n/a            0.500         5.000       4.500                butterfly_count_reg[12]/C
Low Pulse Width   Fast    FDRE/C              n/a            0.500         5.000       4.500                butterfly_count_reg[12]/C
High Pulse Width  Slow    FDSE/C              n/a            0.500         5.000       4.500                FSM_onehot_state_reg[0]/C
High Pulse Width  Fast    FDSE/C              n/a            0.500         5.000       4.500                FSM_onehot_state_reg[0]/C
High Pulse Width  Slow    FDRE/C              n/a            0.500         5.000       4.500                FSM_onehot_state_reg[1]/C
High Pulse Width  Fast    FDRE/C              n/a            0.500         5.000       4.500                FSM_onehot_state_reg[1]/C
High Pulse Width  Slow    FDRE/C              n/a            0.500         5.000       4.500                FSM_onehot_state_reg[2]/C
High Pulse Width  Fast    FDRE/C              n/a            0.500         5.000       4.500                FSM_onehot_state_reg[2]/C
High Pulse Width  Slow    FDRE/C              n/a            0.500         5.000       4.500                FSM_onehot_state_reg[3]/C
High Pulse Width  Fast    FDRE/C              n/a            0.500         5.000       4.500                FSM_onehot_state_reg[3]/C
High Pulse Width  Slow    FDRE/C              n/a            0.500         5.000       4.500                FSM_onehot_state_reg[4]/C
High Pulse Width  Fast    FDRE/C              n/a            0.500         5.000       4.500                FSM_onehot_state_reg[4]/C
High Pulse Width  Slow    FDRE/C              n/a            0.500         5.000       4.500                FSM_onehot_state_reg[5]/C
High Pulse Width  Fast    FDRE/C              n/a            0.500         5.000       4.500                FSM_onehot_state_reg[5]/C
High Pulse Width  Slow    FDRE/C              n/a            0.500         5.000       4.500                busy_reg/C
High Pulse Width  Fast    FDRE/C              n/a            0.500         5.000       4.500                busy_reg/C
High Pulse Width  Slow    FDRE/C              n/a            0.500         5.000       4.500                butterfly_count_reg[10]/C
High Pulse Width  Fast    FDRE/C              n/a            0.500         5.000       4.500                butterfly_count_reg[10]/C
High Pulse Width  Slow    FDRE/C              n/a            0.500         5.000       4.500                butterfly_count_reg[11]/C
High Pulse Width  Fast    FDRE/C              n/a            0.500         5.000       4.500                butterfly_count_reg[11]/C
High Pulse Width  Slow    FDRE/C              n/a            0.500         5.000       4.500                butterfly_count_reg[12]/C
High Pulse Width  Fast    FDRE/C              n/a            0.500         5.000       4.500                butterfly_count_reg[12]/C



