Copyright 1986-2022 Xilinx, Inc. All Rights Reserved. Copyright 2022-2024 Advanced Micro Devices, Inc. All Rights Reserved.
--------------------------------------------------------------------------------------------------------------------------------------------------------
| Tool Version : Vivado v.2024.1 (win64) Build 5076996 Wed May 22 18:37:14 MDT 2024
| Date         : Sun Jul 19 01:52:15 2026
| Host         : DESKTOP-63734QH running 64-bit major release  (build 9200)
| Command      : report_timing_summary -delay_type max -max_paths 20 -file F:/repos/pynq_butterfly/reports/modmul_radix4_flat_compare/radix4_timing.rpt
| Design       : modmul_core_radix4_flat
| Device       : 7z020-clg400
| Speed File   : -1  PRODUCTION 1.12 2019-11-22
| Design State : Synthesized
--------------------------------------------------------------------------------------------------------------------------------------------------------

Timing Summary Report

------------------------------------------------------------------------------------------------
| Timer Settings
| --------------
------------------------------------------------------------------------------------------------

  Enable Multi Corner Analysis               :  Yes
  Enable Pessimism Removal                   :  Yes
  Pessimism Removal Resolution               :  Nearest Common Node
  Enable Input Delay Default Clock           :  No
  Enable Preset / Clear Arcs                 :  No
  Disable Flight Delays                      :  No
  Ignore I/O Paths                           :  No
  Timing Early Launch at Borrowing Latches   :  No
  Borrow Time for Max Delay Exceptions       :  Yes
  Merge Timing Exceptions                    :  Yes
  Inter-SLR Compensation                     :  Conservative

  Corner  Analyze    Analyze    
  Name    Max Paths  Min Paths  
  ------  ---------  ---------  
  Slow    Yes        Yes        
  Fast    Yes        Yes        


------------------------------------------------------------------------------------------------
| Report Methodology
| ------------------
------------------------------------------------------------------------------------------------

No report available as report_methodology has not been run prior. Run report_methodology on the current design for the summary of methodology violations.



check_timing report

Table of Contents
-----------------
1. checking no_clock (0)
2. checking constant_clock (0)
3. checking pulse_width_clock (0)
4. checking unconstrained_internal_endpoints (0)
5. checking no_input_delay (98)
6. checking no_output_delay (34)
7. checking multiple_clock (0)
8. checking generated_clocks (0)
9. checking loops (0)
10. checking partial_input_delay (0)
11. checking partial_output_delay (0)
12. checking latch_loops (0)

1. checking no_clock (0)
------------------------
 There are 0 register/latch pins with no clock.


2. checking constant_clock (0)
------------------------------
 There are 0 register/latch pins with constant_clock.


3. checking pulse_width_clock (0)
---------------------------------
 There are 0 register/latch pins which need pulse_width check


4. checking unconstrained_internal_endpoints (0)
------------------------------------------------
 There are 0 pins that are not constrained for maximum delay.

 There are 0 pins that are not constrained for maximum delay due to constant clock.


5. checking no_input_delay (98)
-------------------------------
 There are 98 input ports with no input delay specified. (HIGH)

 There are 0 input ports with no input delay but user has a false path constraint.


6. checking no_output_delay (34)
--------------------------------
 There are 34 ports with no output delay specified. (HIGH)

 There are 0 ports with no output delay but user has a false path constraint

 There are 0 ports with no output delay but with a timing clock defined on it or propagating through it


7. checking multiple_clock (0)
------------------------------
 There are 0 register/latch pins with multiple clocks.


8. checking generated_clocks (0)
--------------------------------
 There are 0 generated clocks that are not connected to a clock source.


9. checking loops (0)
---------------------
 There are 0 combinational loops in the design.


10. checking partial_input_delay (0)
------------------------------------
 There are 0 input ports with partial input delay specified.


11. checking partial_output_delay (0)
-------------------------------------
 There are 0 ports with partial output delay specified.


12. checking latch_loops (0)
----------------------------
 There are 0 combinational latch loops in the design through latch input



------------------------------------------------------------------------------------------------
| Design Timing Summary
| ---------------------
------------------------------------------------------------------------------------------------

    WNS(ns)      TNS(ns)  TNS Failing Endpoints  TNS Total Endpoints     WPWS(ns)     TPWS(ns)  TPWS Failing Endpoints  TPWS Total Endpoints  
    -------      -------  ---------------------  -------------------     --------     --------  ----------------------  --------------------  
      1.885        0.000                      0                  366        4.500        0.000                       0                   167  


All user specified timing constraints are met.


------------------------------------------------------------------------------------------------
| Clock Summary
| -------------
------------------------------------------------------------------------------------------------

Clock  Waveform(ns)       Period(ns)      Frequency(MHz)
-----  ------------       ----------      --------------
clk    {0.000 5.000}      10.000          100.000         


------------------------------------------------------------------------------------------------
| Intra Clock Table
| -----------------
------------------------------------------------------------------------------------------------

Clock             WNS(ns)      TNS(ns)  TNS Failing Endpoints  TNS Total Endpoints     WPWS(ns)     TPWS(ns)  TPWS Failing Endpoints  TPWS Total Endpoints  
-----             -------      -------  ---------------------  -------------------     --------     --------  ----------------------  --------------------  
clk                 1.885        0.000                      0                  366        4.500        0.000                       0                   167  


------------------------------------------------------------------------------------------------
| Inter Clock Table
| -----------------
------------------------------------------------------------------------------------------------

From Clock    To Clock          WNS(ns)      TNS(ns)  TNS Failing Endpoints  TNS Total Endpoints  
----------    --------          -------      -------  ---------------------  -------------------  


------------------------------------------------------------------------------------------------
| Other Path Groups Table
| -----------------------
------------------------------------------------------------------------------------------------

Path Group    From Clock    To Clock          WNS(ns)      TNS(ns)  TNS Failing Endpoints  TNS Total Endpoints  
----------    ----------    --------          -------      -------  ---------------------  -------------------  


------------------------------------------------------------------------------------------------
| Timing Details
| --------------
------------------------------------------------------------------------------------------------


---------------------------------------------------------------------------------------------------
From Clock:  clk
  To Clock:  clk

Setup :            0  Failing Endpoints,  Worst Slack        1.885ns,  Total Violation        0.000ns
Hold  :           NA  Failing Endpoints,  Worst Slack           NA  ,  Total Violation           NA
PW    :            0  Failing Endpoints,  Worst Slack        4.500ns,  Total Violation        0.000ns
---------------------------------------------------------------------------------------------------


Max Delay Paths
--------------------------------------------------------------------------------------
Slack (MET) :             1.885ns  (required time - arrival time)
  Source:                 y_reg[0]/C
                            (rising edge-triggered cell FDRE clocked by clk  {rise@0.000ns fall@5.000ns period=10.000ns})
  Destination:            acc_reg[27]/D
                            (rising edge-triggered cell FDRE clocked by clk  {rise@0.000ns fall@5.000ns period=10.000ns})
  Path Group:             clk
  Path Type:              Setup (Max at Slow Process Corner)
  Requirement:            10.000ns  (clk rise@10.000ns - clk rise@0.000ns)
  Data Path Delay:        7.979ns  (logic 4.520ns (56.649%)  route 3.459ns (43.351%))
  Logic Levels:           14  (CARRY4=9 LUT3=1 LUT4=2 LUT5=2)
  Clock Path Skew:        -0.145ns (DCD - SCD + CPR)
    Destination Clock Delay (DCD):    2.128ns = ( 12.128 - 10.000 ) 
    Source Clock Delay      (SCD):    2.456ns
    Clock Pessimism Removal (CPR):    0.184ns
  Clock Uncertainty:      0.035ns  ((TSJ^2 + TIJ^2)^1/2 + DJ) / 2 + PE
    Total System Jitter     (TSJ):    0.071ns
    Total Input Jitter      (TIJ):    0.000ns
    Discrete Jitter          (DJ):    0.000ns
    Phase Error              (PE):    0.000ns

    Location             Delay type                Incr(ns)  Path(ns)    Netlist Resource(s)
  -------------------------------------------------------------------    -------------------
                         (clock clk rise edge)        0.000     0.000 r  
                                                      0.000     0.000 r  clk (IN)
                         net (fo=0)                   0.000     0.000    clk
                         IBUF (Prop_ibuf_I_O)         0.972     0.972 r  clk_IBUF_inst/O
                         net (fo=1, unplaced)         0.800     1.771    clk_IBUF
                         BUFG (Prop_bufg_I_O)         0.101     1.872 r  clk_IBUF_BUFG_inst/O
                         net (fo=166, unplaced)       0.584     2.456    clk_IBUF_BUFG
                         FDRE                                         r  y_reg[0]/C
  -------------------------------------------------------------------    -------------------
                         FDRE (Prop_fdre_C_Q)         0.478     2.934 r  y_reg[0]/Q
                         net (fo=64, unplaced)        0.829     3.763    y_reg_n_0_[0]
                         LUT4 (Prop_lut4_I1_O)        0.295     4.058 r  acc[0]_i_22/O
                         net (fo=1, unplaced)         0.000     4.058    acc[0]_i_22_n_0
                         CARRY4 (Prop_carry4_S[1]_CO[3])
                                                      0.533     4.591 r  acc_reg[0]_i_19/CO[3]
                         net (fo=1, unplaced)         0.009     4.600    acc_reg[0]_i_19_n_0
                         CARRY4 (Prop_carry4_CI_CO[3])
                                                      0.117     4.717 r  acc_reg[7]_i_18/CO[3]
                         net (fo=1, unplaced)         0.000     4.717    acc_reg[7]_i_18_n_0
                         CARRY4 (Prop_carry4_CI_CO[3])
                                                      0.117     4.834 r  acc_reg[11]_i_19/CO[3]
                         net (fo=1, unplaced)         0.000     4.834    acc_reg[11]_i_19_n_0
                         CARRY4 (Prop_carry4_CI_CO[3])
                                                      0.117     4.951 r  acc_reg[15]_i_19/CO[3]
                         net (fo=1, unplaced)         0.000     4.951    acc_reg[15]_i_19_n_0
                         CARRY4 (Prop_carry4_CI_O[3])
                                                      0.331     5.282 r  acc_reg[19]_i_19/O[3]
                         net (fo=1, unplaced)         0.618     5.900    selected_raw1[19]
                         LUT5 (Prop_lut5_I4_O)        0.307     6.207 r  acc[19]_i_10/O
                         net (fo=1, unplaced)         0.000     6.207    acc[19]_i_10_n_0
                         CARRY4 (Prop_carry4_S[3]_CO[3])
                                                      0.376     6.583 r  acc_reg[19]_i_4/CO[3]
                         net (fo=1, unplaced)         0.000     6.583    acc_reg[19]_i_4_n_0
                         CARRY4 (Prop_carry4_CI_O[1])
                                                      0.337     6.920 r  acc_reg[23]_i_4/O[1]
                         net (fo=8, unplaced)         0.649     7.569    acc_reg[23]_i_4_n_6
                         LUT4 (Prop_lut4_I1_O)        0.306     7.875 r  acc[24]_i_10/O
                         net (fo=1, unplaced)         0.000     7.875    acc[24]_i_10_n_0
                         CARRY4 (Prop_carry4_S[1]_CO[3])
                                                      0.533     8.408 r  acc_reg[24]_i_3/CO[3]
                         net (fo=1, unplaced)         0.000     8.408    acc_reg[24]_i_3_n_0
                         CARRY4 (Prop_carry4_CI_O[2])
                                                      0.256     8.664 r  acc_reg[28]_i_3/O[2]
                         net (fo=1, unplaced)         0.905     9.569    acc_reg[28]_i_3_n_5
                         LUT5 (Prop_lut5_I4_O)        0.301     9.870 r  acc[27]_i_3/O
                         net (fo=1, unplaced)         0.449    10.319    acc[27]_i_3_n_0
                         LUT3 (Prop_lut3_I2_O)        0.116    10.435 r  acc[27]_i_1/O
                         net (fo=2, unplaced)         0.000    10.435    next_acc[27]
                         FDRE                                         r  acc_reg[27]/D
  -------------------------------------------------------------------    -------------------

                         (clock clk rise edge)       10.000    10.000 r  
                                                      0.000    10.000 r  clk (IN)
                         net (fo=0)                   0.000    10.000    clk
                         IBUF (Prop_ibuf_I_O)         0.838    10.838 r  clk_IBUF_inst/O
                         net (fo=1, unplaced)         0.760    11.598    clk_IBUF
                         BUFG (Prop_bufg_I_O)         0.091    11.689 r  clk_IBUF_BUFG_inst/O
                         net (fo=166, unplaced)       0.439    12.128    clk_IBUF_BUFG
                         FDRE                                         r  acc_reg[27]/C
                         clock pessimism              0.184    12.311    
                         clock uncertainty           -0.035    12.276    
                         FDRE (Setup_fdre_C_D)        0.044    12.320    acc_reg[27]
  -------------------------------------------------------------------
                         required time                         12.320    
                         arrival time                         -10.435    
  -------------------------------------------------------------------
                         slack                                  1.885    

Slack (MET) :             1.885ns  (required time - arrival time)
  Source:                 y_reg[0]/C
                            (rising edge-triggered cell FDRE clocked by clk  {rise@0.000ns fall@5.000ns period=10.000ns})
  Destination:            result_reg[27]/D
                            (rising edge-triggered cell FDRE clocked by clk  {rise@0.000ns fall@5.000ns period=10.000ns})
  Path Group:             clk
  Path Type:              Setup (Max at Slow Process Corner)
  Requirement:            10.000ns  (clk rise@10.000ns - clk rise@0.000ns)
  Data Path Delay:        7.979ns  (logic 4.520ns (56.649%)  route 3.459ns (43.351%))
  Logic Levels:           14  (CARRY4=9 LUT3=1 LUT4=2 LUT5=2)
  Clock Path Skew:        -0.145ns (DCD - SCD + CPR)
    Destination Clock Delay (DCD):    2.128ns = ( 12.128 - 10.000 ) 
    Source Clock Delay      (SCD):    2.456ns
    Clock Pessimism Removal (CPR):    0.184ns
  Clock Uncertainty:      0.035ns  ((TSJ^2 + TIJ^2)^1/2 + DJ) / 2 + PE
    Total System Jitter     (TSJ):    0.071ns
    Total Input Jitter      (TIJ):    0.000ns
    Discrete Jitter          (DJ):    0.000ns
    Phase Error              (PE):    0.000ns

    Location             Delay type                Incr(ns)  Path(ns)    Netlist Resource(s)
  -------------------------------------------------------------------    -------------------
                         (clock clk rise edge)        0.000     0.000 r  
                                                      0.000     0.000 r  clk (IN)
                         net (fo=0)                   0.000     0.000    clk
                         IBUF (Prop_ibuf_I_O)         0.972     0.972 r  clk_IBUF_inst/O
                         net (fo=1, unplaced)         0.800     1.771    clk_IBUF
                         BUFG (Prop_bufg_I_O)         0.101     1.872 r  clk_IBUF_BUFG_inst/O
                         net (fo=166, unplaced)       0.584     2.456    clk_IBUF_BUFG
                         FDRE                                         r  y_reg[0]/C
  -------------------------------------------------------------------    -------------------
                         FDRE (Prop_fdre_C_Q)         0.478     2.934 r  y_reg[0]/Q
                         net (fo=64, unplaced)        0.829     3.763    y_reg_n_0_[0]
                         LUT4 (Prop_lut4_I1_O)        0.295     4.058 r  acc[0]_i_22/O
                         net (fo=1, unplaced)         0.000     4.058    acc[0]_i_22_n_0
                         CARRY4 (Prop_carry4_S[1]_CO[3])
                                                      0.533     4.591 r  acc_reg[0]_i_19/CO[3]
                         net (fo=1, unplaced)         0.009     4.600    acc_reg[0]_i_19_n_0
                         CARRY4 (Prop_carry4_CI_CO[3])
                                                      0.117     4.717 r  acc_reg[7]_i_18/CO[3]
                         net (fo=1, unplaced)         0.000     4.717    acc_reg[7]_i_18_n_0
                         CARRY4 (Prop_carry4_CI_CO[3])
                                                      0.117     4.834 r  acc_reg[11]_i_19/CO[3]
                         net (fo=1, unplaced)         0.000     4.834    acc_reg[11]_i_19_n_0
                         CARRY4 (Prop_carry4_CI_CO[3])
                                                      0.117     4.951 r  acc_reg[15]_i_19/CO[3]
                         net (fo=1, unplaced)         0.000     4.951    acc_reg[15]_i_19_n_0
                         CARRY4 (Prop_carry4_CI_O[3])
                                                      0.331     5.282 r  acc_reg[19]_i_19/O[3]
                         net (fo=1, unplaced)         0.618     5.900    selected_raw1[19]
                         LUT5 (Prop_lut5_I4_O)        0.307     6.207 r  acc[19]_i_10/O
                         net (fo=1, unplaced)         0.000     6.207    acc[19]_i_10_n_0
                         CARRY4 (Prop_carry4_S[3]_CO[3])
                                                      0.376     6.583 r  acc_reg[19]_i_4/CO[3]
                         net (fo=1, unplaced)         0.000     6.583    acc_reg[19]_i_4_n_0
                         CARRY4 (Prop_carry4_CI_O[1])
                                                      0.337     6.920 r  acc_reg[23]_i_4/O[1]
                         net (fo=8, unplaced)         0.649     7.569    acc_reg[23]_i_4_n_6
                         LUT4 (Prop_lut4_I1_O)        0.306     7.875 r  acc[24]_i_10/O
                         net (fo=1, unplaced)         0.000     7.875    acc[24]_i_10_n_0
                         CARRY4 (Prop_carry4_S[1]_CO[3])
                                                      0.533     8.408 r  acc_reg[24]_i_3/CO[3]
                         net (fo=1, unplaced)         0.000     8.408    acc_reg[24]_i_3_n_0
                         CARRY4 (Prop_carry4_CI_O[2])
                                                      0.256     8.664 r  acc_reg[28]_i_3/O[2]
                         net (fo=1, unplaced)         0.905     9.569    acc_reg[28]_i_3_n_5
                         LUT5 (Prop_lut5_I4_O)        0.301     9.870 r  acc[27]_i_3/O
                         net (fo=1, unplaced)         0.449    10.319    acc[27]_i_3_n_0
                         LUT3 (Prop_lut3_I2_O)        0.116    10.435 r  acc[27]_i_1/O
                         net (fo=2, unplaced)         0.000    10.435    next_acc[27]
                         FDRE                                         r  result_reg[27]/D
  -------------------------------------------------------------------    -------------------

                         (clock clk rise edge)       10.000    10.000 r  
                                                      0.000    10.000 r  clk (IN)
                         net (fo=0)                   0.000    10.000    clk
                         IBUF (Prop_ibuf_I_O)         0.838    10.838 r  clk_IBUF_inst/O
                         net (fo=1, unplaced)         0.760    11.598    clk_IBUF
                         BUFG (Prop_bufg_I_O)         0.091    11.689 r  clk_IBUF_BUFG_inst/O
                         net (fo=166, unplaced)       0.439    12.128    clk_IBUF_BUFG
                         FDRE                                         r  result_reg[27]/C
                         clock pessimism              0.184    12.311    
                         clock uncertainty           -0.035    12.276    
                         FDRE (Setup_fdre_C_D)        0.044    12.320    result_reg[27]
  -------------------------------------------------------------------
                         required time                         12.320    
                         arrival time                         -10.435    
  -------------------------------------------------------------------
                         slack                                  1.885    

Slack (MET) :             1.939ns  (required time - arrival time)
  Source:                 y_reg[0]/C
                            (rising edge-triggered cell FDRE clocked by clk  {rise@0.000ns fall@5.000ns period=10.000ns})
  Destination:            acc_reg[31]/D
                            (rising edge-triggered cell FDRE clocked by clk  {rise@0.000ns fall@5.000ns period=10.000ns})
  Path Group:             clk
  Path Type:              Setup (Max at Slow Process Corner)
  Requirement:            10.000ns  (clk rise@10.000ns - clk rise@0.000ns)
  Data Path Delay:        7.925ns  (logic 4.556ns (57.489%)  route 3.369ns (42.511%))
  Logic Levels:           15  (CARRY4=10 LUT2=1 LUT3=1 LUT4=1 LUT5=2)
  Clock Path Skew:        -0.145ns (DCD - SCD + CPR)
    Destination Clock Delay (DCD):    2.128ns = ( 12.128 - 10.000 ) 
    Source Clock Delay      (SCD):    2.456ns
    Clock Pessimism Removal (CPR):    0.184ns
  Clock Uncertainty:      0.035ns  ((TSJ^2 + TIJ^2)^1/2 + DJ) / 2 + PE
    Total System Jitter     (TSJ):    0.071ns
    Total Input Jitter      (TIJ):    0.000ns
    Discrete Jitter          (DJ):    0.000ns
    Phase Error              (PE):    0.000ns

    Location             Delay type                Incr(ns)  Path(ns)    Netlist Resource(s)
  -------------------------------------------------------------------    -------------------
                         (clock clk rise edge)        0.000     0.000 r  
                                                      0.000     0.000 r  clk (IN)
                         net (fo=0)                   0.000     0.000    clk
                         IBUF (Prop_ibuf_I_O)         0.972     0.972 r  clk_IBUF_inst/O
                         net (fo=1, unplaced)         0.800     1.771    clk_IBUF
                         BUFG (Prop_bufg_I_O)         0.101     1.872 r  clk_IBUF_BUFG_inst/O
                         net (fo=166, unplaced)       0.584     2.456    clk_IBUF_BUFG
                         FDRE                                         r  y_reg[0]/C
  -------------------------------------------------------------------    -------------------
                         FDRE (Prop_fdre_C_Q)         0.478     2.934 r  y_reg[0]/Q
                         net (fo=64, unplaced)        0.829     3.763    y_reg_n_0_[0]
                         LUT4 (Prop_lut4_I1_O)        0.295     4.058 r  acc[0]_i_22/O
                         net (fo=1, unplaced)         0.000     4.058    acc[0]_i_22_n_0
                         CARRY4 (Prop_carry4_S[1]_CO[3])
                                                      0.533     4.591 r  acc_reg[0]_i_19/CO[3]
                         net (fo=1, unplaced)         0.009     4.600    acc_reg[0]_i_19_n_0
                         CARRY4 (Prop_carry4_CI_CO[3])
                                                      0.117     4.717 r  acc_reg[7]_i_18/CO[3]
                         net (fo=1, unplaced)         0.000     4.717    acc_reg[7]_i_18_n_0
                         CARRY4 (Prop_carry4_CI_CO[3])
                                                      0.117     4.834 r  acc_reg[11]_i_19/CO[3]
                         net (fo=1, unplaced)         0.000     4.834    acc_reg[11]_i_19_n_0
                         CARRY4 (Prop_carry4_CI_CO[3])
                                                      0.117     4.951 r  acc_reg[15]_i_19/CO[3]
                         net (fo=1, unplaced)         0.000     4.951    acc_reg[15]_i_19_n_0
                         CARRY4 (Prop_carry4_CI_CO[3])
                                                      0.117     5.068 r  acc_reg[19]_i_19/CO[3]
                         net (fo=1, unplaced)         0.000     5.068    acc_reg[19]_i_19_n_0
                         CARRY4 (Prop_carry4_CI_O[3])
                                                      0.331     5.399 r  acc_reg[23]_i_19/O[3]
                         net (fo=1, unplaced)         0.618     6.017    selected_raw1[23]
                         LUT5 (Prop_lut5_I4_O)        0.307     6.324 r  acc[23]_i_10/O
                         net (fo=1, unplaced)         0.000     6.324    acc[23]_i_10_n_0
                         CARRY4 (Prop_carry4_S[3]_CO[3])
                                                      0.376     6.700 r  acc_reg[23]_i_4/CO[3]
                         net (fo=1, unplaced)         0.000     6.700    acc_reg[23]_i_4_n_0
                         CARRY4 (Prop_carry4_CI_O[3])
                                                      0.331     7.031 r  acc_reg[27]_i_4/O[3]
                         net (fo=8, unplaced)         0.656     7.687    acc_reg[27]_i_4_n_4
                         LUT2 (Prop_lut2_I0_O)        0.307     7.994 r  acc[27]_i_15/O
                         net (fo=1, unplaced)         0.000     7.994    acc[27]_i_15_n_0
                         CARRY4 (Prop_carry4_S[3]_CO[3])
                                                      0.376     8.370 r  acc_reg[27]_i_9/CO[3]
                         net (fo=1, unplaced)         0.000     8.370    acc_reg[27]_i_9_n_0
                         CARRY4 (Prop_carry4_CI_O[3])
                                                      0.331     8.701 r  acc_reg[31]_i_14/O[3]
                         net (fo=1, unplaced)         0.808     9.509    acc_reg[31]_i_14_n_4
                         LUT5 (Prop_lut5_I0_O)        0.307     9.816 r  acc[31]_i_5/O
                         net (fo=1, unplaced)         0.449    10.265    acc[31]_i_5_n_0
                         LUT3 (Prop_lut3_I2_O)        0.116    10.381 r  acc[31]_i_2/O
                         net (fo=2, unplaced)         0.000    10.381    next_acc[31]
                         FDRE                                         r  acc_reg[31]/D
  -------------------------------------------------------------------    -------------------

                         (clock clk rise edge)       10.000    10.000 r  
                                                      0.000    10.000 r  clk (IN)
                         net (fo=0)                   0.000    10.000    clk
                         IBUF (Prop_ibuf_I_O)         0.838    10.838 r  clk_IBUF_inst/O
                         net (fo=1, unplaced)         0.760    11.598    clk_IBUF
                         BUFG (Prop_bufg_I_O)         0.091    11.689 r  clk_IBUF_BUFG_inst/O
                         net (fo=166, unplaced)       0.439    12.128    clk_IBUF_BUFG
                         FDRE                                         r  acc_reg[31]/C
                         clock pessimism              0.184    12.311    
                         clock uncertainty           -0.035    12.276    
                         FDRE (Setup_fdre_C_D)        0.044    12.320    acc_reg[31]
  -------------------------------------------------------------------
                         required time                         12.320    
                         arrival time                         -10.381    
  -------------------------------------------------------------------
                         slack                                  1.939    

Slack (MET) :             1.939ns  (required time - arrival time)
  Source:                 y_reg[0]/C
                            (rising edge-triggered cell FDRE clocked by clk  {rise@0.000ns fall@5.000ns period=10.000ns})
  Destination:            result_reg[31]/D
                            (rising edge-triggered cell FDRE clocked by clk  {rise@0.000ns fall@5.000ns period=10.000ns})
  Path Group:             clk
  Path Type:              Setup (Max at Slow Process Corner)
  Requirement:            10.000ns  (clk rise@10.000ns - clk rise@0.000ns)
  Data Path Delay:        7.925ns  (logic 4.556ns (57.489%)  route 3.369ns (42.511%))
  Logic Levels:           15  (CARRY4=10 LUT2=1 LUT3=1 LUT4=1 LUT5=2)
  Clock Path Skew:        -0.145ns (DCD - SCD + CPR)
    Destination Clock Delay (DCD):    2.128ns = ( 12.128 - 10.000 ) 
    Source Clock Delay      (SCD):    2.456ns
    Clock Pessimism Removal (CPR):    0.184ns
  Clock Uncertainty:      0.035ns  ((TSJ^2 + TIJ^2)^1/2 + DJ) / 2 + PE
    Total System Jitter     (TSJ):    0.071ns
    Total Input Jitter      (TIJ):    0.000ns
    Discrete Jitter          (DJ):    0.000ns
    Phase Error              (PE):    0.000ns

    Location             Delay type                Incr(ns)  Path(ns)    Netlist Resource(s)
  -------------------------------------------------------------------    -------------------
                         (clock clk rise edge)        0.000     0.000 r  
                                                      0.000     0.000 r  clk (IN)
                         net (fo=0)                   0.000     0.000    clk
                         IBUF (Prop_ibuf_I_O)         0.972     0.972 r  clk_IBUF_inst/O
                         net (fo=1, unplaced)         0.800     1.771    clk_IBUF
                         BUFG (Prop_bufg_I_O)         0.101     1.872 r  clk_IBUF_BUFG_inst/O
                         net (fo=166, unplaced)       0.584     2.456    clk_IBUF_BUFG
                         FDRE                                         r  y_reg[0]/C
  -------------------------------------------------------------------    -------------------
                         FDRE (Prop_fdre_C_Q)         0.478     2.934 r  y_reg[0]/Q
                         net (fo=64, unplaced)        0.829     3.763    y_reg_n_0_[0]
                         LUT4 (Prop_lut4_I1_O)        0.295     4.058 r  acc[0]_i_22/O
                         net (fo=1, unplaced)         0.000     4.058    acc[0]_i_22_n_0
                         CARRY4 (Prop_carry4_S[1]_CO[3])
                                                      0.533     4.591 r  acc_reg[0]_i_19/CO[3]
                         net (fo=1, unplaced)         0.009     4.600    acc_reg[0]_i_19_n_0
                         CARRY4 (Prop_carry4_CI_CO[3])
                                                      0.117     4.717 r  acc_reg[7]_i_18/CO[3]
                         net (fo=1, unplaced)         0.000     4.717    acc_reg[7]_i_18_n_0
                         CARRY4 (Prop_carry4_CI_CO[3])
                                                      0.117     4.834 r  acc_reg[11]_i_19/CO[3]
                         net (fo=1, unplaced)         0.000     4.834    acc_reg[11]_i_19_n_0
                         CARRY4 (Prop_carry4_CI_CO[3])
                                                      0.117     4.951 r  acc_reg[15]_i_19/CO[3]
                         net (fo=1, unplaced)         0.000     4.951    acc_reg[15]_i_19_n_0
                         CARRY4 (Prop_carry4_CI_CO[3])
                                                      0.117     5.068 r  acc_reg[19]_i_19/CO[3]
                         net (fo=1, unplaced)         0.000     5.068    acc_reg[19]_i_19_n_0
                         CARRY4 (Prop_carry4_CI_O[3])
                                                      0.331     5.399 r  acc_reg[23]_i_19/O[3]
                         net (fo=1, unplaced)         0.618     6.017    selected_raw1[23]
                         LUT5 (Prop_lut5_I4_O)        0.307     6.324 r  acc[23]_i_10/O
                         net (fo=1, unplaced)         0.000     6.324    acc[23]_i_10_n_0
                         CARRY4 (Prop_carry4_S[3]_CO[3])
                                                      0.376     6.700 r  acc_reg[23]_i_4/CO[3]
                         net (fo=1, unplaced)         0.000     6.700    acc_reg[23]_i_4_n_0
                         CARRY4 (Prop_carry4_CI_O[3])
                                                      0.331     7.031 r  acc_reg[27]_i_4/O[3]
                         net (fo=8, unplaced)         0.656     7.687    acc_reg[27]_i_4_n_4
                         LUT2 (Prop_lut2_I0_O)        0.307     7.994 r  acc[27]_i_15/O
                         net (fo=1, unplaced)         0.000     7.994    acc[27]_i_15_n_0
                         CARRY4 (Prop_carry4_S[3]_CO[3])
                                                      0.376     8.370 r  acc_reg[27]_i_9/CO[3]
                         net (fo=1, unplaced)         0.000     8.370    acc_reg[27]_i_9_n_0
                         CARRY4 (Prop_carry4_CI_O[3])
                                                      0.331     8.701 r  acc_reg[31]_i_14/O[3]
                         net (fo=1, unplaced)         0.808     9.509    acc_reg[31]_i_14_n_4
                         LUT5 (Prop_lut5_I0_O)        0.307     9.816 r  acc[31]_i_5/O
                         net (fo=1, unplaced)         0.449    10.265    acc[31]_i_5_n_0
                         LUT3 (Prop_lut3_I2_O)        0.116    10.381 r  acc[31]_i_2/O
                         net (fo=2, unplaced)         0.000    10.381    next_acc[31]
                         FDRE                                         r  result_reg[31]/D
  -------------------------------------------------------------------    -------------------

                         (clock clk rise edge)       10.000    10.000 r  
                                                      0.000    10.000 r  clk (IN)
                         net (fo=0)                   0.000    10.000    clk
                         IBUF (Prop_ibuf_I_O)         0.838    10.838 r  clk_IBUF_inst/O
                         net (fo=1, unplaced)         0.760    11.598    clk_IBUF
                         BUFG (Prop_bufg_I_O)         0.091    11.689 r  clk_IBUF_BUFG_inst/O
                         net (fo=166, unplaced)       0.439    12.128    clk_IBUF_BUFG
                         FDRE                                         r  result_reg[31]/C
                         clock pessimism              0.184    12.311    
                         clock uncertainty           -0.035    12.276    
                         FDRE (Setup_fdre_C_D)        0.044    12.320    result_reg[31]
  -------------------------------------------------------------------
                         required time                         12.320    
                         arrival time                         -10.381    
  -------------------------------------------------------------------
                         slack                                  1.939    

Slack (MET) :             1.968ns  (required time - arrival time)
  Source:                 y_reg[0]/C
                            (rising edge-triggered cell FDRE clocked by clk  {rise@0.000ns fall@5.000ns period=10.000ns})
  Destination:            acc_reg[30]/D
                            (rising edge-triggered cell FDRE clocked by clk  {rise@0.000ns fall@5.000ns period=10.000ns})
  Path Group:             clk
  Path Type:              Setup (Max at Slow Process Corner)
  Requirement:            10.000ns  (clk rise@10.000ns - clk rise@0.000ns)
  Data Path Delay:        7.896ns  (logic 4.731ns (59.916%)  route 3.165ns (40.084%))
  Logic Levels:           15  (CARRY4=10 LUT3=1 LUT4=2 LUT5=2)
  Clock Path Skew:        -0.145ns (DCD - SCD + CPR)
    Destination Clock Delay (DCD):    2.128ns = ( 12.128 - 10.000 ) 
    Source Clock Delay      (SCD):    2.456ns
    Clock Pessimism Removal (CPR):    0.184ns
  Clock Uncertainty:      0.035ns  ((TSJ^2 + TIJ^2)^1/2 + DJ) / 2 + PE
    Total System Jitter     (TSJ):    0.071ns
    Total Input Jitter      (TIJ):    0.000ns
    Discrete Jitter          (DJ):    0.000ns
    Phase Error              (PE):    0.000ns

    Location             Delay type                Incr(ns)  Path(ns)    Netlist Resource(s)
  -------------------------------------------------------------------    -------------------
                         (clock clk rise edge)        0.000     0.000 r  
                                                      0.000     0.000 r  clk (IN)
                         net (fo=0)                   0.000     0.000    clk
                         IBUF (Prop_ibuf_I_O)         0.972     0.972 r  clk_IBUF_inst/O
                         net (fo=1, unplaced)         0.800     1.771    clk_IBUF
                         BUFG (Prop_bufg_I_O)         0.101     1.872 r  clk_IBUF_BUFG_inst/O
                         net (fo=166, unplaced)       0.584     2.456    clk_IBUF_BUFG
                         FDRE                                         r  y_reg[0]/C
  -------------------------------------------------------------------    -------------------
                         FDRE (Prop_fdre_C_Q)         0.478     2.934 r  y_reg[0]/Q
                         net (fo=64, unplaced)        0.829     3.763    y_reg_n_0_[0]
                         LUT4 (Prop_lut4_I1_O)        0.295     4.058 r  acc[0]_i_22/O
                         net (fo=1, unplaced)         0.000     4.058    acc[0]_i_22_n_0
                         CARRY4 (Prop_carry4_S[1]_CO[3])
                                                      0.533     4.591 r  acc_reg[0]_i_19/CO[3]
                         net (fo=1, unplaced)         0.009     4.600    acc_reg[0]_i_19_n_0
                         CARRY4 (Prop_carry4_CI_CO[3])
                                                      0.117     4.717 r  acc_reg[7]_i_18/CO[3]
                         net (fo=1, unplaced)         0.000     4.717    acc_reg[7]_i_18_n_0
                         CARRY4 (Prop_carry4_CI_CO[3])
                                                      0.117     4.834 r  acc_reg[11]_i_19/CO[3]
                         net (fo=1, unplaced)         0.000     4.834    acc_reg[11]_i_19_n_0
                         CARRY4 (Prop_carry4_CI_CO[3])
                                                      0.117     4.951 r  acc_reg[15]_i_19/CO[3]
                         net (fo=1, unplaced)         0.000     4.951    acc_reg[15]_i_19_n_0
                         CARRY4 (Prop_carry4_CI_CO[3])
                                                      0.117     5.068 r  acc_reg[19]_i_19/CO[3]
                         net (fo=1, unplaced)         0.000     5.068    acc_reg[19]_i_19_n_0
                         CARRY4 (Prop_carry4_CI_O[3])
                                                      0.331     5.399 r  acc_reg[23]_i_19/O[3]
                         net (fo=1, unplaced)         0.618     6.017    selected_raw1[23]
                         LUT5 (Prop_lut5_I4_O)        0.307     6.324 r  acc[23]_i_10/O
                         net (fo=1, unplaced)         0.000     6.324    acc[23]_i_10_n_0
                         CARRY4 (Prop_carry4_S[3]_CO[3])
                                                      0.376     6.700 r  acc_reg[23]_i_4/CO[3]
                         net (fo=1, unplaced)         0.000     6.700    acc_reg[23]_i_4_n_0
                         CARRY4 (Prop_carry4_CI_O[1])
                                                      0.337     7.037 r  acc_reg[27]_i_4/O[1]
                         net (fo=8, unplaced)         0.649     7.686    acc_reg[27]_i_4_n_6
                         LUT4 (Prop_lut4_I1_O)        0.306     7.992 r  acc[28]_i_10/O
                         net (fo=1, unplaced)         0.000     7.992    acc[28]_i_10_n_0
                         CARRY4 (Prop_carry4_S[1]_CO[3])
                                                      0.533     8.525 r  acc_reg[28]_i_3/CO[3]
                         net (fo=1, unplaced)         0.000     8.525    acc_reg[28]_i_3_n_0
                         CARRY4 (Prop_carry4_CI_O[1])
                                                      0.337     8.862 r  acc_reg[31]_i_15/O[1]
                         net (fo=1, unplaced)         0.611     9.473    acc_reg[31]_i_15_n_6
                         LUT5 (Prop_lut5_I4_O)        0.306     9.779 r  acc[30]_i_2/O
                         net (fo=1, unplaced)         0.449    10.228    acc[30]_i_2_n_0
                         LUT3 (Prop_lut3_I2_O)        0.124    10.352 r  acc[30]_i_1/O
                         net (fo=2, unplaced)         0.000    10.352    next_acc[30]
                         FDRE                                         r  acc_reg[30]/D
  -------------------------------------------------------------------    -------------------

                         (clock clk rise edge)       10.000    10.000 r  
                                                      0.000    10.000 r  clk (IN)
                         net (fo=0)                   0.000    10.000    clk
                         IBUF (Prop_ibuf_I_O)         0.838    10.838 r  clk_IBUF_inst/O
                         net (fo=1, unplaced)         0.760    11.598    clk_IBUF
                         BUFG (Prop_bufg_I_O)         0.091    11.689 r  clk_IBUF_BUFG_inst/O
                         net (fo=166, unplaced)       0.439    12.128    clk_IBUF_BUFG
                         FDRE                                         r  acc_reg[30]/C
                         clock pessimism              0.184    12.311    
                         clock uncertainty           -0.035    12.276    
                         FDRE (Setup_fdre_C_D)        0.044    12.320    acc_reg[30]
  -------------------------------------------------------------------
                         required time                         12.320    
                         arrival time                         -10.352    
  -------------------------------------------------------------------
                         slack                                  1.968    

Slack (MET) :             1.968ns  (required time - arrival time)
  Source:                 y_reg[0]/C
                            (rising edge-triggered cell FDRE clocked by clk  {rise@0.000ns fall@5.000ns period=10.000ns})
  Destination:            result_reg[30]/D
                            (rising edge-triggered cell FDRE clocked by clk  {rise@0.000ns fall@5.000ns period=10.000ns})
  Path Group:             clk
  Path Type:              Setup (Max at Slow Process Corner)
  Requirement:            10.000ns  (clk rise@10.000ns - clk rise@0.000ns)
  Data Path Delay:        7.896ns  (logic 4.731ns (59.916%)  route 3.165ns (40.084%))
  Logic Levels:           15  (CARRY4=10 LUT3=1 LUT4=2 LUT5=2)
  Clock Path Skew:        -0.145ns (DCD - SCD + CPR)
    Destination Clock Delay (DCD):    2.128ns = ( 12.128 - 10.000 ) 
    Source Clock Delay      (SCD):    2.456ns
    Clock Pessimism Removal (CPR):    0.184ns
  Clock Uncertainty:      0.035ns  ((TSJ^2 + TIJ^2)^1/2 + DJ) / 2 + PE
    Total System Jitter     (TSJ):    0.071ns
    Total Input Jitter      (TIJ):    0.000ns
    Discrete Jitter          (DJ):    0.000ns
    Phase Error              (PE):    0.000ns

    Location             Delay type                Incr(ns)  Path(ns)    Netlist Resource(s)
  -------------------------------------------------------------------    -------------------
                         (clock clk rise edge)        0.000     0.000 r  
                                                      0.000     0.000 r  clk (IN)
                         net (fo=0)                   0.000     0.000    clk
                         IBUF (Prop_ibuf_I_O)         0.972     0.972 r  clk_IBUF_inst/O
                         net (fo=1, unplaced)         0.800     1.771    clk_IBUF
                         BUFG (Prop_bufg_I_O)         0.101     1.872 r  clk_IBUF_BUFG_inst/O
                         net (fo=166, unplaced)       0.584     2.456    clk_IBUF_BUFG
                         FDRE                                         r  y_reg[0]/C
  -------------------------------------------------------------------    -------------------
                         FDRE (Prop_fdre_C_Q)         0.478     2.934 r  y_reg[0]/Q
                         net (fo=64, unplaced)        0.829     3.763    y_reg_n_0_[0]
                         LUT4 (Prop_lut4_I1_O)        0.295     4.058 r  acc[0]_i_22/O
                         net (fo=1, unplaced)         0.000     4.058    acc[0]_i_22_n_0
                         CARRY4 (Prop_carry4_S[1]_CO[3])
                                                      0.533     4.591 r  acc_reg[0]_i_19/CO[3]
                         net (fo=1, unplaced)         0.009     4.600    acc_reg[0]_i_19_n_0
                         CARRY4 (Prop_carry4_CI_CO[3])
                                                      0.117     4.717 r  acc_reg[7]_i_18/CO[3]
                         net (fo=1, unplaced)         0.000     4.717    acc_reg[7]_i_18_n_0
                         CARRY4 (Prop_carry4_CI_CO[3])
                                                      0.117     4.834 r  acc_reg[11]_i_19/CO[3]
                         net (fo=1, unplaced)         0.000     4.834    acc_reg[11]_i_19_n_0
                         CARRY4 (Prop_carry4_CI_CO[3])
                                                      0.117     4.951 r  acc_reg[15]_i_19/CO[3]
                         net (fo=1, unplaced)         0.000     4.951    acc_reg[15]_i_19_n_0
                         CARRY4 (Prop_carry4_CI_CO[3])
                                                      0.117     5.068 r  acc_reg[19]_i_19/CO[3]
                         net (fo=1, unplaced)         0.000     5.068    acc_reg[19]_i_19_n_0
                         CARRY4 (Prop_carry4_CI_O[3])
                                                      0.331     5.399 r  acc_reg[23]_i_19/O[3]
                         net (fo=1, unplaced)         0.618     6.017    selected_raw1[23]
                         LUT5 (Prop_lut5_I4_O)        0.307     6.324 r  acc[23]_i_10/O
                         net (fo=1, unplaced)         0.000     6.324    acc[23]_i_10_n_0
                         CARRY4 (Prop_carry4_S[3]_CO[3])
                                                      0.376     6.700 r  acc_reg[23]_i_4/CO[3]
                         net (fo=1, unplaced)         0.000     6.700    acc_reg[23]_i_4_n_0
                         CARRY4 (Prop_carry4_CI_O[1])
                                                      0.337     7.037 r  acc_reg[27]_i_4/O[1]
                         net (fo=8, unplaced)         0.649     7.686    acc_reg[27]_i_4_n_6
                         LUT4 (Prop_lut4_I1_O)        0.306     7.992 r  acc[28]_i_10/O
                         net (fo=1, unplaced)         0.000     7.992    acc[28]_i_10_n_0
                         CARRY4 (Prop_carry4_S[1]_CO[3])
                                                      0.533     8.525 r  acc_reg[28]_i_3/CO[3]
                         net (fo=1, unplaced)         0.000     8.525    acc_reg[28]_i_3_n_0
                         CARRY4 (Prop_carry4_CI_O[1])
                                                      0.337     8.862 r  acc_reg[31]_i_15/O[1]
                         net (fo=1, unplaced)         0.611     9.473    acc_reg[31]_i_15_n_6
                         LUT5 (Prop_lut5_I4_O)        0.306     9.779 r  acc[30]_i_2/O
                         net (fo=1, unplaced)         0.449    10.228    acc[30]_i_2_n_0
                         LUT3 (Prop_lut3_I2_O)        0.124    10.352 r  acc[30]_i_1/O
                         net (fo=2, unplaced)         0.000    10.352    next_acc[30]
                         FDRE                                         r  result_reg[30]/D
  -------------------------------------------------------------------    -------------------

                         (clock clk rise edge)       10.000    10.000 r  
                                                      0.000    10.000 r  clk (IN)
                         net (fo=0)                   0.000    10.000    clk
                         IBUF (Prop_ibuf_I_O)         0.838    10.838 r  clk_IBUF_inst/O
                         net (fo=1, unplaced)         0.760    11.598    clk_IBUF
                         BUFG (Prop_bufg_I_O)         0.091    11.689 r  clk_IBUF_BUFG_inst/O
                         net (fo=166, unplaced)       0.439    12.128    clk_IBUF_BUFG
                         FDRE                                         r  result_reg[30]/C
                         clock pessimism              0.184    12.311    
                         clock uncertainty           -0.035    12.276    
                         FDRE (Setup_fdre_C_D)        0.044    12.320    result_reg[30]
  -------------------------------------------------------------------
                         required time                         12.320    
                         arrival time                         -10.352    
  -------------------------------------------------------------------
                         slack                                  1.968    

Slack (MET) :             2.002ns  (required time - arrival time)
  Source:                 y_reg[0]/C
                            (rising edge-triggered cell FDRE clocked by clk  {rise@0.000ns fall@5.000ns period=10.000ns})
  Destination:            acc_reg[23]/D
                            (rising edge-triggered cell FDRE clocked by clk  {rise@0.000ns fall@5.000ns period=10.000ns})
  Path Group:             clk
  Path Type:              Setup (Max at Slow Process Corner)
  Requirement:            10.000ns  (clk rise@10.000ns - clk rise@0.000ns)
  Data Path Delay:        7.862ns  (logic 4.403ns (56.004%)  route 3.459ns (43.996%))
  Logic Levels:           13  (CARRY4=8 LUT3=1 LUT4=2 LUT5=2)
  Clock Path Skew:        -0.145ns (DCD - SCD + CPR)
    Destination Clock Delay (DCD):    2.128ns = ( 12.128 - 10.000 ) 
    Source Clock Delay      (SCD):    2.456ns
    Clock Pessimism Removal (CPR):    0.184ns
  Clock Uncertainty:      0.035ns  ((TSJ^2 + TIJ^2)^1/2 + DJ) / 2 + PE
    Total System Jitter     (TSJ):    0.071ns
    Total Input Jitter      (TIJ):    0.000ns
    Discrete Jitter          (DJ):    0.000ns
    Phase Error              (PE):    0.000ns

    Location             Delay type                Incr(ns)  Path(ns)    Netlist Resource(s)
  -------------------------------------------------------------------    -------------------
                         (clock clk rise edge)        0.000     0.000 r  
                                                      0.000     0.000 r  clk (IN)
                         net (fo=0)                   0.000     0.000    clk
                         IBUF (Prop_ibuf_I_O)         0.972     0.972 r  clk_IBUF_inst/O
                         net (fo=1, unplaced)         0.800     1.771    clk_IBUF
                         BUFG (Prop_bufg_I_O)         0.101     1.872 r  clk_IBUF_BUFG_inst/O
                         net (fo=166, unplaced)       0.584     2.456    clk_IBUF_BUFG
                         FDRE                                         r  y_reg[0]/C
  -------------------------------------------------------------------    -------------------
                         FDRE (Prop_fdre_C_Q)         0.478     2.934 r  y_reg[0]/Q
                         net (fo=64, unplaced)        0.829     3.763    y_reg_n_0_[0]
                         LUT4 (Prop_lut4_I1_O)        0.295     4.058 r  acc[0]_i_22/O
                         net (fo=1, unplaced)         0.000     4.058    acc[0]_i_22_n_0
                         CARRY4 (Prop_carry4_S[1]_CO[3])
                                                      0.533     4.591 r  acc_reg[0]_i_19/CO[3]
                         net (fo=1, unplaced)         0.009     4.600    acc_reg[0]_i_19_n_0
                         CARRY4 (Prop_carry4_CI_CO[3])
                                                      0.117     4.717 r  acc_reg[7]_i_18/CO[3]
                         net (fo=1, unplaced)         0.000     4.717    acc_reg[7]_i_18_n_0
                         CARRY4 (Prop_carry4_CI_CO[3])
                                                      0.117     4.834 r  acc_reg[11]_i_19/CO[3]
                         net (fo=1, unplaced)         0.000     4.834    acc_reg[11]_i_19_n_0
                         CARRY4 (Prop_carry4_CI_O[3])
                                                      0.331     5.165 r  acc_reg[15]_i_19/O[3]
                         net (fo=1, unplaced)         0.618     5.783    selected_raw1[15]
                         LUT5 (Prop_lut5_I4_O)        0.307     6.090 r  acc[15]_i_10/O
                         net (fo=1, unplaced)         0.000     6.090    acc[15]_i_10_n_0
                         CARRY4 (Prop_carry4_S[3]_CO[3])
                                                      0.376     6.466 r  acc_reg[15]_i_4/CO[3]
                         net (fo=1, unplaced)         0.000     6.466    acc_reg[15]_i_4_n_0
                         CARRY4 (Prop_carry4_CI_O[1])
                                                      0.337     6.803 r  acc_reg[19]_i_4/O[1]
                         net (fo=8, unplaced)         0.649     7.452    acc_reg[19]_i_4_n_6
                         LUT4 (Prop_lut4_I1_O)        0.306     7.758 r  acc[20]_i_10/O
                         net (fo=1, unplaced)         0.000     7.758    acc[20]_i_10_n_0
                         CARRY4 (Prop_carry4_S[1]_CO[3])
                                                      0.533     8.291 r  acc_reg[20]_i_3/CO[3]
                         net (fo=1, unplaced)         0.000     8.291    acc_reg[20]_i_3_n_0
                         CARRY4 (Prop_carry4_CI_O[2])
                                                      0.256     8.547 r  acc_reg[24]_i_3/O[2]
                         net (fo=1, unplaced)         0.905     9.452    acc_reg[24]_i_3_n_5
                         LUT5 (Prop_lut5_I4_O)        0.301     9.753 r  acc[23]_i_3/O
                         net (fo=1, unplaced)         0.449    10.202    acc[23]_i_3_n_0
                         LUT3 (Prop_lut3_I2_O)        0.116    10.318 r  acc[23]_i_1/O
                         net (fo=2, unplaced)         0.000    10.318    next_acc[23]
                         FDRE                                         r  acc_reg[23]/D
  -------------------------------------------------------------------    -------------------

                         (clock clk rise edge)       10.000    10.000 r  
                                                      0.000    10.000 r  clk (IN)
                         net (fo=0)                   0.000    10.000    clk
                         IBUF (Prop_ibuf_I_O)         0.838    10.838 r  clk_IBUF_inst/O
                         net (fo=1, unplaced)         0.760    11.598    clk_IBUF
                         BUFG (Prop_bufg_I_O)         0.091    11.689 r  clk_IBUF_BUFG_inst/O
                         net (fo=166, unplaced)       0.439    12.128    clk_IBUF_BUFG
                         FDRE                                         r  acc_reg[23]/C
                         clock pessimism              0.184    12.311    
                         clock uncertainty           -0.035    12.276    
                         FDRE (Setup_fdre_C_D)        0.044    12.320    acc_reg[23]
  -------------------------------------------------------------------
                         required time                         12.320    
                         arrival time                         -10.318    
  -------------------------------------------------------------------
                         slack                                  2.002    

Slack (MET) :             2.002ns  (required time - arrival time)
  Source:                 y_reg[0]/C
                            (rising edge-triggered cell FDRE clocked by clk  {rise@0.000ns fall@5.000ns period=10.000ns})
  Destination:            result_reg[23]/D
                            (rising edge-triggered cell FDRE clocked by clk  {rise@0.000ns fall@5.000ns period=10.000ns})
  Path Group:             clk
  Path Type:              Setup (Max at Slow Process Corner)
  Requirement:            10.000ns  (clk rise@10.000ns - clk rise@0.000ns)
  Data Path Delay:        7.862ns  (logic 4.403ns (56.004%)  route 3.459ns (43.996%))
  Logic Levels:           13  (CARRY4=8 LUT3=1 LUT4=2 LUT5=2)
  Clock Path Skew:        -0.145ns (DCD - SCD + CPR)
    Destination Clock Delay (DCD):    2.128ns = ( 12.128 - 10.000 ) 
    Source Clock Delay      (SCD):    2.456ns
    Clock Pessimism Removal (CPR):    0.184ns
  Clock Uncertainty:      0.035ns  ((TSJ^2 + TIJ^2)^1/2 + DJ) / 2 + PE
    Total System Jitter     (TSJ):    0.071ns
    Total Input Jitter      (TIJ):    0.000ns
    Discrete Jitter          (DJ):    0.000ns
    Phase Error              (PE):    0.000ns

    Location             Delay type                Incr(ns)  Path(ns)    Netlist Resource(s)
  -------------------------------------------------------------------    -------------------
                         (clock clk rise edge)        0.000     0.000 r  
                                                      0.000     0.000 r  clk (IN)
                         net (fo=0)                   0.000     0.000    clk
                         IBUF (Prop_ibuf_I_O)         0.972     0.972 r  clk_IBUF_inst/O
                         net (fo=1, unplaced)         0.800     1.771    clk_IBUF
                         BUFG (Prop_bufg_I_O)         0.101     1.872 r  clk_IBUF_BUFG_inst/O
                         net (fo=166, unplaced)       0.584     2.456    clk_IBUF_BUFG
                         FDRE                                         r  y_reg[0]/C
  -------------------------------------------------------------------    -------------------
                         FDRE (Prop_fdre_C_Q)         0.478     2.934 r  y_reg[0]/Q
                         net (fo=64, unplaced)        0.829     3.763    y_reg_n_0_[0]
                         LUT4 (Prop_lut4_I1_O)        0.295     4.058 r  acc[0]_i_22/O
                         net (fo=1, unplaced)         0.000     4.058    acc[0]_i_22_n_0
                         CARRY4 (Prop_carry4_S[1]_CO[3])
                                                      0.533     4.591 r  acc_reg[0]_i_19/CO[3]
                         net (fo=1, unplaced)         0.009     4.600    acc_reg[0]_i_19_n_0
                         CARRY4 (Prop_carry4_CI_CO[3])
                                                      0.117     4.717 r  acc_reg[7]_i_18/CO[3]
                         net (fo=1, unplaced)         0.000     4.717    acc_reg[7]_i_18_n_0
                         CARRY4 (Prop_carry4_CI_CO[3])
                                                      0.117     4.834 r  acc_reg[11]_i_19/CO[3]
                         net (fo=1, unplaced)         0.000     4.834    acc_reg[11]_i_19_n_0
                         CARRY4 (Prop_carry4_CI_O[3])
                                                      0.331     5.165 r  acc_reg[15]_i_19/O[3]
                         net (fo=1, unplaced)         0.618     5.783    selected_raw1[15]
                         LUT5 (Prop_lut5_I4_O)        0.307     6.090 r  acc[15]_i_10/O
                         net (fo=1, unplaced)         0.000     6.090    acc[15]_i_10_n_0
                         CARRY4 (Prop_carry4_S[3]_CO[3])
                                                      0.376     6.466 r  acc_reg[15]_i_4/CO[3]
                         net (fo=1, unplaced)         0.000     6.466    acc_reg[15]_i_4_n_0
                         CARRY4 (Prop_carry4_CI_O[1])
                                                      0.337     6.803 r  acc_reg[19]_i_4/O[1]
                         net (fo=8, unplaced)         0.649     7.452    acc_reg[19]_i_4_n_6
                         LUT4 (Prop_lut4_I1_O)        0.306     7.758 r  acc[20]_i_10/O
                         net (fo=1, unplaced)         0.000     7.758    acc[20]_i_10_n_0
                         CARRY4 (Prop_carry4_S[1]_CO[3])
                                                      0.533     8.291 r  acc_reg[20]_i_3/CO[3]
                         net (fo=1, unplaced)         0.000     8.291    acc_reg[20]_i_3_n_0
                         CARRY4 (Prop_carry4_CI_O[2])
                                                      0.256     8.547 r  acc_reg[24]_i_3/O[2]
                         net (fo=1, unplaced)         0.905     9.452    acc_reg[24]_i_3_n_5
                         LUT5 (Prop_lut5_I4_O)        0.301     9.753 r  acc[23]_i_3/O
                         net (fo=1, unplaced)         0.449    10.202    acc[23]_i_3_n_0
                         LUT3 (Prop_lut3_I2_O)        0.116    10.318 r  acc[23]_i_1/O
                         net (fo=2, unplaced)         0.000    10.318    next_acc[23]
                         FDRE                                         r  result_reg[23]/D
  -------------------------------------------------------------------    -------------------

                         (clock clk rise edge)       10.000    10.000 r  
                                                      0.000    10.000 r  clk (IN)
                         net (fo=0)                   0.000    10.000    clk
                         IBUF (Prop_ibuf_I_O)         0.838    10.838 r  clk_IBUF_inst/O
                         net (fo=1, unplaced)         0.760    11.598    clk_IBUF
                         BUFG (Prop_bufg_I_O)         0.091    11.689 r  clk_IBUF_BUFG_inst/O
                         net (fo=166, unplaced)       0.439    12.128    clk_IBUF_BUFG
                         FDRE                                         r  result_reg[23]/C
                         clock pessimism              0.184    12.311    
                         clock uncertainty           -0.035    12.276    
                         FDRE (Setup_fdre_C_D)        0.044    12.320    result_reg[23]
  -------------------------------------------------------------------
                         required time                         12.320    
                         arrival time                         -10.318    
  -------------------------------------------------------------------
                         slack                                  2.002    

Slack (MET) :             2.025ns  (required time - arrival time)
  Source:                 y_reg[0]/C
                            (rising edge-triggered cell FDRE clocked by clk  {rise@0.000ns fall@5.000ns period=10.000ns})
  Destination:            acc_reg[29]/D
                            (rising edge-triggered cell FDRE clocked by clk  {rise@0.000ns fall@5.000ns period=10.000ns})
  Path Group:             clk
  Path Type:              Setup (Max at Slow Process Corner)
  Requirement:            10.000ns  (clk rise@10.000ns - clk rise@0.000ns)
  Data Path Delay:        7.839ns  (logic 4.561ns (58.183%)  route 3.278ns (41.817%))
  Logic Levels:           15  (CARRY4=10 LUT2=1 LUT3=1 LUT4=1 LUT5=2)
  Clock Path Skew:        -0.145ns (DCD - SCD + CPR)
    Destination Clock Delay (DCD):    2.128ns = ( 12.128 - 10.000 ) 
    Source Clock Delay      (SCD):    2.456ns
    Clock Pessimism Removal (CPR):    0.184ns
  Clock Uncertainty:      0.035ns  ((TSJ^2 + TIJ^2)^1/2 + DJ) / 2 + PE
    Total System Jitter     (TSJ):    0.071ns
    Total Input Jitter      (TIJ):    0.000ns
    Discrete Jitter          (DJ):    0.000ns
    Phase Error              (PE):    0.000ns

    Location             Delay type                Incr(ns)  Path(ns)    Netlist Resource(s)
  -------------------------------------------------------------------    -------------------
                         (clock clk rise edge)        0.000     0.000 r  
                                                      0.000     0.000 r  clk (IN)
                         net (fo=0)                   0.000     0.000    clk
                         IBUF (Prop_ibuf_I_O)         0.972     0.972 r  clk_IBUF_inst/O
                         net (fo=1, unplaced)         0.800     1.771    clk_IBUF
                         BUFG (Prop_bufg_I_O)         0.101     1.872 r  clk_IBUF_BUFG_inst/O
                         net (fo=166, unplaced)       0.584     2.456    clk_IBUF_BUFG
                         FDRE                                         r  y_reg[0]/C
  -------------------------------------------------------------------    -------------------
                         FDRE (Prop_fdre_C_Q)         0.478     2.934 r  y_reg[0]/Q
                         net (fo=64, unplaced)        0.829     3.763    y_reg_n_0_[0]
                         LUT4 (Prop_lut4_I1_O)        0.295     4.058 r  acc[0]_i_22/O
                         net (fo=1, unplaced)         0.000     4.058    acc[0]_i_22_n_0
                         CARRY4 (Prop_carry4_S[1]_CO[3])
                                                      0.533     4.591 r  acc_reg[0]_i_19/CO[3]
                         net (fo=1, unplaced)         0.009     4.600    acc_reg[0]_i_19_n_0
                         CARRY4 (Prop_carry4_CI_CO[3])
                                                      0.117     4.717 r  acc_reg[7]_i_18/CO[3]
                         net (fo=1, unplaced)         0.000     4.717    acc_reg[7]_i_18_n_0
                         CARRY4 (Prop_carry4_CI_CO[3])
                                                      0.117     4.834 r  acc_reg[11]_i_19/CO[3]
                         net (fo=1, unplaced)         0.000     4.834    acc_reg[11]_i_19_n_0
                         CARRY4 (Prop_carry4_CI_CO[3])
                                                      0.117     4.951 r  acc_reg[15]_i_19/CO[3]
                         net (fo=1, unplaced)         0.000     4.951    acc_reg[15]_i_19_n_0
                         CARRY4 (Prop_carry4_CI_CO[3])
                                                      0.117     5.068 r  acc_reg[19]_i_19/CO[3]
                         net (fo=1, unplaced)         0.000     5.068    acc_reg[19]_i_19_n_0
                         CARRY4 (Prop_carry4_CI_O[3])
                                                      0.331     5.399 r  acc_reg[23]_i_19/O[3]
                         net (fo=1, unplaced)         0.618     6.017    selected_raw1[23]
                         LUT5 (Prop_lut5_I4_O)        0.307     6.324 r  acc[23]_i_10/O
                         net (fo=1, unplaced)         0.000     6.324    acc[23]_i_10_n_0
                         CARRY4 (Prop_carry4_S[3]_CO[3])
                                                      0.376     6.700 r  acc_reg[23]_i_4/CO[3]
                         net (fo=1, unplaced)         0.000     6.700    acc_reg[23]_i_4_n_0
                         CARRY4 (Prop_carry4_CI_O[3])
                                                      0.331     7.031 r  acc_reg[27]_i_4/O[3]
                         net (fo=8, unplaced)         0.656     7.687    acc_reg[27]_i_4_n_4
                         LUT2 (Prop_lut2_I0_O)        0.307     7.994 r  acc[27]_i_15/O
                         net (fo=1, unplaced)         0.000     7.994    acc[27]_i_15_n_0
                         CARRY4 (Prop_carry4_S[3]_CO[3])
                                                      0.376     8.370 r  acc_reg[27]_i_9/CO[3]
                         net (fo=1, unplaced)         0.000     8.370    acc_reg[27]_i_9_n_0
                         CARRY4 (Prop_carry4_CI_O[1])
                                                      0.337     8.707 r  acc_reg[31]_i_14/O[1]
                         net (fo=1, unplaced)         0.717     9.424    acc_reg[31]_i_14_n_6
                         LUT5 (Prop_lut5_I0_O)        0.306     9.730 r  acc[29]_i_2/O
                         net (fo=1, unplaced)         0.449    10.179    acc[29]_i_2_n_0
                         LUT3 (Prop_lut3_I2_O)        0.116    10.295 r  acc[29]_i_1/O
                         net (fo=2, unplaced)         0.000    10.295    next_acc[29]
                         FDRE                                         r  acc_reg[29]/D
  -------------------------------------------------------------------    -------------------

                         (clock clk rise edge)       10.000    10.000 r  
                                                      0.000    10.000 r  clk (IN)
                         net (fo=0)                   0.000    10.000    clk
                         IBUF (Prop_ibuf_I_O)         0.838    10.838 r  clk_IBUF_inst/O
                         net (fo=1, unplaced)         0.760    11.598    clk_IBUF
                         BUFG (Prop_bufg_I_O)         0.091    11.689 r  clk_IBUF_BUFG_inst/O
                         net (fo=166, unplaced)       0.439    12.128    clk_IBUF_BUFG
                         FDRE                                         r  acc_reg[29]/C
                         clock pessimism              0.184    12.311    
                         clock uncertainty           -0.035    12.276    
                         FDRE (Setup_fdre_C_D)        0.044    12.320    acc_reg[29]
  -------------------------------------------------------------------
                         required time                         12.320    
                         arrival time                         -10.295    
  -------------------------------------------------------------------
                         slack                                  2.025    

Slack (MET) :             2.025ns  (required time - arrival time)
  Source:                 y_reg[0]/C
                            (rising edge-triggered cell FDRE clocked by clk  {rise@0.000ns fall@5.000ns period=10.000ns})
  Destination:            result_reg[29]/D
                            (rising edge-triggered cell FDRE clocked by clk  {rise@0.000ns fall@5.000ns period=10.000ns})
  Path Group:             clk
  Path Type:              Setup (Max at Slow Process Corner)
  Requirement:            10.000ns  (clk rise@10.000ns - clk rise@0.000ns)
  Data Path Delay:        7.839ns  (logic 4.561ns (58.183%)  route 3.278ns (41.817%))
  Logic Levels:           15  (CARRY4=10 LUT2=1 LUT3=1 LUT4=1 LUT5=2)
  Clock Path Skew:        -0.145ns (DCD - SCD + CPR)
    Destination Clock Delay (DCD):    2.128ns = ( 12.128 - 10.000 ) 
    Source Clock Delay      (SCD):    2.456ns
    Clock Pessimism Removal (CPR):    0.184ns
  Clock Uncertainty:      0.035ns  ((TSJ^2 + TIJ^2)^1/2 + DJ) / 2 + PE
    Total System Jitter     (TSJ):    0.071ns
    Total Input Jitter      (TIJ):    0.000ns
    Discrete Jitter          (DJ):    0.000ns
    Phase Error              (PE):    0.000ns

    Location             Delay type                Incr(ns)  Path(ns)    Netlist Resource(s)
  -------------------------------------------------------------------    -------------------
                         (clock clk rise edge)        0.000     0.000 r  
                                                      0.000     0.000 r  clk (IN)
                         net (fo=0)                   0.000     0.000    clk
                         IBUF (Prop_ibuf_I_O)         0.972     0.972 r  clk_IBUF_inst/O
                         net (fo=1, unplaced)         0.800     1.771    clk_IBUF
                         BUFG (Prop_bufg_I_O)         0.101     1.872 r  clk_IBUF_BUFG_inst/O
                         net (fo=166, unplaced)       0.584     2.456    clk_IBUF_BUFG
                         FDRE                                         r  y_reg[0]/C
  -------------------------------------------------------------------    -------------------
                         FDRE (Prop_fdre_C_Q)         0.478     2.934 r  y_reg[0]/Q
                         net (fo=64, unplaced)        0.829     3.763    y_reg_n_0_[0]
                         LUT4 (Prop_lut4_I1_O)        0.295     4.058 r  acc[0]_i_22/O
                         net (fo=1, unplaced)         0.000     4.058    acc[0]_i_22_n_0
                         CARRY4 (Prop_carry4_S[1]_CO[3])
                                                      0.533     4.591 r  acc_reg[0]_i_19/CO[3]
                         net (fo=1, unplaced)         0.009     4.600    acc_reg[0]_i_19_n_0
                         CARRY4 (Prop_carry4_CI_CO[3])
                                                      0.117     4.717 r  acc_reg[7]_i_18/CO[3]
                         net (fo=1, unplaced)         0.000     4.717    acc_reg[7]_i_18_n_0
                         CARRY4 (Prop_carry4_CI_CO[3])
                                                      0.117     4.834 r  acc_reg[11]_i_19/CO[3]
                         net (fo=1, unplaced)         0.000     4.834    acc_reg[11]_i_19_n_0
                         CARRY4 (Prop_carry4_CI_CO[3])
                                                      0.117     4.951 r  acc_reg[15]_i_19/CO[3]
                         net (fo=1, unplaced)         0.000     4.951    acc_reg[15]_i_19_n_0
                         CARRY4 (Prop_carry4_CI_CO[3])
                                                      0.117     5.068 r  acc_reg[19]_i_19/CO[3]
                         net (fo=1, unplaced)         0.000     5.068    acc_reg[19]_i_19_n_0
                         CARRY4 (Prop_carry4_CI_O[3])
                                                      0.331     5.399 r  acc_reg[23]_i_19/O[3]
                         net (fo=1, unplaced)         0.618     6.017    selected_raw1[23]
                         LUT5 (Prop_lut5_I4_O)        0.307     6.324 r  acc[23]_i_10/O
                         net (fo=1, unplaced)         0.000     6.324    acc[23]_i_10_n_0
                         CARRY4 (Prop_carry4_S[3]_CO[3])
                                                      0.376     6.700 r  acc_reg[23]_i_4/CO[3]
                         net (fo=1, unplaced)         0.000     6.700    acc_reg[23]_i_4_n_0
                         CARRY4 (Prop_carry4_CI_O[3])
                                                      0.331     7.031 r  acc_reg[27]_i_4/O[3]
                         net (fo=8, unplaced)         0.656     7.687    acc_reg[27]_i_4_n_4
                         LUT2 (Prop_lut2_I0_O)        0.307     7.994 r  acc[27]_i_15/O
                         net (fo=1, unplaced)         0.000     7.994    acc[27]_i_15_n_0
                         CARRY4 (Prop_carry4_S[3]_CO[3])
                                                      0.376     8.370 r  acc_reg[27]_i_9/CO[3]
                         net (fo=1, unplaced)         0.000     8.370    acc_reg[27]_i_9_n_0
                         CARRY4 (Prop_carry4_CI_O[1])
                                                      0.337     8.707 r  acc_reg[31]_i_14/O[1]
                         net (fo=1, unplaced)         0.717     9.424    acc_reg[31]_i_14_n_6
                         LUT5 (Prop_lut5_I0_O)        0.306     9.730 r  acc[29]_i_2/O
                         net (fo=1, unplaced)         0.449    10.179    acc[29]_i_2_n_0
                         LUT3 (Prop_lut3_I2_O)        0.116    10.295 r  acc[29]_i_1/O
                         net (fo=2, unplaced)         0.000    10.295    next_acc[29]
                         FDRE                                         r  result_reg[29]/D
  -------------------------------------------------------------------    -------------------

                         (clock clk rise edge)       10.000    10.000 r  
                                                      0.000    10.000 r  clk (IN)
                         net (fo=0)                   0.000    10.000    clk
                         IBUF (Prop_ibuf_I_O)         0.838    10.838 r  clk_IBUF_inst/O
                         net (fo=1, unplaced)         0.760    11.598    clk_IBUF
                         BUFG (Prop_bufg_I_O)         0.091    11.689 r  clk_IBUF_BUFG_inst/O
                         net (fo=166, unplaced)       0.439    12.128    clk_IBUF_BUFG
                         FDRE                                         r  result_reg[29]/C
                         clock pessimism              0.184    12.311    
                         clock uncertainty           -0.035    12.276    
                         FDRE (Setup_fdre_C_D)        0.044    12.320    result_reg[29]
  -------------------------------------------------------------------
                         required time                         12.320    
                         arrival time                         -10.295    
  -------------------------------------------------------------------
                         slack                                  2.025    

Slack (MET) :             2.067ns  (required time - arrival time)
  Source:                 y_reg[0]/C
                            (rising edge-triggered cell FDRE clocked by clk  {rise@0.000ns fall@5.000ns period=10.000ns})
  Destination:            acc_reg[10]/D
                            (rising edge-triggered cell FDRE clocked by clk  {rise@0.000ns fall@5.000ns period=10.000ns})
  Path Group:             clk
  Path Type:              Setup (Max at Slow Process Corner)
  Requirement:            10.000ns  (clk rise@10.000ns - clk rise@0.000ns)
  Data Path Delay:        7.797ns  (logic 4.554ns (58.407%)  route 3.243ns (41.593%))
  Logic Levels:           16  (CARRY4=11 LUT2=1 LUT3=1 LUT4=1 LUT5=2)
  Clock Path Skew:        -0.145ns (DCD - SCD + CPR)
    Destination Clock Delay (DCD):    2.128ns = ( 12.128 - 10.000 ) 
    Source Clock Delay      (SCD):    2.456ns
    Clock Pessimism Removal (CPR):    0.184ns
  Clock Uncertainty:      0.035ns  ((TSJ^2 + TIJ^2)^1/2 + DJ) / 2 + PE
    Total System Jitter     (TSJ):    0.071ns
    Total Input Jitter      (TIJ):    0.000ns
    Discrete Jitter          (DJ):    0.000ns
    Phase Error              (PE):    0.000ns

    Location             Delay type                Incr(ns)  Path(ns)    Netlist Resource(s)
  -------------------------------------------------------------------    -------------------
                         (clock clk rise edge)        0.000     0.000 r  
                                                      0.000     0.000 r  clk (IN)
                         net (fo=0)                   0.000     0.000    clk
                         IBUF (Prop_ibuf_I_O)         0.972     0.972 r  clk_IBUF_inst/O
                         net (fo=1, unplaced)         0.800     1.771    clk_IBUF
                         BUFG (Prop_bufg_I_O)         0.101     1.872 r  clk_IBUF_BUFG_inst/O
                         net (fo=166, unplaced)       0.584     2.456    clk_IBUF_BUFG
                         FDRE                                         r  y_reg[0]/C
  -------------------------------------------------------------------    -------------------
                         FDRE (Prop_fdre_C_Q)         0.478     2.934 r  y_reg[0]/Q
                         net (fo=64, unplaced)        0.829     3.763    y_reg_n_0_[0]
                         LUT4 (Prop_lut4_I1_O)        0.295     4.058 r  acc[0]_i_22/O
                         net (fo=1, unplaced)         0.000     4.058    acc[0]_i_22_n_0
                         CARRY4 (Prop_carry4_S[1]_CO[3])
                                                      0.533     4.591 r  acc_reg[0]_i_19/CO[3]
                         net (fo=1, unplaced)         0.009     4.600    acc_reg[0]_i_19_n_0
                         CARRY4 (Prop_carry4_CI_CO[3])
                                                      0.117     4.717 r  acc_reg[7]_i_18/CO[3]
                         net (fo=1, unplaced)         0.000     4.717    acc_reg[7]_i_18_n_0
                         CARRY4 (Prop_carry4_CI_CO[3])
                                                      0.117     4.834 r  acc_reg[11]_i_19/CO[3]
                         net (fo=1, unplaced)         0.000     4.834    acc_reg[11]_i_19_n_0
                         CARRY4 (Prop_carry4_CI_CO[3])
                                                      0.117     4.951 r  acc_reg[15]_i_19/CO[3]
                         net (fo=1, unplaced)         0.000     4.951    acc_reg[15]_i_19_n_0
                         CARRY4 (Prop_carry4_CI_CO[3])
                                                      0.117     5.068 r  acc_reg[19]_i_19/CO[3]
                         net (fo=1, unplaced)         0.000     5.068    acc_reg[19]_i_19_n_0
                         CARRY4 (Prop_carry4_CI_CO[3])
                                                      0.117     5.185 r  acc_reg[23]_i_19/CO[3]
                         net (fo=1, unplaced)         0.000     5.185    acc_reg[23]_i_19_n_0
                         CARRY4 (Prop_carry4_CI_O[3])
                                                      0.331     5.516 r  acc_reg[27]_i_19/O[3]
                         net (fo=1, unplaced)         0.618     6.134    selected_raw1[27]
                         LUT5 (Prop_lut5_I4_O)        0.307     6.441 r  acc[27]_i_10/O
                         net (fo=1, unplaced)         0.000     6.441    acc[27]_i_10_n_0
                         CARRY4 (Prop_carry4_S[3]_CO[3])
                                                      0.376     6.817 r  acc_reg[27]_i_4/CO[3]
                         net (fo=1, unplaced)         0.000     6.817    acc_reg[27]_i_4_n_0
                         CARRY4 (Prop_carry4_CI_O[3])
                                                      0.331     7.148 r  acc_reg[31]_i_6/O[3]
                         net (fo=8, unplaced)         0.656     7.804    acc_reg[31]_i_6_n_4
                         LUT2 (Prop_lut2_I0_O)        0.307     8.111 r  acc[31]_i_23/O
                         net (fo=1, unplaced)         0.000     8.111    acc[31]_i_23_n_0
                         CARRY4 (Prop_carry4_S[3]_CO[3])
                                                      0.376     8.487 r  acc_reg[31]_i_14/CO[3]
                         net (fo=1, unplaced)         0.000     8.487    acc_reg[31]_i_14_n_0
                         CARRY4 (Prop_carry4_CI_CO[1])
                                                      0.179     8.666 r  acc_reg[0]_i_4/CO[1]
                         net (fo=32, unplaced)        0.682     9.348    acc_reg[0]_i_4_n_2
                         LUT5 (Prop_lut5_I1_O)        0.332     9.680 r  acc[10]_i_2/O
                         net (fo=1, unplaced)         0.449    10.129    acc[10]_i_2_n_0
                         LUT3 (Prop_lut3_I2_O)        0.124    10.253 r  acc[10]_i_1/O
                         net (fo=2, unplaced)         0.000    10.253    next_acc[10]
                         FDRE                                         r  acc_reg[10]/D
  -------------------------------------------------------------------    -------------------

                         (clock clk rise edge)       10.000    10.000 r  
                                                      0.000    10.000 r  clk (IN)
                         net (fo=0)                   0.000    10.000    clk
                         IBUF (Prop_ibuf_I_O)         0.838    10.838 r  clk_IBUF_inst/O
                         net (fo=1, unplaced)         0.760    11.598    clk_IBUF
                         BUFG (Prop_bufg_I_O)         0.091    11.689 r  clk_IBUF_BUFG_inst/O
                         net (fo=166, unplaced)       0.439    12.128    clk_IBUF_BUFG
                         FDRE                                         r  acc_reg[10]/C
                         clock pessimism              0.184    12.311    
                         clock uncertainty           -0.035    12.276    
                         FDRE (Setup_fdre_C_D)        0.044    12.320    acc_reg[10]
  -------------------------------------------------------------------
                         required time                         12.320    
                         arrival time                         -10.253    
  -------------------------------------------------------------------
                         slack                                  2.067    

Slack (MET) :             2.067ns  (required time - arrival time)
  Source:                 y_reg[0]/C
                            (rising edge-triggered cell FDRE clocked by clk  {rise@0.000ns fall@5.000ns period=10.000ns})
  Destination:            acc_reg[12]/D
                            (rising edge-triggered cell FDRE clocked by clk  {rise@0.000ns fall@5.000ns period=10.000ns})
  Path Group:             clk
  Path Type:              Setup (Max at Slow Process Corner)
  Requirement:            10.000ns  (clk rise@10.000ns - clk rise@0.000ns)
  Data Path Delay:        7.797ns  (logic 4.554ns (58.407%)  route 3.243ns (41.593%))
  Logic Levels:           16  (CARRY4=11 LUT2=1 LUT3=1 LUT4=1 LUT5=2)
  Clock Path Skew:        -0.145ns (DCD - SCD + CPR)
    Destination Clock Delay (DCD):    2.128ns = ( 12.128 - 10.000 ) 
    Source Clock Delay      (SCD):    2.456ns
    Clock Pessimism Removal (CPR):    0.184ns
  Clock Uncertainty:      0.035ns  ((TSJ^2 + TIJ^2)^1/2 + DJ) / 2 + PE
    Total System Jitter     (TSJ):    0.071ns
    Total Input Jitter      (TIJ):    0.000ns
    Discrete Jitter          (DJ):    0.000ns
    Phase Error              (PE):    0.000ns

    Location             Delay type                Incr(ns)  Path(ns)    Netlist Resource(s)
  -------------------------------------------------------------------    -------------------
                         (clock clk rise edge)        0.000     0.000 r  
                                                      0.000     0.000 r  clk (IN)
                         net (fo=0)                   0.000     0.000    clk
                         IBUF (Prop_ibuf_I_O)         0.972     0.972 r  clk_IBUF_inst/O
                         net (fo=1, unplaced)         0.800     1.771    clk_IBUF
                         BUFG (Prop_bufg_I_O)         0.101     1.872 r  clk_IBUF_BUFG_inst/O
                         net (fo=166, unplaced)       0.584     2.456    clk_IBUF_BUFG
                         FDRE                                         r  y_reg[0]/C
  -------------------------------------------------------------------    -------------------
                         FDRE (Prop_fdre_C_Q)         0.478     2.934 r  y_reg[0]/Q
                         net (fo=64, unplaced)        0.829     3.763    y_reg_n_0_[0]
                         LUT4 (Prop_lut4_I1_O)        0.295     4.058 r  acc[0]_i_22/O
                         net (fo=1, unplaced)         0.000     4.058    acc[0]_i_22_n_0
                         CARRY4 (Prop_carry4_S[1]_CO[3])
                                                      0.533     4.591 r  acc_reg[0]_i_19/CO[3]
                         net (fo=1, unplaced)         0.009     4.600    acc_reg[0]_i_19_n_0
                         CARRY4 (Prop_carry4_CI_CO[3])
                                                      0.117     4.717 r  acc_reg[7]_i_18/CO[3]
                         net (fo=1, unplaced)         0.000     4.717    acc_reg[7]_i_18_n_0
                         CARRY4 (Prop_carry4_CI_CO[3])
                                                      0.117     4.834 r  acc_reg[11]_i_19/CO[3]
                         net (fo=1, unplaced)         0.000     4.834    acc_reg[11]_i_19_n_0
                         CARRY4 (Prop_carry4_CI_CO[3])
                                                      0.117     4.951 r  acc_reg[15]_i_19/CO[3]
                         net (fo=1, unplaced)         0.000     4.951    acc_reg[15]_i_19_n_0
                         CARRY4 (Prop_carry4_CI_CO[3])
                                                      0.117     5.068 r  acc_reg[19]_i_19/CO[3]
                         net (fo=1, unplaced)         0.000     5.068    acc_reg[19]_i_19_n_0
                         CARRY4 (Prop_carry4_CI_CO[3])
                                                      0.117     5.185 r  acc_reg[23]_i_19/CO[3]
                         net (fo=1, unplaced)         0.000     5.185    acc_reg[23]_i_19_n_0
                         CARRY4 (Prop_carry4_CI_O[3])
                                                      0.331     5.516 r  acc_reg[27]_i_19/O[3]
                         net (fo=1, unplaced)         0.618     6.134    selected_raw1[27]
                         LUT5 (Prop_lut5_I4_O)        0.307     6.441 r  acc[27]_i_10/O
                         net (fo=1, unplaced)         0.000     6.441    acc[27]_i_10_n_0
                         CARRY4 (Prop_carry4_S[3]_CO[3])
                                                      0.376     6.817 r  acc_reg[27]_i_4/CO[3]
                         net (fo=1, unplaced)         0.000     6.817    acc_reg[27]_i_4_n_0
                         CARRY4 (Prop_carry4_CI_O[3])
                                                      0.331     7.148 r  acc_reg[31]_i_6/O[3]
                         net (fo=8, unplaced)         0.656     7.804    acc_reg[31]_i_6_n_4
                         LUT2 (Prop_lut2_I0_O)        0.307     8.111 r  acc[31]_i_23/O
                         net (fo=1, unplaced)         0.000     8.111    acc[31]_i_23_n_0
                         CARRY4 (Prop_carry4_S[3]_CO[3])
                                                      0.376     8.487 r  acc_reg[31]_i_14/CO[3]
                         net (fo=1, unplaced)         0.000     8.487    acc_reg[31]_i_14_n_0
                         CARRY4 (Prop_carry4_CI_CO[1])
                                                      0.179     8.666 r  acc_reg[0]_i_4/CO[1]
                         net (fo=32, unplaced)        0.682     9.348    acc_reg[0]_i_4_n_2
                         LUT5 (Prop_lut5_I1_O)        0.332     9.680 r  acc[12]_i_2/O
                         net (fo=1, unplaced)         0.449    10.129    acc[12]_i_2_n_0
                         LUT3 (Prop_lut3_I2_O)        0.124    10.253 r  acc[12]_i_1/O
                         net (fo=2, unplaced)         0.000    10.253    next_acc[12]
                         FDRE                                         r  acc_reg[12]/D
  -------------------------------------------------------------------    -------------------

                         (clock clk rise edge)       10.000    10.000 r  
                                                      0.000    10.000 r  clk (IN)
                         net (fo=0)                   0.000    10.000    clk
                         IBUF (Prop_ibuf_I_O)         0.838    10.838 r  clk_IBUF_inst/O
                         net (fo=1, unplaced)         0.760    11.598    clk_IBUF
                         BUFG (Prop_bufg_I_O)         0.091    11.689 r  clk_IBUF_BUFG_inst/O
                         net (fo=166, unplaced)       0.439    12.128    clk_IBUF_BUFG
                         FDRE                                         r  acc_reg[12]/C
                         clock pessimism              0.184    12.311    
                         clock uncertainty           -0.035    12.276    
                         FDRE (Setup_fdre_C_D)        0.044    12.320    acc_reg[12]
  -------------------------------------------------------------------
                         required time                         12.320    
                         arrival time                         -10.253    
  -------------------------------------------------------------------
                         slack                                  2.067    

Slack (MET) :             2.067ns  (required time - arrival time)
  Source:                 y_reg[0]/C
                            (rising edge-triggered cell FDRE clocked by clk  {rise@0.000ns fall@5.000ns period=10.000ns})
  Destination:            acc_reg[14]/D
                            (rising edge-triggered cell FDRE clocked by clk  {rise@0.000ns fall@5.000ns period=10.000ns})
  Path Group:             clk
  Path Type:              Setup (Max at Slow Process Corner)
  Requirement:            10.000ns  (clk rise@10.000ns - clk rise@0.000ns)
  Data Path Delay:        7.797ns  (logic 4.554ns (58.407%)  route 3.243ns (41.593%))
  Logic Levels:           16  (CARRY4=11 LUT2=1 LUT3=1 LUT4=1 LUT5=2)
  Clock Path Skew:        -0.145ns (DCD - SCD + CPR)
    Destination Clock Delay (DCD):    2.128ns = ( 12.128 - 10.000 ) 
    Source Clock Delay      (SCD):    2.456ns
    Clock Pessimism Removal (CPR):    0.184ns
  Clock Uncertainty:      0.035ns  ((TSJ^2 + TIJ^2)^1/2 + DJ) / 2 + PE
    Total System Jitter     (TSJ):    0.071ns
    Total Input Jitter      (TIJ):    0.000ns
    Discrete Jitter          (DJ):    0.000ns
    Phase Error              (PE):    0.000ns

    Location             Delay type                Incr(ns)  Path(ns)    Netlist Resource(s)
  -------------------------------------------------------------------    -------------------
                         (clock clk rise edge)        0.000     0.000 r  
                                                      0.000     0.000 r  clk (IN)
                         net (fo=0)                   0.000     0.000    clk
                         IBUF (Prop_ibuf_I_O)         0.972     0.972 r  clk_IBUF_inst/O
                         net (fo=1, unplaced)         0.800     1.771    clk_IBUF
                         BUFG (Prop_bufg_I_O)         0.101     1.872 r  clk_IBUF_BUFG_inst/O
                         net (fo=166, unplaced)       0.584     2.456    clk_IBUF_BUFG
                         FDRE                                         r  y_reg[0]/C
  -------------------------------------------------------------------    -------------------
                         FDRE (Prop_fdre_C_Q)         0.478     2.934 r  y_reg[0]/Q
                         net (fo=64, unplaced)        0.829     3.763    y_reg_n_0_[0]
                         LUT4 (Prop_lut4_I1_O)        0.295     4.058 r  acc[0]_i_22/O
                         net (fo=1, unplaced)         0.000     4.058    acc[0]_i_22_n_0
                         CARRY4 (Prop_carry4_S[1]_CO[3])
                                                      0.533     4.591 r  acc_reg[0]_i_19/CO[3]
                         net (fo=1, unplaced)         0.009     4.600    acc_reg[0]_i_19_n_0
                         CARRY4 (Prop_carry4_CI_CO[3])
                                                      0.117     4.717 r  acc_reg[7]_i_18/CO[3]
                         net (fo=1, unplaced)         0.000     4.717    acc_reg[7]_i_18_n_0
                         CARRY4 (Prop_carry4_CI_CO[3])
                                                      0.117     4.834 r  acc_reg[11]_i_19/CO[3]
                         net (fo=1, unplaced)         0.000     4.834    acc_reg[11]_i_19_n_0
                         CARRY4 (Prop_carry4_CI_CO[3])
                                                      0.117     4.951 r  acc_reg[15]_i_19/CO[3]
                         net (fo=1, unplaced)         0.000     4.951    acc_reg[15]_i_19_n_0
                         CARRY4 (Prop_carry4_CI_CO[3])
                                                      0.117     5.068 r  acc_reg[19]_i_19/CO[3]
                         net (fo=1, unplaced)         0.000     5.068    acc_reg[19]_i_19_n_0
                         CARRY4 (Prop_carry4_CI_CO[3])
                                                      0.117     5.185 r  acc_reg[23]_i_19/CO[3]
                         net (fo=1, unplaced)         0.000     5.185    acc_reg[23]_i_19_n_0
                         CARRY4 (Prop_carry4_CI_O[3])
                                                      0.331     5.516 r  acc_reg[27]_i_19/O[3]
                         net (fo=1, unplaced)         0.618     6.134    selected_raw1[27]
                         LUT5 (Prop_lut5_I4_O)        0.307     6.441 r  acc[27]_i_10/O
                         net (fo=1, unplaced)         0.000     6.441    acc[27]_i_10_n_0
                         CARRY4 (Prop_carry4_S[3]_CO[3])
                                                      0.376     6.817 r  acc_reg[27]_i_4/CO[3]
                         net (fo=1, unplaced)         0.000     6.817    acc_reg[27]_i_4_n_0
                         CARRY4 (Prop_carry4_CI_O[3])
                                                      0.331     7.148 r  acc_reg[31]_i_6/O[3]
                         net (fo=8, unplaced)         0.656     7.804    acc_reg[31]_i_6_n_4
                         LUT2 (Prop_lut2_I0_O)        0.307     8.111 r  acc[31]_i_23/O
                         net (fo=1, unplaced)         0.000     8.111    acc[31]_i_23_n_0
                         CARRY4 (Prop_carry4_S[3]_CO[3])
                                                      0.376     8.487 r  acc_reg[31]_i_14/CO[3]
                         net (fo=1, unplaced)         0.000     8.487    acc_reg[31]_i_14_n_0
                         CARRY4 (Prop_carry4_CI_CO[1])
                                                      0.179     8.666 r  acc_reg[0]_i_4/CO[1]
                         net (fo=32, unplaced)        0.682     9.348    acc_reg[0]_i_4_n_2
                         LUT5 (Prop_lut5_I1_O)        0.332     9.680 r  acc[14]_i_2/O
                         net (fo=1, unplaced)         0.449    10.129    acc[14]_i_2_n_0
                         LUT3 (Prop_lut3_I2_O)        0.124    10.253 r  acc[14]_i_1/O
                         net (fo=2, unplaced)         0.000    10.253    next_acc[14]
                         FDRE                                         r  acc_reg[14]/D
  -------------------------------------------------------------------    -------------------

                         (clock clk rise edge)       10.000    10.000 r  
                                                      0.000    10.000 r  clk (IN)
                         net (fo=0)                   0.000    10.000    clk
                         IBUF (Prop_ibuf_I_O)         0.838    10.838 r  clk_IBUF_inst/O
                         net (fo=1, unplaced)         0.760    11.598    clk_IBUF
                         BUFG (Prop_bufg_I_O)         0.091    11.689 r  clk_IBUF_BUFG_inst/O
                         net (fo=166, unplaced)       0.439    12.128    clk_IBUF_BUFG
                         FDRE                                         r  acc_reg[14]/C
                         clock pessimism              0.184    12.311    
                         clock uncertainty           -0.035    12.276    
                         FDRE (Setup_fdre_C_D)        0.044    12.320    acc_reg[14]
  -------------------------------------------------------------------
                         required time                         12.320    
                         arrival time                         -10.253    
  -------------------------------------------------------------------
                         slack                                  2.067    

Slack (MET) :             2.067ns  (required time - arrival time)
  Source:                 y_reg[0]/C
                            (rising edge-triggered cell FDRE clocked by clk  {rise@0.000ns fall@5.000ns period=10.000ns})
  Destination:            acc_reg[16]/D
                            (rising edge-triggered cell FDRE clocked by clk  {rise@0.000ns fall@5.000ns period=10.000ns})
  Path Group:             clk
  Path Type:              Setup (Max at Slow Process Corner)
  Requirement:            10.000ns  (clk rise@10.000ns - clk rise@0.000ns)
  Data Path Delay:        7.797ns  (logic 4.554ns (58.407%)  route 3.243ns (41.593%))
  Logic Levels:           16  (CARRY4=11 LUT2=1 LUT3=1 LUT4=1 LUT5=2)
  Clock Path Skew:        -0.145ns (DCD - SCD + CPR)
    Destination Clock Delay (DCD):    2.128ns = ( 12.128 - 10.000 ) 
    Source Clock Delay      (SCD):    2.456ns
    Clock Pessimism Removal (CPR):    0.184ns
  Clock Uncertainty:      0.035ns  ((TSJ^2 + TIJ^2)^1/2 + DJ) / 2 + PE
    Total System Jitter     (TSJ):    0.071ns
    Total Input Jitter      (TIJ):    0.000ns
    Discrete Jitter          (DJ):    0.000ns
    Phase Error              (PE):    0.000ns

    Location             Delay type                Incr(ns)  Path(ns)    Netlist Resource(s)
  -------------------------------------------------------------------    -------------------
                         (clock clk rise edge)        0.000     0.000 r  
                                                      0.000     0.000 r  clk (IN)
                         net (fo=0)                   0.000     0.000    clk
                         IBUF (Prop_ibuf_I_O)         0.972     0.972 r  clk_IBUF_inst/O
                         net (fo=1, unplaced)         0.800     1.771    clk_IBUF
                         BUFG (Prop_bufg_I_O)         0.101     1.872 r  clk_IBUF_BUFG_inst/O
                         net (fo=166, unplaced)       0.584     2.456    clk_IBUF_BUFG
                         FDRE                                         r  y_reg[0]/C
  -------------------------------------------------------------------    -------------------
                         FDRE (Prop_fdre_C_Q)         0.478     2.934 r  y_reg[0]/Q
                         net (fo=64, unplaced)        0.829     3.763    y_reg_n_0_[0]
                         LUT4 (Prop_lut4_I1_O)        0.295     4.058 r  acc[0]_i_22/O
                         net (fo=1, unplaced)         0.000     4.058    acc[0]_i_22_n_0
                         CARRY4 (Prop_carry4_S[1]_CO[3])
                                                      0.533     4.591 r  acc_reg[0]_i_19/CO[3]
                         net (fo=1, unplaced)         0.009     4.600    acc_reg[0]_i_19_n_0
                         CARRY4 (Prop_carry4_CI_CO[3])
                                                      0.117     4.717 r  acc_reg[7]_i_18/CO[3]
                         net (fo=1, unplaced)         0.000     4.717    acc_reg[7]_i_18_n_0
                         CARRY4 (Prop_carry4_CI_CO[3])
                                                      0.117     4.834 r  acc_reg[11]_i_19/CO[3]
                         net (fo=1, unplaced)         0.000     4.834    acc_reg[11]_i_19_n_0
                         CARRY4 (Prop_carry4_CI_CO[3])
                                                      0.117     4.951 r  acc_reg[15]_i_19/CO[3]
                         net (fo=1, unplaced)         0.000     4.951    acc_reg[15]_i_19_n_0
                         CARRY4 (Prop_carry4_CI_CO[3])
                                                      0.117     5.068 r  acc_reg[19]_i_19/CO[3]
                         net (fo=1, unplaced)         0.000     5.068    acc_reg[19]_i_19_n_0
                         CARRY4 (Prop_carry4_CI_CO[3])
                                                      0.117     5.185 r  acc_reg[23]_i_19/CO[3]
                         net (fo=1, unplaced)         0.000     5.185    acc_reg[23]_i_19_n_0
                         CARRY4 (Prop_carry4_CI_O[3])
                                                      0.331     5.516 r  acc_reg[27]_i_19/O[3]
                         net (fo=1, unplaced)         0.618     6.134    selected_raw1[27]
                         LUT5 (Prop_lut5_I4_O)        0.307     6.441 r  acc[27]_i_10/O
                         net (fo=1, unplaced)         0.000     6.441    acc[27]_i_10_n_0
                         CARRY4 (Prop_carry4_S[3]_CO[3])
                                                      0.376     6.817 r  acc_reg[27]_i_4/CO[3]
                         net (fo=1, unplaced)         0.000     6.817    acc_reg[27]_i_4_n_0
                         CARRY4 (Prop_carry4_CI_O[3])
                                                      0.331     7.148 r  acc_reg[31]_i_6/O[3]
                         net (fo=8, unplaced)         0.656     7.804    acc_reg[31]_i_6_n_4
                         LUT2 (Prop_lut2_I0_O)        0.307     8.111 r  acc[31]_i_23/O
                         net (fo=1, unplaced)         0.000     8.111    acc[31]_i_23_n_0
                         CARRY4 (Prop_carry4_S[3]_CO[3])
                                                      0.376     8.487 r  acc_reg[31]_i_14/CO[3]
                         net (fo=1, unplaced)         0.000     8.487    acc_reg[31]_i_14_n_0
                         CARRY4 (Prop_carry4_CI_CO[1])
                                                      0.179     8.666 r  acc_reg[0]_i_4/CO[1]
                         net (fo=32, unplaced)        0.682     9.348    acc_reg[0]_i_4_n_2
                         LUT5 (Prop_lut5_I1_O)        0.332     9.680 r  acc[16]_i_2/O
                         net (fo=1, unplaced)         0.449    10.129    acc[16]_i_2_n_0
                         LUT3 (Prop_lut3_I2_O)        0.124    10.253 r  acc[16]_i_1/O
                         net (fo=2, unplaced)         0.000    10.253    next_acc[16]
                         FDRE                                         r  acc_reg[16]/D
  -------------------------------------------------------------------    -------------------

                         (clock clk rise edge)       10.000    10.000 r  
                                                      0.000    10.000 r  clk (IN)
                         net (fo=0)                   0.000    10.000    clk
                         IBUF (Prop_ibuf_I_O)         0.838    10.838 r  clk_IBUF_inst/O
                         net (fo=1, unplaced)         0.760    11.598    clk_IBUF
                         BUFG (Prop_bufg_I_O)         0.091    11.689 r  clk_IBUF_BUFG_inst/O
                         net (fo=166, unplaced)       0.439    12.128    clk_IBUF_BUFG
                         FDRE                                         r  acc_reg[16]/C
                         clock pessimism              0.184    12.311    
                         clock uncertainty           -0.035    12.276    
                         FDRE (Setup_fdre_C_D)        0.044    12.320    acc_reg[16]
  -------------------------------------------------------------------
                         required time                         12.320    
                         arrival time                         -10.253    
  -------------------------------------------------------------------
                         slack                                  2.067    

Slack (MET) :             2.067ns  (required time - arrival time)
  Source:                 y_reg[0]/C
                            (rising edge-triggered cell FDRE clocked by clk  {rise@0.000ns fall@5.000ns period=10.000ns})
  Destination:            acc_reg[18]/D
                            (rising edge-triggered cell FDRE clocked by clk  {rise@0.000ns fall@5.000ns period=10.000ns})
  Path Group:             clk
  Path Type:              Setup (Max at Slow Process Corner)
  Requirement:            10.000ns  (clk rise@10.000ns - clk rise@0.000ns)
  Data Path Delay:        7.797ns  (logic 4.554ns (58.407%)  route 3.243ns (41.593%))
  Logic Levels:           16  (CARRY4=11 LUT2=1 LUT3=1 LUT4=1 LUT5=2)
  Clock Path Skew:        -0.145ns (DCD - SCD + CPR)
    Destination Clock Delay (DCD):    2.128ns = ( 12.128 - 10.000 ) 
    Source Clock Delay      (SCD):    2.456ns
    Clock Pessimism Removal (CPR):    0.184ns
  Clock Uncertainty:      0.035ns  ((TSJ^2 + TIJ^2)^1/2 + DJ) / 2 + PE
    Total System Jitter     (TSJ):    0.071ns
    Total Input Jitter      (TIJ):    0.000ns
    Discrete Jitter          (DJ):    0.000ns
    Phase Error              (PE):    0.000ns

    Location             Delay type                Incr(ns)  Path(ns)    Netlist Resource(s)
  -------------------------------------------------------------------    -------------------
                         (clock clk rise edge)        0.000     0.000 r  
                                                      0.000     0.000 r  clk (IN)
                         net (fo=0)                   0.000     0.000    clk
                         IBUF (Prop_ibuf_I_O)         0.972     0.972 r  clk_IBUF_inst/O
                         net (fo=1, unplaced)         0.800     1.771    clk_IBUF
                         BUFG (Prop_bufg_I_O)         0.101     1.872 r  clk_IBUF_BUFG_inst/O
                         net (fo=166, unplaced)       0.584     2.456    clk_IBUF_BUFG
                         FDRE                                         r  y_reg[0]/C
  -------------------------------------------------------------------    -------------------
                         FDRE (Prop_fdre_C_Q)         0.478     2.934 r  y_reg[0]/Q
                         net (fo=64, unplaced)        0.829     3.763    y_reg_n_0_[0]
                         LUT4 (Prop_lut4_I1_O)        0.295     4.058 r  acc[0]_i_22/O
                         net (fo=1, unplaced)         0.000     4.058    acc[0]_i_22_n_0
                         CARRY4 (Prop_carry4_S[1]_CO[3])
                                                      0.533     4.591 r  acc_reg[0]_i_19/CO[3]
                         net (fo=1, unplaced)         0.009     4.600    acc_reg[0]_i_19_n_0
                         CARRY4 (Prop_carry4_CI_CO[3])
                                                      0.117     4.717 r  acc_reg[7]_i_18/CO[3]
                         net (fo=1, unplaced)         0.000     4.717    acc_reg[7]_i_18_n_0
                         CARRY4 (Prop_carry4_CI_CO[3])
                                                      0.117     4.834 r  acc_reg[11]_i_19/CO[3]
                         net (fo=1, unplaced)         0.000     4.834    acc_reg[11]_i_19_n_0
                         CARRY4 (Prop_carry4_CI_CO[3])
                                                      0.117     4.951 r  acc_reg[15]_i_19/CO[3]
                         net (fo=1, unplaced)         0.000     4.951    acc_reg[15]_i_19_n_0
                         CARRY4 (Prop_carry4_CI_CO[3])
                                                      0.117     5.068 r  acc_reg[19]_i_19/CO[3]
                         net (fo=1, unplaced)         0.000     5.068    acc_reg[19]_i_19_n_0
                         CARRY4 (Prop_carry4_CI_CO[3])
                                                      0.117     5.185 r  acc_reg[23]_i_19/CO[3]
                         net (fo=1, unplaced)         0.000     5.185    acc_reg[23]_i_19_n_0
                         CARRY4 (Prop_carry4_CI_O[3])
                                                      0.331     5.516 r  acc_reg[27]_i_19/O[3]
                         net (fo=1, unplaced)         0.618     6.134    selected_raw1[27]
                         LUT5 (Prop_lut5_I4_O)        0.307     6.441 r  acc[27]_i_10/O
                         net (fo=1, unplaced)         0.000     6.441    acc[27]_i_10_n_0
                         CARRY4 (Prop_carry4_S[3]_CO[3])
                                                      0.376     6.817 r  acc_reg[27]_i_4/CO[3]
                         net (fo=1, unplaced)         0.000     6.817    acc_reg[27]_i_4_n_0
                         CARRY4 (Prop_carry4_CI_O[3])
                                                      0.331     7.148 r  acc_reg[31]_i_6/O[3]
                         net (fo=8, unplaced)         0.656     7.804    acc_reg[31]_i_6_n_4
                         LUT2 (Prop_lut2_I0_O)        0.307     8.111 r  acc[31]_i_23/O
                         net (fo=1, unplaced)         0.000     8.111    acc[31]_i_23_n_0
                         CARRY4 (Prop_carry4_S[3]_CO[3])
                                                      0.376     8.487 r  acc_reg[31]_i_14/CO[3]
                         net (fo=1, unplaced)         0.000     8.487    acc_reg[31]_i_14_n_0
                         CARRY4 (Prop_carry4_CI_CO[1])
                                                      0.179     8.666 r  acc_reg[0]_i_4/CO[1]
                         net (fo=32, unplaced)        0.682     9.348    acc_reg[0]_i_4_n_2
                         LUT5 (Prop_lut5_I1_O)        0.332     9.680 r  acc[18]_i_2/O
                         net (fo=1, unplaced)         0.449    10.129    acc[18]_i_2_n_0
                         LUT3 (Prop_lut3_I2_O)        0.124    10.253 r  acc[18]_i_1/O
                         net (fo=2, unplaced)         0.000    10.253    next_acc[18]
                         FDRE                                         r  acc_reg[18]/D
  -------------------------------------------------------------------    -------------------

                         (clock clk rise edge)       10.000    10.000 r  
                                                      0.000    10.000 r  clk (IN)
                         net (fo=0)                   0.000    10.000    clk
                         IBUF (Prop_ibuf_I_O)         0.838    10.838 r  clk_IBUF_inst/O
                         net (fo=1, unplaced)         0.760    11.598    clk_IBUF
                         BUFG (Prop_bufg_I_O)         0.091    11.689 r  clk_IBUF_BUFG_inst/O
                         net (fo=166, unplaced)       0.439    12.128    clk_IBUF_BUFG
                         FDRE                                         r  acc_reg[18]/C
                         clock pessimism              0.184    12.311    
                         clock uncertainty           -0.035    12.276    
                         FDRE (Setup_fdre_C_D)        0.044    12.320    acc_reg[18]
  -------------------------------------------------------------------
                         required time                         12.320    
                         arrival time                         -10.253    
  -------------------------------------------------------------------
                         slack                                  2.067    

Slack (MET) :             2.067ns  (required time - arrival time)
  Source:                 y_reg[0]/C
                            (rising edge-triggered cell FDRE clocked by clk  {rise@0.000ns fall@5.000ns period=10.000ns})
  Destination:            acc_reg[1]/D
                            (rising edge-triggered cell FDRE clocked by clk  {rise@0.000ns fall@5.000ns period=10.000ns})
  Path Group:             clk
  Path Type:              Setup (Max at Slow Process Corner)
  Requirement:            10.000ns  (clk rise@10.000ns - clk rise@0.000ns)
  Data Path Delay:        7.797ns  (logic 4.554ns (58.407%)  route 3.243ns (41.593%))
  Logic Levels:           16  (CARRY4=11 LUT2=1 LUT3=1 LUT4=1 LUT5=2)
  Clock Path Skew:        -0.145ns (DCD - SCD + CPR)
    Destination Clock Delay (DCD):    2.128ns = ( 12.128 - 10.000 ) 
    Source Clock Delay      (SCD):    2.456ns
    Clock Pessimism Removal (CPR):    0.184ns
  Clock Uncertainty:      0.035ns  ((TSJ^2 + TIJ^2)^1/2 + DJ) / 2 + PE
    Total System Jitter     (TSJ):    0.071ns
    Total Input Jitter      (TIJ):    0.000ns
    Discrete Jitter          (DJ):    0.000ns
    Phase Error              (PE):    0.000ns

    Location             Delay type                Incr(ns)  Path(ns)    Netlist Resource(s)
  -------------------------------------------------------------------    -------------------
                         (clock clk rise edge)        0.000     0.000 r  
                                                      0.000     0.000 r  clk (IN)
                         net (fo=0)                   0.000     0.000    clk
                         IBUF (Prop_ibuf_I_O)         0.972     0.972 r  clk_IBUF_inst/O
                         net (fo=1, unplaced)         0.800     1.771    clk_IBUF
                         BUFG (Prop_bufg_I_O)         0.101     1.872 r  clk_IBUF_BUFG_inst/O
                         net (fo=166, unplaced)       0.584     2.456    clk_IBUF_BUFG
                         FDRE                                         r  y_reg[0]/C
  -------------------------------------------------------------------    -------------------
                         FDRE (Prop_fdre_C_Q)         0.478     2.934 r  y_reg[0]/Q
                         net (fo=64, unplaced)        0.829     3.763    y_reg_n_0_[0]
                         LUT4 (Prop_lut4_I1_O)        0.295     4.058 r  acc[0]_i_22/O
                         net (fo=1, unplaced)         0.000     4.058    acc[0]_i_22_n_0
                         CARRY4 (Prop_carry4_S[1]_CO[3])
                                                      0.533     4.591 r  acc_reg[0]_i_19/CO[3]
                         net (fo=1, unplaced)         0.009     4.600    acc_reg[0]_i_19_n_0
                         CARRY4 (Prop_carry4_CI_CO[3])
                                                      0.117     4.717 r  acc_reg[7]_i_18/CO[3]
                         net (fo=1, unplaced)         0.000     4.717    acc_reg[7]_i_18_n_0
                         CARRY4 (Prop_carry4_CI_CO[3])
                                                      0.117     4.834 r  acc_reg[11]_i_19/CO[3]
                         net (fo=1, unplaced)         0.000     4.834    acc_reg[11]_i_19_n_0
                         CARRY4 (Prop_carry4_CI_CO[3])
                                                      0.117     4.951 r  acc_reg[15]_i_19/CO[3]
                         net (fo=1, unplaced)         0.000     4.951    acc_reg[15]_i_19_n_0
                         CARRY4 (Prop_carry4_CI_CO[3])
                                                      0.117     5.068 r  acc_reg[19]_i_19/CO[3]
                         net (fo=1, unplaced)         0.000     5.068    acc_reg[19]_i_19_n_0
                         CARRY4 (Prop_carry4_CI_CO[3])
                                                      0.117     5.185 r  acc_reg[23]_i_19/CO[3]
                         net (fo=1, unplaced)         0.000     5.185    acc_reg[23]_i_19_n_0
                         CARRY4 (Prop_carry4_CI_O[3])
                                                      0.331     5.516 r  acc_reg[27]_i_19/O[3]
                         net (fo=1, unplaced)         0.618     6.134    selected_raw1[27]
                         LUT5 (Prop_lut5_I4_O)        0.307     6.441 r  acc[27]_i_10/O
                         net (fo=1, unplaced)         0.000     6.441    acc[27]_i_10_n_0
                         CARRY4 (Prop_carry4_S[3]_CO[3])
                                                      0.376     6.817 r  acc_reg[27]_i_4/CO[3]
                         net (fo=1, unplaced)         0.000     6.817    acc_reg[27]_i_4_n_0
                         CARRY4 (Prop_carry4_CI_O[3])
                                                      0.331     7.148 r  acc_reg[31]_i_6/O[3]
                         net (fo=8, unplaced)         0.656     7.804    acc_reg[31]_i_6_n_4
                         LUT2 (Prop_lut2_I0_O)        0.307     8.111 r  acc[31]_i_23/O
                         net (fo=1, unplaced)         0.000     8.111    acc[31]_i_23_n_0
                         CARRY4 (Prop_carry4_S[3]_CO[3])
                                                      0.376     8.487 r  acc_reg[31]_i_14/CO[3]
                         net (fo=1, unplaced)         0.000     8.487    acc_reg[31]_i_14_n_0
                         CARRY4 (Prop_carry4_CI_CO[1])
                                                      0.179     8.666 r  acc_reg[0]_i_4/CO[1]
                         net (fo=32, unplaced)        0.682     9.348    acc_reg[0]_i_4_n_2
                         LUT5 (Prop_lut5_I1_O)        0.332     9.680 r  acc[1]_i_2/O
                         net (fo=1, unplaced)         0.449    10.129    acc[1]_i_2_n_0
                         LUT3 (Prop_lut3_I2_O)        0.124    10.253 r  acc[1]_i_1/O
                         net (fo=2, unplaced)         0.000    10.253    next_acc[1]
                         FDRE                                         r  acc_reg[1]/D
  -------------------------------------------------------------------    -------------------

                         (clock clk rise edge)       10.000    10.000 r  
                                                      0.000    10.000 r  clk (IN)
                         net (fo=0)                   0.000    10.000    clk
                         IBUF (Prop_ibuf_I_O)         0.838    10.838 r  clk_IBUF_inst/O
                         net (fo=1, unplaced)         0.760    11.598    clk_IBUF
                         BUFG (Prop_bufg_I_O)         0.091    11.689 r  clk_IBUF_BUFG_inst/O
                         net (fo=166, unplaced)       0.439    12.128    clk_IBUF_BUFG
                         FDRE                                         r  acc_reg[1]/C
                         clock pessimism              0.184    12.311    
                         clock uncertainty           -0.035    12.276    
                         FDRE (Setup_fdre_C_D)        0.044    12.320    acc_reg[1]
  -------------------------------------------------------------------
                         required time                         12.320    
                         arrival time                         -10.253    
  -------------------------------------------------------------------
                         slack                                  2.067    

Slack (MET) :             2.067ns  (required time - arrival time)
  Source:                 y_reg[0]/C
                            (rising edge-triggered cell FDRE clocked by clk  {rise@0.000ns fall@5.000ns period=10.000ns})
  Destination:            acc_reg[20]/D
                            (rising edge-triggered cell FDRE clocked by clk  {rise@0.000ns fall@5.000ns period=10.000ns})
  Path Group:             clk
  Path Type:              Setup (Max at Slow Process Corner)
  Requirement:            10.000ns  (clk rise@10.000ns - clk rise@0.000ns)
  Data Path Delay:        7.797ns  (logic 4.554ns (58.407%)  route 3.243ns (41.593%))
  Logic Levels:           16  (CARRY4=11 LUT2=1 LUT3=1 LUT4=1 LUT5=2)
  Clock Path Skew:        -0.145ns (DCD - SCD + CPR)
    Destination Clock Delay (DCD):    2.128ns = ( 12.128 - 10.000 ) 
    Source Clock Delay      (SCD):    2.456ns
    Clock Pessimism Removal (CPR):    0.184ns
  Clock Uncertainty:      0.035ns  ((TSJ^2 + TIJ^2)^1/2 + DJ) / 2 + PE
    Total System Jitter     (TSJ):    0.071ns
    Total Input Jitter      (TIJ):    0.000ns
    Discrete Jitter          (DJ):    0.000ns
    Phase Error              (PE):    0.000ns

    Location             Delay type                Incr(ns)  Path(ns)    Netlist Resource(s)
  -------------------------------------------------------------------    -------------------
                         (clock clk rise edge)        0.000     0.000 r  
                                                      0.000     0.000 r  clk (IN)
                         net (fo=0)                   0.000     0.000    clk
                         IBUF (Prop_ibuf_I_O)         0.972     0.972 r  clk_IBUF_inst/O
                         net (fo=1, unplaced)         0.800     1.771    clk_IBUF
                         BUFG (Prop_bufg_I_O)         0.101     1.872 r  clk_IBUF_BUFG_inst/O
                         net (fo=166, unplaced)       0.584     2.456    clk_IBUF_BUFG
                         FDRE                                         r  y_reg[0]/C
  -------------------------------------------------------------------    -------------------
                         FDRE (Prop_fdre_C_Q)         0.478     2.934 r  y_reg[0]/Q
                         net (fo=64, unplaced)        0.829     3.763    y_reg_n_0_[0]
                         LUT4 (Prop_lut4_I1_O)        0.295     4.058 r  acc[0]_i_22/O
                         net (fo=1, unplaced)         0.000     4.058    acc[0]_i_22_n_0
                         CARRY4 (Prop_carry4_S[1]_CO[3])
                                                      0.533     4.591 r  acc_reg[0]_i_19/CO[3]
                         net (fo=1, unplaced)         0.009     4.600    acc_reg[0]_i_19_n_0
                         CARRY4 (Prop_carry4_CI_CO[3])
                                                      0.117     4.717 r  acc_reg[7]_i_18/CO[3]
                         net (fo=1, unplaced)         0.000     4.717    acc_reg[7]_i_18_n_0
                         CARRY4 (Prop_carry4_CI_CO[3])
                                                      0.117     4.834 r  acc_reg[11]_i_19/CO[3]
                         net (fo=1, unplaced)         0.000     4.834    acc_reg[11]_i_19_n_0
                         CARRY4 (Prop_carry4_CI_CO[3])
                                                      0.117     4.951 r  acc_reg[15]_i_19/CO[3]
                         net (fo=1, unplaced)         0.000     4.951    acc_reg[15]_i_19_n_0
                         CARRY4 (Prop_carry4_CI_CO[3])
                                                      0.117     5.068 r  acc_reg[19]_i_19/CO[3]
                         net (fo=1, unplaced)         0.000     5.068    acc_reg[19]_i_19_n_0
                         CARRY4 (Prop_carry4_CI_CO[3])
                                                      0.117     5.185 r  acc_reg[23]_i_19/CO[3]
                         net (fo=1, unplaced)         0.000     5.185    acc_reg[23]_i_19_n_0
                         CARRY4 (Prop_carry4_CI_O[3])
                                                      0.331     5.516 r  acc_reg[27]_i_19/O[3]
                         net (fo=1, unplaced)         0.618     6.134    selected_raw1[27]
                         LUT5 (Prop_lut5_I4_O)        0.307     6.441 r  acc[27]_i_10/O
                         net (fo=1, unplaced)         0.000     6.441    acc[27]_i_10_n_0
                         CARRY4 (Prop_carry4_S[3]_CO[3])
                                                      0.376     6.817 r  acc_reg[27]_i_4/CO[3]
                         net (fo=1, unplaced)         0.000     6.817    acc_reg[27]_i_4_n_0
                         CARRY4 (Prop_carry4_CI_O[3])
                                                      0.331     7.148 r  acc_reg[31]_i_6/O[3]
                         net (fo=8, unplaced)         0.656     7.804    acc_reg[31]_i_6_n_4
                         LUT2 (Prop_lut2_I0_O)        0.307     8.111 r  acc[31]_i_23/O
                         net (fo=1, unplaced)         0.000     8.111    acc[31]_i_23_n_0
                         CARRY4 (Prop_carry4_S[3]_CO[3])
                                                      0.376     8.487 r  acc_reg[31]_i_14/CO[3]
                         net (fo=1, unplaced)         0.000     8.487    acc_reg[31]_i_14_n_0
                         CARRY4 (Prop_carry4_CI_CO[1])
                                                      0.179     8.666 r  acc_reg[0]_i_4/CO[1]
                         net (fo=32, unplaced)        0.682     9.348    acc_reg[0]_i_4_n_2
                         LUT5 (Prop_lut5_I1_O)        0.332     9.680 r  acc[20]_i_2/O
                         net (fo=1, unplaced)         0.449    10.129    acc[20]_i_2_n_0
                         LUT3 (Prop_lut3_I2_O)        0.124    10.253 r  acc[20]_i_1/O
                         net (fo=2, unplaced)         0.000    10.253    next_acc[20]
                         FDRE                                         r  acc_reg[20]/D
  -------------------------------------------------------------------    -------------------

                         (clock clk rise edge)       10.000    10.000 r  
                                                      0.000    10.000 r  clk (IN)
                         net (fo=0)                   0.000    10.000    clk
                         IBUF (Prop_ibuf_I_O)         0.838    10.838 r  clk_IBUF_inst/O
                         net (fo=1, unplaced)         0.760    11.598    clk_IBUF
                         BUFG (Prop_bufg_I_O)         0.091    11.689 r  clk_IBUF_BUFG_inst/O
                         net (fo=166, unplaced)       0.439    12.128    clk_IBUF_BUFG
                         FDRE                                         r  acc_reg[20]/C
                         clock pessimism              0.184    12.311    
                         clock uncertainty           -0.035    12.276    
                         FDRE (Setup_fdre_C_D)        0.044    12.320    acc_reg[20]
  -------------------------------------------------------------------
                         required time                         12.320    
                         arrival time                         -10.253    
  -------------------------------------------------------------------
                         slack                                  2.067    

Slack (MET) :             2.067ns  (required time - arrival time)
  Source:                 y_reg[0]/C
                            (rising edge-triggered cell FDRE clocked by clk  {rise@0.000ns fall@5.000ns period=10.000ns})
  Destination:            acc_reg[22]/D
                            (rising edge-triggered cell FDRE clocked by clk  {rise@0.000ns fall@5.000ns period=10.000ns})
  Path Group:             clk
  Path Type:              Setup (Max at Slow Process Corner)
  Requirement:            10.000ns  (clk rise@10.000ns - clk rise@0.000ns)
  Data Path Delay:        7.797ns  (logic 4.554ns (58.407%)  route 3.243ns (41.593%))
  Logic Levels:           16  (CARRY4=11 LUT2=1 LUT3=1 LUT4=1 LUT5=2)
  Clock Path Skew:        -0.145ns (DCD - SCD + CPR)
    Destination Clock Delay (DCD):    2.128ns = ( 12.128 - 10.000 ) 
    Source Clock Delay      (SCD):    2.456ns
    Clock Pessimism Removal (CPR):    0.184ns
  Clock Uncertainty:      0.035ns  ((TSJ^2 + TIJ^2)^1/2 + DJ) / 2 + PE
    Total System Jitter     (TSJ):    0.071ns
    Total Input Jitter      (TIJ):    0.000ns
    Discrete Jitter          (DJ):    0.000ns
    Phase Error              (PE):    0.000ns

    Location             Delay type                Incr(ns)  Path(ns)    Netlist Resource(s)
  -------------------------------------------------------------------    -------------------
                         (clock clk rise edge)        0.000     0.000 r  
                                                      0.000     0.000 r  clk (IN)
                         net (fo=0)                   0.000     0.000    clk
                         IBUF (Prop_ibuf_I_O)         0.972     0.972 r  clk_IBUF_inst/O
                         net (fo=1, unplaced)         0.800     1.771    clk_IBUF
                         BUFG (Prop_bufg_I_O)         0.101     1.872 r  clk_IBUF_BUFG_inst/O
                         net (fo=166, unplaced)       0.584     2.456    clk_IBUF_BUFG
                         FDRE                                         r  y_reg[0]/C
  -------------------------------------------------------------------    -------------------
                         FDRE (Prop_fdre_C_Q)         0.478     2.934 r  y_reg[0]/Q
                         net (fo=64, unplaced)        0.829     3.763    y_reg_n_0_[0]
                         LUT4 (Prop_lut4_I1_O)        0.295     4.058 r  acc[0]_i_22/O
                         net (fo=1, unplaced)         0.000     4.058    acc[0]_i_22_n_0
                         CARRY4 (Prop_carry4_S[1]_CO[3])
                                                      0.533     4.591 r  acc_reg[0]_i_19/CO[3]
                         net (fo=1, unplaced)         0.009     4.600    acc_reg[0]_i_19_n_0
                         CARRY4 (Prop_carry4_CI_CO[3])
                                                      0.117     4.717 r  acc_reg[7]_i_18/CO[3]
                         net (fo=1, unplaced)         0.000     4.717    acc_reg[7]_i_18_n_0
                         CARRY4 (Prop_carry4_CI_CO[3])
                                                      0.117     4.834 r  acc_reg[11]_i_19/CO[3]
                         net (fo=1, unplaced)         0.000     4.834    acc_reg[11]_i_19_n_0
                         CARRY4 (Prop_carry4_CI_CO[3])
                                                      0.117     4.951 r  acc_reg[15]_i_19/CO[3]
                         net (fo=1, unplaced)         0.000     4.951    acc_reg[15]_i_19_n_0
                         CARRY4 (Prop_carry4_CI_CO[3])
                                                      0.117     5.068 r  acc_reg[19]_i_19/CO[3]
                         net (fo=1, unplaced)         0.000     5.068    acc_reg[19]_i_19_n_0
                         CARRY4 (Prop_carry4_CI_CO[3])
                                                      0.117     5.185 r  acc_reg[23]_i_19/CO[3]
                         net (fo=1, unplaced)         0.000     5.185    acc_reg[23]_i_19_n_0
                         CARRY4 (Prop_carry4_CI_O[3])
                                                      0.331     5.516 r  acc_reg[27]_i_19/O[3]
                         net (fo=1, unplaced)         0.618     6.134    selected_raw1[27]
                         LUT5 (Prop_lut5_I4_O)        0.307     6.441 r  acc[27]_i_10/O
                         net (fo=1, unplaced)         0.000     6.441    acc[27]_i_10_n_0
                         CARRY4 (Prop_carry4_S[3]_CO[3])
                                                      0.376     6.817 r  acc_reg[27]_i_4/CO[3]
                         net (fo=1, unplaced)         0.000     6.817    acc_reg[27]_i_4_n_0
                         CARRY4 (Prop_carry4_CI_O[3])
                                                      0.331     7.148 r  acc_reg[31]_i_6/O[3]
                         net (fo=8, unplaced)         0.656     7.804    acc_reg[31]_i_6_n_4
                         LUT2 (Prop_lut2_I0_O)        0.307     8.111 r  acc[31]_i_23/O
                         net (fo=1, unplaced)         0.000     8.111    acc[31]_i_23_n_0
                         CARRY4 (Prop_carry4_S[3]_CO[3])
                                                      0.376     8.487 r  acc_reg[31]_i_14/CO[3]
                         net (fo=1, unplaced)         0.000     8.487    acc_reg[31]_i_14_n_0
                         CARRY4 (Prop_carry4_CI_CO[1])
                                                      0.179     8.666 r  acc_reg[0]_i_4/CO[1]
                         net (fo=32, unplaced)        0.682     9.348    acc_reg[0]_i_4_n_2
                         LUT5 (Prop_lut5_I1_O)        0.332     9.680 r  acc[22]_i_2/O
                         net (fo=1, unplaced)         0.449    10.129    acc[22]_i_2_n_0
                         LUT3 (Prop_lut3_I2_O)        0.124    10.253 r  acc[22]_i_1/O
                         net (fo=2, unplaced)         0.000    10.253    next_acc[22]
                         FDRE                                         r  acc_reg[22]/D
  -------------------------------------------------------------------    -------------------

                         (clock clk rise edge)       10.000    10.000 r  
                                                      0.000    10.000 r  clk (IN)
                         net (fo=0)                   0.000    10.000    clk
                         IBUF (Prop_ibuf_I_O)         0.838    10.838 r  clk_IBUF_inst/O
                         net (fo=1, unplaced)         0.760    11.598    clk_IBUF
                         BUFG (Prop_bufg_I_O)         0.091    11.689 r  clk_IBUF_BUFG_inst/O
                         net (fo=166, unplaced)       0.439    12.128    clk_IBUF_BUFG
                         FDRE                                         r  acc_reg[22]/C
                         clock pessimism              0.184    12.311    
                         clock uncertainty           -0.035    12.276    
                         FDRE (Setup_fdre_C_D)        0.044    12.320    acc_reg[22]
  -------------------------------------------------------------------
                         required time                         12.320    
                         arrival time                         -10.253    
  -------------------------------------------------------------------
                         slack                                  2.067    

Slack (MET) :             2.067ns  (required time - arrival time)
  Source:                 y_reg[0]/C
                            (rising edge-triggered cell FDRE clocked by clk  {rise@0.000ns fall@5.000ns period=10.000ns})
  Destination:            acc_reg[24]/D
                            (rising edge-triggered cell FDRE clocked by clk  {rise@0.000ns fall@5.000ns period=10.000ns})
  Path Group:             clk
  Path Type:              Setup (Max at Slow Process Corner)
  Requirement:            10.000ns  (clk rise@10.000ns - clk rise@0.000ns)
  Data Path Delay:        7.797ns  (logic 4.554ns (58.407%)  route 3.243ns (41.593%))
  Logic Levels:           16  (CARRY4=11 LUT2=1 LUT3=1 LUT4=1 LUT5=2)
  Clock Path Skew:        -0.145ns (DCD - SCD + CPR)
    Destination Clock Delay (DCD):    2.128ns = ( 12.128 - 10.000 ) 
    Source Clock Delay      (SCD):    2.456ns
    Clock Pessimism Removal (CPR):    0.184ns
  Clock Uncertainty:      0.035ns  ((TSJ^2 + TIJ^2)^1/2 + DJ) / 2 + PE
    Total System Jitter     (TSJ):    0.071ns
    Total Input Jitter      (TIJ):    0.000ns
    Discrete Jitter          (DJ):    0.000ns
    Phase Error              (PE):    0.000ns

    Location             Delay type                Incr(ns)  Path(ns)    Netlist Resource(s)
  -------------------------------------------------------------------    -------------------
                         (clock clk rise edge)        0.000     0.000 r  
                                                      0.000     0.000 r  clk (IN)
                         net (fo=0)                   0.000     0.000    clk
                         IBUF (Prop_ibuf_I_O)         0.972     0.972 r  clk_IBUF_inst/O
                         net (fo=1, unplaced)         0.800     1.771    clk_IBUF
                         BUFG (Prop_bufg_I_O)         0.101     1.872 r  clk_IBUF_BUFG_inst/O
                         net (fo=166, unplaced)       0.584     2.456    clk_IBUF_BUFG
                         FDRE                                         r  y_reg[0]/C
  -------------------------------------------------------------------    -------------------
                         FDRE (Prop_fdre_C_Q)         0.478     2.934 r  y_reg[0]/Q
                         net (fo=64, unplaced)        0.829     3.763    y_reg_n_0_[0]
                         LUT4 (Prop_lut4_I1_O)        0.295     4.058 r  acc[0]_i_22/O
                         net (fo=1, unplaced)         0.000     4.058    acc[0]_i_22_n_0
                         CARRY4 (Prop_carry4_S[1]_CO[3])
                                                      0.533     4.591 r  acc_reg[0]_i_19/CO[3]
                         net (fo=1, unplaced)         0.009     4.600    acc_reg[0]_i_19_n_0
                         CARRY4 (Prop_carry4_CI_CO[3])
                                                      0.117     4.717 r  acc_reg[7]_i_18/CO[3]
                         net (fo=1, unplaced)         0.000     4.717    acc_reg[7]_i_18_n_0
                         CARRY4 (Prop_carry4_CI_CO[3])
                                                      0.117     4.834 r  acc_reg[11]_i_19/CO[3]
                         net (fo=1, unplaced)         0.000     4.834    acc_reg[11]_i_19_n_0
                         CARRY4 (Prop_carry4_CI_CO[3])
                                                      0.117     4.951 r  acc_reg[15]_i_19/CO[3]
                         net (fo=1, unplaced)         0.000     4.951    acc_reg[15]_i_19_n_0
                         CARRY4 (Prop_carry4_CI_CO[3])
                                                      0.117     5.068 r  acc_reg[19]_i_19/CO[3]
                         net (fo=1, unplaced)         0.000     5.068    acc_reg[19]_i_19_n_0
                         CARRY4 (Prop_carry4_CI_CO[3])
                                                      0.117     5.185 r  acc_reg[23]_i_19/CO[3]
                         net (fo=1, unplaced)         0.000     5.185    acc_reg[23]_i_19_n_0
                         CARRY4 (Prop_carry4_CI_O[3])
                                                      0.331     5.516 r  acc_reg[27]_i_19/O[3]
                         net (fo=1, unplaced)         0.618     6.134    selected_raw1[27]
                         LUT5 (Prop_lut5_I4_O)        0.307     6.441 r  acc[27]_i_10/O
                         net (fo=1, unplaced)         0.000     6.441    acc[27]_i_10_n_0
                         CARRY4 (Prop_carry4_S[3]_CO[3])
                                                      0.376     6.817 r  acc_reg[27]_i_4/CO[3]
                         net (fo=1, unplaced)         0.000     6.817    acc_reg[27]_i_4_n_0
                         CARRY4 (Prop_carry4_CI_O[3])
                                                      0.331     7.148 r  acc_reg[31]_i_6/O[3]
                         net (fo=8, unplaced)         0.656     7.804    acc_reg[31]_i_6_n_4
                         LUT2 (Prop_lut2_I0_O)        0.307     8.111 r  acc[31]_i_23/O
                         net (fo=1, unplaced)         0.000     8.111    acc[31]_i_23_n_0
                         CARRY4 (Prop_carry4_S[3]_CO[3])
                                                      0.376     8.487 r  acc_reg[31]_i_14/CO[3]
                         net (fo=1, unplaced)         0.000     8.487    acc_reg[31]_i_14_n_0
                         CARRY4 (Prop_carry4_CI_CO[1])
                                                      0.179     8.666 r  acc_reg[0]_i_4/CO[1]
                         net (fo=32, unplaced)        0.682     9.348    acc_reg[0]_i_4_n_2
                         LUT5 (Prop_lut5_I1_O)        0.332     9.680 r  acc[24]_i_2/O
                         net (fo=1, unplaced)         0.449    10.129    acc[24]_i_2_n_0
                         LUT3 (Prop_lut3_I2_O)        0.124    10.253 r  acc[24]_i_1/O
                         net (fo=2, unplaced)         0.000    10.253    next_acc[24]
                         FDRE                                         r  acc_reg[24]/D
  -------------------------------------------------------------------    -------------------

                         (clock clk rise edge)       10.000    10.000 r  
                                                      0.000    10.000 r  clk (IN)
                         net (fo=0)                   0.000    10.000    clk
                         IBUF (Prop_ibuf_I_O)         0.838    10.838 r  clk_IBUF_inst/O
                         net (fo=1, unplaced)         0.760    11.598    clk_IBUF
                         BUFG (Prop_bufg_I_O)         0.091    11.689 r  clk_IBUF_BUFG_inst/O
                         net (fo=166, unplaced)       0.439    12.128    clk_IBUF_BUFG
                         FDRE                                         r  acc_reg[24]/C
                         clock pessimism              0.184    12.311    
                         clock uncertainty           -0.035    12.276    
                         FDRE (Setup_fdre_C_D)        0.044    12.320    acc_reg[24]
  -------------------------------------------------------------------
                         required time                         12.320    
                         arrival time                         -10.253    
  -------------------------------------------------------------------
                         slack                                  2.067    

Slack (MET) :             2.067ns  (required time - arrival time)
  Source:                 y_reg[0]/C
                            (rising edge-triggered cell FDRE clocked by clk  {rise@0.000ns fall@5.000ns period=10.000ns})
  Destination:            acc_reg[26]/D
                            (rising edge-triggered cell FDRE clocked by clk  {rise@0.000ns fall@5.000ns period=10.000ns})
  Path Group:             clk
  Path Type:              Setup (Max at Slow Process Corner)
  Requirement:            10.000ns  (clk rise@10.000ns - clk rise@0.000ns)
  Data Path Delay:        7.797ns  (logic 4.554ns (58.407%)  route 3.243ns (41.593%))
  Logic Levels:           16  (CARRY4=11 LUT2=1 LUT3=1 LUT4=1 LUT5=2)
  Clock Path Skew:        -0.145ns (DCD - SCD + CPR)
    Destination Clock Delay (DCD):    2.128ns = ( 12.128 - 10.000 ) 
    Source Clock Delay      (SCD):    2.456ns
    Clock Pessimism Removal (CPR):    0.184ns
  Clock Uncertainty:      0.035ns  ((TSJ^2 + TIJ^2)^1/2 + DJ) / 2 + PE
    Total System Jitter     (TSJ):    0.071ns
    Total Input Jitter      (TIJ):    0.000ns
    Discrete Jitter          (DJ):    0.000ns
    Phase Error              (PE):    0.000ns

    Location             Delay type                Incr(ns)  Path(ns)    Netlist Resource(s)
  -------------------------------------------------------------------    -------------------
                         (clock clk rise edge)        0.000     0.000 r  
                                                      0.000     0.000 r  clk (IN)
                         net (fo=0)                   0.000     0.000    clk
                         IBUF (Prop_ibuf_I_O)         0.972     0.972 r  clk_IBUF_inst/O
                         net (fo=1, unplaced)         0.800     1.771    clk_IBUF
                         BUFG (Prop_bufg_I_O)         0.101     1.872 r  clk_IBUF_BUFG_inst/O
                         net (fo=166, unplaced)       0.584     2.456    clk_IBUF_BUFG
                         FDRE                                         r  y_reg[0]/C
  -------------------------------------------------------------------    -------------------
                         FDRE (Prop_fdre_C_Q)         0.478     2.934 r  y_reg[0]/Q
                         net (fo=64, unplaced)        0.829     3.763    y_reg_n_0_[0]
                         LUT4 (Prop_lut4_I1_O)        0.295     4.058 r  acc[0]_i_22/O
                         net (fo=1, unplaced)         0.000     4.058    acc[0]_i_22_n_0
                         CARRY4 (Prop_carry4_S[1]_CO[3])
                                                      0.533     4.591 r  acc_reg[0]_i_19/CO[3]
                         net (fo=1, unplaced)         0.009     4.600    acc_reg[0]_i_19_n_0
                         CARRY4 (Prop_carry4_CI_CO[3])
                                                      0.117     4.717 r  acc_reg[7]_i_18/CO[3]
                         net (fo=1, unplaced)         0.000     4.717    acc_reg[7]_i_18_n_0
                         CARRY4 (Prop_carry4_CI_CO[3])
                                                      0.117     4.834 r  acc_reg[11]_i_19/CO[3]
                         net (fo=1, unplaced)         0.000     4.834    acc_reg[11]_i_19_n_0
                         CARRY4 (Prop_carry4_CI_CO[3])
                                                      0.117     4.951 r  acc_reg[15]_i_19/CO[3]
                         net (fo=1, unplaced)         0.000     4.951    acc_reg[15]_i_19_n_0
                         CARRY4 (Prop_carry4_CI_CO[3])
                                                      0.117     5.068 r  acc_reg[19]_i_19/CO[3]
                         net (fo=1, unplaced)         0.000     5.068    acc_reg[19]_i_19_n_0
                         CARRY4 (Prop_carry4_CI_CO[3])
                                                      0.117     5.185 r  acc_reg[23]_i_19/CO[3]
                         net (fo=1, unplaced)         0.000     5.185    acc_reg[23]_i_19_n_0
                         CARRY4 (Prop_carry4_CI_O[3])
                                                      0.331     5.516 r  acc_reg[27]_i_19/O[3]
                         net (fo=1, unplaced)         0.618     6.134    selected_raw1[27]
                         LUT5 (Prop_lut5_I4_O)        0.307     6.441 r  acc[27]_i_10/O
                         net (fo=1, unplaced)         0.000     6.441    acc[27]_i_10_n_0
                         CARRY4 (Prop_carry4_S[3]_CO[3])
                                                      0.376     6.817 r  acc_reg[27]_i_4/CO[3]
                         net (fo=1, unplaced)         0.000     6.817    acc_reg[27]_i_4_n_0
                         CARRY4 (Prop_carry4_CI_O[3])
                                                      0.331     7.148 r  acc_reg[31]_i_6/O[3]
                         net (fo=8, unplaced)         0.656     7.804    acc_reg[31]_i_6_n_4
                         LUT2 (Prop_lut2_I0_O)        0.307     8.111 r  acc[31]_i_23/O
                         net (fo=1, unplaced)         0.000     8.111    acc[31]_i_23_n_0
                         CARRY4 (Prop_carry4_S[3]_CO[3])
                                                      0.376     8.487 r  acc_reg[31]_i_14/CO[3]
                         net (fo=1, unplaced)         0.000     8.487    acc_reg[31]_i_14_n_0
                         CARRY4 (Prop_carry4_CI_CO[1])
                                                      0.179     8.666 r  acc_reg[0]_i_4/CO[1]
                         net (fo=32, unplaced)        0.682     9.348    acc_reg[0]_i_4_n_2
                         LUT5 (Prop_lut5_I1_O)        0.332     9.680 r  acc[26]_i_2/O
                         net (fo=1, unplaced)         0.449    10.129    acc[26]_i_2_n_0
                         LUT3 (Prop_lut3_I2_O)        0.124    10.253 r  acc[26]_i_1/O
                         net (fo=2, unplaced)         0.000    10.253    next_acc[26]
                         FDRE                                         r  acc_reg[26]/D
  -------------------------------------------------------------------    -------------------

                         (clock clk rise edge)       10.000    10.000 r  
                                                      0.000    10.000 r  clk (IN)
                         net (fo=0)                   0.000    10.000    clk
                         IBUF (Prop_ibuf_I_O)         0.838    10.838 r  clk_IBUF_inst/O
                         net (fo=1, unplaced)         0.760    11.598    clk_IBUF
                         BUFG (Prop_bufg_I_O)         0.091    11.689 r  clk_IBUF_BUFG_inst/O
                         net (fo=166, unplaced)       0.439    12.128    clk_IBUF_BUFG
                         FDRE                                         r  acc_reg[26]/C
                         clock pessimism              0.184    12.311    
                         clock uncertainty           -0.035    12.276    
                         FDRE (Setup_fdre_C_D)        0.044    12.320    acc_reg[26]
  -------------------------------------------------------------------
                         required time                         12.320    
                         arrival time                         -10.253    
  -------------------------------------------------------------------
                         slack                                  2.067    





Pulse Width Checks
--------------------------------------------------------------------------------------
Clock Name:         clk
Waveform(ns):       { 0.000 5.000 }
Period(ns):         10.000
Sources:            { clk }

Check Type        Corner  Lib Pin  Reference Pin  Required(ns)  Actual(ns)  Slack(ns)  Location  Pin
Min Period        n/a     BUFG/I   n/a            2.155         10.000      7.845                clk_IBUF_BUFG_inst/I
Min Period        n/a     FDRE/C   n/a            1.000         10.000      9.000                acc_reg[0]/C
Min Period        n/a     FDRE/C   n/a            1.000         10.000      9.000                acc_reg[10]/C
Min Period        n/a     FDRE/C   n/a            1.000         10.000      9.000                acc_reg[11]/C
Min Period        n/a     FDRE/C   n/a            1.000         10.000      9.000                acc_reg[12]/C
Min Period        n/a     FDRE/C   n/a            1.000         10.000      9.000                acc_reg[13]/C
Min Period        n/a     FDRE/C   n/a            1.000         10.000      9.000                acc_reg[14]/C
Min Period        n/a     FDRE/C   n/a            1.000         10.000      9.000                acc_reg[15]/C
Min Period        n/a     FDRE/C   n/a            1.000         10.000      9.000                acc_reg[16]/C
Min Period        n/a     FDRE/C   n/a            1.000         10.000      9.000                acc_reg[17]/C
Min Period        n/a     FDRE/C   n/a            1.000         10.000      9.000                acc_reg[18]/C
Min Period        n/a     FDRE/C   n/a            1.000         10.000      9.000                acc_reg[19]/C
Min Period        n/a     FDRE/C   n/a            1.000         10.000      9.000                acc_reg[1]/C
Min Period        n/a     FDRE/C   n/a            1.000         10.000      9.000                acc_reg[20]/C
Min Period        n/a     FDRE/C   n/a            1.000         10.000      9.000                acc_reg[21]/C
Min Period        n/a     FDRE/C   n/a            1.000         10.000      9.000                acc_reg[22]/C
Min Period        n/a     FDRE/C   n/a            1.000         10.000      9.000                acc_reg[23]/C
Min Period        n/a     FDRE/C   n/a            1.000         10.000      9.000                acc_reg[24]/C
Min Period        n/a     FDRE/C   n/a            1.000         10.000      9.000                acc_reg[25]/C
Min Period        n/a     FDRE/C   n/a            1.000         10.000      9.000                acc_reg[26]/C
Low Pulse Width   Slow    FDRE/C   n/a            0.500         5.000       4.500                acc_reg[0]/C
Low Pulse Width   Fast    FDRE/C   n/a            0.500         5.000       4.500                acc_reg[0]/C
Low Pulse Width   Slow    FDRE/C   n/a            0.500         5.000       4.500                acc_reg[10]/C
Low Pulse Width   Fast    FDRE/C   n/a            0.500         5.000       4.500                acc_reg[10]/C
Low Pulse Width   Slow    FDRE/C   n/a            0.500         5.000       4.500                acc_reg[11]/C
Low Pulse Width   Fast    FDRE/C   n/a            0.500         5.000       4.500                acc_reg[11]/C
Low Pulse Width   Slow    FDRE/C   n/a            0.500         5.000       4.500                acc_reg[12]/C
Low Pulse Width   Fast    FDRE/C   n/a            0.500         5.000       4.500                acc_reg[12]/C
Low Pulse Width   Slow    FDRE/C   n/a            0.500         5.000       4.500                acc_reg[13]/C
Low Pulse Width   Fast    FDRE/C   n/a            0.500         5.000       4.500                acc_reg[13]/C
Low Pulse Width   Slow    FDRE/C   n/a            0.500         5.000       4.500                acc_reg[14]/C
Low Pulse Width   Fast    FDRE/C   n/a            0.500         5.000       4.500                acc_reg[14]/C
Low Pulse Width   Slow    FDRE/C   n/a            0.500         5.000       4.500                acc_reg[15]/C
Low Pulse Width   Fast    FDRE/C   n/a            0.500         5.000       4.500                acc_reg[15]/C
Low Pulse Width   Slow    FDRE/C   n/a            0.500         5.000       4.500                acc_reg[16]/C
Low Pulse Width   Fast    FDRE/C   n/a            0.500         5.000       4.500                acc_reg[16]/C
Low Pulse Width   Slow    FDRE/C   n/a            0.500         5.000       4.500                acc_reg[17]/C
Low Pulse Width   Fast    FDRE/C   n/a            0.500         5.000       4.500                acc_reg[17]/C
Low Pulse Width   Slow    FDRE/C   n/a            0.500         5.000       4.500                acc_reg[18]/C
Low Pulse Width   Fast    FDRE/C   n/a            0.500         5.000       4.500                acc_reg[18]/C
High Pulse Width  Slow    FDRE/C   n/a            0.500         5.000       4.500                acc_reg[0]/C
High Pulse Width  Fast    FDRE/C   n/a            0.500         5.000       4.500                acc_reg[0]/C
High Pulse Width  Slow    FDRE/C   n/a            0.500         5.000       4.500                acc_reg[10]/C
High Pulse Width  Fast    FDRE/C   n/a            0.500         5.000       4.500                acc_reg[10]/C
High Pulse Width  Slow    FDRE/C   n/a            0.500         5.000       4.500                acc_reg[11]/C
High Pulse Width  Fast    FDRE/C   n/a            0.500         5.000       4.500                acc_reg[11]/C
High Pulse Width  Slow    FDRE/C   n/a            0.500         5.000       4.500                acc_reg[12]/C
High Pulse Width  Fast    FDRE/C   n/a            0.500         5.000       4.500                acc_reg[12]/C
High Pulse Width  Slow    FDRE/C   n/a            0.500         5.000       4.500                acc_reg[13]/C
High Pulse Width  Fast    FDRE/C   n/a            0.500         5.000       4.500                acc_reg[13]/C
High Pulse Width  Slow    FDRE/C   n/a            0.500         5.000       4.500                acc_reg[14]/C
High Pulse Width  Fast    FDRE/C   n/a            0.500         5.000       4.500                acc_reg[14]/C
High Pulse Width  Slow    FDRE/C   n/a            0.500         5.000       4.500                acc_reg[15]/C
High Pulse Width  Fast    FDRE/C   n/a            0.500         5.000       4.500                acc_reg[15]/C
High Pulse Width  Slow    FDRE/C   n/a            0.500         5.000       4.500                acc_reg[16]/C
High Pulse Width  Fast    FDRE/C   n/a            0.500         5.000       4.500                acc_reg[16]/C
High Pulse Width  Slow    FDRE/C   n/a            0.500         5.000       4.500                acc_reg[17]/C
High Pulse Width  Fast    FDRE/C   n/a            0.500         5.000       4.500                acc_reg[17]/C
High Pulse Width  Slow    FDRE/C   n/a            0.500         5.000       4.500                acc_reg[18]/C
High Pulse Width  Fast    FDRE/C   n/a            0.500         5.000       4.500                acc_reg[18]/C



