Copyright 1986-2022 Xilinx, Inc. All Rights Reserved. Copyright 2022-2024 Advanced Micro Devices, Inc. All Rights Reserved.
----------------------------------------------------------------------------------------------------------------------------------------------------------------------------------------------------
| Tool Version : Vivado v.2024.1 (win64) Build 5076996 Wed May 22 18:37:14 MDT 2024
| Date         : Sun Jul 19 22:54:01 2026
| Host         : DESKTOP-63734QH running 64-bit major release  (build 9200)
| Command      : report_timing_summary -delay_type max -max_paths 30 -file F:/repos/pynq_butterfly/reports/poly_mul4096_dual_butterfly_runtime_synth/poly_mul4096_dual_butterfly_runtime_timing.rpt
| Design       : poly_mul4096_dual_butterfly_runtime_profile_core
| Device       : 7z020-clg400
| Speed File   : -1  PRODUCTION 1.12 2019-11-22
| Design State : Synthesized
----------------------------------------------------------------------------------------------------------------------------------------------------------------------------------------------------

Timing Summary Report

------------------------------------------------------------------------------------------------
| Timer Settings
| --------------
------------------------------------------------------------------------------------------------

  Enable Multi Corner Analysis               :  Yes
  Enable Pessimism Removal                   :  Yes
  Pessimism Removal Resolution               :  Nearest Common Node
  Enable Input Delay Default Clock           :  No
  Enable Preset / Clear Arcs                 :  No
  Disable Flight Delays                      :  No
  Ignore I/O Paths                           :  No
  Timing Early Launch at Borrowing Latches   :  No
  Borrow Time for Max Delay Exceptions       :  Yes
  Merge Timing Exceptions                    :  Yes
  Inter-SLR Compensation                     :  Conservative

  Corner  Analyze    Analyze    
  Name    Max Paths  Min Paths  
  ------  ---------  ---------  
  Slow    Yes        Yes        
  Fast    Yes        Yes        


------------------------------------------------------------------------------------------------
| Report Methodology
| ------------------
------------------------------------------------------------------------------------------------

No report available as report_methodology has not been run prior. Run report_methodology on the current design for the summary of methodology violations.



check_timing report

Table of Contents
-----------------
1. checking no_clock (0)
2. checking constant_clock (0)
3. checking pulse_width_clock (0)
4. checking unconstrained_internal_endpoints (0)
5. checking no_input_delay (197)
6. checking no_output_delay (208)
7. checking multiple_clock (0)
8. checking generated_clocks (0)
9. checking loops (0)
10. checking partial_input_delay (0)
11. checking partial_output_delay (0)
12. checking latch_loops (0)

1. checking no_clock (0)
------------------------
 There are 0 register/latch pins with no clock.


2. checking constant_clock (0)
------------------------------
 There are 0 register/latch pins with constant_clock.


3. checking pulse_width_clock (0)
---------------------------------
 There are 0 register/latch pins which need pulse_width check


4. checking unconstrained_internal_endpoints (0)
------------------------------------------------
 There are 0 pins that are not constrained for maximum delay.

 There are 0 pins that are not constrained for maximum delay due to constant clock.


5. checking no_input_delay (197)
--------------------------------
 There are 197 input ports with no input delay specified. (HIGH)

 There are 0 input ports with no input delay but user has a false path constraint.


6. checking no_output_delay (208)
---------------------------------
 There are 208 ports with no output delay specified. (HIGH)

 There are 0 ports with no output delay but user has a false path constraint

 There are 0 ports with no output delay but with a timing clock defined on it or propagating through it


7. checking multiple_clock (0)
------------------------------
 There are 0 register/latch pins with multiple clocks.


8. checking generated_clocks (0)
--------------------------------
 There are 0 generated clocks that are not connected to a clock source.


9. checking loops (0)
---------------------
 There are 0 combinational loops in the design.


10. checking partial_input_delay (0)
------------------------------------
 There are 0 input ports with partial input delay specified.


11. checking partial_output_delay (0)
-------------------------------------
 There are 0 ports with partial output delay specified.


12. checking latch_loops (0)
----------------------------
 There are 0 combinational latch loops in the design through latch input



------------------------------------------------------------------------------------------------
| Design Timing Summary
| ---------------------
------------------------------------------------------------------------------------------------

    WNS(ns)      TNS(ns)  TNS Failing Endpoints  TNS Total Endpoints     WPWS(ns)     TPWS(ns)  TPWS Failing Endpoints  TPWS Total Endpoints  
    -------      -------  ---------------------  -------------------     --------     --------  ----------------------  --------------------  
      0.707        0.000                      0                 7871        4.500        0.000                       0                  3182  


All user specified timing constraints are met.


------------------------------------------------------------------------------------------------
| Clock Summary
| -------------
------------------------------------------------------------------------------------------------

Clock  Waveform(ns)       Period(ns)      Frequency(MHz)
-----  ------------       ----------      --------------
clk    {0.000 5.000}      10.000          100.000         


------------------------------------------------------------------------------------------------
| Intra Clock Table
| -----------------
------------------------------------------------------------------------------------------------

Clock             WNS(ns)      TNS(ns)  TNS Failing Endpoints  TNS Total Endpoints     WPWS(ns)     TPWS(ns)  TPWS Failing Endpoints  TPWS Total Endpoints  
-----             -------      -------  ---------------------  -------------------     --------     --------  ----------------------  --------------------  
clk                 0.707        0.000                      0                 7871        4.500        0.000                       0                  3182  


------------------------------------------------------------------------------------------------
| Inter Clock Table
| -----------------
------------------------------------------------------------------------------------------------

From Clock    To Clock          WNS(ns)      TNS(ns)  TNS Failing Endpoints  TNS Total Endpoints  
----------    --------          -------      -------  ---------------------  -------------------  


------------------------------------------------------------------------------------------------
| Other Path Groups Table
| -----------------------
------------------------------------------------------------------------------------------------

Path Group    From Clock    To Clock          WNS(ns)      TNS(ns)  TNS Failing Endpoints  TNS Total Endpoints  
----------    ----------    --------          -------      -------  ---------------------  -------------------  


------------------------------------------------------------------------------------------------
| Timing Details
| --------------
------------------------------------------------------------------------------------------------


---------------------------------------------------------------------------------------------------
From Clock:  clk
  To Clock:  clk

Setup :            0  Failing Endpoints,  Worst Slack        0.707ns,  Total Violation        0.000ns
Hold  :           NA  Failing Endpoints,  Worst Slack           NA  ,  Total Violation           NA
PW    :            0  Failing Endpoints,  Worst Slack        4.500ns,  Total Violation        0.000ns
---------------------------------------------------------------------------------------------------


Max Delay Paths
--------------------------------------------------------------------------------------
Slack (MET) :             0.707ns  (required time - arrival time)
  Source:                 schedule/current_stage_reg[1]/C
                            (rising edge-triggered cell FDRE clocked by clk  {rise@0.000ns fall@5.000ns period=10.000ns})
  Destination:            coefficient_store_a/bank0/memory_reg/ADDRARDADDR[6]
                            (rising edge-triggered cell RAMB36E1 clocked by clk  {rise@0.000ns fall@5.000ns period=10.000ns})
  Path Group:             clk
  Path Type:              Setup (Max at Slow Process Corner)
  Requirement:            10.000ns  (clk rise@10.000ns - clk rise@0.000ns)
  Data Path Delay:        8.547ns  (logic 1.393ns (16.299%)  route 7.154ns (83.701%))
  Logic Levels:           6  (LUT6=6)
  Clock Path Skew:        -0.145ns (DCD - SCD + CPR)
    Destination Clock Delay (DCD):    2.128ns = ( 12.128 - 10.000 ) 
    Source Clock Delay      (SCD):    2.456ns
    Clock Pessimism Removal (CPR):    0.184ns
  Clock Uncertainty:      0.035ns  ((TSJ^2 + TIJ^2)^1/2 + DJ) / 2 + PE
    Total System Jitter     (TSJ):    0.071ns
    Total Input Jitter      (TIJ):    0.000ns
    Discrete Jitter          (DJ):    0.000ns
    Phase Error              (PE):    0.000ns

    Location             Delay type                Incr(ns)  Path(ns)    Netlist Resource(s)
  -------------------------------------------------------------------    -------------------
                         (clock clk rise edge)        0.000     0.000 r  
                                                      0.000     0.000 r  clk (IN)
                         net (fo=0)                   0.000     0.000    clk
                         IBUF (Prop_ibuf_I_O)         0.972     0.972 r  clk_IBUF_inst/O
                         net (fo=1, unplaced)         0.800     1.771    clk_IBUF
                         BUFG (Prop_bufg_I_O)         0.101     1.872 r  clk_IBUF_BUFG_inst/O
                         net (fo=3181, unplaced)      0.584     2.456    schedule/clk_IBUF_BUFG
                         FDRE                                         r  schedule/current_stage_reg[1]/C
  -------------------------------------------------------------------    -------------------
                         FDRE (Prop_fdre_C_Q)         0.478     2.934 r  schedule/current_stage_reg[1]/Q
                         net (fo=124, unplaced)       1.070     4.004    schedule/current_stage_reg_n_0_[1]
                         LUT6 (Prop_lut6_I0_O)        0.295     4.299 r  schedule/profile_memory_i_78/O
                         net (fo=7, unplaced)         0.937     5.236    schedule/schedule_address0_a[4]
                         LUT6 (Prop_lut6_I2_O)        0.124     5.360 r  schedule/memory_reg_i_225__2/O
                         net (fo=1, unplaced)         1.111     6.471    schedule/memory_reg_i_225__2_n_0
                         LUT6 (Prop_lut6_I0_O)        0.124     6.595 f  schedule/memory_reg_i_57__2/O
                         net (fo=161, unplaced)       1.223     7.818    schedule/coefficient_store_a/logical_bank_return038_out
                         LUT6 (Prop_lut6_I0_O)        0.124     7.942 r  schedule/memory_reg_i_269/O
                         net (fo=1, unplaced)         1.111     9.053    schedule/memory_reg_i_269_n_0
                         LUT6 (Prop_lut6_I0_O)        0.124     9.177 r  schedule/memory_reg_i_88__2/O
                         net (fo=1, unplaced)         0.902    10.079    schedule/memory_reg_i_88__2_n_0
                         LUT6 (Prop_lut6_I1_O)        0.124    10.203 r  schedule/memory_reg_i_11__2/O
                         net (fo=1, unplaced)         0.800    11.003    coefficient_store_a/bank0/ADDRARDADDR[1]
                         RAMB36E1                                     r  coefficient_store_a/bank0/memory_reg/ADDRARDADDR[6]
  -------------------------------------------------------------------    -------------------

                         (clock clk rise edge)       10.000    10.000 r  
                                                      0.000    10.000 r  clk (IN)
                         net (fo=0)                   0.000    10.000    clk
                         IBUF (Prop_ibuf_I_O)         0.838    10.838 r  clk_IBUF_inst/O
                         net (fo=1, unplaced)         0.760    11.598    clk_IBUF
                         BUFG (Prop_bufg_I_O)         0.091    11.689 r  clk_IBUF_BUFG_inst/O
                         net (fo=3181, unplaced)      0.439    12.128    coefficient_store_a/bank0/clk_IBUF_BUFG
                         RAMB36E1                                     r  coefficient_store_a/bank0/memory_reg/CLKARDCLK
                         clock pessimism              0.184    12.311    
                         clock uncertainty           -0.035    12.276    
                         RAMB36E1 (Setup_ramb36e1_CLKARDCLK_ADDRARDADDR[6])
                                                     -0.566    11.710    coefficient_store_a/bank0/memory_reg
  -------------------------------------------------------------------
                         required time                         11.710    
                         arrival time                         -11.003    
  -------------------------------------------------------------------
                         slack                                  0.707    

Slack (MET) :             0.707ns  (required time - arrival time)
  Source:                 schedule/current_stage_reg[1]/C
                            (rising edge-triggered cell FDRE clocked by clk  {rise@0.000ns fall@5.000ns period=10.000ns})
  Destination:            coefficient_store_a/bank2/memory_reg/ADDRARDADDR[6]
                            (rising edge-triggered cell RAMB36E1 clocked by clk  {rise@0.000ns fall@5.000ns period=10.000ns})
  Path Group:             clk
  Path Type:              Setup (Max at Slow Process Corner)
  Requirement:            10.000ns  (clk rise@10.000ns - clk rise@0.000ns)
  Data Path Delay:        8.547ns  (logic 1.393ns (16.299%)  route 7.154ns (83.701%))
  Logic Levels:           6  (LUT6=6)
  Clock Path Skew:        -0.145ns (DCD - SCD + CPR)
    Destination Clock Delay (DCD):    2.128ns = ( 12.128 - 10.000 ) 
    Source Clock Delay      (SCD):    2.456ns
    Clock Pessimism Removal (CPR):    0.184ns
  Clock Uncertainty:      0.035ns  ((TSJ^2 + TIJ^2)^1/2 + DJ) / 2 + PE
    Total System Jitter     (TSJ):    0.071ns
    Total Input Jitter      (TIJ):    0.000ns
    Discrete Jitter          (DJ):    0.000ns
    Phase Error              (PE):    0.000ns

    Location             Delay type                Incr(ns)  Path(ns)    Netlist Resource(s)
  -------------------------------------------------------------------    -------------------
                         (clock clk rise edge)        0.000     0.000 r  
                                                      0.000     0.000 r  clk (IN)
                         net (fo=0)                   0.000     0.000    clk
                         IBUF (Prop_ibuf_I_O)         0.972     0.972 r  clk_IBUF_inst/O
                         net (fo=1, unplaced)         0.800     1.771    clk_IBUF
                         BUFG (Prop_bufg_I_O)         0.101     1.872 r  clk_IBUF_BUFG_inst/O
                         net (fo=3181, unplaced)      0.584     2.456    schedule/clk_IBUF_BUFG
                         FDRE                                         r  schedule/current_stage_reg[1]/C
  -------------------------------------------------------------------    -------------------
                         FDRE (Prop_fdre_C_Q)         0.478     2.934 r  schedule/current_stage_reg[1]/Q
                         net (fo=124, unplaced)       1.070     4.004    schedule/current_stage_reg_n_0_[1]
                         LUT6 (Prop_lut6_I0_O)        0.295     4.299 r  schedule/profile_memory_i_78/O
                         net (fo=7, unplaced)         0.937     5.236    schedule/schedule_address0_a[4]
                         LUT6 (Prop_lut6_I2_O)        0.124     5.360 r  schedule/memory_reg_i_225__2/O
                         net (fo=1, unplaced)         1.111     6.471    schedule/memory_reg_i_225__2_n_0
                         LUT6 (Prop_lut6_I0_O)        0.124     6.595 f  schedule/memory_reg_i_57__2/O
                         net (fo=161, unplaced)       1.223     7.818    schedule/coefficient_store_a/logical_bank_return038_out
                         LUT6 (Prop_lut6_I0_O)        0.124     7.942 r  schedule/memory_reg_i_183__1/O
                         net (fo=1, unplaced)         1.111     9.053    schedule/memory_reg_i_183__1_n_0
                         LUT6 (Prop_lut6_I0_O)        0.124     9.177 r  schedule/memory_reg_i_77/O
                         net (fo=1, unplaced)         0.902    10.079    schedule/memory_reg_i_77_n_0
                         LUT6 (Prop_lut6_I1_O)        0.124    10.203 r  schedule/memory_reg_i_10__0/O
                         net (fo=1, unplaced)         0.800    11.003    coefficient_store_a/bank2/memory_reg_31[1]
                         RAMB36E1                                     r  coefficient_store_a/bank2/memory_reg/ADDRARDADDR[6]
  -------------------------------------------------------------------    -------------------

                         (clock clk rise edge)       10.000    10.000 r  
                                                      0.000    10.000 r  clk (IN)
                         net (fo=0)                   0.000    10.000    clk
                         IBUF (Prop_ibuf_I_O)         0.838    10.838 r  clk_IBUF_inst/O
                         net (fo=1, unplaced)         0.760    11.598    clk_IBUF
                         BUFG (Prop_bufg_I_O)         0.091    11.689 r  clk_IBUF_BUFG_inst/O
                         net (fo=3181, unplaced)      0.439    12.128    coefficient_store_a/bank2/clk_IBUF_BUFG
                         RAMB36E1                                     r  coefficient_store_a/bank2/memory_reg/CLKARDCLK
                         clock pessimism              0.184    12.311    
                         clock uncertainty           -0.035    12.276    
                         RAMB36E1 (Setup_ramb36e1_CLKARDCLK_ADDRARDADDR[6])
                                                     -0.566    11.710    coefficient_store_a/bank2/memory_reg
  -------------------------------------------------------------------
                         required time                         11.710    
                         arrival time                         -11.003    
  -------------------------------------------------------------------
                         slack                                  0.707    

Slack (MET) :             0.707ns  (required time - arrival time)
  Source:                 schedule/current_stage_reg[1]/C
                            (rising edge-triggered cell FDRE clocked by clk  {rise@0.000ns fall@5.000ns period=10.000ns})
  Destination:            coefficient_store_a/bank2/memory_reg/ADDRARDADDR[9]
                            (rising edge-triggered cell RAMB36E1 clocked by clk  {rise@0.000ns fall@5.000ns period=10.000ns})
  Path Group:             clk
  Path Type:              Setup (Max at Slow Process Corner)
  Requirement:            10.000ns  (clk rise@10.000ns - clk rise@0.000ns)
  Data Path Delay:        8.547ns  (logic 1.393ns (16.299%)  route 7.154ns (83.701%))
  Logic Levels:           6  (LUT5=1 LUT6=5)
  Clock Path Skew:        -0.145ns (DCD - SCD + CPR)
    Destination Clock Delay (DCD):    2.128ns = ( 12.128 - 10.000 ) 
    Source Clock Delay      (SCD):    2.456ns
    Clock Pessimism Removal (CPR):    0.184ns
  Clock Uncertainty:      0.035ns  ((TSJ^2 + TIJ^2)^1/2 + DJ) / 2 + PE
    Total System Jitter     (TSJ):    0.071ns
    Total Input Jitter      (TIJ):    0.000ns
    Discrete Jitter          (DJ):    0.000ns
    Phase Error              (PE):    0.000ns

    Location             Delay type                Incr(ns)  Path(ns)    Netlist Resource(s)
  -------------------------------------------------------------------    -------------------
                         (clock clk rise edge)        0.000     0.000 r  
                                                      0.000     0.000 r  clk (IN)
                         net (fo=0)                   0.000     0.000    clk
                         IBUF (Prop_ibuf_I_O)         0.972     0.972 r  clk_IBUF_inst/O
                         net (fo=1, unplaced)         0.800     1.771    clk_IBUF
                         BUFG (Prop_bufg_I_O)         0.101     1.872 r  clk_IBUF_BUFG_inst/O
                         net (fo=3181, unplaced)      0.584     2.456    schedule/clk_IBUF_BUFG
                         FDRE                                         r  schedule/current_stage_reg[1]/C
  -------------------------------------------------------------------    -------------------
                         FDRE (Prop_fdre_C_Q)         0.478     2.934 r  schedule/current_stage_reg[1]/Q
                         net (fo=124, unplaced)       1.070     4.004    schedule/current_stage_reg_n_0_[1]
                         LUT6 (Prop_lut6_I0_O)        0.295     4.299 r  schedule/profile_memory_i_78/O
                         net (fo=7, unplaced)         0.937     5.236    schedule/schedule_address0_a[4]
                         LUT6 (Prop_lut6_I2_O)        0.124     5.360 r  schedule/memory_reg_i_225__2/O
                         net (fo=1, unplaced)         1.111     6.471    schedule/memory_reg_i_225__2_n_0
                         LUT6 (Prop_lut6_I0_O)        0.124     6.595 f  schedule/memory_reg_i_57__2/O
                         net (fo=161, unplaced)       1.223     7.818    schedule/coefficient_store_a/logical_bank_return038_out
                         LUT5 (Prop_lut5_I0_O)        0.124     7.942 r  schedule/memory_reg_i_177__0/O
                         net (fo=1, unplaced)         1.111     9.053    schedule/memory_reg_i_177__0_n_0
                         LUT6 (Prop_lut6_I0_O)        0.124     9.177 r  schedule/memory_reg_i_71/O
                         net (fo=1, unplaced)         0.902    10.079    schedule/memory_reg_i_71_n_0
                         LUT6 (Prop_lut6_I1_O)        0.124    10.203 r  schedule/memory_reg_i_7__0/O
                         net (fo=1, unplaced)         0.800    11.003    coefficient_store_a/bank2/memory_reg_31[4]
                         RAMB36E1                                     r  coefficient_store_a/bank2/memory_reg/ADDRARDADDR[9]
  -------------------------------------------------------------------    -------------------

                         (clock clk rise edge)       10.000    10.000 r  
                                                      0.000    10.000 r  clk (IN)
                         net (fo=0)                   0.000    10.000    clk
                         IBUF (Prop_ibuf_I_O)         0.838    10.838 r  clk_IBUF_inst/O
                         net (fo=1, unplaced)         0.760    11.598    clk_IBUF
                         BUFG (Prop_bufg_I_O)         0.091    11.689 r  clk_IBUF_BUFG_inst/O
                         net (fo=3181, unplaced)      0.439    12.128    coefficient_store_a/bank2/clk_IBUF_BUFG
                         RAMB36E1                                     r  coefficient_store_a/bank2/memory_reg/CLKARDCLK
                         clock pessimism              0.184    12.311    
                         clock uncertainty           -0.035    12.276    
                         RAMB36E1 (Setup_ramb36e1_CLKARDCLK_ADDRARDADDR[9])
                                                     -0.566    11.710    coefficient_store_a/bank2/memory_reg
  -------------------------------------------------------------------
                         required time                         11.710    
                         arrival time                         -11.003    
  -------------------------------------------------------------------
                         slack                                  0.707    

Slack (MET) :             0.967ns  (required time - arrival time)
  Source:                 schedule/current_pair_reg[2]/C
                            (rising edge-triggered cell FDRE clocked by clk  {rise@0.000ns fall@5.000ns period=10.000ns})
  Destination:            coefficient_store_a/bank2/memory_reg/ADDRARDADDR[10]
                            (rising edge-triggered cell RAMB36E1 clocked by clk  {rise@0.000ns fall@5.000ns period=10.000ns})
  Path Group:             clk
  Path Type:              Setup (Max at Slow Process Corner)
  Requirement:            10.000ns  (clk rise@10.000ns - clk rise@0.000ns)
  Data Path Delay:        8.287ns  (logic 1.393ns (16.810%)  route 6.894ns (83.190%))
  Logic Levels:           6  (LUT6=6)
  Clock Path Skew:        -0.145ns (DCD - SCD + CPR)
    Destination Clock Delay (DCD):    2.128ns = ( 12.128 - 10.000 ) 
    Source Clock Delay      (SCD):    2.456ns
    Clock Pessimism Removal (CPR):    0.184ns
  Clock Uncertainty:      0.035ns  ((TSJ^2 + TIJ^2)^1/2 + DJ) / 2 + PE
    Total System Jitter     (TSJ):    0.071ns
    Total Input Jitter      (TIJ):    0.000ns
    Discrete Jitter          (DJ):    0.000ns
    Phase Error              (PE):    0.000ns

    Location             Delay type                Incr(ns)  Path(ns)    Netlist Resource(s)
  -------------------------------------------------------------------    -------------------
                         (clock clk rise edge)        0.000     0.000 r  
                                                      0.000     0.000 r  clk (IN)
                         net (fo=0)                   0.000     0.000    clk
                         IBUF (Prop_ibuf_I_O)         0.972     0.972 r  clk_IBUF_inst/O
                         net (fo=1, unplaced)         0.800     1.771    clk_IBUF
                         BUFG (Prop_bufg_I_O)         0.101     1.872 r  clk_IBUF_BUFG_inst/O
                         net (fo=3181, unplaced)      0.584     2.456    schedule/clk_IBUF_BUFG
                         FDRE                                         r  schedule/current_pair_reg[2]/C
  -------------------------------------------------------------------    -------------------
                         FDRE (Prop_fdre_C_Q)         0.478     2.934 r  schedule/current_pair_reg[2]/Q
                         net (fo=17, unplaced)        1.021     3.955    schedule/current_pair_reg_n_0_[2]
                         LUT6 (Prop_lut6_I0_O)        0.295     4.250 r  schedule/memory_reg_i_452/O
                         net (fo=6, unplaced)         0.934     5.184    schedule/schedule_address0_b[4]
                         LUT6 (Prop_lut6_I2_O)        0.124     5.308 r  schedule/memory_reg_i_262__0/O
                         net (fo=1, unplaced)         1.111     6.419    schedule/memory_reg_i_262__0_n_0
                         LUT6 (Prop_lut6_I0_O)        0.124     6.543 f  schedule/memory_reg_i_165__0/O
                         net (fo=173, unplaced)       1.224     7.767    schedule/coefficient_store_a/logical_bank_return025_out
                         LUT6 (Prop_lut6_I0_O)        0.124     7.891 r  schedule/memory_reg_i_175__1/O
                         net (fo=1, unplaced)         0.902     8.793    schedule/memory_reg_i_175__1_n_0
                         LUT6 (Prop_lut6_I3_O)        0.124     8.917 r  schedule/memory_reg_i_69/O
                         net (fo=1, unplaced)         0.902     9.819    schedule/memory_reg_i_69_n_0
                         LUT6 (Prop_lut6_I1_O)        0.124     9.943 r  schedule/memory_reg_i_6__0/O
                         net (fo=1, unplaced)         0.800    10.743    coefficient_store_a/bank2/memory_reg_31[5]
                         RAMB36E1                                     r  coefficient_store_a/bank2/memory_reg/ADDRARDADDR[10]
  -------------------------------------------------------------------    -------------------

                         (clock clk rise edge)       10.000    10.000 r  
                                                      0.000    10.000 r  clk (IN)
                         net (fo=0)                   0.000    10.000    clk
                         IBUF (Prop_ibuf_I_O)         0.838    10.838 r  clk_IBUF_inst/O
                         net (fo=1, unplaced)         0.760    11.598    clk_IBUF
                         BUFG (Prop_bufg_I_O)         0.091    11.689 r  clk_IBUF_BUFG_inst/O
                         net (fo=3181, unplaced)      0.439    12.128    coefficient_store_a/bank2/clk_IBUF_BUFG
                         RAMB36E1                                     r  coefficient_store_a/bank2/memory_reg/CLKARDCLK
                         clock pessimism              0.184    12.311    
                         clock uncertainty           -0.035    12.276    
                         RAMB36E1 (Setup_ramb36e1_CLKARDCLK_ADDRARDADDR[10])
                                                     -0.566    11.710    coefficient_store_a/bank2/memory_reg
  -------------------------------------------------------------------
                         required time                         11.710    
                         arrival time                         -10.743    
  -------------------------------------------------------------------
                         slack                                  0.967    

Slack (MET) :             0.967ns  (required time - arrival time)
  Source:                 schedule/current_pair_reg[2]/C
                            (rising edge-triggered cell FDRE clocked by clk  {rise@0.000ns fall@5.000ns period=10.000ns})
  Destination:            coefficient_store_a/bank2/memory_reg/ADDRARDADDR[12]
                            (rising edge-triggered cell RAMB36E1 clocked by clk  {rise@0.000ns fall@5.000ns period=10.000ns})
  Path Group:             clk
  Path Type:              Setup (Max at Slow Process Corner)
  Requirement:            10.000ns  (clk rise@10.000ns - clk rise@0.000ns)
  Data Path Delay:        8.287ns  (logic 1.393ns (16.810%)  route 6.894ns (83.190%))
  Logic Levels:           6  (LUT6=6)
  Clock Path Skew:        -0.145ns (DCD - SCD + CPR)
    Destination Clock Delay (DCD):    2.128ns = ( 12.128 - 10.000 ) 
    Source Clock Delay      (SCD):    2.456ns
    Clock Pessimism Removal (CPR):    0.184ns
  Clock Uncertainty:      0.035ns  ((TSJ^2 + TIJ^2)^1/2 + DJ) / 2 + PE
    Total System Jitter     (TSJ):    0.071ns
    Total Input Jitter      (TIJ):    0.000ns
    Discrete Jitter          (DJ):    0.000ns
    Phase Error              (PE):    0.000ns

    Location             Delay type                Incr(ns)  Path(ns)    Netlist Resource(s)
  -------------------------------------------------------------------    -------------------
                         (clock clk rise edge)        0.000     0.000 r  
                                                      0.000     0.000 r  clk (IN)
                         net (fo=0)                   0.000     0.000    clk
                         IBUF (Prop_ibuf_I_O)         0.972     0.972 r  clk_IBUF_inst/O
                         net (fo=1, unplaced)         0.800     1.771    clk_IBUF
                         BUFG (Prop_bufg_I_O)         0.101     1.872 r  clk_IBUF_BUFG_inst/O
                         net (fo=3181, unplaced)      0.584     2.456    schedule/clk_IBUF_BUFG
                         FDRE                                         r  schedule/current_pair_reg[2]/C
  -------------------------------------------------------------------    -------------------
                         FDRE (Prop_fdre_C_Q)         0.478     2.934 r  schedule/current_pair_reg[2]/Q
                         net (fo=17, unplaced)        1.021     3.955    schedule/current_pair_reg_n_0_[2]
                         LUT6 (Prop_lut6_I0_O)        0.295     4.250 r  schedule/memory_reg_i_452/O
                         net (fo=6, unplaced)         0.934     5.184    schedule/schedule_address0_b[4]
                         LUT6 (Prop_lut6_I2_O)        0.124     5.308 r  schedule/memory_reg_i_262__0/O
                         net (fo=1, unplaced)         1.111     6.419    schedule/memory_reg_i_262__0_n_0
                         LUT6 (Prop_lut6_I0_O)        0.124     6.543 f  schedule/memory_reg_i_165__0/O
                         net (fo=173, unplaced)       1.224     7.767    schedule/coefficient_store_a/logical_bank_return025_out
                         LUT6 (Prop_lut6_I0_O)        0.124     7.891 r  schedule/memory_reg_i_171/O
                         net (fo=1, unplaced)         0.902     8.793    schedule/memory_reg_i_171_n_0
                         LUT6 (Prop_lut6_I3_O)        0.124     8.917 r  schedule/memory_reg_i_65/O
                         net (fo=1, unplaced)         0.902     9.819    schedule/memory_reg_i_65_n_0
                         LUT6 (Prop_lut6_I1_O)        0.124     9.943 r  schedule/memory_reg_i_4__0/O
                         net (fo=1, unplaced)         0.800    10.743    coefficient_store_a/bank2/memory_reg_31[7]
                         RAMB36E1                                     r  coefficient_store_a/bank2/memory_reg/ADDRARDADDR[12]
  -------------------------------------------------------------------    -------------------

                         (clock clk rise edge)       10.000    10.000 r  
                                                      0.000    10.000 r  clk (IN)
                         net (fo=0)                   0.000    10.000    clk
                         IBUF (Prop_ibuf_I_O)         0.838    10.838 r  clk_IBUF_inst/O
                         net (fo=1, unplaced)         0.760    11.598    clk_IBUF
                         BUFG (Prop_bufg_I_O)         0.091    11.689 r  clk_IBUF_BUFG_inst/O
                         net (fo=3181, unplaced)      0.439    12.128    coefficient_store_a/bank2/clk_IBUF_BUFG
                         RAMB36E1                                     r  coefficient_store_a/bank2/memory_reg/CLKARDCLK
                         clock pessimism              0.184    12.311    
                         clock uncertainty           -0.035    12.276    
                         RAMB36E1 (Setup_ramb36e1_CLKARDCLK_ADDRARDADDR[12])
                                                     -0.566    11.710    coefficient_store_a/bank2/memory_reg
  -------------------------------------------------------------------
                         required time                         11.710    
                         arrival time                         -10.743    
  -------------------------------------------------------------------
                         slack                                  0.967    

Slack (MET) :             0.967ns  (required time - arrival time)
  Source:                 schedule/current_pair_reg[2]/C
                            (rising edge-triggered cell FDRE clocked by clk  {rise@0.000ns fall@5.000ns period=10.000ns})
  Destination:            coefficient_store_a/bank2/memory_reg/ADDRARDADDR[8]
                            (rising edge-triggered cell RAMB36E1 clocked by clk  {rise@0.000ns fall@5.000ns period=10.000ns})
  Path Group:             clk
  Path Type:              Setup (Max at Slow Process Corner)
  Requirement:            10.000ns  (clk rise@10.000ns - clk rise@0.000ns)
  Data Path Delay:        8.287ns  (logic 1.393ns (16.810%)  route 6.894ns (83.190%))
  Logic Levels:           6  (LUT6=6)
  Clock Path Skew:        -0.145ns (DCD - SCD + CPR)
    Destination Clock Delay (DCD):    2.128ns = ( 12.128 - 10.000 ) 
    Source Clock Delay      (SCD):    2.456ns
    Clock Pessimism Removal (CPR):    0.184ns
  Clock Uncertainty:      0.035ns  ((TSJ^2 + TIJ^2)^1/2 + DJ) / 2 + PE
    Total System Jitter     (TSJ):    0.071ns
    Total Input Jitter      (TIJ):    0.000ns
    Discrete Jitter          (DJ):    0.000ns
    Phase Error              (PE):    0.000ns

    Location             Delay type                Incr(ns)  Path(ns)    Netlist Resource(s)
  -------------------------------------------------------------------    -------------------
                         (clock clk rise edge)        0.000     0.000 r  
                                                      0.000     0.000 r  clk (IN)
                         net (fo=0)                   0.000     0.000    clk
                         IBUF (Prop_ibuf_I_O)         0.972     0.972 r  clk_IBUF_inst/O
                         net (fo=1, unplaced)         0.800     1.771    clk_IBUF
                         BUFG (Prop_bufg_I_O)         0.101     1.872 r  clk_IBUF_BUFG_inst/O
                         net (fo=3181, unplaced)      0.584     2.456    schedule/clk_IBUF_BUFG
                         FDRE                                         r  schedule/current_pair_reg[2]/C
  -------------------------------------------------------------------    -------------------
                         FDRE (Prop_fdre_C_Q)         0.478     2.934 r  schedule/current_pair_reg[2]/Q
                         net (fo=17, unplaced)        1.021     3.955    schedule/current_pair_reg_n_0_[2]
                         LUT6 (Prop_lut6_I0_O)        0.295     4.250 r  schedule/memory_reg_i_452/O
                         net (fo=6, unplaced)         0.934     5.184    schedule/schedule_address0_b[4]
                         LUT6 (Prop_lut6_I2_O)        0.124     5.308 r  schedule/memory_reg_i_262__0/O
                         net (fo=1, unplaced)         1.111     6.419    schedule/memory_reg_i_262__0_n_0
                         LUT6 (Prop_lut6_I0_O)        0.124     6.543 f  schedule/memory_reg_i_165__0/O
                         net (fo=173, unplaced)       1.224     7.767    schedule/coefficient_store_a/logical_bank_return025_out
                         LUT6 (Prop_lut6_I0_O)        0.124     7.891 r  schedule/memory_reg_i_179/O
                         net (fo=1, unplaced)         0.902     8.793    schedule/memory_reg_i_179_n_0
                         LUT6 (Prop_lut6_I3_O)        0.124     8.917 r  schedule/memory_reg_i_73/O
                         net (fo=1, unplaced)         0.902     9.819    schedule/memory_reg_i_73_n_0
                         LUT6 (Prop_lut6_I1_O)        0.124     9.943 r  schedule/memory_reg_i_8__0/O
                         net (fo=1, unplaced)         0.800    10.743    coefficient_store_a/bank2/memory_reg_31[3]
                         RAMB36E1                                     r  coefficient_store_a/bank2/memory_reg/ADDRARDADDR[8]
  -------------------------------------------------------------------    -------------------

                         (clock clk rise edge)       10.000    10.000 r  
                                                      0.000    10.000 r  clk (IN)
                         net (fo=0)                   0.000    10.000    clk
                         IBUF (Prop_ibuf_I_O)         0.838    10.838 r  clk_IBUF_inst/O
                         net (fo=1, unplaced)         0.760    11.598    clk_IBUF
                         BUFG (Prop_bufg_I_O)         0.091    11.689 r  clk_IBUF_BUFG_inst/O
                         net (fo=3181, unplaced)      0.439    12.128    coefficient_store_a/bank2/clk_IBUF_BUFG
                         RAMB36E1                                     r  coefficient_store_a/bank2/memory_reg/CLKARDCLK
                         clock pessimism              0.184    12.311    
                         clock uncertainty           -0.035    12.276    
                         RAMB36E1 (Setup_ramb36e1_CLKARDCLK_ADDRARDADDR[8])
                                                     -0.566    11.710    coefficient_store_a/bank2/memory_reg
  -------------------------------------------------------------------
                         required time                         11.710    
                         arrival time                         -10.743    
  -------------------------------------------------------------------
                         slack                                  0.967    

Slack (MET) :             1.126ns  (required time - arrival time)
  Source:                 schedule/current_pair_reg[2]/C
                            (rising edge-triggered cell FDRE clocked by clk  {rise@0.000ns fall@5.000ns period=10.000ns})
  Destination:            coefficient_store_a/bank2/memory_reg/ADDRARDADDR[11]
                            (rising edge-triggered cell RAMB36E1 clocked by clk  {rise@0.000ns fall@5.000ns period=10.000ns})
  Path Group:             clk
  Path Type:              Setup (Max at Slow Process Corner)
  Requirement:            10.000ns  (clk rise@10.000ns - clk rise@0.000ns)
  Data Path Delay:        8.128ns  (logic 1.393ns (17.139%)  route 6.735ns (82.861%))
  Logic Levels:           6  (LUT6=6)
  Clock Path Skew:        -0.145ns (DCD - SCD + CPR)
    Destination Clock Delay (DCD):    2.128ns = ( 12.128 - 10.000 ) 
    Source Clock Delay      (SCD):    2.456ns
    Clock Pessimism Removal (CPR):    0.184ns
  Clock Uncertainty:      0.035ns  ((TSJ^2 + TIJ^2)^1/2 + DJ) / 2 + PE
    Total System Jitter     (TSJ):    0.071ns
    Total Input Jitter      (TIJ):    0.000ns
    Discrete Jitter          (DJ):    0.000ns
    Phase Error              (PE):    0.000ns

    Location             Delay type                Incr(ns)  Path(ns)    Netlist Resource(s)
  -------------------------------------------------------------------    -------------------
                         (clock clk rise edge)        0.000     0.000 r  
                                                      0.000     0.000 r  clk (IN)
                         net (fo=0)                   0.000     0.000    clk
                         IBUF (Prop_ibuf_I_O)         0.972     0.972 r  clk_IBUF_inst/O
                         net (fo=1, unplaced)         0.800     1.771    clk_IBUF
                         BUFG (Prop_bufg_I_O)         0.101     1.872 r  clk_IBUF_BUFG_inst/O
                         net (fo=3181, unplaced)      0.584     2.456    schedule/clk_IBUF_BUFG
                         FDRE                                         r  schedule/current_pair_reg[2]/C
  -------------------------------------------------------------------    -------------------
                         FDRE (Prop_fdre_C_Q)         0.478     2.934 r  schedule/current_pair_reg[2]/Q
                         net (fo=17, unplaced)        1.021     3.955    schedule/current_pair_reg_n_0_[2]
                         LUT6 (Prop_lut6_I0_O)        0.295     4.250 r  schedule/memory_reg_i_452/O
                         net (fo=6, unplaced)         0.934     5.184    schedule/schedule_address0_b[4]
                         LUT6 (Prop_lut6_I2_O)        0.124     5.308 r  schedule/memory_reg_i_262__0/O
                         net (fo=1, unplaced)         1.111     6.419    schedule/memory_reg_i_262__0_n_0
                         LUT6 (Prop_lut6_I0_O)        0.124     6.543 r  schedule/memory_reg_i_165__0/O
                         net (fo=173, unplaced)       1.224     7.767    schedule/coefficient_store_a/logical_bank_return025_out
                         LUT6 (Prop_lut6_I0_O)        0.124     7.891 r  schedule/memory_reg_i_166/O
                         net (fo=42, unplaced)        0.743     8.634    schedule/memory_reg_i_166_n_0
                         LUT6 (Prop_lut6_I1_O)        0.124     8.758 r  schedule/memory_reg_i_67/O
                         net (fo=1, unplaced)         0.902     9.660    schedule/memory_reg_i_67_n_0
                         LUT6 (Prop_lut6_I1_O)        0.124     9.784 r  schedule/memory_reg_i_5__0/O
                         net (fo=1, unplaced)         0.800    10.584    coefficient_store_a/bank2/memory_reg_31[6]
                         RAMB36E1                                     r  coefficient_store_a/bank2/memory_reg/ADDRARDADDR[11]
  -------------------------------------------------------------------    -------------------

                         (clock clk rise edge)       10.000    10.000 r  
                                                      0.000    10.000 r  clk (IN)
                         net (fo=0)                   0.000    10.000    clk
                         IBUF (Prop_ibuf_I_O)         0.838    10.838 r  clk_IBUF_inst/O
                         net (fo=1, unplaced)         0.760    11.598    clk_IBUF
                         BUFG (Prop_bufg_I_O)         0.091    11.689 r  clk_IBUF_BUFG_inst/O
                         net (fo=3181, unplaced)      0.439    12.128    coefficient_store_a/bank2/clk_IBUF_BUFG
                         RAMB36E1                                     r  coefficient_store_a/bank2/memory_reg/CLKARDCLK
                         clock pessimism              0.184    12.311    
                         clock uncertainty           -0.035    12.276    
                         RAMB36E1 (Setup_ramb36e1_CLKARDCLK_ADDRARDADDR[11])
                                                     -0.566    11.710    coefficient_store_a/bank2/memory_reg
  -------------------------------------------------------------------
                         required time                         11.710    
                         arrival time                         -10.584    
  -------------------------------------------------------------------
                         slack                                  1.126    

Slack (MET) :             1.126ns  (required time - arrival time)
  Source:                 schedule/current_pair_reg[2]/C
                            (rising edge-triggered cell FDRE clocked by clk  {rise@0.000ns fall@5.000ns period=10.000ns})
  Destination:            coefficient_store_a/bank2/memory_reg/ADDRARDADDR[13]
                            (rising edge-triggered cell RAMB36E1 clocked by clk  {rise@0.000ns fall@5.000ns period=10.000ns})
  Path Group:             clk
  Path Type:              Setup (Max at Slow Process Corner)
  Requirement:            10.000ns  (clk rise@10.000ns - clk rise@0.000ns)
  Data Path Delay:        8.128ns  (logic 1.393ns (17.139%)  route 6.735ns (82.861%))
  Logic Levels:           6  (LUT6=6)
  Clock Path Skew:        -0.145ns (DCD - SCD + CPR)
    Destination Clock Delay (DCD):    2.128ns = ( 12.128 - 10.000 ) 
    Source Clock Delay      (SCD):    2.456ns
    Clock Pessimism Removal (CPR):    0.184ns
  Clock Uncertainty:      0.035ns  ((TSJ^2 + TIJ^2)^1/2 + DJ) / 2 + PE
    Total System Jitter     (TSJ):    0.071ns
    Total Input Jitter      (TIJ):    0.000ns
    Discrete Jitter          (DJ):    0.000ns
    Phase Error              (PE):    0.000ns

    Location             Delay type                Incr(ns)  Path(ns)    Netlist Resource(s)
  -------------------------------------------------------------------    -------------------
                         (clock clk rise edge)        0.000     0.000 r  
                                                      0.000     0.000 r  clk (IN)
                         net (fo=0)                   0.000     0.000    clk
                         IBUF (Prop_ibuf_I_O)         0.972     0.972 r  clk_IBUF_inst/O
                         net (fo=1, unplaced)         0.800     1.771    clk_IBUF
                         BUFG (Prop_bufg_I_O)         0.101     1.872 r  clk_IBUF_BUFG_inst/O
                         net (fo=3181, unplaced)      0.584     2.456    schedule/clk_IBUF_BUFG
                         FDRE                                         r  schedule/current_pair_reg[2]/C
  -------------------------------------------------------------------    -------------------
                         FDRE (Prop_fdre_C_Q)         0.478     2.934 r  schedule/current_pair_reg[2]/Q
                         net (fo=17, unplaced)        1.021     3.955    schedule/current_pair_reg_n_0_[2]
                         LUT6 (Prop_lut6_I0_O)        0.295     4.250 r  schedule/memory_reg_i_452/O
                         net (fo=6, unplaced)         0.934     5.184    schedule/schedule_address0_b[4]
                         LUT6 (Prop_lut6_I2_O)        0.124     5.308 r  schedule/memory_reg_i_262__0/O
                         net (fo=1, unplaced)         1.111     6.419    schedule/memory_reg_i_262__0_n_0
                         LUT6 (Prop_lut6_I0_O)        0.124     6.543 r  schedule/memory_reg_i_165__0/O
                         net (fo=173, unplaced)       1.224     7.767    schedule/coefficient_store_a/logical_bank_return025_out
                         LUT6 (Prop_lut6_I0_O)        0.124     7.891 r  schedule/memory_reg_i_166/O
                         net (fo=42, unplaced)        0.743     8.634    schedule/memory_reg_i_166_n_0
                         LUT6 (Prop_lut6_I1_O)        0.124     8.758 r  schedule/memory_reg_i_63/O
                         net (fo=1, unplaced)         0.902     9.660    schedule/memory_reg_i_63_n_0
                         LUT6 (Prop_lut6_I1_O)        0.124     9.784 r  schedule/memory_reg_i_3__0/O
                         net (fo=1, unplaced)         0.800    10.584    coefficient_store_a/bank2/memory_reg_31[8]
                         RAMB36E1                                     r  coefficient_store_a/bank2/memory_reg/ADDRARDADDR[13]
  -------------------------------------------------------------------    -------------------

                         (clock clk rise edge)       10.000    10.000 r  
                                                      0.000    10.000 r  clk (IN)
                         net (fo=0)                   0.000    10.000    clk
                         IBUF (Prop_ibuf_I_O)         0.838    10.838 r  clk_IBUF_inst/O
                         net (fo=1, unplaced)         0.760    11.598    clk_IBUF
                         BUFG (Prop_bufg_I_O)         0.091    11.689 r  clk_IBUF_BUFG_inst/O
                         net (fo=3181, unplaced)      0.439    12.128    coefficient_store_a/bank2/clk_IBUF_BUFG
                         RAMB36E1                                     r  coefficient_store_a/bank2/memory_reg/CLKARDCLK
                         clock pessimism              0.184    12.311    
                         clock uncertainty           -0.035    12.276    
                         RAMB36E1 (Setup_ramb36e1_CLKARDCLK_ADDRARDADDR[13])
                                                     -0.566    11.710    coefficient_store_a/bank2/memory_reg
  -------------------------------------------------------------------
                         required time                         11.710    
                         arrival time                         -10.584    
  -------------------------------------------------------------------
                         slack                                  1.126    

Slack (MET) :             1.126ns  (required time - arrival time)
  Source:                 schedule/current_pair_reg[2]/C
                            (rising edge-triggered cell FDRE clocked by clk  {rise@0.000ns fall@5.000ns period=10.000ns})
  Destination:            coefficient_store_a/bank2/memory_reg/ADDRARDADDR[14]
                            (rising edge-triggered cell RAMB36E1 clocked by clk  {rise@0.000ns fall@5.000ns period=10.000ns})
  Path Group:             clk
  Path Type:              Setup (Max at Slow Process Corner)
  Requirement:            10.000ns  (clk rise@10.000ns - clk rise@0.000ns)
  Data Path Delay:        8.128ns  (logic 1.393ns (17.139%)  route 6.735ns (82.861%))
  Logic Levels:           6  (LUT6=6)
  Clock Path Skew:        -0.145ns (DCD - SCD + CPR)
    Destination Clock Delay (DCD):    2.128ns = ( 12.128 - 10.000 ) 
    Source Clock Delay      (SCD):    2.456ns
    Clock Pessimism Removal (CPR):    0.184ns
  Clock Uncertainty:      0.035ns  ((TSJ^2 + TIJ^2)^1/2 + DJ) / 2 + PE
    Total System Jitter     (TSJ):    0.071ns
    Total Input Jitter      (TIJ):    0.000ns
    Discrete Jitter          (DJ):    0.000ns
    Phase Error              (PE):    0.000ns

    Location             Delay type                Incr(ns)  Path(ns)    Netlist Resource(s)
  -------------------------------------------------------------------    -------------------
                         (clock clk rise edge)        0.000     0.000 r  
                                                      0.000     0.000 r  clk (IN)
                         net (fo=0)                   0.000     0.000    clk
                         IBUF (Prop_ibuf_I_O)         0.972     0.972 r  clk_IBUF_inst/O
                         net (fo=1, unplaced)         0.800     1.771    clk_IBUF
                         BUFG (Prop_bufg_I_O)         0.101     1.872 r  clk_IBUF_BUFG_inst/O
                         net (fo=3181, unplaced)      0.584     2.456    schedule/clk_IBUF_BUFG
                         FDRE                                         r  schedule/current_pair_reg[2]/C
  -------------------------------------------------------------------    -------------------
                         FDRE (Prop_fdre_C_Q)         0.478     2.934 r  schedule/current_pair_reg[2]/Q
                         net (fo=17, unplaced)        1.021     3.955    schedule/current_pair_reg_n_0_[2]
                         LUT6 (Prop_lut6_I0_O)        0.295     4.250 r  schedule/memory_reg_i_452/O
                         net (fo=6, unplaced)         0.934     5.184    schedule/schedule_address0_b[4]
                         LUT6 (Prop_lut6_I2_O)        0.124     5.308 r  schedule/memory_reg_i_262__0/O
                         net (fo=1, unplaced)         1.111     6.419    schedule/memory_reg_i_262__0_n_0
                         LUT6 (Prop_lut6_I0_O)        0.124     6.543 r  schedule/memory_reg_i_165__0/O
                         net (fo=173, unplaced)       1.224     7.767    schedule/coefficient_store_a/logical_bank_return025_out
                         LUT6 (Prop_lut6_I0_O)        0.124     7.891 r  schedule/memory_reg_i_166/O
                         net (fo=42, unplaced)        0.743     8.634    schedule/memory_reg_i_166_n_0
                         LUT6 (Prop_lut6_I1_O)        0.124     8.758 r  schedule/memory_reg_i_60/O
                         net (fo=1, unplaced)         0.902     9.660    schedule/memory_reg_i_60_n_0
                         LUT6 (Prop_lut6_I1_O)        0.124     9.784 r  schedule/memory_reg_i_2__0/O
                         net (fo=1, unplaced)         0.800    10.584    coefficient_store_a/bank2/memory_reg_31[9]
                         RAMB36E1                                     r  coefficient_store_a/bank2/memory_reg/ADDRARDADDR[14]
  -------------------------------------------------------------------    -------------------

                         (clock clk rise edge)       10.000    10.000 r  
                                                      0.000    10.000 r  clk (IN)
                         net (fo=0)                   0.000    10.000    clk
                         IBUF (Prop_ibuf_I_O)         0.838    10.838 r  clk_IBUF_inst/O
                         net (fo=1, unplaced)         0.760    11.598    clk_IBUF
                         BUFG (Prop_bufg_I_O)         0.091    11.689 r  clk_IBUF_BUFG_inst/O
                         net (fo=3181, unplaced)      0.439    12.128    coefficient_store_a/bank2/clk_IBUF_BUFG
                         RAMB36E1                                     r  coefficient_store_a/bank2/memory_reg/CLKARDCLK
                         clock pessimism              0.184    12.311    
                         clock uncertainty           -0.035    12.276    
                         RAMB36E1 (Setup_ramb36e1_CLKARDCLK_ADDRARDADDR[14])
                                                     -0.566    11.710    coefficient_store_a/bank2/memory_reg
  -------------------------------------------------------------------
                         required time                         11.710    
                         arrival time                         -10.584    
  -------------------------------------------------------------------
                         slack                                  1.126    

Slack (MET) :             1.126ns  (required time - arrival time)
  Source:                 schedule/current_pair_reg[2]/C
                            (rising edge-triggered cell FDRE clocked by clk  {rise@0.000ns fall@5.000ns period=10.000ns})
  Destination:            coefficient_store_a/bank2/memory_reg/ADDRARDADDR[5]
                            (rising edge-triggered cell RAMB36E1 clocked by clk  {rise@0.000ns fall@5.000ns period=10.000ns})
  Path Group:             clk
  Path Type:              Setup (Max at Slow Process Corner)
  Requirement:            10.000ns  (clk rise@10.000ns - clk rise@0.000ns)
  Data Path Delay:        8.128ns  (logic 1.393ns (17.139%)  route 6.735ns (82.861%))
  Logic Levels:           6  (LUT6=6)
  Clock Path Skew:        -0.145ns (DCD - SCD + CPR)
    Destination Clock Delay (DCD):    2.128ns = ( 12.128 - 10.000 ) 
    Source Clock Delay      (SCD):    2.456ns
    Clock Pessimism Removal (CPR):    0.184ns
  Clock Uncertainty:      0.035ns  ((TSJ^2 + TIJ^2)^1/2 + DJ) / 2 + PE
    Total System Jitter     (TSJ):    0.071ns
    Total Input Jitter      (TIJ):    0.000ns
    Discrete Jitter          (DJ):    0.000ns
    Phase Error              (PE):    0.000ns

    Location             Delay type                Incr(ns)  Path(ns)    Netlist Resource(s)
  -------------------------------------------------------------------    -------------------
                         (clock clk rise edge)        0.000     0.000 r  
                                                      0.000     0.000 r  clk (IN)
                         net (fo=0)                   0.000     0.000    clk
                         IBUF (Prop_ibuf_I_O)         0.972     0.972 r  clk_IBUF_inst/O
                         net (fo=1, unplaced)         0.800     1.771    clk_IBUF
                         BUFG (Prop_bufg_I_O)         0.101     1.872 r  clk_IBUF_BUFG_inst/O
                         net (fo=3181, unplaced)      0.584     2.456    schedule/clk_IBUF_BUFG
                         FDRE                                         r  schedule/current_pair_reg[2]/C
  -------------------------------------------------------------------    -------------------
                         FDRE (Prop_fdre_C_Q)         0.478     2.934 r  schedule/current_pair_reg[2]/Q
                         net (fo=17, unplaced)        1.021     3.955    schedule/current_pair_reg_n_0_[2]
                         LUT6 (Prop_lut6_I0_O)        0.295     4.250 r  schedule/memory_reg_i_452/O
                         net (fo=6, unplaced)         0.934     5.184    schedule/schedule_address0_b[4]
                         LUT6 (Prop_lut6_I2_O)        0.124     5.308 r  schedule/memory_reg_i_262__0/O
                         net (fo=1, unplaced)         1.111     6.419    schedule/memory_reg_i_262__0_n_0
                         LUT6 (Prop_lut6_I0_O)        0.124     6.543 r  schedule/memory_reg_i_165__0/O
                         net (fo=173, unplaced)       1.224     7.767    schedule/coefficient_store_a/logical_bank_return025_out
                         LUT6 (Prop_lut6_I0_O)        0.124     7.891 r  schedule/memory_reg_i_166/O
                         net (fo=42, unplaced)        0.743     8.634    schedule/memory_reg_i_166_n_0
                         LUT6 (Prop_lut6_I1_O)        0.124     8.758 r  schedule/memory_reg_i_79/O
                         net (fo=1, unplaced)         0.902     9.660    schedule/memory_reg_i_79_n_0
                         LUT6 (Prop_lut6_I1_O)        0.124     9.784 r  schedule/memory_reg_i_11__0/O
                         net (fo=1, unplaced)         0.800    10.584    coefficient_store_a/bank2/memory_reg_31[0]
                         RAMB36E1                                     r  coefficient_store_a/bank2/memory_reg/ADDRARDADDR[5]
  -------------------------------------------------------------------    -------------------

                         (clock clk rise edge)       10.000    10.000 r  
                                                      0.000    10.000 r  clk (IN)
                         net (fo=0)                   0.000    10.000    clk
                         IBUF (Prop_ibuf_I_O)         0.838    10.838 r  clk_IBUF_inst/O
                         net (fo=1, unplaced)         0.760    11.598    clk_IBUF
                         BUFG (Prop_bufg_I_O)         0.091    11.689 r  clk_IBUF_BUFG_inst/O
                         net (fo=3181, unplaced)      0.439    12.128    coefficient_store_a/bank2/clk_IBUF_BUFG
                         RAMB36E1                                     r  coefficient_store_a/bank2/memory_reg/CLKARDCLK
                         clock pessimism              0.184    12.311    
                         clock uncertainty           -0.035    12.276    
                         RAMB36E1 (Setup_ramb36e1_CLKARDCLK_ADDRARDADDR[5])
                                                     -0.566    11.710    coefficient_store_a/bank2/memory_reg
  -------------------------------------------------------------------
                         required time                         11.710    
                         arrival time                         -10.584    
  -------------------------------------------------------------------
                         slack                                  1.126    

Slack (MET) :             1.126ns  (required time - arrival time)
  Source:                 schedule/current_pair_reg[2]/C
                            (rising edge-triggered cell FDRE clocked by clk  {rise@0.000ns fall@5.000ns period=10.000ns})
  Destination:            coefficient_store_a/bank2/memory_reg/ADDRARDADDR[7]
                            (rising edge-triggered cell RAMB36E1 clocked by clk  {rise@0.000ns fall@5.000ns period=10.000ns})
  Path Group:             clk
  Path Type:              Setup (Max at Slow Process Corner)
  Requirement:            10.000ns  (clk rise@10.000ns - clk rise@0.000ns)
  Data Path Delay:        8.128ns  (logic 1.393ns (17.139%)  route 6.735ns (82.861%))
  Logic Levels:           6  (LUT6=6)
  Clock Path Skew:        -0.145ns (DCD - SCD + CPR)
    Destination Clock Delay (DCD):    2.128ns = ( 12.128 - 10.000 ) 
    Source Clock Delay      (SCD):    2.456ns
    Clock Pessimism Removal (CPR):    0.184ns
  Clock Uncertainty:      0.035ns  ((TSJ^2 + TIJ^2)^1/2 + DJ) / 2 + PE
    Total System Jitter     (TSJ):    0.071ns
    Total Input Jitter      (TIJ):    0.000ns
    Discrete Jitter          (DJ):    0.000ns
    Phase Error              (PE):    0.000ns

    Location             Delay type                Incr(ns)  Path(ns)    Netlist Resource(s)
  -------------------------------------------------------------------    -------------------
                         (clock clk rise edge)        0.000     0.000 r  
                                                      0.000     0.000 r  clk (IN)
                         net (fo=0)                   0.000     0.000    clk
                         IBUF (Prop_ibuf_I_O)         0.972     0.972 r  clk_IBUF_inst/O
                         net (fo=1, unplaced)         0.800     1.771    clk_IBUF
                         BUFG (Prop_bufg_I_O)         0.101     1.872 r  clk_IBUF_BUFG_inst/O
                         net (fo=3181, unplaced)      0.584     2.456    schedule/clk_IBUF_BUFG
                         FDRE                                         r  schedule/current_pair_reg[2]/C
  -------------------------------------------------------------------    -------------------
                         FDRE (Prop_fdre_C_Q)         0.478     2.934 r  schedule/current_pair_reg[2]/Q
                         net (fo=17, unplaced)        1.021     3.955    schedule/current_pair_reg_n_0_[2]
                         LUT6 (Prop_lut6_I0_O)        0.295     4.250 r  schedule/memory_reg_i_452/O
                         net (fo=6, unplaced)         0.934     5.184    schedule/schedule_address0_b[4]
                         LUT6 (Prop_lut6_I2_O)        0.124     5.308 r  schedule/memory_reg_i_262__0/O
                         net (fo=1, unplaced)         1.111     6.419    schedule/memory_reg_i_262__0_n_0
                         LUT6 (Prop_lut6_I0_O)        0.124     6.543 r  schedule/memory_reg_i_165__0/O
                         net (fo=173, unplaced)       1.224     7.767    schedule/coefficient_store_a/logical_bank_return025_out
                         LUT6 (Prop_lut6_I0_O)        0.124     7.891 r  schedule/memory_reg_i_166/O
                         net (fo=42, unplaced)        0.743     8.634    schedule/memory_reg_i_166_n_0
                         LUT6 (Prop_lut6_I1_O)        0.124     8.758 r  schedule/memory_reg_i_75/O
                         net (fo=1, unplaced)         0.902     9.660    schedule/memory_reg_i_75_n_0
                         LUT6 (Prop_lut6_I1_O)        0.124     9.784 r  schedule/memory_reg_i_9__0/O
                         net (fo=1, unplaced)         0.800    10.584    coefficient_store_a/bank2/memory_reg_31[2]
                         RAMB36E1                                     r  coefficient_store_a/bank2/memory_reg/ADDRARDADDR[7]
  -------------------------------------------------------------------    -------------------

                         (clock clk rise edge)       10.000    10.000 r  
                                                      0.000    10.000 r  clk (IN)
                         net (fo=0)                   0.000    10.000    clk
                         IBUF (Prop_ibuf_I_O)         0.838    10.838 r  clk_IBUF_inst/O
                         net (fo=1, unplaced)         0.760    11.598    clk_IBUF
                         BUFG (Prop_bufg_I_O)         0.091    11.689 r  clk_IBUF_BUFG_inst/O
                         net (fo=3181, unplaced)      0.439    12.128    coefficient_store_a/bank2/clk_IBUF_BUFG
                         RAMB36E1                                     r  coefficient_store_a/bank2/memory_reg/CLKARDCLK
                         clock pessimism              0.184    12.311    
                         clock uncertainty           -0.035    12.276    
                         RAMB36E1 (Setup_ramb36e1_CLKARDCLK_ADDRARDADDR[7])
                                                     -0.566    11.710    coefficient_store_a/bank2/memory_reg
  -------------------------------------------------------------------
                         required time                         11.710    
                         arrival time                         -10.584    
  -------------------------------------------------------------------
                         slack                                  1.126    

Slack (MET) :             1.153ns  (required time - arrival time)
  Source:                 schedule/current_stage_reg[1]/C
                            (rising edge-triggered cell FDRE clocked by clk  {rise@0.000ns fall@5.000ns period=10.000ns})
  Destination:            coefficient_store_a/bank0/memory_reg/ADDRARDADDR[11]
                            (rising edge-triggered cell RAMB36E1 clocked by clk  {rise@0.000ns fall@5.000ns period=10.000ns})
  Path Group:             clk
  Path Type:              Setup (Max at Slow Process Corner)
  Requirement:            10.000ns  (clk rise@10.000ns - clk rise@0.000ns)
  Data Path Delay:        8.101ns  (logic 1.393ns (17.196%)  route 6.708ns (82.804%))
  Logic Levels:           6  (LUT5=1 LUT6=5)
  Clock Path Skew:        -0.145ns (DCD - SCD + CPR)
    Destination Clock Delay (DCD):    2.128ns = ( 12.128 - 10.000 ) 
    Source Clock Delay      (SCD):    2.456ns
    Clock Pessimism Removal (CPR):    0.184ns
  Clock Uncertainty:      0.035ns  ((TSJ^2 + TIJ^2)^1/2 + DJ) / 2 + PE
    Total System Jitter     (TSJ):    0.071ns
    Total Input Jitter      (TIJ):    0.000ns
    Discrete Jitter          (DJ):    0.000ns
    Phase Error              (PE):    0.000ns

    Location             Delay type                Incr(ns)  Path(ns)    Netlist Resource(s)
  -------------------------------------------------------------------    -------------------
                         (clock clk rise edge)        0.000     0.000 r  
                                                      0.000     0.000 r  clk (IN)
                         net (fo=0)                   0.000     0.000    clk
                         IBUF (Prop_ibuf_I_O)         0.972     0.972 r  clk_IBUF_inst/O
                         net (fo=1, unplaced)         0.800     1.771    clk_IBUF
                         BUFG (Prop_bufg_I_O)         0.101     1.872 r  clk_IBUF_BUFG_inst/O
                         net (fo=3181, unplaced)      0.584     2.456    schedule/clk_IBUF_BUFG
                         FDRE                                         r  schedule/current_stage_reg[1]/C
  -------------------------------------------------------------------    -------------------
                         FDRE (Prop_fdre_C_Q)         0.478     2.934 r  schedule/current_stage_reg[1]/Q
                         net (fo=124, unplaced)       1.070     4.004    schedule/current_stage_reg_n_0_[1]
                         LUT6 (Prop_lut6_I0_O)        0.295     4.299 r  schedule/profile_memory_i_78/O
                         net (fo=7, unplaced)         0.937     5.236    schedule/schedule_address0_a[4]
                         LUT6 (Prop_lut6_I2_O)        0.124     5.360 r  schedule/memory_reg_i_225__2/O
                         net (fo=1, unplaced)         1.111     6.471    schedule/memory_reg_i_225__2_n_0
                         LUT6 (Prop_lut6_I0_O)        0.124     6.595 f  schedule/memory_reg_i_57__2/O
                         net (fo=161, unplaced)       0.777     7.372    schedule/coefficient_store_a/logical_bank_return038_out
                         LUT5 (Prop_lut5_I1_O)        0.124     7.496 r  schedule/memory_reg_i_251/O
                         net (fo=1, unplaced)         1.111     8.607    schedule/memory_reg_i_251_n_0
                         LUT6 (Prop_lut6_I0_O)        0.124     8.731 r  schedule/memory_reg_i_73__1/O
                         net (fo=1, unplaced)         0.902     9.633    schedule/memory_reg_i_73__1_n_0
                         LUT6 (Prop_lut6_I1_O)        0.124     9.757 r  schedule/memory_reg_i_6__2/O
                         net (fo=1, unplaced)         0.800    10.557    coefficient_store_a/bank0/ADDRARDADDR[6]
                         RAMB36E1                                     r  coefficient_store_a/bank0/memory_reg/ADDRARDADDR[11]
  -------------------------------------------------------------------    -------------------

                         (clock clk rise edge)       10.000    10.000 r  
                                                      0.000    10.000 r  clk (IN)
                         net (fo=0)                   0.000    10.000    clk
                         IBUF (Prop_ibuf_I_O)         0.838    10.838 r  clk_IBUF_inst/O
                         net (fo=1, unplaced)         0.760    11.598    clk_IBUF
                         BUFG (Prop_bufg_I_O)         0.091    11.689 r  clk_IBUF_BUFG_inst/O
                         net (fo=3181, unplaced)      0.439    12.128    coefficient_store_a/bank0/clk_IBUF_BUFG
                         RAMB36E1                                     r  coefficient_store_a/bank0/memory_reg/CLKARDCLK
                         clock pessimism              0.184    12.311    
                         clock uncertainty           -0.035    12.276    
                         RAMB36E1 (Setup_ramb36e1_CLKARDCLK_ADDRARDADDR[11])
                                                     -0.566    11.710    coefficient_store_a/bank0/memory_reg
  -------------------------------------------------------------------
                         required time                         11.710    
                         arrival time                         -10.557    
  -------------------------------------------------------------------
                         slack                                  1.153    

Slack (MET) :             1.153ns  (required time - arrival time)
  Source:                 schedule/current_stage_reg[1]/C
                            (rising edge-triggered cell FDRE clocked by clk  {rise@0.000ns fall@5.000ns period=10.000ns})
  Destination:            coefficient_store_a/bank0/memory_reg/ADDRARDADDR[13]
                            (rising edge-triggered cell RAMB36E1 clocked by clk  {rise@0.000ns fall@5.000ns period=10.000ns})
  Path Group:             clk
  Path Type:              Setup (Max at Slow Process Corner)
  Requirement:            10.000ns  (clk rise@10.000ns - clk rise@0.000ns)
  Data Path Delay:        8.101ns  (logic 1.393ns (17.196%)  route 6.708ns (82.804%))
  Logic Levels:           6  (LUT5=1 LUT6=5)
  Clock Path Skew:        -0.145ns (DCD - SCD + CPR)
    Destination Clock Delay (DCD):    2.128ns = ( 12.128 - 10.000 ) 
    Source Clock Delay      (SCD):    2.456ns
    Clock Pessimism Removal (CPR):    0.184ns
  Clock Uncertainty:      0.035ns  ((TSJ^2 + TIJ^2)^1/2 + DJ) / 2 + PE
    Total System Jitter     (TSJ):    0.071ns
    Total Input Jitter      (TIJ):    0.000ns
    Discrete Jitter          (DJ):    0.000ns
    Phase Error              (PE):    0.000ns

    Location             Delay type                Incr(ns)  Path(ns)    Netlist Resource(s)
  -------------------------------------------------------------------    -------------------
                         (clock clk rise edge)        0.000     0.000 r  
                                                      0.000     0.000 r  clk (IN)
                         net (fo=0)                   0.000     0.000    clk
                         IBUF (Prop_ibuf_I_O)         0.972     0.972 r  clk_IBUF_inst/O
                         net (fo=1, unplaced)         0.800     1.771    clk_IBUF
                         BUFG (Prop_bufg_I_O)         0.101     1.872 r  clk_IBUF_BUFG_inst/O
                         net (fo=3181, unplaced)      0.584     2.456    schedule/clk_IBUF_BUFG
                         FDRE                                         r  schedule/current_stage_reg[1]/C
  -------------------------------------------------------------------    -------------------
                         FDRE (Prop_fdre_C_Q)         0.478     2.934 r  schedule/current_stage_reg[1]/Q
                         net (fo=124, unplaced)       1.070     4.004    schedule/current_stage_reg_n_0_[1]
                         LUT6 (Prop_lut6_I0_O)        0.295     4.299 r  schedule/profile_memory_i_78/O
                         net (fo=7, unplaced)         0.937     5.236    schedule/schedule_address0_a[4]
                         LUT6 (Prop_lut6_I2_O)        0.124     5.360 r  schedule/memory_reg_i_225__2/O
                         net (fo=1, unplaced)         1.111     6.471    schedule/memory_reg_i_225__2_n_0
                         LUT6 (Prop_lut6_I0_O)        0.124     6.595 f  schedule/memory_reg_i_57__2/O
                         net (fo=161, unplaced)       0.777     7.372    schedule/coefficient_store_a/logical_bank_return038_out
                         LUT5 (Prop_lut5_I1_O)        0.124     7.496 r  schedule/memory_reg_i_243/O
                         net (fo=1, unplaced)         1.111     8.607    schedule/memory_reg_i_243_n_0
                         LUT6 (Prop_lut6_I0_O)        0.124     8.731 r  schedule/memory_reg_i_67__1/O
                         net (fo=1, unplaced)         0.902     9.633    schedule/memory_reg_i_67__1_n_0
                         LUT6 (Prop_lut6_I1_O)        0.124     9.757 r  schedule/memory_reg_i_4__2/O
                         net (fo=1, unplaced)         0.800    10.557    coefficient_store_a/bank0/ADDRARDADDR[8]
                         RAMB36E1                                     r  coefficient_store_a/bank0/memory_reg/ADDRARDADDR[13]
  -------------------------------------------------------------------    -------------------

                         (clock clk rise edge)       10.000    10.000 r  
                                                      0.000    10.000 r  clk (IN)
                         net (fo=0)                   0.000    10.000    clk
                         IBUF (Prop_ibuf_I_O)         0.838    10.838 r  clk_IBUF_inst/O
                         net (fo=1, unplaced)         0.760    11.598    clk_IBUF
                         BUFG (Prop_bufg_I_O)         0.091    11.689 r  clk_IBUF_BUFG_inst/O
                         net (fo=3181, unplaced)      0.439    12.128    coefficient_store_a/bank0/clk_IBUF_BUFG
                         RAMB36E1                                     r  coefficient_store_a/bank0/memory_reg/CLKARDCLK
                         clock pessimism              0.184    12.311    
                         clock uncertainty           -0.035    12.276    
                         RAMB36E1 (Setup_ramb36e1_CLKARDCLK_ADDRARDADDR[13])
                                                     -0.566    11.710    coefficient_store_a/bank0/memory_reg
  -------------------------------------------------------------------
                         required time                         11.710    
                         arrival time                         -10.557    
  -------------------------------------------------------------------
                         slack                                  1.153    

Slack (MET) :             1.153ns  (required time - arrival time)
  Source:                 schedule/current_stage_reg[1]/C
                            (rising edge-triggered cell FDRE clocked by clk  {rise@0.000ns fall@5.000ns period=10.000ns})
  Destination:            coefficient_store_a/bank0/memory_reg/ADDRARDADDR[14]
                            (rising edge-triggered cell RAMB36E1 clocked by clk  {rise@0.000ns fall@5.000ns period=10.000ns})
  Path Group:             clk
  Path Type:              Setup (Max at Slow Process Corner)
  Requirement:            10.000ns  (clk rise@10.000ns - clk rise@0.000ns)
  Data Path Delay:        8.101ns  (logic 1.393ns (17.196%)  route 6.708ns (82.804%))
  Logic Levels:           6  (LUT5=1 LUT6=5)
  Clock Path Skew:        -0.145ns (DCD - SCD + CPR)
    Destination Clock Delay (DCD):    2.128ns = ( 12.128 - 10.000 ) 
    Source Clock Delay      (SCD):    2.456ns
    Clock Pessimism Removal (CPR):    0.184ns
  Clock Uncertainty:      0.035ns  ((TSJ^2 + TIJ^2)^1/2 + DJ) / 2 + PE
    Total System Jitter     (TSJ):    0.071ns
    Total Input Jitter      (TIJ):    0.000ns
    Discrete Jitter          (DJ):    0.000ns
    Phase Error              (PE):    0.000ns

    Location             Delay type                Incr(ns)  Path(ns)    Netlist Resource(s)
  -------------------------------------------------------------------    -------------------
                         (clock clk rise edge)        0.000     0.000 r  
                                                      0.000     0.000 r  clk (IN)
                         net (fo=0)                   0.000     0.000    clk
                         IBUF (Prop_ibuf_I_O)         0.972     0.972 r  clk_IBUF_inst/O
                         net (fo=1, unplaced)         0.800     1.771    clk_IBUF
                         BUFG (Prop_bufg_I_O)         0.101     1.872 r  clk_IBUF_BUFG_inst/O
                         net (fo=3181, unplaced)      0.584     2.456    schedule/clk_IBUF_BUFG
                         FDRE                                         r  schedule/current_stage_reg[1]/C
  -------------------------------------------------------------------    -------------------
                         FDRE (Prop_fdre_C_Q)         0.478     2.934 r  schedule/current_stage_reg[1]/Q
                         net (fo=124, unplaced)       1.070     4.004    schedule/current_stage_reg_n_0_[1]
                         LUT6 (Prop_lut6_I0_O)        0.295     4.299 r  schedule/profile_memory_i_78/O
                         net (fo=7, unplaced)         0.937     5.236    schedule/schedule_address0_a[4]
                         LUT6 (Prop_lut6_I2_O)        0.124     5.360 r  schedule/memory_reg_i_225__2/O
                         net (fo=1, unplaced)         1.111     6.471    schedule/memory_reg_i_225__2_n_0
                         LUT6 (Prop_lut6_I0_O)        0.124     6.595 f  schedule/memory_reg_i_57__2/O
                         net (fo=161, unplaced)       0.777     7.372    schedule/coefficient_store_a/logical_bank_return038_out
                         LUT5 (Prop_lut5_I1_O)        0.124     7.496 r  schedule/memory_reg_i_237/O
                         net (fo=1, unplaced)         1.111     8.607    schedule/memory_reg_i_237_n_0
                         LUT6 (Prop_lut6_I0_O)        0.124     8.731 r  schedule/memory_reg_i_63__1/O
                         net (fo=1, unplaced)         0.902     9.633    schedule/memory_reg_i_63__1_n_0
                         LUT6 (Prop_lut6_I1_O)        0.124     9.757 r  schedule/memory_reg_i_3__2/O
                         net (fo=1, unplaced)         0.800    10.557    coefficient_store_a/bank0/ADDRARDADDR[9]
                         RAMB36E1                                     r  coefficient_store_a/bank0/memory_reg/ADDRARDADDR[14]
  -------------------------------------------------------------------    -------------------

                         (clock clk rise edge)       10.000    10.000 r  
                                                      0.000    10.000 r  clk (IN)
                         net (fo=0)                   0.000    10.000    clk
                         IBUF (Prop_ibuf_I_O)         0.838    10.838 r  clk_IBUF_inst/O
                         net (fo=1, unplaced)         0.760    11.598    clk_IBUF
                         BUFG (Prop_bufg_I_O)         0.091    11.689 r  clk_IBUF_BUFG_inst/O
                         net (fo=3181, unplaced)      0.439    12.128    coefficient_store_a/bank0/clk_IBUF_BUFG
                         RAMB36E1                                     r  coefficient_store_a/bank0/memory_reg/CLKARDCLK
                         clock pessimism              0.184    12.311    
                         clock uncertainty           -0.035    12.276    
                         RAMB36E1 (Setup_ramb36e1_CLKARDCLK_ADDRARDADDR[14])
                                                     -0.566    11.710    coefficient_store_a/bank0/memory_reg
  -------------------------------------------------------------------
                         required time                         11.710    
                         arrival time                         -10.557    
  -------------------------------------------------------------------
                         slack                                  1.153    

Slack (MET) :             1.153ns  (required time - arrival time)
  Source:                 schedule/current_stage_reg[1]/C
                            (rising edge-triggered cell FDRE clocked by clk  {rise@0.000ns fall@5.000ns period=10.000ns})
  Destination:            coefficient_store_a/bank0/memory_reg/ADDRARDADDR[5]
                            (rising edge-triggered cell RAMB36E1 clocked by clk  {rise@0.000ns fall@5.000ns period=10.000ns})
  Path Group:             clk
  Path Type:              Setup (Max at Slow Process Corner)
  Requirement:            10.000ns  (clk rise@10.000ns - clk rise@0.000ns)
  Data Path Delay:        8.101ns  (logic 1.393ns (17.196%)  route 6.708ns (82.804%))
  Logic Levels:           6  (LUT5=1 LUT6=5)
  Clock Path Skew:        -0.145ns (DCD - SCD + CPR)
    Destination Clock Delay (DCD):    2.128ns = ( 12.128 - 10.000 ) 
    Source Clock Delay      (SCD):    2.456ns
    Clock Pessimism Removal (CPR):    0.184ns
  Clock Uncertainty:      0.035ns  ((TSJ^2 + TIJ^2)^1/2 + DJ) / 2 + PE
    Total System Jitter     (TSJ):    0.071ns
    Total Input Jitter      (TIJ):    0.000ns
    Discrete Jitter          (DJ):    0.000ns
    Phase Error              (PE):    0.000ns

    Location             Delay type                Incr(ns)  Path(ns)    Netlist Resource(s)
  -------------------------------------------------------------------    -------------------
                         (clock clk rise edge)        0.000     0.000 r  
                                                      0.000     0.000 r  clk (IN)
                         net (fo=0)                   0.000     0.000    clk
                         IBUF (Prop_ibuf_I_O)         0.972     0.972 r  clk_IBUF_inst/O
                         net (fo=1, unplaced)         0.800     1.771    clk_IBUF
                         BUFG (Prop_bufg_I_O)         0.101     1.872 r  clk_IBUF_BUFG_inst/O
                         net (fo=3181, unplaced)      0.584     2.456    schedule/clk_IBUF_BUFG
                         FDRE                                         r  schedule/current_stage_reg[1]/C
  -------------------------------------------------------------------    -------------------
                         FDRE (Prop_fdre_C_Q)         0.478     2.934 r  schedule/current_stage_reg[1]/Q
                         net (fo=124, unplaced)       1.070     4.004    schedule/current_stage_reg_n_0_[1]
                         LUT6 (Prop_lut6_I0_O)        0.295     4.299 r  schedule/profile_memory_i_78/O
                         net (fo=7, unplaced)         0.937     5.236    schedule/schedule_address0_a[4]
                         LUT6 (Prop_lut6_I2_O)        0.124     5.360 r  schedule/memory_reg_i_225__2/O
                         net (fo=1, unplaced)         1.111     6.471    schedule/memory_reg_i_225__2_n_0
                         LUT6 (Prop_lut6_I0_O)        0.124     6.595 f  schedule/memory_reg_i_57__2/O
                         net (fo=161, unplaced)       0.777     7.372    schedule/coefficient_store_a/logical_bank_return038_out
                         LUT5 (Prop_lut5_I1_O)        0.124     7.496 r  schedule/memory_reg_i_273/O
                         net (fo=1, unplaced)         1.111     8.607    schedule/memory_reg_i_273_n_0
                         LUT6 (Prop_lut6_I0_O)        0.124     8.731 r  schedule/memory_reg_i_91__2/O
                         net (fo=1, unplaced)         0.902     9.633    schedule/memory_reg_i_91__2_n_0
                         LUT6 (Prop_lut6_I1_O)        0.124     9.757 r  schedule/memory_reg_i_12__2/O
                         net (fo=1, unplaced)         0.800    10.557    coefficient_store_a/bank0/ADDRARDADDR[0]
                         RAMB36E1                                     r  coefficient_store_a/bank0/memory_reg/ADDRARDADDR[5]
  -------------------------------------------------------------------    -------------------

                         (clock clk rise edge)       10.000    10.000 r  
                                                      0.000    10.000 r  clk (IN)
                         net (fo=0)                   0.000    10.000    clk
                         IBUF (Prop_ibuf_I_O)         0.838    10.838 r  clk_IBUF_inst/O
                         net (fo=1, unplaced)         0.760    11.598    clk_IBUF
                         BUFG (Prop_bufg_I_O)         0.091    11.689 r  clk_IBUF_BUFG_inst/O
                         net (fo=3181, unplaced)      0.439    12.128    coefficient_store_a/bank0/clk_IBUF_BUFG
                         RAMB36E1                                     r  coefficient_store_a/bank0/memory_reg/CLKARDCLK
                         clock pessimism              0.184    12.311    
                         clock uncertainty           -0.035    12.276    
                         RAMB36E1 (Setup_ramb36e1_CLKARDCLK_ADDRARDADDR[5])
                                                     -0.566    11.710    coefficient_store_a/bank0/memory_reg
  -------------------------------------------------------------------
                         required time                         11.710    
                         arrival time                         -10.557    
  -------------------------------------------------------------------
                         slack                                  1.153    

Slack (MET) :             1.153ns  (required time - arrival time)
  Source:                 schedule/current_stage_reg[1]/C
                            (rising edge-triggered cell FDRE clocked by clk  {rise@0.000ns fall@5.000ns period=10.000ns})
  Destination:            coefficient_store_a/bank0/memory_reg/ADDRARDADDR[7]
                            (rising edge-triggered cell RAMB36E1 clocked by clk  {rise@0.000ns fall@5.000ns period=10.000ns})
  Path Group:             clk
  Path Type:              Setup (Max at Slow Process Corner)
  Requirement:            10.000ns  (clk rise@10.000ns - clk rise@0.000ns)
  Data Path Delay:        8.101ns  (logic 1.393ns (17.196%)  route 6.708ns (82.804%))
  Logic Levels:           6  (LUT5=1 LUT6=5)
  Clock Path Skew:        -0.145ns (DCD - SCD + CPR)
    Destination Clock Delay (DCD):    2.128ns = ( 12.128 - 10.000 ) 
    Source Clock Delay      (SCD):    2.456ns
    Clock Pessimism Removal (CPR):    0.184ns
  Clock Uncertainty:      0.035ns  ((TSJ^2 + TIJ^2)^1/2 + DJ) / 2 + PE
    Total System Jitter     (TSJ):    0.071ns
    Total Input Jitter      (TIJ):    0.000ns
    Discrete Jitter          (DJ):    0.000ns
    Phase Error              (PE):    0.000ns

    Location             Delay type                Incr(ns)  Path(ns)    Netlist Resource(s)
  -------------------------------------------------------------------    -------------------
                         (clock clk rise edge)        0.000     0.000 r  
                                                      0.000     0.000 r  clk (IN)
                         net (fo=0)                   0.000     0.000    clk
                         IBUF (Prop_ibuf_I_O)         0.972     0.972 r  clk_IBUF_inst/O
                         net (fo=1, unplaced)         0.800     1.771    clk_IBUF
                         BUFG (Prop_bufg_I_O)         0.101     1.872 r  clk_IBUF_BUFG_inst/O
                         net (fo=3181, unplaced)      0.584     2.456    schedule/clk_IBUF_BUFG
                         FDRE                                         r  schedule/current_stage_reg[1]/C
  -------------------------------------------------------------------    -------------------
                         FDRE (Prop_fdre_C_Q)         0.478     2.934 r  schedule/current_stage_reg[1]/Q
                         net (fo=124, unplaced)       1.070     4.004    schedule/current_stage_reg_n_0_[1]
                         LUT6 (Prop_lut6_I0_O)        0.295     4.299 r  schedule/profile_memory_i_78/O
                         net (fo=7, unplaced)         0.937     5.236    schedule/schedule_address0_a[4]
                         LUT6 (Prop_lut6_I2_O)        0.124     5.360 r  schedule/memory_reg_i_225__2/O
                         net (fo=1, unplaced)         1.111     6.471    schedule/memory_reg_i_225__2_n_0
                         LUT6 (Prop_lut6_I0_O)        0.124     6.595 f  schedule/memory_reg_i_57__2/O
                         net (fo=161, unplaced)       0.777     7.372    schedule/coefficient_store_a/logical_bank_return038_out
                         LUT5 (Prop_lut5_I1_O)        0.124     7.496 r  schedule/memory_reg_i_265/O
                         net (fo=1, unplaced)         1.111     8.607    schedule/memory_reg_i_265_n_0
                         LUT6 (Prop_lut6_I0_O)        0.124     8.731 r  schedule/memory_reg_i_85__2/O
                         net (fo=1, unplaced)         0.902     9.633    schedule/memory_reg_i_85__2_n_0
                         LUT6 (Prop_lut6_I1_O)        0.124     9.757 r  schedule/memory_reg_i_10__2/O
                         net (fo=1, unplaced)         0.800    10.557    coefficient_store_a/bank0/ADDRARDADDR[2]
                         RAMB36E1                                     r  coefficient_store_a/bank0/memory_reg/ADDRARDADDR[7]
  -------------------------------------------------------------------    -------------------

                         (clock clk rise edge)       10.000    10.000 r  
                                                      0.000    10.000 r  clk (IN)
                         net (fo=0)                   0.000    10.000    clk
                         IBUF (Prop_ibuf_I_O)         0.838    10.838 r  clk_IBUF_inst/O
                         net (fo=1, unplaced)         0.760    11.598    clk_IBUF
                         BUFG (Prop_bufg_I_O)         0.091    11.689 r  clk_IBUF_BUFG_inst/O
                         net (fo=3181, unplaced)      0.439    12.128    coefficient_store_a/bank0/clk_IBUF_BUFG
                         RAMB36E1                                     r  coefficient_store_a/bank0/memory_reg/CLKARDCLK
                         clock pessimism              0.184    12.311    
                         clock uncertainty           -0.035    12.276    
                         RAMB36E1 (Setup_ramb36e1_CLKARDCLK_ADDRARDADDR[7])
                                                     -0.566    11.710    coefficient_store_a/bank0/memory_reg
  -------------------------------------------------------------------
                         required time                         11.710    
                         arrival time                         -10.557    
  -------------------------------------------------------------------
                         slack                                  1.153    

Slack (MET) :             1.153ns  (required time - arrival time)
  Source:                 schedule/current_stage_reg[1]/C
                            (rising edge-triggered cell FDRE clocked by clk  {rise@0.000ns fall@5.000ns period=10.000ns})
  Destination:            coefficient_store_a/bank0/memory_reg/ADDRARDADDR[9]
                            (rising edge-triggered cell RAMB36E1 clocked by clk  {rise@0.000ns fall@5.000ns period=10.000ns})
  Path Group:             clk
  Path Type:              Setup (Max at Slow Process Corner)
  Requirement:            10.000ns  (clk rise@10.000ns - clk rise@0.000ns)
  Data Path Delay:        8.101ns  (logic 1.393ns (17.196%)  route 6.708ns (82.804%))
  Logic Levels:           6  (LUT5=1 LUT6=5)
  Clock Path Skew:        -0.145ns (DCD - SCD + CPR)
    Destination Clock Delay (DCD):    2.128ns = ( 12.128 - 10.000 ) 
    Source Clock Delay      (SCD):    2.456ns
    Clock Pessimism Removal (CPR):    0.184ns
  Clock Uncertainty:      0.035ns  ((TSJ^2 + TIJ^2)^1/2 + DJ) / 2 + PE
    Total System Jitter     (TSJ):    0.071ns
    Total Input Jitter      (TIJ):    0.000ns
    Discrete Jitter          (DJ):    0.000ns
    Phase Error              (PE):    0.000ns

    Location             Delay type                Incr(ns)  Path(ns)    Netlist Resource(s)
  -------------------------------------------------------------------    -------------------
                         (clock clk rise edge)        0.000     0.000 r  
                                                      0.000     0.000 r  clk (IN)
                         net (fo=0)                   0.000     0.000    clk
                         IBUF (Prop_ibuf_I_O)         0.972     0.972 r  clk_IBUF_inst/O
                         net (fo=1, unplaced)         0.800     1.771    clk_IBUF
                         BUFG (Prop_bufg_I_O)         0.101     1.872 r  clk_IBUF_BUFG_inst/O
                         net (fo=3181, unplaced)      0.584     2.456    schedule/clk_IBUF_BUFG
                         FDRE                                         r  schedule/current_stage_reg[1]/C
  -------------------------------------------------------------------    -------------------
                         FDRE (Prop_fdre_C_Q)         0.478     2.934 r  schedule/current_stage_reg[1]/Q
                         net (fo=124, unplaced)       1.070     4.004    schedule/current_stage_reg_n_0_[1]
                         LUT6 (Prop_lut6_I0_O)        0.295     4.299 r  schedule/profile_memory_i_78/O
                         net (fo=7, unplaced)         0.937     5.236    schedule/schedule_address0_a[4]
                         LUT6 (Prop_lut6_I2_O)        0.124     5.360 r  schedule/memory_reg_i_225__2/O
                         net (fo=1, unplaced)         1.111     6.471    schedule/memory_reg_i_225__2_n_0
                         LUT6 (Prop_lut6_I0_O)        0.124     6.595 f  schedule/memory_reg_i_57__2/O
                         net (fo=161, unplaced)       0.777     7.372    schedule/coefficient_store_a/logical_bank_return038_out
                         LUT5 (Prop_lut5_I1_O)        0.124     7.496 r  schedule/memory_reg_i_258__1/O
                         net (fo=1, unplaced)         1.111     8.607    schedule/memory_reg_i_258__1_n_0
                         LUT6 (Prop_lut6_I0_O)        0.124     8.731 r  schedule/memory_reg_i_79__1/O
                         net (fo=1, unplaced)         0.902     9.633    schedule/memory_reg_i_79__1_n_0
                         LUT6 (Prop_lut6_I1_O)        0.124     9.757 r  schedule/memory_reg_i_8__2/O
                         net (fo=1, unplaced)         0.800    10.557    coefficient_store_a/bank0/ADDRARDADDR[4]
                         RAMB36E1                                     r  coefficient_store_a/bank0/memory_reg/ADDRARDADDR[9]
  -------------------------------------------------------------------    -------------------

                         (clock clk rise edge)       10.000    10.000 r  
                                                      0.000    10.000 r  clk (IN)
                         net (fo=0)                   0.000    10.000    clk
                         IBUF (Prop_ibuf_I_O)         0.838    10.838 r  clk_IBUF_inst/O
                         net (fo=1, unplaced)         0.760    11.598    clk_IBUF
                         BUFG (Prop_bufg_I_O)         0.091    11.689 r  clk_IBUF_BUFG_inst/O
                         net (fo=3181, unplaced)      0.439    12.128    coefficient_store_a/bank0/clk_IBUF_BUFG
                         RAMB36E1                                     r  coefficient_store_a/bank0/memory_reg/CLKARDCLK
                         clock pessimism              0.184    12.311    
                         clock uncertainty           -0.035    12.276    
                         RAMB36E1 (Setup_ramb36e1_CLKARDCLK_ADDRARDADDR[9])
                                                     -0.566    11.710    coefficient_store_a/bank0/memory_reg
  -------------------------------------------------------------------
                         required time                         11.710    
                         arrival time                         -10.557    
  -------------------------------------------------------------------
                         slack                                  1.153    

Slack (MET) :             1.198ns  (required time - arrival time)
  Source:                 coefficient_store_a/bank1/memory_reg/CLKBWRCLK
                            (rising edge-triggered cell RAMB36E1 clocked by clk  {rise@0.000ns fall@5.000ns period=10.000ns})
  Destination:            butterfly_a0/sum_register_reg[0]/D
                            (rising edge-triggered cell FDRE clocked by clk  {rise@0.000ns fall@5.000ns period=10.000ns})
  Path Group:             clk
  Path Type:              Setup (Max at Slow Process Corner)
  Requirement:            10.000ns  (clk rise@10.000ns - clk rise@0.000ns)
  Data Path Delay:        8.666ns  (logic 5.700ns (65.776%)  route 2.966ns (34.224%))
  Logic Levels:           13  (CARRY4=9 LUT3=1 LUT4=1 LUT6=2)
  Clock Path Skew:        -0.145ns (DCD - SCD + CPR)
    Destination Clock Delay (DCD):    2.128ns = ( 12.128 - 10.000 ) 
    Source Clock Delay      (SCD):    2.456ns
    Clock Pessimism Removal (CPR):    0.184ns
  Clock Uncertainty:      0.035ns  ((TSJ^2 + TIJ^2)^1/2 + DJ) / 2 + PE
    Total System Jitter     (TSJ):    0.071ns
    Total Input Jitter      (TIJ):    0.000ns
    Discrete Jitter          (DJ):    0.000ns
    Phase Error              (PE):    0.000ns

    Location             Delay type                Incr(ns)  Path(ns)    Netlist Resource(s)
  -------------------------------------------------------------------    -------------------
                         (clock clk rise edge)        0.000     0.000 r  
                                                      0.000     0.000 r  clk (IN)
                         net (fo=0)                   0.000     0.000    clk
                         IBUF (Prop_ibuf_I_O)         0.972     0.972 r  clk_IBUF_inst/O
                         net (fo=1, unplaced)         0.800     1.771    clk_IBUF
                         BUFG (Prop_bufg_I_O)         0.101     1.872 r  clk_IBUF_BUFG_inst/O
                         net (fo=3181, unplaced)      0.584     2.456    coefficient_store_a/bank1/clk_IBUF_BUFG
                         RAMB36E1                                     r  coefficient_store_a/bank1/memory_reg/CLKBWRCLK
  -------------------------------------------------------------------    -------------------
                         RAMB36E1 (Prop_ramb36e1_CLKBWRCLK_DOBDO[1])
                                                      2.454     4.910 r  coefficient_store_a/bank1/memory_reg/DOBDO[1]
                         net (fo=4, unplaced)         0.800     5.710    coefficient_store_a/bank0/a_register_reg[31][1]
                         LUT6 (Prop_lut6_I3_O)        0.124     5.834 r  coefficient_store_a/bank0/read_a_data_OBUF[1]_inst_i_2/O
                         net (fo=1, unplaced)         0.449     6.283    coefficient_store_a/bank3/a_register_reg[1]
                         LUT6 (Prop_lut6_I3_O)        0.124     6.407 r  coefficient_store_a/bank3/read_a_data_OBUF[1]_inst_i_1/O
                         net (fo=12, unplaced)        0.687     7.094    coefficient_store_a/bank3/DI[1]
                         CARRY4 (Prop_carry4_DI[1]_CO[3])
                                                      0.520     7.614 r  coefficient_store_a/bank3/sum_register_reg[3]_i_3/CO[3]
                         net (fo=1, unplaced)         0.009     7.623    coefficient_store_a/bank3/sum_register_reg[3]_i_3_n_0
                         CARRY4 (Prop_carry4_CI_CO[3])
                                                      0.117     7.740 r  coefficient_store_a/bank3/sum_register_reg[7]_i_3/CO[3]
                         net (fo=1, unplaced)         0.000     7.740    coefficient_store_a/bank3/sum_register_reg[7]_i_3_n_0
                         CARRY4 (Prop_carry4_CI_CO[3])
                                                      0.117     7.857 r  coefficient_store_a/bank3/sum_register_reg[11]_i_3/CO[3]
                         net (fo=1, unplaced)         0.000     7.857    coefficient_store_a/bank3/sum_register_reg[11]_i_3_n_0
                         CARRY4 (Prop_carry4_CI_CO[3])
                                                      0.117     7.974 r  coefficient_store_a/bank3/sum_register_reg[15]_i_3/CO[3]
                         net (fo=1, unplaced)         0.000     7.974    coefficient_store_a/bank3/sum_register_reg[15]_i_3_n_0
                         CARRY4 (Prop_carry4_CI_CO[3])
                                                      0.117     8.091 r  coefficient_store_a/bank3/sum_register_reg[19]_i_3/CO[3]
                         net (fo=1, unplaced)         0.000     8.091    coefficient_store_a/bank3/sum_register_reg[19]_i_3_n_0
                         CARRY4 (Prop_carry4_CI_CO[3])
                                                      0.117     8.208 r  coefficient_store_a/bank3/sum_register_reg[23]_i_3/CO[3]
                         net (fo=1, unplaced)         0.000     8.208    coefficient_store_a/bank3/sum_register_reg[23]_i_3_n_0
                         CARRY4 (Prop_carry4_CI_O[1])
                                                      0.337     8.545 r  coefficient_store_a/bank3/sum_register_reg[27]_i_3/O[1]
                         net (fo=5, unplaced)         0.639     9.184    coefficient_store_a/bank3/sum_register_reg[27]_i_3_n_6
                         LUT4 (Prop_lut4_I1_O)        0.332     9.516 r  coefficient_store_a/bank3/sum_register[31]_i_20/O
                         net (fo=1, unplaced)         0.000     9.516    coefficient_store_a/bank3/sum_register[31]_i_20_n_0
                         CARRY4 (Prop_carry4_DI[0]_CO[3])
                                                      0.576    10.092 r  coefficient_store_a/bank3/sum_register_reg[31]_i_9/CO[3]
                         net (fo=1, unplaced)         0.000    10.092    coefficient_store_a/bank3/sum_register_reg[31]_i_9_n_0
                         CARRY4 (Prop_carry4_CI_CO[0])
                                                      0.281    10.373 r  coefficient_store_a/bank3/sum_register_reg[31]_i_3/CO[0]
                         net (fo=32, unplaced)        0.382    10.755    coefficient_store_a/bank3/butterfly_a0/input_sum_reduced1
                         LUT3 (Prop_lut3_I1_O)        0.367    11.122 r  coefficient_store_a/bank3/sum_register[0]_i_1/O
                         net (fo=1, unplaced)         0.000    11.122    butterfly_a0/D[0]
                         FDRE                                         r  butterfly_a0/sum_register_reg[0]/D
  -------------------------------------------------------------------    -------------------

                         (clock clk rise edge)       10.000    10.000 r  
                                                      0.000    10.000 r  clk (IN)
                         net (fo=0)                   0.000    10.000    clk
                         IBUF (Prop_ibuf_I_O)         0.838    10.838 r  clk_IBUF_inst/O
                         net (fo=1, unplaced)         0.760    11.598    clk_IBUF
                         BUFG (Prop_bufg_I_O)         0.091    11.689 r  clk_IBUF_BUFG_inst/O
                         net (fo=3181, unplaced)      0.439    12.128    butterfly_a0/clk_IBUF_BUFG
                         FDRE                                         r  butterfly_a0/sum_register_reg[0]/C
                         clock pessimism              0.184    12.311    
                         clock uncertainty           -0.035    12.276    
                         FDRE (Setup_fdre_C_D)        0.044    12.320    butterfly_a0/sum_register_reg[0]
  -------------------------------------------------------------------
                         required time                         12.320    
                         arrival time                         -11.122    
  -------------------------------------------------------------------
                         slack                                  1.198    

Slack (MET) :             1.198ns  (required time - arrival time)
  Source:                 coefficient_store_a/bank1/memory_reg/CLKBWRCLK
                            (rising edge-triggered cell RAMB36E1 clocked by clk  {rise@0.000ns fall@5.000ns period=10.000ns})
  Destination:            butterfly_a0/sum_register_reg[10]/D
                            (rising edge-triggered cell FDRE clocked by clk  {rise@0.000ns fall@5.000ns period=10.000ns})
  Path Group:             clk
  Path Type:              Setup (Max at Slow Process Corner)
  Requirement:            10.000ns  (clk rise@10.000ns - clk rise@0.000ns)
  Data Path Delay:        8.666ns  (logic 5.700ns (65.776%)  route 2.966ns (34.224%))
  Logic Levels:           13  (CARRY4=9 LUT3=1 LUT4=1 LUT6=2)
  Clock Path Skew:        -0.145ns (DCD - SCD + CPR)
    Destination Clock Delay (DCD):    2.128ns = ( 12.128 - 10.000 ) 
    Source Clock Delay      (SCD):    2.456ns
    Clock Pessimism Removal (CPR):    0.184ns
  Clock Uncertainty:      0.035ns  ((TSJ^2 + TIJ^2)^1/2 + DJ) / 2 + PE
    Total System Jitter     (TSJ):    0.071ns
    Total Input Jitter      (TIJ):    0.000ns
    Discrete Jitter          (DJ):    0.000ns
    Phase Error              (PE):    0.000ns

    Location             Delay type                Incr(ns)  Path(ns)    Netlist Resource(s)
  -------------------------------------------------------------------    -------------------
                         (clock clk rise edge)        0.000     0.000 r  
                                                      0.000     0.000 r  clk (IN)
                         net (fo=0)                   0.000     0.000    clk
                         IBUF (Prop_ibuf_I_O)         0.972     0.972 r  clk_IBUF_inst/O
                         net (fo=1, unplaced)         0.800     1.771    clk_IBUF
                         BUFG (Prop_bufg_I_O)         0.101     1.872 r  clk_IBUF_BUFG_inst/O
                         net (fo=3181, unplaced)      0.584     2.456    coefficient_store_a/bank1/clk_IBUF_BUFG
                         RAMB36E1                                     r  coefficient_store_a/bank1/memory_reg/CLKBWRCLK
  -------------------------------------------------------------------    -------------------
                         RAMB36E1 (Prop_ramb36e1_CLKBWRCLK_DOBDO[1])
                                                      2.454     4.910 r  coefficient_store_a/bank1/memory_reg/DOBDO[1]
                         net (fo=4, unplaced)         0.800     5.710    coefficient_store_a/bank0/a_register_reg[31][1]
                         LUT6 (Prop_lut6_I3_O)        0.124     5.834 r  coefficient_store_a/bank0/read_a_data_OBUF[1]_inst_i_2/O
                         net (fo=1, unplaced)         0.449     6.283    coefficient_store_a/bank3/a_register_reg[1]
                         LUT6 (Prop_lut6_I3_O)        0.124     6.407 r  coefficient_store_a/bank3/read_a_data_OBUF[1]_inst_i_1/O
                         net (fo=12, unplaced)        0.687     7.094    coefficient_store_a/bank3/DI[1]
                         CARRY4 (Prop_carry4_DI[1]_CO[3])
                                                      0.520     7.614 r  coefficient_store_a/bank3/sum_register_reg[3]_i_3/CO[3]
                         net (fo=1, unplaced)         0.009     7.623    coefficient_store_a/bank3/sum_register_reg[3]_i_3_n_0
                         CARRY4 (Prop_carry4_CI_CO[3])
                                                      0.117     7.740 r  coefficient_store_a/bank3/sum_register_reg[7]_i_3/CO[3]
                         net (fo=1, unplaced)         0.000     7.740    coefficient_store_a/bank3/sum_register_reg[7]_i_3_n_0
                         CARRY4 (Prop_carry4_CI_CO[3])
                                                      0.117     7.857 r  coefficient_store_a/bank3/sum_register_reg[11]_i_3/CO[3]
                         net (fo=1, unplaced)         0.000     7.857    coefficient_store_a/bank3/sum_register_reg[11]_i_3_n_0
                         CARRY4 (Prop_carry4_CI_CO[3])
                                                      0.117     7.974 r  coefficient_store_a/bank3/sum_register_reg[15]_i_3/CO[3]
                         net (fo=1, unplaced)         0.000     7.974    coefficient_store_a/bank3/sum_register_reg[15]_i_3_n_0
                         CARRY4 (Prop_carry4_CI_CO[3])
                                                      0.117     8.091 r  coefficient_store_a/bank3/sum_register_reg[19]_i_3/CO[3]
                         net (fo=1, unplaced)         0.000     8.091    coefficient_store_a/bank3/sum_register_reg[19]_i_3_n_0
                         CARRY4 (Prop_carry4_CI_CO[3])
                                                      0.117     8.208 r  coefficient_store_a/bank3/sum_register_reg[23]_i_3/CO[3]
                         net (fo=1, unplaced)         0.000     8.208    coefficient_store_a/bank3/sum_register_reg[23]_i_3_n_0
                         CARRY4 (Prop_carry4_CI_O[1])
                                                      0.337     8.545 r  coefficient_store_a/bank3/sum_register_reg[27]_i_3/O[1]
                         net (fo=5, unplaced)         0.639     9.184    coefficient_store_a/bank3/sum_register_reg[27]_i_3_n_6
                         LUT4 (Prop_lut4_I1_O)        0.332     9.516 r  coefficient_store_a/bank3/sum_register[31]_i_20/O
                         net (fo=1, unplaced)         0.000     9.516    coefficient_store_a/bank3/sum_register[31]_i_20_n_0
                         CARRY4 (Prop_carry4_DI[0]_CO[3])
                                                      0.576    10.092 r  coefficient_store_a/bank3/sum_register_reg[31]_i_9/CO[3]
                         net (fo=1, unplaced)         0.000    10.092    coefficient_store_a/bank3/sum_register_reg[31]_i_9_n_0
                         CARRY4 (Prop_carry4_CI_CO[0])
                                                      0.281    10.373 r  coefficient_store_a/bank3/sum_register_reg[31]_i_3/CO[0]
                         net (fo=32, unplaced)        0.382    10.755    coefficient_store_a/bank3/butterfly_a0/input_sum_reduced1
                         LUT3 (Prop_lut3_I1_O)        0.367    11.122 r  coefficient_store_a/bank3/sum_register[10]_i_1/O
                         net (fo=1, unplaced)         0.000    11.122    butterfly_a0/D[10]
                         FDRE                                         r  butterfly_a0/sum_register_reg[10]/D
  -------------------------------------------------------------------    -------------------

                         (clock clk rise edge)       10.000    10.000 r  
                                                      0.000    10.000 r  clk (IN)
                         net (fo=0)                   0.000    10.000    clk
                         IBUF (Prop_ibuf_I_O)         0.838    10.838 r  clk_IBUF_inst/O
                         net (fo=1, unplaced)         0.760    11.598    clk_IBUF
                         BUFG (Prop_bufg_I_O)         0.091    11.689 r  clk_IBUF_BUFG_inst/O
                         net (fo=3181, unplaced)      0.439    12.128    butterfly_a0/clk_IBUF_BUFG
                         FDRE                                         r  butterfly_a0/sum_register_reg[10]/C
                         clock pessimism              0.184    12.311    
                         clock uncertainty           -0.035    12.276    
                         FDRE (Setup_fdre_C_D)        0.044    12.320    butterfly_a0/sum_register_reg[10]
  -------------------------------------------------------------------
                         required time                         12.320    
                         arrival time                         -11.122    
  -------------------------------------------------------------------
                         slack                                  1.198    

Slack (MET) :             1.198ns  (required time - arrival time)
  Source:                 coefficient_store_a/bank1/memory_reg/CLKBWRCLK
                            (rising edge-triggered cell RAMB36E1 clocked by clk  {rise@0.000ns fall@5.000ns period=10.000ns})
  Destination:            butterfly_a0/sum_register_reg[11]/D
                            (rising edge-triggered cell FDRE clocked by clk  {rise@0.000ns fall@5.000ns period=10.000ns})
  Path Group:             clk
  Path Type:              Setup (Max at Slow Process Corner)
  Requirement:            10.000ns  (clk rise@10.000ns - clk rise@0.000ns)
  Data Path Delay:        8.666ns  (logic 5.700ns (65.776%)  route 2.966ns (34.224%))
  Logic Levels:           13  (CARRY4=9 LUT3=1 LUT4=1 LUT6=2)
  Clock Path Skew:        -0.145ns (DCD - SCD + CPR)
    Destination Clock Delay (DCD):    2.128ns = ( 12.128 - 10.000 ) 
    Source Clock Delay      (SCD):    2.456ns
    Clock Pessimism Removal (CPR):    0.184ns
  Clock Uncertainty:      0.035ns  ((TSJ^2 + TIJ^2)^1/2 + DJ) / 2 + PE
    Total System Jitter     (TSJ):    0.071ns
    Total Input Jitter      (TIJ):    0.000ns
    Discrete Jitter          (DJ):    0.000ns
    Phase Error              (PE):    0.000ns

    Location             Delay type                Incr(ns)  Path(ns)    Netlist Resource(s)
  -------------------------------------------------------------------    -------------------
                         (clock clk rise edge)        0.000     0.000 r  
                                                      0.000     0.000 r  clk (IN)
                         net (fo=0)                   0.000     0.000    clk
                         IBUF (Prop_ibuf_I_O)         0.972     0.972 r  clk_IBUF_inst/O
                         net (fo=1, unplaced)         0.800     1.771    clk_IBUF
                         BUFG (Prop_bufg_I_O)         0.101     1.872 r  clk_IBUF_BUFG_inst/O
                         net (fo=3181, unplaced)      0.584     2.456    coefficient_store_a/bank1/clk_IBUF_BUFG
                         RAMB36E1                                     r  coefficient_store_a/bank1/memory_reg/CLKBWRCLK
  -------------------------------------------------------------------    -------------------
                         RAMB36E1 (Prop_ramb36e1_CLKBWRCLK_DOBDO[1])
                                                      2.454     4.910 r  coefficient_store_a/bank1/memory_reg/DOBDO[1]
                         net (fo=4, unplaced)         0.800     5.710    coefficient_store_a/bank0/a_register_reg[31][1]
                         LUT6 (Prop_lut6_I3_O)        0.124     5.834 r  coefficient_store_a/bank0/read_a_data_OBUF[1]_inst_i_2/O
                         net (fo=1, unplaced)         0.449     6.283    coefficient_store_a/bank3/a_register_reg[1]
                         LUT6 (Prop_lut6_I3_O)        0.124     6.407 r  coefficient_store_a/bank3/read_a_data_OBUF[1]_inst_i_1/O
                         net (fo=12, unplaced)        0.687     7.094    coefficient_store_a/bank3/DI[1]
                         CARRY4 (Prop_carry4_DI[1]_CO[3])
                                                      0.520     7.614 r  coefficient_store_a/bank3/sum_register_reg[3]_i_3/CO[3]
                         net (fo=1, unplaced)         0.009     7.623    coefficient_store_a/bank3/sum_register_reg[3]_i_3_n_0
                         CARRY4 (Prop_carry4_CI_CO[3])
                                                      0.117     7.740 r  coefficient_store_a/bank3/sum_register_reg[7]_i_3/CO[3]
                         net (fo=1, unplaced)         0.000     7.740    coefficient_store_a/bank3/sum_register_reg[7]_i_3_n_0
                         CARRY4 (Prop_carry4_CI_CO[3])
                                                      0.117     7.857 r  coefficient_store_a/bank3/sum_register_reg[11]_i_3/CO[3]
                         net (fo=1, unplaced)         0.000     7.857    coefficient_store_a/bank3/sum_register_reg[11]_i_3_n_0
                         CARRY4 (Prop_carry4_CI_CO[3])
                                                      0.117     7.974 r  coefficient_store_a/bank3/sum_register_reg[15]_i_3/CO[3]
                         net (fo=1, unplaced)         0.000     7.974    coefficient_store_a/bank3/sum_register_reg[15]_i_3_n_0
                         CARRY4 (Prop_carry4_CI_CO[3])
                                                      0.117     8.091 r  coefficient_store_a/bank3/sum_register_reg[19]_i_3/CO[3]
                         net (fo=1, unplaced)         0.000     8.091    coefficient_store_a/bank3/sum_register_reg[19]_i_3_n_0
                         CARRY4 (Prop_carry4_CI_CO[3])
                                                      0.117     8.208 r  coefficient_store_a/bank3/sum_register_reg[23]_i_3/CO[3]
                         net (fo=1, unplaced)         0.000     8.208    coefficient_store_a/bank3/sum_register_reg[23]_i_3_n_0
                         CARRY4 (Prop_carry4_CI_O[1])
                                                      0.337     8.545 r  coefficient_store_a/bank3/sum_register_reg[27]_i_3/O[1]
                         net (fo=5, unplaced)         0.639     9.184    coefficient_store_a/bank3/sum_register_reg[27]_i_3_n_6
                         LUT4 (Prop_lut4_I1_O)        0.332     9.516 r  coefficient_store_a/bank3/sum_register[31]_i_20/O
                         net (fo=1, unplaced)         0.000     9.516    coefficient_store_a/bank3/sum_register[31]_i_20_n_0
                         CARRY4 (Prop_carry4_DI[0]_CO[3])
                                                      0.576    10.092 r  coefficient_store_a/bank3/sum_register_reg[31]_i_9/CO[3]
                         net (fo=1, unplaced)         0.000    10.092    coefficient_store_a/bank3/sum_register_reg[31]_i_9_n_0
                         CARRY4 (Prop_carry4_CI_CO[0])
                                                      0.281    10.373 r  coefficient_store_a/bank3/sum_register_reg[31]_i_3/CO[0]
                         net (fo=32, unplaced)        0.382    10.755    coefficient_store_a/bank3/butterfly_a0/input_sum_reduced1
                         LUT3 (Prop_lut3_I1_O)        0.367    11.122 r  coefficient_store_a/bank3/sum_register[11]_i_1/O
                         net (fo=1, unplaced)         0.000    11.122    butterfly_a0/D[11]
                         FDRE                                         r  butterfly_a0/sum_register_reg[11]/D
  -------------------------------------------------------------------    -------------------

                         (clock clk rise edge)       10.000    10.000 r  
                                                      0.000    10.000 r  clk (IN)
                         net (fo=0)                   0.000    10.000    clk
                         IBUF (Prop_ibuf_I_O)         0.838    10.838 r  clk_IBUF_inst/O
                         net (fo=1, unplaced)         0.760    11.598    clk_IBUF
                         BUFG (Prop_bufg_I_O)         0.091    11.689 r  clk_IBUF_BUFG_inst/O
                         net (fo=3181, unplaced)      0.439    12.128    butterfly_a0/clk_IBUF_BUFG
                         FDRE                                         r  butterfly_a0/sum_register_reg[11]/C
                         clock pessimism              0.184    12.311    
                         clock uncertainty           -0.035    12.276    
                         FDRE (Setup_fdre_C_D)        0.044    12.320    butterfly_a0/sum_register_reg[11]
  -------------------------------------------------------------------
                         required time                         12.320    
                         arrival time                         -11.122    
  -------------------------------------------------------------------
                         slack                                  1.198    

Slack (MET) :             1.198ns  (required time - arrival time)
  Source:                 coefficient_store_a/bank1/memory_reg/CLKBWRCLK
                            (rising edge-triggered cell RAMB36E1 clocked by clk  {rise@0.000ns fall@5.000ns period=10.000ns})
  Destination:            butterfly_a0/sum_register_reg[12]/D
                            (rising edge-triggered cell FDRE clocked by clk  {rise@0.000ns fall@5.000ns period=10.000ns})
  Path Group:             clk
  Path Type:              Setup (Max at Slow Process Corner)
  Requirement:            10.000ns  (clk rise@10.000ns - clk rise@0.000ns)
  Data Path Delay:        8.666ns  (logic 5.700ns (65.776%)  route 2.966ns (34.224%))
  Logic Levels:           13  (CARRY4=9 LUT3=1 LUT4=1 LUT6=2)
  Clock Path Skew:        -0.145ns (DCD - SCD + CPR)
    Destination Clock Delay (DCD):    2.128ns = ( 12.128 - 10.000 ) 
    Source Clock Delay      (SCD):    2.456ns
    Clock Pessimism Removal (CPR):    0.184ns
  Clock Uncertainty:      0.035ns  ((TSJ^2 + TIJ^2)^1/2 + DJ) / 2 + PE
    Total System Jitter     (TSJ):    0.071ns
    Total Input Jitter      (TIJ):    0.000ns
    Discrete Jitter          (DJ):    0.000ns
    Phase Error              (PE):    0.000ns

    Location             Delay type                Incr(ns)  Path(ns)    Netlist Resource(s)
  -------------------------------------------------------------------    -------------------
                         (clock clk rise edge)        0.000     0.000 r  
                                                      0.000     0.000 r  clk (IN)
                         net (fo=0)                   0.000     0.000    clk
                         IBUF (Prop_ibuf_I_O)         0.972     0.972 r  clk_IBUF_inst/O
                         net (fo=1, unplaced)         0.800     1.771    clk_IBUF
                         BUFG (Prop_bufg_I_O)         0.101     1.872 r  clk_IBUF_BUFG_inst/O
                         net (fo=3181, unplaced)      0.584     2.456    coefficient_store_a/bank1/clk_IBUF_BUFG
                         RAMB36E1                                     r  coefficient_store_a/bank1/memory_reg/CLKBWRCLK
  -------------------------------------------------------------------    -------------------
                         RAMB36E1 (Prop_ramb36e1_CLKBWRCLK_DOBDO[1])
                                                      2.454     4.910 r  coefficient_store_a/bank1/memory_reg/DOBDO[1]
                         net (fo=4, unplaced)         0.800     5.710    coefficient_store_a/bank0/a_register_reg[31][1]
                         LUT6 (Prop_lut6_I3_O)        0.124     5.834 r  coefficient_store_a/bank0/read_a_data_OBUF[1]_inst_i_2/O
                         net (fo=1, unplaced)         0.449     6.283    coefficient_store_a/bank3/a_register_reg[1]
                         LUT6 (Prop_lut6_I3_O)        0.124     6.407 r  coefficient_store_a/bank3/read_a_data_OBUF[1]_inst_i_1/O
                         net (fo=12, unplaced)        0.687     7.094    coefficient_store_a/bank3/DI[1]
                         CARRY4 (Prop_carry4_DI[1]_CO[3])
                                                      0.520     7.614 r  coefficient_store_a/bank3/sum_register_reg[3]_i_3/CO[3]
                         net (fo=1, unplaced)         0.009     7.623    coefficient_store_a/bank3/sum_register_reg[3]_i_3_n_0
                         CARRY4 (Prop_carry4_CI_CO[3])
                                                      0.117     7.740 r  coefficient_store_a/bank3/sum_register_reg[7]_i_3/CO[3]
                         net (fo=1, unplaced)         0.000     7.740    coefficient_store_a/bank3/sum_register_reg[7]_i_3_n_0
                         CARRY4 (Prop_carry4_CI_CO[3])
                                                      0.117     7.857 r  coefficient_store_a/bank3/sum_register_reg[11]_i_3/CO[3]
                         net (fo=1, unplaced)         0.000     7.857    coefficient_store_a/bank3/sum_register_reg[11]_i_3_n_0
                         CARRY4 (Prop_carry4_CI_CO[3])
                                                      0.117     7.974 r  coefficient_store_a/bank3/sum_register_reg[15]_i_3/CO[3]
                         net (fo=1, unplaced)         0.000     7.974    coefficient_store_a/bank3/sum_register_reg[15]_i_3_n_0
                         CARRY4 (Prop_carry4_CI_CO[3])
                                                      0.117     8.091 r  coefficient_store_a/bank3/sum_register_reg[19]_i_3/CO[3]
                         net (fo=1, unplaced)         0.000     8.091    coefficient_store_a/bank3/sum_register_reg[19]_i_3_n_0
                         CARRY4 (Prop_carry4_CI_CO[3])
                                                      0.117     8.208 r  coefficient_store_a/bank3/sum_register_reg[23]_i_3/CO[3]
                         net (fo=1, unplaced)         0.000     8.208    coefficient_store_a/bank3/sum_register_reg[23]_i_3_n_0
                         CARRY4 (Prop_carry4_CI_O[1])
                                                      0.337     8.545 r  coefficient_store_a/bank3/sum_register_reg[27]_i_3/O[1]
                         net (fo=5, unplaced)         0.639     9.184    coefficient_store_a/bank3/sum_register_reg[27]_i_3_n_6
                         LUT4 (Prop_lut4_I1_O)        0.332     9.516 r  coefficient_store_a/bank3/sum_register[31]_i_20/O
                         net (fo=1, unplaced)         0.000     9.516    coefficient_store_a/bank3/sum_register[31]_i_20_n_0
                         CARRY4 (Prop_carry4_DI[0]_CO[3])
                                                      0.576    10.092 r  coefficient_store_a/bank3/sum_register_reg[31]_i_9/CO[3]
                         net (fo=1, unplaced)         0.000    10.092    coefficient_store_a/bank3/sum_register_reg[31]_i_9_n_0
                         CARRY4 (Prop_carry4_CI_CO[0])
                                                      0.281    10.373 r  coefficient_store_a/bank3/sum_register_reg[31]_i_3/CO[0]
                         net (fo=32, unplaced)        0.382    10.755    coefficient_store_a/bank3/butterfly_a0/input_sum_reduced1
                         LUT3 (Prop_lut3_I1_O)        0.367    11.122 r  coefficient_store_a/bank3/sum_register[12]_i_1/O
                         net (fo=1, unplaced)         0.000    11.122    butterfly_a0/D[12]
                         FDRE                                         r  butterfly_a0/sum_register_reg[12]/D
  -------------------------------------------------------------------    -------------------

                         (clock clk rise edge)       10.000    10.000 r  
                                                      0.000    10.000 r  clk (IN)
                         net (fo=0)                   0.000    10.000    clk
                         IBUF (Prop_ibuf_I_O)         0.838    10.838 r  clk_IBUF_inst/O
                         net (fo=1, unplaced)         0.760    11.598    clk_IBUF
                         BUFG (Prop_bufg_I_O)         0.091    11.689 r  clk_IBUF_BUFG_inst/O
                         net (fo=3181, unplaced)      0.439    12.128    butterfly_a0/clk_IBUF_BUFG
                         FDRE                                         r  butterfly_a0/sum_register_reg[12]/C
                         clock pessimism              0.184    12.311    
                         clock uncertainty           -0.035    12.276    
                         FDRE (Setup_fdre_C_D)        0.044    12.320    butterfly_a0/sum_register_reg[12]
  -------------------------------------------------------------------
                         required time                         12.320    
                         arrival time                         -11.122    
  -------------------------------------------------------------------
                         slack                                  1.198    

Slack (MET) :             1.198ns  (required time - arrival time)
  Source:                 coefficient_store_a/bank1/memory_reg/CLKBWRCLK
                            (rising edge-triggered cell RAMB36E1 clocked by clk  {rise@0.000ns fall@5.000ns period=10.000ns})
  Destination:            butterfly_a0/sum_register_reg[13]/D
                            (rising edge-triggered cell FDRE clocked by clk  {rise@0.000ns fall@5.000ns period=10.000ns})
  Path Group:             clk
  Path Type:              Setup (Max at Slow Process Corner)
  Requirement:            10.000ns  (clk rise@10.000ns - clk rise@0.000ns)
  Data Path Delay:        8.666ns  (logic 5.700ns (65.776%)  route 2.966ns (34.224%))
  Logic Levels:           13  (CARRY4=9 LUT3=1 LUT4=1 LUT6=2)
  Clock Path Skew:        -0.145ns (DCD - SCD + CPR)
    Destination Clock Delay (DCD):    2.128ns = ( 12.128 - 10.000 ) 
    Source Clock Delay      (SCD):    2.456ns
    Clock Pessimism Removal (CPR):    0.184ns
  Clock Uncertainty:      0.035ns  ((TSJ^2 + TIJ^2)^1/2 + DJ) / 2 + PE
    Total System Jitter     (TSJ):    0.071ns
    Total Input Jitter      (TIJ):    0.000ns
    Discrete Jitter          (DJ):    0.000ns
    Phase Error              (PE):    0.000ns

    Location             Delay type                Incr(ns)  Path(ns)    Netlist Resource(s)
  -------------------------------------------------------------------    -------------------
                         (clock clk rise edge)        0.000     0.000 r  
                                                      0.000     0.000 r  clk (IN)
                         net (fo=0)                   0.000     0.000    clk
                         IBUF (Prop_ibuf_I_O)         0.972     0.972 r  clk_IBUF_inst/O
                         net (fo=1, unplaced)         0.800     1.771    clk_IBUF
                         BUFG (Prop_bufg_I_O)         0.101     1.872 r  clk_IBUF_BUFG_inst/O
                         net (fo=3181, unplaced)      0.584     2.456    coefficient_store_a/bank1/clk_IBUF_BUFG
                         RAMB36E1                                     r  coefficient_store_a/bank1/memory_reg/CLKBWRCLK
  -------------------------------------------------------------------    -------------------
                         RAMB36E1 (Prop_ramb36e1_CLKBWRCLK_DOBDO[1])
                                                      2.454     4.910 r  coefficient_store_a/bank1/memory_reg/DOBDO[1]
                         net (fo=4, unplaced)         0.800     5.710    coefficient_store_a/bank0/a_register_reg[31][1]
                         LUT6 (Prop_lut6_I3_O)        0.124     5.834 r  coefficient_store_a/bank0/read_a_data_OBUF[1]_inst_i_2/O
                         net (fo=1, unplaced)         0.449     6.283    coefficient_store_a/bank3/a_register_reg[1]
                         LUT6 (Prop_lut6_I3_O)        0.124     6.407 r  coefficient_store_a/bank3/read_a_data_OBUF[1]_inst_i_1/O
                         net (fo=12, unplaced)        0.687     7.094    coefficient_store_a/bank3/DI[1]
                         CARRY4 (Prop_carry4_DI[1]_CO[3])
                                                      0.520     7.614 r  coefficient_store_a/bank3/sum_register_reg[3]_i_3/CO[3]
                         net (fo=1, unplaced)         0.009     7.623    coefficient_store_a/bank3/sum_register_reg[3]_i_3_n_0
                         CARRY4 (Prop_carry4_CI_CO[3])
                                                      0.117     7.740 r  coefficient_store_a/bank3/sum_register_reg[7]_i_3/CO[3]
                         net (fo=1, unplaced)         0.000     7.740    coefficient_store_a/bank3/sum_register_reg[7]_i_3_n_0
                         CARRY4 (Prop_carry4_CI_CO[3])
                                                      0.117     7.857 r  coefficient_store_a/bank3/sum_register_reg[11]_i_3/CO[3]
                         net (fo=1, unplaced)         0.000     7.857    coefficient_store_a/bank3/sum_register_reg[11]_i_3_n_0
                         CARRY4 (Prop_carry4_CI_CO[3])
                                                      0.117     7.974 r  coefficient_store_a/bank3/sum_register_reg[15]_i_3/CO[3]
                         net (fo=1, unplaced)         0.000     7.974    coefficient_store_a/bank3/sum_register_reg[15]_i_3_n_0
                         CARRY4 (Prop_carry4_CI_CO[3])
                                                      0.117     8.091 r  coefficient_store_a/bank3/sum_register_reg[19]_i_3/CO[3]
                         net (fo=1, unplaced)         0.000     8.091    coefficient_store_a/bank3/sum_register_reg[19]_i_3_n_0
                         CARRY4 (Prop_carry4_CI_CO[3])
                                                      0.117     8.208 r  coefficient_store_a/bank3/sum_register_reg[23]_i_3/CO[3]
                         net (fo=1, unplaced)         0.000     8.208    coefficient_store_a/bank3/sum_register_reg[23]_i_3_n_0
                         CARRY4 (Prop_carry4_CI_O[1])
                                                      0.337     8.545 r  coefficient_store_a/bank3/sum_register_reg[27]_i_3/O[1]
                         net (fo=5, unplaced)         0.639     9.184    coefficient_store_a/bank3/sum_register_reg[27]_i_3_n_6
                         LUT4 (Prop_lut4_I1_O)        0.332     9.516 r  coefficient_store_a/bank3/sum_register[31]_i_20/O
                         net (fo=1, unplaced)         0.000     9.516    coefficient_store_a/bank3/sum_register[31]_i_20_n_0
                         CARRY4 (Prop_carry4_DI[0]_CO[3])
                                                      0.576    10.092 r  coefficient_store_a/bank3/sum_register_reg[31]_i_9/CO[3]
                         net (fo=1, unplaced)         0.000    10.092    coefficient_store_a/bank3/sum_register_reg[31]_i_9_n_0
                         CARRY4 (Prop_carry4_CI_CO[0])
                                                      0.281    10.373 r  coefficient_store_a/bank3/sum_register_reg[31]_i_3/CO[0]
                         net (fo=32, unplaced)        0.382    10.755    coefficient_store_a/bank3/butterfly_a0/input_sum_reduced1
                         LUT3 (Prop_lut3_I1_O)        0.367    11.122 r  coefficient_store_a/bank3/sum_register[13]_i_1/O
                         net (fo=1, unplaced)         0.000    11.122    butterfly_a0/D[13]
                         FDRE                                         r  butterfly_a0/sum_register_reg[13]/D
  -------------------------------------------------------------------    -------------------

                         (clock clk rise edge)       10.000    10.000 r  
                                                      0.000    10.000 r  clk (IN)
                         net (fo=0)                   0.000    10.000    clk
                         IBUF (Prop_ibuf_I_O)         0.838    10.838 r  clk_IBUF_inst/O
                         net (fo=1, unplaced)         0.760    11.598    clk_IBUF
                         BUFG (Prop_bufg_I_O)         0.091    11.689 r  clk_IBUF_BUFG_inst/O
                         net (fo=3181, unplaced)      0.439    12.128    butterfly_a0/clk_IBUF_BUFG
                         FDRE                                         r  butterfly_a0/sum_register_reg[13]/C
                         clock pessimism              0.184    12.311    
                         clock uncertainty           -0.035    12.276    
                         FDRE (Setup_fdre_C_D)        0.044    12.320    butterfly_a0/sum_register_reg[13]
  -------------------------------------------------------------------
                         required time                         12.320    
                         arrival time                         -11.122    
  -------------------------------------------------------------------
                         slack                                  1.198    

Slack (MET) :             1.198ns  (required time - arrival time)
  Source:                 coefficient_store_a/bank1/memory_reg/CLKBWRCLK
                            (rising edge-triggered cell RAMB36E1 clocked by clk  {rise@0.000ns fall@5.000ns period=10.000ns})
  Destination:            butterfly_a0/sum_register_reg[14]/D
                            (rising edge-triggered cell FDRE clocked by clk  {rise@0.000ns fall@5.000ns period=10.000ns})
  Path Group:             clk
  Path Type:              Setup (Max at Slow Process Corner)
  Requirement:            10.000ns  (clk rise@10.000ns - clk rise@0.000ns)
  Data Path Delay:        8.666ns  (logic 5.700ns (65.776%)  route 2.966ns (34.224%))
  Logic Levels:           13  (CARRY4=9 LUT3=1 LUT4=1 LUT6=2)
  Clock Path Skew:        -0.145ns (DCD - SCD + CPR)
    Destination Clock Delay (DCD):    2.128ns = ( 12.128 - 10.000 ) 
    Source Clock Delay      (SCD):    2.456ns
    Clock Pessimism Removal (CPR):    0.184ns
  Clock Uncertainty:      0.035ns  ((TSJ^2 + TIJ^2)^1/2 + DJ) / 2 + PE
    Total System Jitter     (TSJ):    0.071ns
    Total Input Jitter      (TIJ):    0.000ns
    Discrete Jitter          (DJ):    0.000ns
    Phase Error              (PE):    0.000ns

    Location             Delay type                Incr(ns)  Path(ns)    Netlist Resource(s)
  -------------------------------------------------------------------    -------------------
                         (clock clk rise edge)        0.000     0.000 r  
                                                      0.000     0.000 r  clk (IN)
                         net (fo=0)                   0.000     0.000    clk
                         IBUF (Prop_ibuf_I_O)         0.972     0.972 r  clk_IBUF_inst/O
                         net (fo=1, unplaced)         0.800     1.771    clk_IBUF
                         BUFG (Prop_bufg_I_O)         0.101     1.872 r  clk_IBUF_BUFG_inst/O
                         net (fo=3181, unplaced)      0.584     2.456    coefficient_store_a/bank1/clk_IBUF_BUFG
                         RAMB36E1                                     r  coefficient_store_a/bank1/memory_reg/CLKBWRCLK
  -------------------------------------------------------------------    -------------------
                         RAMB36E1 (Prop_ramb36e1_CLKBWRCLK_DOBDO[1])
                                                      2.454     4.910 r  coefficient_store_a/bank1/memory_reg/DOBDO[1]
                         net (fo=4, unplaced)         0.800     5.710    coefficient_store_a/bank0/a_register_reg[31][1]
                         LUT6 (Prop_lut6_I3_O)        0.124     5.834 r  coefficient_store_a/bank0/read_a_data_OBUF[1]_inst_i_2/O
                         net (fo=1, unplaced)         0.449     6.283    coefficient_store_a/bank3/a_register_reg[1]
                         LUT6 (Prop_lut6_I3_O)        0.124     6.407 r  coefficient_store_a/bank3/read_a_data_OBUF[1]_inst_i_1/O
                         net (fo=12, unplaced)        0.687     7.094    coefficient_store_a/bank3/DI[1]
                         CARRY4 (Prop_carry4_DI[1]_CO[3])
                                                      0.520     7.614 r  coefficient_store_a/bank3/sum_register_reg[3]_i_3/CO[3]
                         net (fo=1, unplaced)         0.009     7.623    coefficient_store_a/bank3/sum_register_reg[3]_i_3_n_0
                         CARRY4 (Prop_carry4_CI_CO[3])
                                                      0.117     7.740 r  coefficient_store_a/bank3/sum_register_reg[7]_i_3/CO[3]
                         net (fo=1, unplaced)         0.000     7.740    coefficient_store_a/bank3/sum_register_reg[7]_i_3_n_0
                         CARRY4 (Prop_carry4_CI_CO[3])
                                                      0.117     7.857 r  coefficient_store_a/bank3/sum_register_reg[11]_i_3/CO[3]
                         net (fo=1, unplaced)         0.000     7.857    coefficient_store_a/bank3/sum_register_reg[11]_i_3_n_0
                         CARRY4 (Prop_carry4_CI_CO[3])
                                                      0.117     7.974 r  coefficient_store_a/bank3/sum_register_reg[15]_i_3/CO[3]
                         net (fo=1, unplaced)         0.000     7.974    coefficient_store_a/bank3/sum_register_reg[15]_i_3_n_0
                         CARRY4 (Prop_carry4_CI_CO[3])
                                                      0.117     8.091 r  coefficient_store_a/bank3/sum_register_reg[19]_i_3/CO[3]
                         net (fo=1, unplaced)         0.000     8.091    coefficient_store_a/bank3/sum_register_reg[19]_i_3_n_0
                         CARRY4 (Prop_carry4_CI_CO[3])
                                                      0.117     8.208 r  coefficient_store_a/bank3/sum_register_reg[23]_i_3/CO[3]
                         net (fo=1, unplaced)         0.000     8.208    coefficient_store_a/bank3/sum_register_reg[23]_i_3_n_0
                         CARRY4 (Prop_carry4_CI_O[1])
                                                      0.337     8.545 r  coefficient_store_a/bank3/sum_register_reg[27]_i_3/O[1]
                         net (fo=5, unplaced)         0.639     9.184    coefficient_store_a/bank3/sum_register_reg[27]_i_3_n_6
                         LUT4 (Prop_lut4_I1_O)        0.332     9.516 r  coefficient_store_a/bank3/sum_register[31]_i_20/O
                         net (fo=1, unplaced)         0.000     9.516    coefficient_store_a/bank3/sum_register[31]_i_20_n_0
                         CARRY4 (Prop_carry4_DI[0]_CO[3])
                                                      0.576    10.092 r  coefficient_store_a/bank3/sum_register_reg[31]_i_9/CO[3]
                         net (fo=1, unplaced)         0.000    10.092    coefficient_store_a/bank3/sum_register_reg[31]_i_9_n_0
                         CARRY4 (Prop_carry4_CI_CO[0])
                                                      0.281    10.373 r  coefficient_store_a/bank3/sum_register_reg[31]_i_3/CO[0]
                         net (fo=32, unplaced)        0.382    10.755    coefficient_store_a/bank3/butterfly_a0/input_sum_reduced1
                         LUT3 (Prop_lut3_I1_O)        0.367    11.122 r  coefficient_store_a/bank3/sum_register[14]_i_1/O
                         net (fo=1, unplaced)         0.000    11.122    butterfly_a0/D[14]
                         FDRE                                         r  butterfly_a0/sum_register_reg[14]/D
  -------------------------------------------------------------------    -------------------

                         (clock clk rise edge)       10.000    10.000 r  
                                                      0.000    10.000 r  clk (IN)
                         net (fo=0)                   0.000    10.000    clk
                         IBUF (Prop_ibuf_I_O)         0.838    10.838 r  clk_IBUF_inst/O
                         net (fo=1, unplaced)         0.760    11.598    clk_IBUF
                         BUFG (Prop_bufg_I_O)         0.091    11.689 r  clk_IBUF_BUFG_inst/O
                         net (fo=3181, unplaced)      0.439    12.128    butterfly_a0/clk_IBUF_BUFG
                         FDRE                                         r  butterfly_a0/sum_register_reg[14]/C
                         clock pessimism              0.184    12.311    
                         clock uncertainty           -0.035    12.276    
                         FDRE (Setup_fdre_C_D)        0.044    12.320    butterfly_a0/sum_register_reg[14]
  -------------------------------------------------------------------
                         required time                         12.320    
                         arrival time                         -11.122    
  -------------------------------------------------------------------
                         slack                                  1.198    

Slack (MET) :             1.198ns  (required time - arrival time)
  Source:                 coefficient_store_a/bank1/memory_reg/CLKBWRCLK
                            (rising edge-triggered cell RAMB36E1 clocked by clk  {rise@0.000ns fall@5.000ns period=10.000ns})
  Destination:            butterfly_a0/sum_register_reg[15]/D
                            (rising edge-triggered cell FDRE clocked by clk  {rise@0.000ns fall@5.000ns period=10.000ns})
  Path Group:             clk
  Path Type:              Setup (Max at Slow Process Corner)
  Requirement:            10.000ns  (clk rise@10.000ns - clk rise@0.000ns)
  Data Path Delay:        8.666ns  (logic 5.700ns (65.776%)  route 2.966ns (34.224%))
  Logic Levels:           13  (CARRY4=9 LUT3=1 LUT4=1 LUT6=2)
  Clock Path Skew:        -0.145ns (DCD - SCD + CPR)
    Destination Clock Delay (DCD):    2.128ns = ( 12.128 - 10.000 ) 
    Source Clock Delay      (SCD):    2.456ns
    Clock Pessimism Removal (CPR):    0.184ns
  Clock Uncertainty:      0.035ns  ((TSJ^2 + TIJ^2)^1/2 + DJ) / 2 + PE
    Total System Jitter     (TSJ):    0.071ns
    Total Input Jitter      (TIJ):    0.000ns
    Discrete Jitter          (DJ):    0.000ns
    Phase Error              (PE):    0.000ns

    Location             Delay type                Incr(ns)  Path(ns)    Netlist Resource(s)
  -------------------------------------------------------------------    -------------------
                         (clock clk rise edge)        0.000     0.000 r  
                                                      0.000     0.000 r  clk (IN)
                         net (fo=0)                   0.000     0.000    clk
                         IBUF (Prop_ibuf_I_O)         0.972     0.972 r  clk_IBUF_inst/O
                         net (fo=1, unplaced)         0.800     1.771    clk_IBUF
                         BUFG (Prop_bufg_I_O)         0.101     1.872 r  clk_IBUF_BUFG_inst/O
                         net (fo=3181, unplaced)      0.584     2.456    coefficient_store_a/bank1/clk_IBUF_BUFG
                         RAMB36E1                                     r  coefficient_store_a/bank1/memory_reg/CLKBWRCLK
  -------------------------------------------------------------------    -------------------
                         RAMB36E1 (Prop_ramb36e1_CLKBWRCLK_DOBDO[1])
                                                      2.454     4.910 r  coefficient_store_a/bank1/memory_reg/DOBDO[1]
                         net (fo=4, unplaced)         0.800     5.710    coefficient_store_a/bank0/a_register_reg[31][1]
                         LUT6 (Prop_lut6_I3_O)        0.124     5.834 r  coefficient_store_a/bank0/read_a_data_OBUF[1]_inst_i_2/O
                         net (fo=1, unplaced)         0.449     6.283    coefficient_store_a/bank3/a_register_reg[1]
                         LUT6 (Prop_lut6_I3_O)        0.124     6.407 r  coefficient_store_a/bank3/read_a_data_OBUF[1]_inst_i_1/O
                         net (fo=12, unplaced)        0.687     7.094    coefficient_store_a/bank3/DI[1]
                         CARRY4 (Prop_carry4_DI[1]_CO[3])
                                                      0.520     7.614 r  coefficient_store_a/bank3/sum_register_reg[3]_i_3/CO[3]
                         net (fo=1, unplaced)         0.009     7.623    coefficient_store_a/bank3/sum_register_reg[3]_i_3_n_0
                         CARRY4 (Prop_carry4_CI_CO[3])
                                                      0.117     7.740 r  coefficient_store_a/bank3/sum_register_reg[7]_i_3/CO[3]
                         net (fo=1, unplaced)         0.000     7.740    coefficient_store_a/bank3/sum_register_reg[7]_i_3_n_0
                         CARRY4 (Prop_carry4_CI_CO[3])
                                                      0.117     7.857 r  coefficient_store_a/bank3/sum_register_reg[11]_i_3/CO[3]
                         net (fo=1, unplaced)         0.000     7.857    coefficient_store_a/bank3/sum_register_reg[11]_i_3_n_0
                         CARRY4 (Prop_carry4_CI_CO[3])
                                                      0.117     7.974 r  coefficient_store_a/bank3/sum_register_reg[15]_i_3/CO[3]
                         net (fo=1, unplaced)         0.000     7.974    coefficient_store_a/bank3/sum_register_reg[15]_i_3_n_0
                         CARRY4 (Prop_carry4_CI_CO[3])
                                                      0.117     8.091 r  coefficient_store_a/bank3/sum_register_reg[19]_i_3/CO[3]
                         net (fo=1, unplaced)         0.000     8.091    coefficient_store_a/bank3/sum_register_reg[19]_i_3_n_0
                         CARRY4 (Prop_carry4_CI_CO[3])
                                                      0.117     8.208 r  coefficient_store_a/bank3/sum_register_reg[23]_i_3/CO[3]
                         net (fo=1, unplaced)         0.000     8.208    coefficient_store_a/bank3/sum_register_reg[23]_i_3_n_0
                         CARRY4 (Prop_carry4_CI_O[1])
                                                      0.337     8.545 r  coefficient_store_a/bank3/sum_register_reg[27]_i_3/O[1]
                         net (fo=5, unplaced)         0.639     9.184    coefficient_store_a/bank3/sum_register_reg[27]_i_3_n_6
                         LUT4 (Prop_lut4_I1_O)        0.332     9.516 r  coefficient_store_a/bank3/sum_register[31]_i_20/O
                         net (fo=1, unplaced)         0.000     9.516    coefficient_store_a/bank3/sum_register[31]_i_20_n_0
                         CARRY4 (Prop_carry4_DI[0]_CO[3])
                                                      0.576    10.092 r  coefficient_store_a/bank3/sum_register_reg[31]_i_9/CO[3]
                         net (fo=1, unplaced)         0.000    10.092    coefficient_store_a/bank3/sum_register_reg[31]_i_9_n_0
                         CARRY4 (Prop_carry4_CI_CO[0])
                                                      0.281    10.373 r  coefficient_store_a/bank3/sum_register_reg[31]_i_3/CO[0]
                         net (fo=32, unplaced)        0.382    10.755    coefficient_store_a/bank3/butterfly_a0/input_sum_reduced1
                         LUT3 (Prop_lut3_I1_O)        0.367    11.122 r  coefficient_store_a/bank3/sum_register[15]_i_1/O
                         net (fo=1, unplaced)         0.000    11.122    butterfly_a0/D[15]
                         FDRE                                         r  butterfly_a0/sum_register_reg[15]/D
  -------------------------------------------------------------------    -------------------

                         (clock clk rise edge)       10.000    10.000 r  
                                                      0.000    10.000 r  clk (IN)
                         net (fo=0)                   0.000    10.000    clk
                         IBUF (Prop_ibuf_I_O)         0.838    10.838 r  clk_IBUF_inst/O
                         net (fo=1, unplaced)         0.760    11.598    clk_IBUF
                         BUFG (Prop_bufg_I_O)         0.091    11.689 r  clk_IBUF_BUFG_inst/O
                         net (fo=3181, unplaced)      0.439    12.128    butterfly_a0/clk_IBUF_BUFG
                         FDRE                                         r  butterfly_a0/sum_register_reg[15]/C
                         clock pessimism              0.184    12.311    
                         clock uncertainty           -0.035    12.276    
                         FDRE (Setup_fdre_C_D)        0.044    12.320    butterfly_a0/sum_register_reg[15]
  -------------------------------------------------------------------
                         required time                         12.320    
                         arrival time                         -11.122    
  -------------------------------------------------------------------
                         slack                                  1.198    

Slack (MET) :             1.198ns  (required time - arrival time)
  Source:                 coefficient_store_a/bank1/memory_reg/CLKBWRCLK
                            (rising edge-triggered cell RAMB36E1 clocked by clk  {rise@0.000ns fall@5.000ns period=10.000ns})
  Destination:            butterfly_a0/sum_register_reg[16]/D
                            (rising edge-triggered cell FDRE clocked by clk  {rise@0.000ns fall@5.000ns period=10.000ns})
  Path Group:             clk
  Path Type:              Setup (Max at Slow Process Corner)
  Requirement:            10.000ns  (clk rise@10.000ns - clk rise@0.000ns)
  Data Path Delay:        8.666ns  (logic 5.700ns (65.776%)  route 2.966ns (34.224%))
  Logic Levels:           13  (CARRY4=9 LUT3=1 LUT4=1 LUT6=2)
  Clock Path Skew:        -0.145ns (DCD - SCD + CPR)
    Destination Clock Delay (DCD):    2.128ns = ( 12.128 - 10.000 ) 
    Source Clock Delay      (SCD):    2.456ns
    Clock Pessimism Removal (CPR):    0.184ns
  Clock Uncertainty:      0.035ns  ((TSJ^2 + TIJ^2)^1/2 + DJ) / 2 + PE
    Total System Jitter     (TSJ):    0.071ns
    Total Input Jitter      (TIJ):    0.000ns
    Discrete Jitter          (DJ):    0.000ns
    Phase Error              (PE):    0.000ns

    Location             Delay type                Incr(ns)  Path(ns)    Netlist Resource(s)
  -------------------------------------------------------------------    -------------------
                         (clock clk rise edge)        0.000     0.000 r  
                                                      0.000     0.000 r  clk (IN)
                         net (fo=0)                   0.000     0.000    clk
                         IBUF (Prop_ibuf_I_O)         0.972     0.972 r  clk_IBUF_inst/O
                         net (fo=1, unplaced)         0.800     1.771    clk_IBUF
                         BUFG (Prop_bufg_I_O)         0.101     1.872 r  clk_IBUF_BUFG_inst/O
                         net (fo=3181, unplaced)      0.584     2.456    coefficient_store_a/bank1/clk_IBUF_BUFG
                         RAMB36E1                                     r  coefficient_store_a/bank1/memory_reg/CLKBWRCLK
  -------------------------------------------------------------------    -------------------
                         RAMB36E1 (Prop_ramb36e1_CLKBWRCLK_DOBDO[1])
                                                      2.454     4.910 r  coefficient_store_a/bank1/memory_reg/DOBDO[1]
                         net (fo=4, unplaced)         0.800     5.710    coefficient_store_a/bank0/a_register_reg[31][1]
                         LUT6 (Prop_lut6_I3_O)        0.124     5.834 r  coefficient_store_a/bank0/read_a_data_OBUF[1]_inst_i_2/O
                         net (fo=1, unplaced)         0.449     6.283    coefficient_store_a/bank3/a_register_reg[1]
                         LUT6 (Prop_lut6_I3_O)        0.124     6.407 r  coefficient_store_a/bank3/read_a_data_OBUF[1]_inst_i_1/O
                         net (fo=12, unplaced)        0.687     7.094    coefficient_store_a/bank3/DI[1]
                         CARRY4 (Prop_carry4_DI[1]_CO[3])
                                                      0.520     7.614 r  coefficient_store_a/bank3/sum_register_reg[3]_i_3/CO[3]
                         net (fo=1, unplaced)         0.009     7.623    coefficient_store_a/bank3/sum_register_reg[3]_i_3_n_0
                         CARRY4 (Prop_carry4_CI_CO[3])
                                                      0.117     7.740 r  coefficient_store_a/bank3/sum_register_reg[7]_i_3/CO[3]
                         net (fo=1, unplaced)         0.000     7.740    coefficient_store_a/bank3/sum_register_reg[7]_i_3_n_0
                         CARRY4 (Prop_carry4_CI_CO[3])
                                                      0.117     7.857 r  coefficient_store_a/bank3/sum_register_reg[11]_i_3/CO[3]
                         net (fo=1, unplaced)         0.000     7.857    coefficient_store_a/bank3/sum_register_reg[11]_i_3_n_0
                         CARRY4 (Prop_carry4_CI_CO[3])
                                                      0.117     7.974 r  coefficient_store_a/bank3/sum_register_reg[15]_i_3/CO[3]
                         net (fo=1, unplaced)         0.000     7.974    coefficient_store_a/bank3/sum_register_reg[15]_i_3_n_0
                         CARRY4 (Prop_carry4_CI_CO[3])
                                                      0.117     8.091 r  coefficient_store_a/bank3/sum_register_reg[19]_i_3/CO[3]
                         net (fo=1, unplaced)         0.000     8.091    coefficient_store_a/bank3/sum_register_reg[19]_i_3_n_0
                         CARRY4 (Prop_carry4_CI_CO[3])
                                                      0.117     8.208 r  coefficient_store_a/bank3/sum_register_reg[23]_i_3/CO[3]
                         net (fo=1, unplaced)         0.000     8.208    coefficient_store_a/bank3/sum_register_reg[23]_i_3_n_0
                         CARRY4 (Prop_carry4_CI_O[1])
                                                      0.337     8.545 r  coefficient_store_a/bank3/sum_register_reg[27]_i_3/O[1]
                         net (fo=5, unplaced)         0.639     9.184    coefficient_store_a/bank3/sum_register_reg[27]_i_3_n_6
                         LUT4 (Prop_lut4_I1_O)        0.332     9.516 r  coefficient_store_a/bank3/sum_register[31]_i_20/O
                         net (fo=1, unplaced)         0.000     9.516    coefficient_store_a/bank3/sum_register[31]_i_20_n_0
                         CARRY4 (Prop_carry4_DI[0]_CO[3])
                                                      0.576    10.092 r  coefficient_store_a/bank3/sum_register_reg[31]_i_9/CO[3]
                         net (fo=1, unplaced)         0.000    10.092    coefficient_store_a/bank3/sum_register_reg[31]_i_9_n_0
                         CARRY4 (Prop_carry4_CI_CO[0])
                                                      0.281    10.373 r  coefficient_store_a/bank3/sum_register_reg[31]_i_3/CO[0]
                         net (fo=32, unplaced)        0.382    10.755    coefficient_store_a/bank3/butterfly_a0/input_sum_reduced1
                         LUT3 (Prop_lut3_I1_O)        0.367    11.122 r  coefficient_store_a/bank3/sum_register[16]_i_1/O
                         net (fo=1, unplaced)         0.000    11.122    butterfly_a0/D[16]
                         FDRE                                         r  butterfly_a0/sum_register_reg[16]/D
  -------------------------------------------------------------------    -------------------

                         (clock clk rise edge)       10.000    10.000 r  
                                                      0.000    10.000 r  clk (IN)
                         net (fo=0)                   0.000    10.000    clk
                         IBUF (Prop_ibuf_I_O)         0.838    10.838 r  clk_IBUF_inst/O
                         net (fo=1, unplaced)         0.760    11.598    clk_IBUF
                         BUFG (Prop_bufg_I_O)         0.091    11.689 r  clk_IBUF_BUFG_inst/O
                         net (fo=3181, unplaced)      0.439    12.128    butterfly_a0/clk_IBUF_BUFG
                         FDRE                                         r  butterfly_a0/sum_register_reg[16]/C
                         clock pessimism              0.184    12.311    
                         clock uncertainty           -0.035    12.276    
                         FDRE (Setup_fdre_C_D)        0.044    12.320    butterfly_a0/sum_register_reg[16]
  -------------------------------------------------------------------
                         required time                         12.320    
                         arrival time                         -11.122    
  -------------------------------------------------------------------
                         slack                                  1.198    

Slack (MET) :             1.198ns  (required time - arrival time)
  Source:                 coefficient_store_a/bank1/memory_reg/CLKBWRCLK
                            (rising edge-triggered cell RAMB36E1 clocked by clk  {rise@0.000ns fall@5.000ns period=10.000ns})
  Destination:            butterfly_a0/sum_register_reg[17]/D
                            (rising edge-triggered cell FDRE clocked by clk  {rise@0.000ns fall@5.000ns period=10.000ns})
  Path Group:             clk
  Path Type:              Setup (Max at Slow Process Corner)
  Requirement:            10.000ns  (clk rise@10.000ns - clk rise@0.000ns)
  Data Path Delay:        8.666ns  (logic 5.700ns (65.776%)  route 2.966ns (34.224%))
  Logic Levels:           13  (CARRY4=9 LUT3=1 LUT4=1 LUT6=2)
  Clock Path Skew:        -0.145ns (DCD - SCD + CPR)
    Destination Clock Delay (DCD):    2.128ns = ( 12.128 - 10.000 ) 
    Source Clock Delay      (SCD):    2.456ns
    Clock Pessimism Removal (CPR):    0.184ns
  Clock Uncertainty:      0.035ns  ((TSJ^2 + TIJ^2)^1/2 + DJ) / 2 + PE
    Total System Jitter     (TSJ):    0.071ns
    Total Input Jitter      (TIJ):    0.000ns
    Discrete Jitter          (DJ):    0.000ns
    Phase Error              (PE):    0.000ns

    Location             Delay type                Incr(ns)  Path(ns)    Netlist Resource(s)
  -------------------------------------------------------------------    -------------------
                         (clock clk rise edge)        0.000     0.000 r  
                                                      0.000     0.000 r  clk (IN)
                         net (fo=0)                   0.000     0.000    clk
                         IBUF (Prop_ibuf_I_O)         0.972     0.972 r  clk_IBUF_inst/O
                         net (fo=1, unplaced)         0.800     1.771    clk_IBUF
                         BUFG (Prop_bufg_I_O)         0.101     1.872 r  clk_IBUF_BUFG_inst/O
                         net (fo=3181, unplaced)      0.584     2.456    coefficient_store_a/bank1/clk_IBUF_BUFG
                         RAMB36E1                                     r  coefficient_store_a/bank1/memory_reg/CLKBWRCLK
  -------------------------------------------------------------------    -------------------
                         RAMB36E1 (Prop_ramb36e1_CLKBWRCLK_DOBDO[1])
                                                      2.454     4.910 r  coefficient_store_a/bank1/memory_reg/DOBDO[1]
                         net (fo=4, unplaced)         0.800     5.710    coefficient_store_a/bank0/a_register_reg[31][1]
                         LUT6 (Prop_lut6_I3_O)        0.124     5.834 r  coefficient_store_a/bank0/read_a_data_OBUF[1]_inst_i_2/O
                         net (fo=1, unplaced)         0.449     6.283    coefficient_store_a/bank3/a_register_reg[1]
                         LUT6 (Prop_lut6_I3_O)        0.124     6.407 r  coefficient_store_a/bank3/read_a_data_OBUF[1]_inst_i_1/O
                         net (fo=12, unplaced)        0.687     7.094    coefficient_store_a/bank3/DI[1]
                         CARRY4 (Prop_carry4_DI[1]_CO[3])
                                                      0.520     7.614 r  coefficient_store_a/bank3/sum_register_reg[3]_i_3/CO[3]
                         net (fo=1, unplaced)         0.009     7.623    coefficient_store_a/bank3/sum_register_reg[3]_i_3_n_0
                         CARRY4 (Prop_carry4_CI_CO[3])
                                                      0.117     7.740 r  coefficient_store_a/bank3/sum_register_reg[7]_i_3/CO[3]
                         net (fo=1, unplaced)         0.000     7.740    coefficient_store_a/bank3/sum_register_reg[7]_i_3_n_0
                         CARRY4 (Prop_carry4_CI_CO[3])
                                                      0.117     7.857 r  coefficient_store_a/bank3/sum_register_reg[11]_i_3/CO[3]
                         net (fo=1, unplaced)         0.000     7.857    coefficient_store_a/bank3/sum_register_reg[11]_i_3_n_0
                         CARRY4 (Prop_carry4_CI_CO[3])
                                                      0.117     7.974 r  coefficient_store_a/bank3/sum_register_reg[15]_i_3/CO[3]
                         net (fo=1, unplaced)         0.000     7.974    coefficient_store_a/bank3/sum_register_reg[15]_i_3_n_0
                         CARRY4 (Prop_carry4_CI_CO[3])
                                                      0.117     8.091 r  coefficient_store_a/bank3/sum_register_reg[19]_i_3/CO[3]
                         net (fo=1, unplaced)         0.000     8.091    coefficient_store_a/bank3/sum_register_reg[19]_i_3_n_0
                         CARRY4 (Prop_carry4_CI_CO[3])
                                                      0.117     8.208 r  coefficient_store_a/bank3/sum_register_reg[23]_i_3/CO[3]
                         net (fo=1, unplaced)         0.000     8.208    coefficient_store_a/bank3/sum_register_reg[23]_i_3_n_0
                         CARRY4 (Prop_carry4_CI_O[1])
                                                      0.337     8.545 r  coefficient_store_a/bank3/sum_register_reg[27]_i_3/O[1]
                         net (fo=5, unplaced)         0.639     9.184    coefficient_store_a/bank3/sum_register_reg[27]_i_3_n_6
                         LUT4 (Prop_lut4_I1_O)        0.332     9.516 r  coefficient_store_a/bank3/sum_register[31]_i_20/O
                         net (fo=1, unplaced)         0.000     9.516    coefficient_store_a/bank3/sum_register[31]_i_20_n_0
                         CARRY4 (Prop_carry4_DI[0]_CO[3])
                                                      0.576    10.092 r  coefficient_store_a/bank3/sum_register_reg[31]_i_9/CO[3]
                         net (fo=1, unplaced)         0.000    10.092    coefficient_store_a/bank3/sum_register_reg[31]_i_9_n_0
                         CARRY4 (Prop_carry4_CI_CO[0])
                                                      0.281    10.373 r  coefficient_store_a/bank3/sum_register_reg[31]_i_3/CO[0]
                         net (fo=32, unplaced)        0.382    10.755    coefficient_store_a/bank3/butterfly_a0/input_sum_reduced1
                         LUT3 (Prop_lut3_I1_O)        0.367    11.122 r  coefficient_store_a/bank3/sum_register[17]_i_1/O
                         net (fo=1, unplaced)         0.000    11.122    butterfly_a0/D[17]
                         FDRE                                         r  butterfly_a0/sum_register_reg[17]/D
  -------------------------------------------------------------------    -------------------

                         (clock clk rise edge)       10.000    10.000 r  
                                                      0.000    10.000 r  clk (IN)
                         net (fo=0)                   0.000    10.000    clk
                         IBUF (Prop_ibuf_I_O)         0.838    10.838 r  clk_IBUF_inst/O
                         net (fo=1, unplaced)         0.760    11.598    clk_IBUF
                         BUFG (Prop_bufg_I_O)         0.091    11.689 r  clk_IBUF_BUFG_inst/O
                         net (fo=3181, unplaced)      0.439    12.128    butterfly_a0/clk_IBUF_BUFG
                         FDRE                                         r  butterfly_a0/sum_register_reg[17]/C
                         clock pessimism              0.184    12.311    
                         clock uncertainty           -0.035    12.276    
                         FDRE (Setup_fdre_C_D)        0.044    12.320    butterfly_a0/sum_register_reg[17]
  -------------------------------------------------------------------
                         required time                         12.320    
                         arrival time                         -11.122    
  -------------------------------------------------------------------
                         slack                                  1.198    

Slack (MET) :             1.198ns  (required time - arrival time)
  Source:                 coefficient_store_a/bank1/memory_reg/CLKBWRCLK
                            (rising edge-triggered cell RAMB36E1 clocked by clk  {rise@0.000ns fall@5.000ns period=10.000ns})
  Destination:            butterfly_a0/sum_register_reg[18]/D
                            (rising edge-triggered cell FDRE clocked by clk  {rise@0.000ns fall@5.000ns period=10.000ns})
  Path Group:             clk
  Path Type:              Setup (Max at Slow Process Corner)
  Requirement:            10.000ns  (clk rise@10.000ns - clk rise@0.000ns)
  Data Path Delay:        8.666ns  (logic 5.700ns (65.776%)  route 2.966ns (34.224%))
  Logic Levels:           13  (CARRY4=9 LUT3=1 LUT4=1 LUT6=2)
  Clock Path Skew:        -0.145ns (DCD - SCD + CPR)
    Destination Clock Delay (DCD):    2.128ns = ( 12.128 - 10.000 ) 
    Source Clock Delay      (SCD):    2.456ns
    Clock Pessimism Removal (CPR):    0.184ns
  Clock Uncertainty:      0.035ns  ((TSJ^2 + TIJ^2)^1/2 + DJ) / 2 + PE
    Total System Jitter     (TSJ):    0.071ns
    Total Input Jitter      (TIJ):    0.000ns
    Discrete Jitter          (DJ):    0.000ns
    Phase Error              (PE):    0.000ns

    Location             Delay type                Incr(ns)  Path(ns)    Netlist Resource(s)
  -------------------------------------------------------------------    -------------------
                         (clock clk rise edge)        0.000     0.000 r  
                                                      0.000     0.000 r  clk (IN)
                         net (fo=0)                   0.000     0.000    clk
                         IBUF (Prop_ibuf_I_O)         0.972     0.972 r  clk_IBUF_inst/O
                         net (fo=1, unplaced)         0.800     1.771    clk_IBUF
                         BUFG (Prop_bufg_I_O)         0.101     1.872 r  clk_IBUF_BUFG_inst/O
                         net (fo=3181, unplaced)      0.584     2.456    coefficient_store_a/bank1/clk_IBUF_BUFG
                         RAMB36E1                                     r  coefficient_store_a/bank1/memory_reg/CLKBWRCLK
  -------------------------------------------------------------------    -------------------
                         RAMB36E1 (Prop_ramb36e1_CLKBWRCLK_DOBDO[1])
                                                      2.454     4.910 r  coefficient_store_a/bank1/memory_reg/DOBDO[1]
                         net (fo=4, unplaced)         0.800     5.710    coefficient_store_a/bank0/a_register_reg[31][1]
                         LUT6 (Prop_lut6_I3_O)        0.124     5.834 r  coefficient_store_a/bank0/read_a_data_OBUF[1]_inst_i_2/O
                         net (fo=1, unplaced)         0.449     6.283    coefficient_store_a/bank3/a_register_reg[1]
                         LUT6 (Prop_lut6_I3_O)        0.124     6.407 r  coefficient_store_a/bank3/read_a_data_OBUF[1]_inst_i_1/O
                         net (fo=12, unplaced)        0.687     7.094    coefficient_store_a/bank3/DI[1]
                         CARRY4 (Prop_carry4_DI[1]_CO[3])
                                                      0.520     7.614 r  coefficient_store_a/bank3/sum_register_reg[3]_i_3/CO[3]
                         net (fo=1, unplaced)         0.009     7.623    coefficient_store_a/bank3/sum_register_reg[3]_i_3_n_0
                         CARRY4 (Prop_carry4_CI_CO[3])
                                                      0.117     7.740 r  coefficient_store_a/bank3/sum_register_reg[7]_i_3/CO[3]
                         net (fo=1, unplaced)         0.000     7.740    coefficient_store_a/bank3/sum_register_reg[7]_i_3_n_0
                         CARRY4 (Prop_carry4_CI_CO[3])
                                                      0.117     7.857 r  coefficient_store_a/bank3/sum_register_reg[11]_i_3/CO[3]
                         net (fo=1, unplaced)         0.000     7.857    coefficient_store_a/bank3/sum_register_reg[11]_i_3_n_0
                         CARRY4 (Prop_carry4_CI_CO[3])
                                                      0.117     7.974 r  coefficient_store_a/bank3/sum_register_reg[15]_i_3/CO[3]
                         net (fo=1, unplaced)         0.000     7.974    coefficient_store_a/bank3/sum_register_reg[15]_i_3_n_0
                         CARRY4 (Prop_carry4_CI_CO[3])
                                                      0.117     8.091 r  coefficient_store_a/bank3/sum_register_reg[19]_i_3/CO[3]
                         net (fo=1, unplaced)         0.000     8.091    coefficient_store_a/bank3/sum_register_reg[19]_i_3_n_0
                         CARRY4 (Prop_carry4_CI_CO[3])
                                                      0.117     8.208 r  coefficient_store_a/bank3/sum_register_reg[23]_i_3/CO[3]
                         net (fo=1, unplaced)         0.000     8.208    coefficient_store_a/bank3/sum_register_reg[23]_i_3_n_0
                         CARRY4 (Prop_carry4_CI_O[1])
                                                      0.337     8.545 r  coefficient_store_a/bank3/sum_register_reg[27]_i_3/O[1]
                         net (fo=5, unplaced)         0.639     9.184    coefficient_store_a/bank3/sum_register_reg[27]_i_3_n_6
                         LUT4 (Prop_lut4_I1_O)        0.332     9.516 r  coefficient_store_a/bank3/sum_register[31]_i_20/O
                         net (fo=1, unplaced)         0.000     9.516    coefficient_store_a/bank3/sum_register[31]_i_20_n_0
                         CARRY4 (Prop_carry4_DI[0]_CO[3])
                                                      0.576    10.092 r  coefficient_store_a/bank3/sum_register_reg[31]_i_9/CO[3]
                         net (fo=1, unplaced)         0.000    10.092    coefficient_store_a/bank3/sum_register_reg[31]_i_9_n_0
                         CARRY4 (Prop_carry4_CI_CO[0])
                                                      0.281    10.373 r  coefficient_store_a/bank3/sum_register_reg[31]_i_3/CO[0]
                         net (fo=32, unplaced)        0.382    10.755    coefficient_store_a/bank3/butterfly_a0/input_sum_reduced1
                         LUT3 (Prop_lut3_I1_O)        0.367    11.122 r  coefficient_store_a/bank3/sum_register[18]_i_1/O
                         net (fo=1, unplaced)         0.000    11.122    butterfly_a0/D[18]
                         FDRE                                         r  butterfly_a0/sum_register_reg[18]/D
  -------------------------------------------------------------------    -------------------

                         (clock clk rise edge)       10.000    10.000 r  
                                                      0.000    10.000 r  clk (IN)
                         net (fo=0)                   0.000    10.000    clk
                         IBUF (Prop_ibuf_I_O)         0.838    10.838 r  clk_IBUF_inst/O
                         net (fo=1, unplaced)         0.760    11.598    clk_IBUF
                         BUFG (Prop_bufg_I_O)         0.091    11.689 r  clk_IBUF_BUFG_inst/O
                         net (fo=3181, unplaced)      0.439    12.128    butterfly_a0/clk_IBUF_BUFG
                         FDRE                                         r  butterfly_a0/sum_register_reg[18]/C
                         clock pessimism              0.184    12.311    
                         clock uncertainty           -0.035    12.276    
                         FDRE (Setup_fdre_C_D)        0.044    12.320    butterfly_a0/sum_register_reg[18]
  -------------------------------------------------------------------
                         required time                         12.320    
                         arrival time                         -11.122    
  -------------------------------------------------------------------
                         slack                                  1.198    

Slack (MET) :             1.198ns  (required time - arrival time)
  Source:                 coefficient_store_a/bank1/memory_reg/CLKBWRCLK
                            (rising edge-triggered cell RAMB36E1 clocked by clk  {rise@0.000ns fall@5.000ns period=10.000ns})
  Destination:            butterfly_a0/sum_register_reg[19]/D
                            (rising edge-triggered cell FDRE clocked by clk  {rise@0.000ns fall@5.000ns period=10.000ns})
  Path Group:             clk
  Path Type:              Setup (Max at Slow Process Corner)
  Requirement:            10.000ns  (clk rise@10.000ns - clk rise@0.000ns)
  Data Path Delay:        8.666ns  (logic 5.700ns (65.776%)  route 2.966ns (34.224%))
  Logic Levels:           13  (CARRY4=9 LUT3=1 LUT4=1 LUT6=2)
  Clock Path Skew:        -0.145ns (DCD - SCD + CPR)
    Destination Clock Delay (DCD):    2.128ns = ( 12.128 - 10.000 ) 
    Source Clock Delay      (SCD):    2.456ns
    Clock Pessimism Removal (CPR):    0.184ns
  Clock Uncertainty:      0.035ns  ((TSJ^2 + TIJ^2)^1/2 + DJ) / 2 + PE
    Total System Jitter     (TSJ):    0.071ns
    Total Input Jitter      (TIJ):    0.000ns
    Discrete Jitter          (DJ):    0.000ns
    Phase Error              (PE):    0.000ns

    Location             Delay type                Incr(ns)  Path(ns)    Netlist Resource(s)
  -------------------------------------------------------------------    -------------------
                         (clock clk rise edge)        0.000     0.000 r  
                                                      0.000     0.000 r  clk (IN)
                         net (fo=0)                   0.000     0.000    clk
                         IBUF (Prop_ibuf_I_O)         0.972     0.972 r  clk_IBUF_inst/O
                         net (fo=1, unplaced)         0.800     1.771    clk_IBUF
                         BUFG (Prop_bufg_I_O)         0.101     1.872 r  clk_IBUF_BUFG_inst/O
                         net (fo=3181, unplaced)      0.584     2.456    coefficient_store_a/bank1/clk_IBUF_BUFG
                         RAMB36E1                                     r  coefficient_store_a/bank1/memory_reg/CLKBWRCLK
  -------------------------------------------------------------------    -------------------
                         RAMB36E1 (Prop_ramb36e1_CLKBWRCLK_DOBDO[1])
                                                      2.454     4.910 r  coefficient_store_a/bank1/memory_reg/DOBDO[1]
                         net (fo=4, unplaced)         0.800     5.710    coefficient_store_a/bank0/a_register_reg[31][1]
                         LUT6 (Prop_lut6_I3_O)        0.124     5.834 r  coefficient_store_a/bank0/read_a_data_OBUF[1]_inst_i_2/O
                         net (fo=1, unplaced)         0.449     6.283    coefficient_store_a/bank3/a_register_reg[1]
                         LUT6 (Prop_lut6_I3_O)        0.124     6.407 r  coefficient_store_a/bank3/read_a_data_OBUF[1]_inst_i_1/O
                         net (fo=12, unplaced)        0.687     7.094    coefficient_store_a/bank3/DI[1]
                         CARRY4 (Prop_carry4_DI[1]_CO[3])
                                                      0.520     7.614 r  coefficient_store_a/bank3/sum_register_reg[3]_i_3/CO[3]
                         net (fo=1, unplaced)         0.009     7.623    coefficient_store_a/bank3/sum_register_reg[3]_i_3_n_0
                         CARRY4 (Prop_carry4_CI_CO[3])
                                                      0.117     7.740 r  coefficient_store_a/bank3/sum_register_reg[7]_i_3/CO[3]
                         net (fo=1, unplaced)         0.000     7.740    coefficient_store_a/bank3/sum_register_reg[7]_i_3_n_0
                         CARRY4 (Prop_carry4_CI_CO[3])
                                                      0.117     7.857 r  coefficient_store_a/bank3/sum_register_reg[11]_i_3/CO[3]
                         net (fo=1, unplaced)         0.000     7.857    coefficient_store_a/bank3/sum_register_reg[11]_i_3_n_0
                         CARRY4 (Prop_carry4_CI_CO[3])
                                                      0.117     7.974 r  coefficient_store_a/bank3/sum_register_reg[15]_i_3/CO[3]
                         net (fo=1, unplaced)         0.000     7.974    coefficient_store_a/bank3/sum_register_reg[15]_i_3_n_0
                         CARRY4 (Prop_carry4_CI_CO[3])
                                                      0.117     8.091 r  coefficient_store_a/bank3/sum_register_reg[19]_i_3/CO[3]
                         net (fo=1, unplaced)         0.000     8.091    coefficient_store_a/bank3/sum_register_reg[19]_i_3_n_0
                         CARRY4 (Prop_carry4_CI_CO[3])
                                                      0.117     8.208 r  coefficient_store_a/bank3/sum_register_reg[23]_i_3/CO[3]
                         net (fo=1, unplaced)         0.000     8.208    coefficient_store_a/bank3/sum_register_reg[23]_i_3_n_0
                         CARRY4 (Prop_carry4_CI_O[1])
                                                      0.337     8.545 r  coefficient_store_a/bank3/sum_register_reg[27]_i_3/O[1]
                         net (fo=5, unplaced)         0.639     9.184    coefficient_store_a/bank3/sum_register_reg[27]_i_3_n_6
                         LUT4 (Prop_lut4_I1_O)        0.332     9.516 r  coefficient_store_a/bank3/sum_register[31]_i_20/O
                         net (fo=1, unplaced)         0.000     9.516    coefficient_store_a/bank3/sum_register[31]_i_20_n_0
                         CARRY4 (Prop_carry4_DI[0]_CO[3])
                                                      0.576    10.092 r  coefficient_store_a/bank3/sum_register_reg[31]_i_9/CO[3]
                         net (fo=1, unplaced)         0.000    10.092    coefficient_store_a/bank3/sum_register_reg[31]_i_9_n_0
                         CARRY4 (Prop_carry4_CI_CO[0])
                                                      0.281    10.373 r  coefficient_store_a/bank3/sum_register_reg[31]_i_3/CO[0]
                         net (fo=32, unplaced)        0.382    10.755    coefficient_store_a/bank3/butterfly_a0/input_sum_reduced1
                         LUT3 (Prop_lut3_I1_O)        0.367    11.122 r  coefficient_store_a/bank3/sum_register[19]_i_1/O
                         net (fo=1, unplaced)         0.000    11.122    butterfly_a0/D[19]
                         FDRE                                         r  butterfly_a0/sum_register_reg[19]/D
  -------------------------------------------------------------------    -------------------

                         (clock clk rise edge)       10.000    10.000 r  
                                                      0.000    10.000 r  clk (IN)
                         net (fo=0)                   0.000    10.000    clk
                         IBUF (Prop_ibuf_I_O)         0.838    10.838 r  clk_IBUF_inst/O
                         net (fo=1, unplaced)         0.760    11.598    clk_IBUF
                         BUFG (Prop_bufg_I_O)         0.091    11.689 r  clk_IBUF_BUFG_inst/O
                         net (fo=3181, unplaced)      0.439    12.128    butterfly_a0/clk_IBUF_BUFG
                         FDRE                                         r  butterfly_a0/sum_register_reg[19]/C
                         clock pessimism              0.184    12.311    
                         clock uncertainty           -0.035    12.276    
                         FDRE (Setup_fdre_C_D)        0.044    12.320    butterfly_a0/sum_register_reg[19]
  -------------------------------------------------------------------
                         required time                         12.320    
                         arrival time                         -11.122    
  -------------------------------------------------------------------
                         slack                                  1.198    

Slack (MET) :             1.198ns  (required time - arrival time)
  Source:                 coefficient_store_a/bank1/memory_reg/CLKBWRCLK
                            (rising edge-triggered cell RAMB36E1 clocked by clk  {rise@0.000ns fall@5.000ns period=10.000ns})
  Destination:            butterfly_a0/sum_register_reg[1]/D
                            (rising edge-triggered cell FDRE clocked by clk  {rise@0.000ns fall@5.000ns period=10.000ns})
  Path Group:             clk
  Path Type:              Setup (Max at Slow Process Corner)
  Requirement:            10.000ns  (clk rise@10.000ns - clk rise@0.000ns)
  Data Path Delay:        8.666ns  (logic 5.700ns (65.776%)  route 2.966ns (34.224%))
  Logic Levels:           13  (CARRY4=9 LUT3=1 LUT4=1 LUT6=2)
  Clock Path Skew:        -0.145ns (DCD - SCD + CPR)
    Destination Clock Delay (DCD):    2.128ns = ( 12.128 - 10.000 ) 
    Source Clock Delay      (SCD):    2.456ns
    Clock Pessimism Removal (CPR):    0.184ns
  Clock Uncertainty:      0.035ns  ((TSJ^2 + TIJ^2)^1/2 + DJ) / 2 + PE
    Total System Jitter     (TSJ):    0.071ns
    Total Input Jitter      (TIJ):    0.000ns
    Discrete Jitter          (DJ):    0.000ns
    Phase Error              (PE):    0.000ns

    Location             Delay type                Incr(ns)  Path(ns)    Netlist Resource(s)
  -------------------------------------------------------------------    -------------------
                         (clock clk rise edge)        0.000     0.000 r  
                                                      0.000     0.000 r  clk (IN)
                         net (fo=0)                   0.000     0.000    clk
                         IBUF (Prop_ibuf_I_O)         0.972     0.972 r  clk_IBUF_inst/O
                         net (fo=1, unplaced)         0.800     1.771    clk_IBUF
                         BUFG (Prop_bufg_I_O)         0.101     1.872 r  clk_IBUF_BUFG_inst/O
                         net (fo=3181, unplaced)      0.584     2.456    coefficient_store_a/bank1/clk_IBUF_BUFG
                         RAMB36E1                                     r  coefficient_store_a/bank1/memory_reg/CLKBWRCLK
  -------------------------------------------------------------------    -------------------
                         RAMB36E1 (Prop_ramb36e1_CLKBWRCLK_DOBDO[1])
                                                      2.454     4.910 r  coefficient_store_a/bank1/memory_reg/DOBDO[1]
                         net (fo=4, unplaced)         0.800     5.710    coefficient_store_a/bank0/a_register_reg[31][1]
                         LUT6 (Prop_lut6_I3_O)        0.124     5.834 r  coefficient_store_a/bank0/read_a_data_OBUF[1]_inst_i_2/O
                         net (fo=1, unplaced)         0.449     6.283    coefficient_store_a/bank3/a_register_reg[1]
                         LUT6 (Prop_lut6_I3_O)        0.124     6.407 r  coefficient_store_a/bank3/read_a_data_OBUF[1]_inst_i_1/O
                         net (fo=12, unplaced)        0.687     7.094    coefficient_store_a/bank3/DI[1]
                         CARRY4 (Prop_carry4_DI[1]_CO[3])
                                                      0.520     7.614 r  coefficient_store_a/bank3/sum_register_reg[3]_i_3/CO[3]
                         net (fo=1, unplaced)         0.009     7.623    coefficient_store_a/bank3/sum_register_reg[3]_i_3_n_0
                         CARRY4 (Prop_carry4_CI_CO[3])
                                                      0.117     7.740 r  coefficient_store_a/bank3/sum_register_reg[7]_i_3/CO[3]
                         net (fo=1, unplaced)         0.000     7.740    coefficient_store_a/bank3/sum_register_reg[7]_i_3_n_0
                         CARRY4 (Prop_carry4_CI_CO[3])
                                                      0.117     7.857 r  coefficient_store_a/bank3/sum_register_reg[11]_i_3/CO[3]
                         net (fo=1, unplaced)         0.000     7.857    coefficient_store_a/bank3/sum_register_reg[11]_i_3_n_0
                         CARRY4 (Prop_carry4_CI_CO[3])
                                                      0.117     7.974 r  coefficient_store_a/bank3/sum_register_reg[15]_i_3/CO[3]
                         net (fo=1, unplaced)         0.000     7.974    coefficient_store_a/bank3/sum_register_reg[15]_i_3_n_0
                         CARRY4 (Prop_carry4_CI_CO[3])
                                                      0.117     8.091 r  coefficient_store_a/bank3/sum_register_reg[19]_i_3/CO[3]
                         net (fo=1, unplaced)         0.000     8.091    coefficient_store_a/bank3/sum_register_reg[19]_i_3_n_0
                         CARRY4 (Prop_carry4_CI_CO[3])
                                                      0.117     8.208 r  coefficient_store_a/bank3/sum_register_reg[23]_i_3/CO[3]
                         net (fo=1, unplaced)         0.000     8.208    coefficient_store_a/bank3/sum_register_reg[23]_i_3_n_0
                         CARRY4 (Prop_carry4_CI_O[1])
                                                      0.337     8.545 r  coefficient_store_a/bank3/sum_register_reg[27]_i_3/O[1]
                         net (fo=5, unplaced)         0.639     9.184    coefficient_store_a/bank3/sum_register_reg[27]_i_3_n_6
                         LUT4 (Prop_lut4_I1_O)        0.332     9.516 r  coefficient_store_a/bank3/sum_register[31]_i_20/O
                         net (fo=1, unplaced)         0.000     9.516    coefficient_store_a/bank3/sum_register[31]_i_20_n_0
                         CARRY4 (Prop_carry4_DI[0]_CO[3])
                                                      0.576    10.092 r  coefficient_store_a/bank3/sum_register_reg[31]_i_9/CO[3]
                         net (fo=1, unplaced)         0.000    10.092    coefficient_store_a/bank3/sum_register_reg[31]_i_9_n_0
                         CARRY4 (Prop_carry4_CI_CO[0])
                                                      0.281    10.373 r  coefficient_store_a/bank3/sum_register_reg[31]_i_3/CO[0]
                         net (fo=32, unplaced)        0.382    10.755    coefficient_store_a/bank3/butterfly_a0/input_sum_reduced1
                         LUT3 (Prop_lut3_I1_O)        0.367    11.122 r  coefficient_store_a/bank3/sum_register[1]_i_1/O
                         net (fo=1, unplaced)         0.000    11.122    butterfly_a0/D[1]
                         FDRE                                         r  butterfly_a0/sum_register_reg[1]/D
  -------------------------------------------------------------------    -------------------

                         (clock clk rise edge)       10.000    10.000 r  
                                                      0.000    10.000 r  clk (IN)
                         net (fo=0)                   0.000    10.000    clk
                         IBUF (Prop_ibuf_I_O)         0.838    10.838 r  clk_IBUF_inst/O
                         net (fo=1, unplaced)         0.760    11.598    clk_IBUF
                         BUFG (Prop_bufg_I_O)         0.091    11.689 r  clk_IBUF_BUFG_inst/O
                         net (fo=3181, unplaced)      0.439    12.128    butterfly_a0/clk_IBUF_BUFG
                         FDRE                                         r  butterfly_a0/sum_register_reg[1]/C
                         clock pessimism              0.184    12.311    
                         clock uncertainty           -0.035    12.276    
                         FDRE (Setup_fdre_C_D)        0.044    12.320    butterfly_a0/sum_register_reg[1]
  -------------------------------------------------------------------
                         required time                         12.320    
                         arrival time                         -11.122    
  -------------------------------------------------------------------
                         slack                                  1.198    

Slack (MET) :             1.198ns  (required time - arrival time)
  Source:                 coefficient_store_a/bank1/memory_reg/CLKBWRCLK
                            (rising edge-triggered cell RAMB36E1 clocked by clk  {rise@0.000ns fall@5.000ns period=10.000ns})
  Destination:            butterfly_a0/sum_register_reg[20]/D
                            (rising edge-triggered cell FDRE clocked by clk  {rise@0.000ns fall@5.000ns period=10.000ns})
  Path Group:             clk
  Path Type:              Setup (Max at Slow Process Corner)
  Requirement:            10.000ns  (clk rise@10.000ns - clk rise@0.000ns)
  Data Path Delay:        8.666ns  (logic 5.700ns (65.776%)  route 2.966ns (34.224%))
  Logic Levels:           13  (CARRY4=9 LUT3=1 LUT4=1 LUT6=2)
  Clock Path Skew:        -0.145ns (DCD - SCD + CPR)
    Destination Clock Delay (DCD):    2.128ns = ( 12.128 - 10.000 ) 
    Source Clock Delay      (SCD):    2.456ns
    Clock Pessimism Removal (CPR):    0.184ns
  Clock Uncertainty:      0.035ns  ((TSJ^2 + TIJ^2)^1/2 + DJ) / 2 + PE
    Total System Jitter     (TSJ):    0.071ns
    Total Input Jitter      (TIJ):    0.000ns
    Discrete Jitter          (DJ):    0.000ns
    Phase Error              (PE):    0.000ns

    Location             Delay type                Incr(ns)  Path(ns)    Netlist Resource(s)
  -------------------------------------------------------------------    -------------------
                         (clock clk rise edge)        0.000     0.000 r  
                                                      0.000     0.000 r  clk (IN)
                         net (fo=0)                   0.000     0.000    clk
                         IBUF (Prop_ibuf_I_O)         0.972     0.972 r  clk_IBUF_inst/O
                         net (fo=1, unplaced)         0.800     1.771    clk_IBUF
                         BUFG (Prop_bufg_I_O)         0.101     1.872 r  clk_IBUF_BUFG_inst/O
                         net (fo=3181, unplaced)      0.584     2.456    coefficient_store_a/bank1/clk_IBUF_BUFG
                         RAMB36E1                                     r  coefficient_store_a/bank1/memory_reg/CLKBWRCLK
  -------------------------------------------------------------------    -------------------
                         RAMB36E1 (Prop_ramb36e1_CLKBWRCLK_DOBDO[1])
                                                      2.454     4.910 r  coefficient_store_a/bank1/memory_reg/DOBDO[1]
                         net (fo=4, unplaced)         0.800     5.710    coefficient_store_a/bank0/a_register_reg[31][1]
                         LUT6 (Prop_lut6_I3_O)        0.124     5.834 r  coefficient_store_a/bank0/read_a_data_OBUF[1]_inst_i_2/O
                         net (fo=1, unplaced)         0.449     6.283    coefficient_store_a/bank3/a_register_reg[1]
                         LUT6 (Prop_lut6_I3_O)        0.124     6.407 r  coefficient_store_a/bank3/read_a_data_OBUF[1]_inst_i_1/O
                         net (fo=12, unplaced)        0.687     7.094    coefficient_store_a/bank3/DI[1]
                         CARRY4 (Prop_carry4_DI[1]_CO[3])
                                                      0.520     7.614 r  coefficient_store_a/bank3/sum_register_reg[3]_i_3/CO[3]
                         net (fo=1, unplaced)         0.009     7.623    coefficient_store_a/bank3/sum_register_reg[3]_i_3_n_0
                         CARRY4 (Prop_carry4_CI_CO[3])
                                                      0.117     7.740 r  coefficient_store_a/bank3/sum_register_reg[7]_i_3/CO[3]
                         net (fo=1, unplaced)         0.000     7.740    coefficient_store_a/bank3/sum_register_reg[7]_i_3_n_0
                         CARRY4 (Prop_carry4_CI_CO[3])
                                                      0.117     7.857 r  coefficient_store_a/bank3/sum_register_reg[11]_i_3/CO[3]
                         net (fo=1, unplaced)         0.000     7.857    coefficient_store_a/bank3/sum_register_reg[11]_i_3_n_0
                         CARRY4 (Prop_carry4_CI_CO[3])
                                                      0.117     7.974 r  coefficient_store_a/bank3/sum_register_reg[15]_i_3/CO[3]
                         net (fo=1, unplaced)         0.000     7.974    coefficient_store_a/bank3/sum_register_reg[15]_i_3_n_0
                         CARRY4 (Prop_carry4_CI_CO[3])
                                                      0.117     8.091 r  coefficient_store_a/bank3/sum_register_reg[19]_i_3/CO[3]
                         net (fo=1, unplaced)         0.000     8.091    coefficient_store_a/bank3/sum_register_reg[19]_i_3_n_0
                         CARRY4 (Prop_carry4_CI_CO[3])
                                                      0.117     8.208 r  coefficient_store_a/bank3/sum_register_reg[23]_i_3/CO[3]
                         net (fo=1, unplaced)         0.000     8.208    coefficient_store_a/bank3/sum_register_reg[23]_i_3_n_0
                         CARRY4 (Prop_carry4_CI_O[1])
                                                      0.337     8.545 r  coefficient_store_a/bank3/sum_register_reg[27]_i_3/O[1]
                         net (fo=5, unplaced)         0.639     9.184    coefficient_store_a/bank3/sum_register_reg[27]_i_3_n_6
                         LUT4 (Prop_lut4_I1_O)        0.332     9.516 r  coefficient_store_a/bank3/sum_register[31]_i_20/O
                         net (fo=1, unplaced)         0.000     9.516    coefficient_store_a/bank3/sum_register[31]_i_20_n_0
                         CARRY4 (Prop_carry4_DI[0]_CO[3])
                                                      0.576    10.092 r  coefficient_store_a/bank3/sum_register_reg[31]_i_9/CO[3]
                         net (fo=1, unplaced)         0.000    10.092    coefficient_store_a/bank3/sum_register_reg[31]_i_9_n_0
                         CARRY4 (Prop_carry4_CI_CO[0])
                                                      0.281    10.373 r  coefficient_store_a/bank3/sum_register_reg[31]_i_3/CO[0]
                         net (fo=32, unplaced)        0.382    10.755    coefficient_store_a/bank3/butterfly_a0/input_sum_reduced1
                         LUT3 (Prop_lut3_I1_O)        0.367    11.122 r  coefficient_store_a/bank3/sum_register[20]_i_1/O
                         net (fo=1, unplaced)         0.000    11.122    butterfly_a0/D[20]
                         FDRE                                         r  butterfly_a0/sum_register_reg[20]/D
  -------------------------------------------------------------------    -------------------

                         (clock clk rise edge)       10.000    10.000 r  
                                                      0.000    10.000 r  clk (IN)
                         net (fo=0)                   0.000    10.000    clk
                         IBUF (Prop_ibuf_I_O)         0.838    10.838 r  clk_IBUF_inst/O
                         net (fo=1, unplaced)         0.760    11.598    clk_IBUF
                         BUFG (Prop_bufg_I_O)         0.091    11.689 r  clk_IBUF_BUFG_inst/O
                         net (fo=3181, unplaced)      0.439    12.128    butterfly_a0/clk_IBUF_BUFG
                         FDRE                                         r  butterfly_a0/sum_register_reg[20]/C
                         clock pessimism              0.184    12.311    
                         clock uncertainty           -0.035    12.276    
                         FDRE (Setup_fdre_C_D)        0.044    12.320    butterfly_a0/sum_register_reg[20]
  -------------------------------------------------------------------
                         required time                         12.320    
                         arrival time                         -11.122    
  -------------------------------------------------------------------
                         slack                                  1.198    





Pulse Width Checks
--------------------------------------------------------------------------------------
Clock Name:         clk
Waveform(ns):       { 0.000 5.000 }
Period(ns):         10.000
Sources:            { clk }

Check Type        Corner  Lib Pin             Reference Pin  Required(ns)  Actual(ns)  Slack(ns)  Location  Pin
Min Period        n/a     RAMB36E1/CLKARDCLK  n/a            2.944         10.000      7.056                coefficient_store_a/bank0/memory_reg/CLKARDCLK
Min Period        n/a     RAMB36E1/CLKARDCLK  n/a            2.944         10.000      7.056                coefficient_store_a/bank1/memory_reg/CLKARDCLK
Min Period        n/a     RAMB36E1/CLKARDCLK  n/a            2.944         10.000      7.056                coefficient_store_a/bank2/memory_reg/CLKARDCLK
Min Period        n/a     RAMB36E1/CLKARDCLK  n/a            2.944         10.000      7.056                coefficient_store_a/bank3/memory_reg/CLKARDCLK
Min Period        n/a     RAMB36E1/CLKARDCLK  n/a            2.944         10.000      7.056                coefficient_store_b/bank0/memory_reg/CLKARDCLK
Min Period        n/a     RAMB36E1/CLKARDCLK  n/a            2.944         10.000      7.056                coefficient_store_b/bank1/memory_reg/CLKARDCLK
Min Period        n/a     RAMB36E1/CLKARDCLK  n/a            2.944         10.000      7.056                coefficient_store_b/bank2/memory_reg/CLKARDCLK
Min Period        n/a     RAMB36E1/CLKARDCLK  n/a            2.944         10.000      7.056                coefficient_store_b/bank3/memory_reg/CLKARDCLK
Min Period        n/a     RAMB36E1/CLKBWRCLK  n/a            2.576         10.000      7.424                coefficient_store_a/bank0/memory_reg/CLKBWRCLK
Min Period        n/a     RAMB36E1/CLKBWRCLK  n/a            2.576         10.000      7.424                coefficient_store_a/bank1/memory_reg/CLKBWRCLK
Min Period        n/a     RAMB36E1/CLKBWRCLK  n/a            2.576         10.000      7.424                coefficient_store_a/bank2/memory_reg/CLKBWRCLK
Min Period        n/a     RAMB36E1/CLKBWRCLK  n/a            2.576         10.000      7.424                coefficient_store_a/bank3/memory_reg/CLKBWRCLK
Min Period        n/a     RAMB36E1/CLKBWRCLK  n/a            2.576         10.000      7.424                coefficient_store_b/bank0/memory_reg/CLKBWRCLK
Min Period        n/a     RAMB36E1/CLKBWRCLK  n/a            2.576         10.000      7.424                coefficient_store_b/bank1/memory_reg/CLKBWRCLK
Min Period        n/a     RAMB36E1/CLKBWRCLK  n/a            2.576         10.000      7.424                coefficient_store_b/bank2/memory_reg/CLKBWRCLK
Min Period        n/a     RAMB36E1/CLKBWRCLK  n/a            2.576         10.000      7.424                coefficient_store_b/bank3/memory_reg/CLKBWRCLK
Min Period        n/a     RAMB36E1/CLKARDCLK  n/a            2.576         10.000      7.424                forward_twiddle_memory/profile_memory/xpm_memory_base_inst/gen_wr_a.gen_word_narrow.mem_reg_0/CLKARDCLK
Min Period        n/a     RAMB36E1/CLKBWRCLK  n/a            2.576         10.000      7.424                forward_twiddle_memory/profile_memory/xpm_memory_base_inst/gen_wr_a.gen_word_narrow.mem_reg_0/CLKBWRCLK
Min Period        n/a     RAMB36E1/CLKARDCLK  n/a            2.576         10.000      7.424                forward_twiddle_memory/profile_memory/xpm_memory_base_inst/gen_wr_a.gen_word_narrow.mem_reg_1/CLKARDCLK
Min Period        n/a     RAMB36E1/CLKBWRCLK  n/a            2.576         10.000      7.424                forward_twiddle_memory/profile_memory/xpm_memory_base_inst/gen_wr_a.gen_word_narrow.mem_reg_1/CLKBWRCLK
Min Period        n/a     RAMB36E1/CLKARDCLK  n/a            2.576         10.000      7.424                forward_twiddle_memory/profile_memory/xpm_memory_base_inst/gen_wr_a.gen_word_narrow.mem_reg_2/CLKARDCLK
Min Period        n/a     RAMB36E1/CLKBWRCLK  n/a            2.576         10.000      7.424                forward_twiddle_memory/profile_memory/xpm_memory_base_inst/gen_wr_a.gen_word_narrow.mem_reg_2/CLKBWRCLK
Min Period        n/a     RAMB36E1/CLKARDCLK  n/a            2.576         10.000      7.424                forward_twiddle_memory/profile_memory/xpm_memory_base_inst/gen_wr_a.gen_word_narrow.mem_reg_3/CLKARDCLK
Min Period        n/a     RAMB36E1/CLKBWRCLK  n/a            2.576         10.000      7.424                forward_twiddle_memory/profile_memory/xpm_memory_base_inst/gen_wr_a.gen_word_narrow.mem_reg_3/CLKBWRCLK
Min Period        n/a     RAMB36E1/CLKARDCLK  n/a            2.576         10.000      7.424                inverse_scale_memory/profile_memory/xpm_memory_base_inst/gen_wr_a.gen_word_narrow.mem_reg_0/CLKARDCLK
Min Period        n/a     RAMB36E1/CLKBWRCLK  n/a            2.576         10.000      7.424                inverse_scale_memory/profile_memory/xpm_memory_base_inst/gen_wr_a.gen_word_narrow.mem_reg_0/CLKBWRCLK
Min Period        n/a     RAMB36E1/CLKARDCLK  n/a            2.576         10.000      7.424                inverse_scale_memory/profile_memory/xpm_memory_base_inst/gen_wr_a.gen_word_narrow.mem_reg_1/CLKARDCLK
Min Period        n/a     RAMB36E1/CLKBWRCLK  n/a            2.576         10.000      7.424                inverse_scale_memory/profile_memory/xpm_memory_base_inst/gen_wr_a.gen_word_narrow.mem_reg_1/CLKBWRCLK
Min Period        n/a     RAMB36E1/CLKARDCLK  n/a            2.576         10.000      7.424                inverse_scale_memory/profile_memory/xpm_memory_base_inst/gen_wr_a.gen_word_narrow.mem_reg_2/CLKARDCLK
Min Period        n/a     RAMB36E1/CLKBWRCLK  n/a            2.576         10.000      7.424                inverse_scale_memory/profile_memory/xpm_memory_base_inst/gen_wr_a.gen_word_narrow.mem_reg_2/CLKBWRCLK
Low Pulse Width   Slow    FDRE/C              n/a            0.500         5.000       4.500                FSM_onehot_state_reg[0]/C
Low Pulse Width   Fast    FDRE/C              n/a            0.500         5.000       4.500                FSM_onehot_state_reg[0]/C
Low Pulse Width   Slow    FDRE/C              n/a            0.500         5.000       4.500                FSM_onehot_state_reg[10]/C
Low Pulse Width   Fast    FDRE/C              n/a            0.500         5.000       4.500                FSM_onehot_state_reg[10]/C
Low Pulse Width   Slow    FDSE/C              n/a            0.500         5.000       4.500                FSM_onehot_state_reg[11]/C
Low Pulse Width   Fast    FDSE/C              n/a            0.500         5.000       4.500                FSM_onehot_state_reg[11]/C
Low Pulse Width   Slow    FDRE/C              n/a            0.500         5.000       4.500                FSM_onehot_state_reg[12]/C
Low Pulse Width   Fast    FDRE/C              n/a            0.500         5.000       4.500                FSM_onehot_state_reg[12]/C
Low Pulse Width   Slow    FDRE/C              n/a            0.500         5.000       4.500                FSM_onehot_state_reg[13]/C
Low Pulse Width   Fast    FDRE/C              n/a            0.500         5.000       4.500                FSM_onehot_state_reg[13]/C
Low Pulse Width   Slow    FDRE/C              n/a            0.500         5.000       4.500                FSM_onehot_state_reg[14]/C
Low Pulse Width   Fast    FDRE/C              n/a            0.500         5.000       4.500                FSM_onehot_state_reg[14]/C
Low Pulse Width   Slow    FDRE/C              n/a            0.500         5.000       4.500                FSM_onehot_state_reg[15]/C
Low Pulse Width   Fast    FDRE/C              n/a            0.500         5.000       4.500                FSM_onehot_state_reg[15]/C
Low Pulse Width   Slow    FDRE/C              n/a            0.500         5.000       4.500                FSM_onehot_state_reg[16]/C
Low Pulse Width   Fast    FDRE/C              n/a            0.500         5.000       4.500                FSM_onehot_state_reg[16]/C
Low Pulse Width   Slow    FDRE/C              n/a            0.500         5.000       4.500                FSM_onehot_state_reg[17]/C
Low Pulse Width   Fast    FDRE/C              n/a            0.500         5.000       4.500                FSM_onehot_state_reg[17]/C
Low Pulse Width   Slow    FDRE/C              n/a            0.500         5.000       4.500                FSM_onehot_state_reg[18]/C
Low Pulse Width   Fast    FDRE/C              n/a            0.500         5.000       4.500                FSM_onehot_state_reg[18]/C
Low Pulse Width   Slow    FDRE/C              n/a            0.500         5.000       4.500                FSM_onehot_state_reg[18]_rep/C
Low Pulse Width   Fast    FDRE/C              n/a            0.500         5.000       4.500                FSM_onehot_state_reg[18]_rep/C
Low Pulse Width   Slow    FDRE/C              n/a            0.500         5.000       4.500                FSM_onehot_state_reg[18]_rep__0/C
Low Pulse Width   Fast    FDRE/C              n/a            0.500         5.000       4.500                FSM_onehot_state_reg[18]_rep__0/C
Low Pulse Width   Slow    FDRE/C              n/a            0.500         5.000       4.500                FSM_onehot_state_reg[18]_rep__1/C
Low Pulse Width   Fast    FDRE/C              n/a            0.500         5.000       4.500                FSM_onehot_state_reg[18]_rep__1/C
Low Pulse Width   Slow    FDRE/C              n/a            0.500         5.000       4.500                FSM_onehot_state_reg[19]/C
Low Pulse Width   Fast    FDRE/C              n/a            0.500         5.000       4.500                FSM_onehot_state_reg[19]/C
Low Pulse Width   Slow    FDRE/C              n/a            0.500         5.000       4.500                FSM_onehot_state_reg[1]/C
Low Pulse Width   Fast    FDRE/C              n/a            0.500         5.000       4.500                FSM_onehot_state_reg[1]/C
High Pulse Width  Slow    FDRE/C              n/a            0.500         5.000       4.500                FSM_onehot_state_reg[0]/C
High Pulse Width  Fast    FDRE/C              n/a            0.500         5.000       4.500                FSM_onehot_state_reg[0]/C
High Pulse Width  Slow    FDRE/C              n/a            0.500         5.000       4.500                FSM_onehot_state_reg[10]/C
High Pulse Width  Fast    FDRE/C              n/a            0.500         5.000       4.500                FSM_onehot_state_reg[10]/C
High Pulse Width  Slow    FDSE/C              n/a            0.500         5.000       4.500                FSM_onehot_state_reg[11]/C
High Pulse Width  Fast    FDSE/C              n/a            0.500         5.000       4.500                FSM_onehot_state_reg[11]/C
High Pulse Width  Slow    FDRE/C              n/a            0.500         5.000       4.500                FSM_onehot_state_reg[12]/C
High Pulse Width  Fast    FDRE/C              n/a            0.500         5.000       4.500                FSM_onehot_state_reg[12]/C
High Pulse Width  Slow    FDRE/C              n/a            0.500         5.000       4.500                FSM_onehot_state_reg[13]/C
High Pulse Width  Fast    FDRE/C              n/a            0.500         5.000       4.500                FSM_onehot_state_reg[13]/C
High Pulse Width  Slow    FDRE/C              n/a            0.500         5.000       4.500                FSM_onehot_state_reg[14]/C
High Pulse Width  Fast    FDRE/C              n/a            0.500         5.000       4.500                FSM_onehot_state_reg[14]/C
High Pulse Width  Slow    FDRE/C              n/a            0.500         5.000       4.500                FSM_onehot_state_reg[15]/C
High Pulse Width  Fast    FDRE/C              n/a            0.500         5.000       4.500                FSM_onehot_state_reg[15]/C
High Pulse Width  Slow    FDRE/C              n/a            0.500         5.000       4.500                FSM_onehot_state_reg[16]/C
High Pulse Width  Fast    FDRE/C              n/a            0.500         5.000       4.500                FSM_onehot_state_reg[16]/C
High Pulse Width  Slow    FDRE/C              n/a            0.500         5.000       4.500                FSM_onehot_state_reg[17]/C
High Pulse Width  Fast    FDRE/C              n/a            0.500         5.000       4.500                FSM_onehot_state_reg[17]/C
High Pulse Width  Slow    FDRE/C              n/a            0.500         5.000       4.500                FSM_onehot_state_reg[18]/C
High Pulse Width  Fast    FDRE/C              n/a            0.500         5.000       4.500                FSM_onehot_state_reg[18]/C
High Pulse Width  Slow    FDRE/C              n/a            0.500         5.000       4.500                FSM_onehot_state_reg[18]_rep/C
High Pulse Width  Fast    FDRE/C              n/a            0.500         5.000       4.500                FSM_onehot_state_reg[18]_rep/C
High Pulse Width  Slow    FDRE/C              n/a            0.500         5.000       4.500                FSM_onehot_state_reg[18]_rep__0/C
High Pulse Width  Fast    FDRE/C              n/a            0.500         5.000       4.500                FSM_onehot_state_reg[18]_rep__0/C
High Pulse Width  Slow    FDRE/C              n/a            0.500         5.000       4.500                FSM_onehot_state_reg[18]_rep__1/C
High Pulse Width  Fast    FDRE/C              n/a            0.500         5.000       4.500                FSM_onehot_state_reg[18]_rep__1/C
High Pulse Width  Slow    FDRE/C              n/a            0.500         5.000       4.500                FSM_onehot_state_reg[19]/C
High Pulse Width  Fast    FDRE/C              n/a            0.500         5.000       4.500                FSM_onehot_state_reg[19]/C
High Pulse Width  Slow    FDRE/C              n/a            0.500         5.000       4.500                FSM_onehot_state_reg[1]/C
High Pulse Width  Fast    FDRE/C              n/a            0.500         5.000       4.500                FSM_onehot_state_reg[1]/C



