Copyright 1986-2022 Xilinx, Inc. All Rights Reserved. Copyright 2022-2024 Advanced Micro Devices, Inc. All Rights Reserved.
--------------------------------------------------------------------------------------------------------------------------------------------------------------------------------------------
| Tool Version : Vivado v.2024.1 (win64) Build 5076996 Wed May 22 18:37:14 MDT 2024
| Date         : Sun Jul 19 18:57:14 2026
| Host         : DESKTOP-63734QH running 64-bit major release  (build 9200)
| Command      : report_timing_summary -delay_type max -max_paths 20 -file F:/repos/pynq_butterfly/reports/poly_mul4096_two_tower_parallel_synth/poly_mul4096_two_tower_parallel_timing.rpt
| Design       : poly_mul4096_runtime_profile_dual_axis_core
| Device       : 7z020-clg400
| Speed File   : -1  PRODUCTION 1.12 2019-11-22
| Design State : Synthesized
--------------------------------------------------------------------------------------------------------------------------------------------------------------------------------------------

Timing Summary Report

------------------------------------------------------------------------------------------------
| Timer Settings
| --------------
------------------------------------------------------------------------------------------------

  Enable Multi Corner Analysis               :  Yes
  Enable Pessimism Removal                   :  Yes
  Pessimism Removal Resolution               :  Nearest Common Node
  Enable Input Delay Default Clock           :  No
  Enable Preset / Clear Arcs                 :  No
  Disable Flight Delays                      :  No
  Ignore I/O Paths                           :  No
  Timing Early Launch at Borrowing Latches   :  No
  Borrow Time for Max Delay Exceptions       :  Yes
  Merge Timing Exceptions                    :  Yes
  Inter-SLR Compensation                     :  Conservative

  Corner  Analyze    Analyze    
  Name    Max Paths  Min Paths  
  ------  ---------  ---------  
  Slow    Yes        Yes        
  Fast    Yes        Yes        


------------------------------------------------------------------------------------------------
| Report Methodology
| ------------------
------------------------------------------------------------------------------------------------

No report available as report_methodology has not been run prior. Run report_methodology on the current design for the summary of methodology violations.



check_timing report

Table of Contents
-----------------
1. checking no_clock (0)
2. checking constant_clock (0)
3. checking pulse_width_clock (0)
4. checking unconstrained_internal_endpoints (0)
5. checking no_input_delay (68)
6. checking no_output_delay (268)
7. checking multiple_clock (0)
8. checking generated_clocks (0)
9. checking loops (0)
10. checking partial_input_delay (0)
11. checking partial_output_delay (0)
12. checking latch_loops (0)

1. checking no_clock (0)
------------------------
 There are 0 register/latch pins with no clock.


2. checking constant_clock (0)
------------------------------
 There are 0 register/latch pins with constant_clock.


3. checking pulse_width_clock (0)
---------------------------------
 There are 0 register/latch pins which need pulse_width check


4. checking unconstrained_internal_endpoints (0)
------------------------------------------------
 There are 0 pins that are not constrained for maximum delay.

 There are 0 pins that are not constrained for maximum delay due to constant clock.


5. checking no_input_delay (68)
-------------------------------
 There are 68 input ports with no input delay specified. (HIGH)

 There are 0 input ports with no input delay but user has a false path constraint.


6. checking no_output_delay (268)
---------------------------------
 There are 268 ports with no output delay specified. (HIGH)

 There are 0 ports with no output delay but user has a false path constraint

 There are 0 ports with no output delay but with a timing clock defined on it or propagating through it


7. checking multiple_clock (0)
------------------------------
 There are 0 register/latch pins with multiple clocks.


8. checking generated_clocks (0)
--------------------------------
 There are 0 generated clocks that are not connected to a clock source.


9. checking loops (0)
---------------------
 There are 0 combinational loops in the design.


10. checking partial_input_delay (0)
------------------------------------
 There are 0 input ports with partial input delay specified.


11. checking partial_output_delay (0)
-------------------------------------
 There are 0 ports with partial output delay specified.


12. checking latch_loops (0)
----------------------------
 There are 0 combinational latch loops in the design through latch input



------------------------------------------------------------------------------------------------
| Design Timing Summary
| ---------------------
------------------------------------------------------------------------------------------------

    WNS(ns)      TNS(ns)  TNS Failing Endpoints  TNS Total Endpoints     WPWS(ns)     TPWS(ns)  TPWS Failing Endpoints  TPWS Total Endpoints  
    -------      -------  ---------------------  -------------------     --------     --------  ----------------------  --------------------  
      1.706        0.000                      0                10932        4.500        0.000                       0                  4175  


All user specified timing constraints are met.


------------------------------------------------------------------------------------------------
| Clock Summary
| -------------
------------------------------------------------------------------------------------------------

Clock  Waveform(ns)       Period(ns)      Frequency(MHz)
-----  ------------       ----------      --------------
clk    {0.000 5.000}      10.000          100.000         


------------------------------------------------------------------------------------------------
| Intra Clock Table
| -----------------
------------------------------------------------------------------------------------------------

Clock             WNS(ns)      TNS(ns)  TNS Failing Endpoints  TNS Total Endpoints     WPWS(ns)     TPWS(ns)  TPWS Failing Endpoints  TPWS Total Endpoints  
-----             -------      -------  ---------------------  -------------------     --------     --------  ----------------------  --------------------  
clk                 1.706        0.000                      0                10932        4.500        0.000                       0                  4175  


------------------------------------------------------------------------------------------------
| Inter Clock Table
| -----------------
------------------------------------------------------------------------------------------------

From Clock    To Clock          WNS(ns)      TNS(ns)  TNS Failing Endpoints  TNS Total Endpoints  
----------    --------          -------      -------  ---------------------  -------------------  


------------------------------------------------------------------------------------------------
| Other Path Groups Table
| -----------------------
------------------------------------------------------------------------------------------------

Path Group    From Clock    To Clock          WNS(ns)      TNS(ns)  TNS Failing Endpoints  TNS Total Endpoints  
----------    ----------    --------          -------      -------  ---------------------  -------------------  


------------------------------------------------------------------------------------------------
| Timing Details
| --------------
------------------------------------------------------------------------------------------------


---------------------------------------------------------------------------------------------------
From Clock:  clk
  To Clock:  clk

Setup :            0  Failing Endpoints,  Worst Slack        1.706ns,  Total Violation        0.000ns
Hold  :           NA  Failing Endpoints,  Worst Slack           NA  ,  Total Violation           NA
PW    :            0  Failing Endpoints,  Worst Slack        4.500ns,  Total Violation        0.000ns
---------------------------------------------------------------------------------------------------


Max Delay Paths
--------------------------------------------------------------------------------------
Slack (MET) :             1.706ns  (required time - arrival time)
  Source:                 lane0/core/inverse_butterfly/multiplier/y_reg[0]/C
                            (rising edge-triggered cell FDRE clocked by clk  {rise@0.000ns fall@5.000ns period=10.000ns})
  Destination:            lane0/core/inverse_butterfly/multiplier/acc_reg[30]/D
                            (rising edge-triggered cell FDRE clocked by clk  {rise@0.000ns fall@5.000ns period=10.000ns})
  Path Group:             clk
  Path Type:              Setup (Max at Slow Process Corner)
  Requirement:            10.000ns  (clk rise@10.000ns - clk rise@0.000ns)
  Data Path Delay:        8.158ns  (logic 4.483ns (54.952%)  route 3.675ns (45.048%))
  Logic Levels:           15  (CARRY4=10 LUT2=1 LUT3=1 LUT4=1 LUT5=1 LUT6=1)
  Clock Path Skew:        -0.145ns (DCD - SCD + CPR)
    Destination Clock Delay (DCD):    2.128ns = ( 12.128 - 10.000 ) 
    Source Clock Delay      (SCD):    2.456ns
    Clock Pessimism Removal (CPR):    0.184ns
  Clock Uncertainty:      0.035ns  ((TSJ^2 + TIJ^2)^1/2 + DJ) / 2 + PE
    Total System Jitter     (TSJ):    0.071ns
    Total Input Jitter      (TIJ):    0.000ns
    Discrete Jitter          (DJ):    0.000ns
    Phase Error              (PE):    0.000ns

    Location             Delay type                Incr(ns)  Path(ns)    Netlist Resource(s)
  -------------------------------------------------------------------    -------------------
                         (clock clk rise edge)        0.000     0.000 r  
                                                      0.000     0.000 r  clk (IN)
                         net (fo=0)                   0.000     0.000    clk
                         IBUF (Prop_ibuf_I_O)         0.972     0.972 r  clk_IBUF_inst/O
                         net (fo=1, unplaced)         0.800     1.771    clk_IBUF
                         BUFG (Prop_bufg_I_O)         0.101     1.872 r  clk_IBUF_BUFG_inst/O
                         net (fo=4174, unplaced)      0.584     2.456    lane0/core/inverse_butterfly/multiplier/clk_IBUF_BUFG
                         FDRE                                         r  lane0/core/inverse_butterfly/multiplier/y_reg[0]/C
  -------------------------------------------------------------------    -------------------
                         FDRE (Prop_fdre_C_Q)         0.478     2.934 r  lane0/core/inverse_butterfly/multiplier/y_reg[0]/Q
                         net (fo=64, unplaced)        0.829     3.763    lane0/core/inverse_butterfly/multiplier/y_reg_n_0_[0]
                         LUT4 (Prop_lut4_I1_O)        0.295     4.058 r  lane0/core/inverse_butterfly/multiplier/acc_minus_q1_carry_i_13__1/O
                         net (fo=1, unplaced)         0.000     4.058    lane0/core/inverse_butterfly/multiplier/acc_minus_q1_carry_i_13__1_n_0
                         CARRY4 (Prop_carry4_S[1]_CO[3])
                                                      0.533     4.591 r  lane0/core/inverse_butterfly/multiplier/acc_minus_q1_carry_i_10__1/CO[3]
                         net (fo=1, unplaced)         0.009     4.600    lane0/core/inverse_butterfly/multiplier/acc_minus_q1_carry_i_10__1_n_0
                         CARRY4 (Prop_carry4_CI_CO[3])
                                                      0.117     4.717 r  lane0/core/inverse_butterfly/multiplier/acc_minus_q1_carry__0_i_10__1/CO[3]
                         net (fo=1, unplaced)         0.000     4.717    lane0/core/inverse_butterfly/multiplier/acc_minus_q1_carry__0_i_10__1_n_0
                         CARRY4 (Prop_carry4_CI_CO[3])
                                                      0.117     4.834 r  lane0/core/inverse_butterfly/multiplier/acc_minus_q1_carry__1_i_10__1/CO[3]
                         net (fo=1, unplaced)         0.000     4.834    lane0/core/inverse_butterfly/multiplier/acc_minus_q1_carry__1_i_10__1_n_0
                         CARRY4 (Prop_carry4_CI_CO[3])
                                                      0.117     4.951 r  lane0/core/inverse_butterfly/multiplier/acc_minus_q1_carry__2_i_10__1/CO[3]
                         net (fo=1, unplaced)         0.000     4.951    lane0/core/inverse_butterfly/multiplier/acc_minus_q1_carry__2_i_10__1_n_0
                         CARRY4 (Prop_carry4_CI_CO[3])
                                                      0.117     5.068 r  lane0/core/inverse_butterfly/multiplier/acc_minus_q1_carry__3_i_10__1/CO[3]
                         net (fo=1, unplaced)         0.000     5.068    lane0/core/inverse_butterfly/multiplier/acc_minus_q1_carry__3_i_10__1_n_0
                         CARRY4 (Prop_carry4_CI_O[3])
                                                      0.331     5.399 r  lane0/core/inverse_butterfly/multiplier/acc_minus_q1_carry__4_i_10__1/O[3]
                         net (fo=1, unplaced)         0.618     6.017    lane0/core/inverse_butterfly/multiplier/selected_raw1[23]
                         LUT5 (Prop_lut5_I4_O)        0.307     6.324 r  lane0/core/inverse_butterfly/multiplier/acc_minus_q1_carry__4_i_6__1/O
                         net (fo=1, unplaced)         0.000     6.324    lane0/core/inverse_butterfly/multiplier/acc_minus_q1_carry__4_i_6__1_n_0
                         CARRY4 (Prop_carry4_S[3]_CO[3])
                                                      0.376     6.700 r  lane0/core/inverse_butterfly/multiplier/acc_minus_q1_carry__4_i_1__1/CO[3]
                         net (fo=1, unplaced)         0.000     6.700    lane0/core/inverse_butterfly/multiplier/acc_minus_q1_carry__4_i_1__1_n_0
                         CARRY4 (Prop_carry4_CI_O[3])
                                                      0.331     7.031 r  lane0/core/inverse_butterfly/multiplier/acc_minus_q1_carry__5_i_1__1/O[3]
                         net (fo=8, unplaced)         0.656     7.687    lane0/core/inverse_butterfly/multiplier/acc_minus_q1_carry__5_i_1__1_n_4
                         LUT2 (Prop_lut2_I0_O)        0.307     7.994 r  lane0/core/inverse_butterfly/multiplier/acc_minus_q1_carry__5_i_2__1/O
                         net (fo=1, unplaced)         0.000     7.994    lane0/core/inverse_butterfly/multiplier/acc_minus_q1_carry__5_i_2__1_n_0
                         CARRY4 (Prop_carry4_S[3]_CO[3])
                                                      0.376     8.370 r  lane0/core/inverse_butterfly/multiplier/acc_minus_q1_carry__5/CO[3]
                         net (fo=1, unplaced)         0.000     8.370    lane0/core/inverse_butterfly/multiplier/acc_minus_q1_carry__5_n_0
                         CARRY4 (Prop_carry4_CI_O[2])
                                                      0.256     8.626 r  lane0/core/inverse_butterfly/multiplier/acc_minus_q1_carry__6/O[2]
                         net (fo=1, unplaced)         1.114     9.740    lane0/core/inverse_butterfly/multiplier/acc_minus_q1_carry__6_n_5
                         LUT6 (Prop_lut6_I2_O)        0.301    10.041 r  lane0/core/inverse_butterfly/multiplier/acc[30]_i_2__4/O
                         net (fo=1, unplaced)         0.449    10.490    lane0/core/inverse_butterfly/multiplier/acc[30]_i_2__4_n_0
                         LUT3 (Prop_lut3_I2_O)        0.124    10.614 r  lane0/core/inverse_butterfly/multiplier/acc[30]_i_1__4/O
                         net (fo=2, unplaced)         0.000    10.614    lane0/core/inverse_butterfly/multiplier/next_acc[30]
                         FDRE                                         r  lane0/core/inverse_butterfly/multiplier/acc_reg[30]/D
  -------------------------------------------------------------------    -------------------

                         (clock clk rise edge)       10.000    10.000 r  
                                                      0.000    10.000 r  clk (IN)
                         net (fo=0)                   0.000    10.000    clk
                         IBUF (Prop_ibuf_I_O)         0.838    10.838 r  clk_IBUF_inst/O
                         net (fo=1, unplaced)         0.760    11.598    clk_IBUF
                         BUFG (Prop_bufg_I_O)         0.091    11.689 r  clk_IBUF_BUFG_inst/O
                         net (fo=4174, unplaced)      0.439    12.128    lane0/core/inverse_butterfly/multiplier/clk_IBUF_BUFG
                         FDRE                                         r  lane0/core/inverse_butterfly/multiplier/acc_reg[30]/C
                         clock pessimism              0.184    12.311    
                         clock uncertainty           -0.035    12.276    
                         FDRE (Setup_fdre_C_D)        0.044    12.320    lane0/core/inverse_butterfly/multiplier/acc_reg[30]
  -------------------------------------------------------------------
                         required time                         12.320    
                         arrival time                         -10.614    
  -------------------------------------------------------------------
                         slack                                  1.706    

Slack (MET) :             1.706ns  (required time - arrival time)
  Source:                 lane0/core/inverse_butterfly/multiplier/y_reg[0]/C
                            (rising edge-triggered cell FDRE clocked by clk  {rise@0.000ns fall@5.000ns period=10.000ns})
  Destination:            lane0/core/inverse_butterfly/multiplier/result_reg[30]/D
                            (rising edge-triggered cell FDRE clocked by clk  {rise@0.000ns fall@5.000ns period=10.000ns})
  Path Group:             clk
  Path Type:              Setup (Max at Slow Process Corner)
  Requirement:            10.000ns  (clk rise@10.000ns - clk rise@0.000ns)
  Data Path Delay:        8.158ns  (logic 4.483ns (54.952%)  route 3.675ns (45.048%))
  Logic Levels:           15  (CARRY4=10 LUT2=1 LUT3=1 LUT4=1 LUT5=1 LUT6=1)
  Clock Path Skew:        -0.145ns (DCD - SCD + CPR)
    Destination Clock Delay (DCD):    2.128ns = ( 12.128 - 10.000 ) 
    Source Clock Delay      (SCD):    2.456ns
    Clock Pessimism Removal (CPR):    0.184ns
  Clock Uncertainty:      0.035ns  ((TSJ^2 + TIJ^2)^1/2 + DJ) / 2 + PE
    Total System Jitter     (TSJ):    0.071ns
    Total Input Jitter      (TIJ):    0.000ns
    Discrete Jitter          (DJ):    0.000ns
    Phase Error              (PE):    0.000ns

    Location             Delay type                Incr(ns)  Path(ns)    Netlist Resource(s)
  -------------------------------------------------------------------    -------------------
                         (clock clk rise edge)        0.000     0.000 r  
                                                      0.000     0.000 r  clk (IN)
                         net (fo=0)                   0.000     0.000    clk
                         IBUF (Prop_ibuf_I_O)         0.972     0.972 r  clk_IBUF_inst/O
                         net (fo=1, unplaced)         0.800     1.771    clk_IBUF
                         BUFG (Prop_bufg_I_O)         0.101     1.872 r  clk_IBUF_BUFG_inst/O
                         net (fo=4174, unplaced)      0.584     2.456    lane0/core/inverse_butterfly/multiplier/clk_IBUF_BUFG
                         FDRE                                         r  lane0/core/inverse_butterfly/multiplier/y_reg[0]/C
  -------------------------------------------------------------------    -------------------
                         FDRE (Prop_fdre_C_Q)         0.478     2.934 r  lane0/core/inverse_butterfly/multiplier/y_reg[0]/Q
                         net (fo=64, unplaced)        0.829     3.763    lane0/core/inverse_butterfly/multiplier/y_reg_n_0_[0]
                         LUT4 (Prop_lut4_I1_O)        0.295     4.058 r  lane0/core/inverse_butterfly/multiplier/acc_minus_q1_carry_i_13__1/O
                         net (fo=1, unplaced)         0.000     4.058    lane0/core/inverse_butterfly/multiplier/acc_minus_q1_carry_i_13__1_n_0
                         CARRY4 (Prop_carry4_S[1]_CO[3])
                                                      0.533     4.591 r  lane0/core/inverse_butterfly/multiplier/acc_minus_q1_carry_i_10__1/CO[3]
                         net (fo=1, unplaced)         0.009     4.600    lane0/core/inverse_butterfly/multiplier/acc_minus_q1_carry_i_10__1_n_0
                         CARRY4 (Prop_carry4_CI_CO[3])
                                                      0.117     4.717 r  lane0/core/inverse_butterfly/multiplier/acc_minus_q1_carry__0_i_10__1/CO[3]
                         net (fo=1, unplaced)         0.000     4.717    lane0/core/inverse_butterfly/multiplier/acc_minus_q1_carry__0_i_10__1_n_0
                         CARRY4 (Prop_carry4_CI_CO[3])
                                                      0.117     4.834 r  lane0/core/inverse_butterfly/multiplier/acc_minus_q1_carry__1_i_10__1/CO[3]
                         net (fo=1, unplaced)         0.000     4.834    lane0/core/inverse_butterfly/multiplier/acc_minus_q1_carry__1_i_10__1_n_0
                         CARRY4 (Prop_carry4_CI_CO[3])
                                                      0.117     4.951 r  lane0/core/inverse_butterfly/multiplier/acc_minus_q1_carry__2_i_10__1/CO[3]
                         net (fo=1, unplaced)         0.000     4.951    lane0/core/inverse_butterfly/multiplier/acc_minus_q1_carry__2_i_10__1_n_0
                         CARRY4 (Prop_carry4_CI_CO[3])
                                                      0.117     5.068 r  lane0/core/inverse_butterfly/multiplier/acc_minus_q1_carry__3_i_10__1/CO[3]
                         net (fo=1, unplaced)         0.000     5.068    lane0/core/inverse_butterfly/multiplier/acc_minus_q1_carry__3_i_10__1_n_0
                         CARRY4 (Prop_carry4_CI_O[3])
                                                      0.331     5.399 r  lane0/core/inverse_butterfly/multiplier/acc_minus_q1_carry__4_i_10__1/O[3]
                         net (fo=1, unplaced)         0.618     6.017    lane0/core/inverse_butterfly/multiplier/selected_raw1[23]
                         LUT5 (Prop_lut5_I4_O)        0.307     6.324 r  lane0/core/inverse_butterfly/multiplier/acc_minus_q1_carry__4_i_6__1/O
                         net (fo=1, unplaced)         0.000     6.324    lane0/core/inverse_butterfly/multiplier/acc_minus_q1_carry__4_i_6__1_n_0
                         CARRY4 (Prop_carry4_S[3]_CO[3])
                                                      0.376     6.700 r  lane0/core/inverse_butterfly/multiplier/acc_minus_q1_carry__4_i_1__1/CO[3]
                         net (fo=1, unplaced)         0.000     6.700    lane0/core/inverse_butterfly/multiplier/acc_minus_q1_carry__4_i_1__1_n_0
                         CARRY4 (Prop_carry4_CI_O[3])
                                                      0.331     7.031 r  lane0/core/inverse_butterfly/multiplier/acc_minus_q1_carry__5_i_1__1/O[3]
                         net (fo=8, unplaced)         0.656     7.687    lane0/core/inverse_butterfly/multiplier/acc_minus_q1_carry__5_i_1__1_n_4
                         LUT2 (Prop_lut2_I0_O)        0.307     7.994 r  lane0/core/inverse_butterfly/multiplier/acc_minus_q1_carry__5_i_2__1/O
                         net (fo=1, unplaced)         0.000     7.994    lane0/core/inverse_butterfly/multiplier/acc_minus_q1_carry__5_i_2__1_n_0
                         CARRY4 (Prop_carry4_S[3]_CO[3])
                                                      0.376     8.370 r  lane0/core/inverse_butterfly/multiplier/acc_minus_q1_carry__5/CO[3]
                         net (fo=1, unplaced)         0.000     8.370    lane0/core/inverse_butterfly/multiplier/acc_minus_q1_carry__5_n_0
                         CARRY4 (Prop_carry4_CI_O[2])
                                                      0.256     8.626 r  lane0/core/inverse_butterfly/multiplier/acc_minus_q1_carry__6/O[2]
                         net (fo=1, unplaced)         1.114     9.740    lane0/core/inverse_butterfly/multiplier/acc_minus_q1_carry__6_n_5
                         LUT6 (Prop_lut6_I2_O)        0.301    10.041 r  lane0/core/inverse_butterfly/multiplier/acc[30]_i_2__4/O
                         net (fo=1, unplaced)         0.449    10.490    lane0/core/inverse_butterfly/multiplier/acc[30]_i_2__4_n_0
                         LUT3 (Prop_lut3_I2_O)        0.124    10.614 r  lane0/core/inverse_butterfly/multiplier/acc[30]_i_1__4/O
                         net (fo=2, unplaced)         0.000    10.614    lane0/core/inverse_butterfly/multiplier/next_acc[30]
                         FDRE                                         r  lane0/core/inverse_butterfly/multiplier/result_reg[30]/D
  -------------------------------------------------------------------    -------------------

                         (clock clk rise edge)       10.000    10.000 r  
                                                      0.000    10.000 r  clk (IN)
                         net (fo=0)                   0.000    10.000    clk
                         IBUF (Prop_ibuf_I_O)         0.838    10.838 r  clk_IBUF_inst/O
                         net (fo=1, unplaced)         0.760    11.598    clk_IBUF
                         BUFG (Prop_bufg_I_O)         0.091    11.689 r  clk_IBUF_BUFG_inst/O
                         net (fo=4174, unplaced)      0.439    12.128    lane0/core/inverse_butterfly/multiplier/clk_IBUF_BUFG
                         FDRE                                         r  lane0/core/inverse_butterfly/multiplier/result_reg[30]/C
                         clock pessimism              0.184    12.311    
                         clock uncertainty           -0.035    12.276    
                         FDRE (Setup_fdre_C_D)        0.044    12.320    lane0/core/inverse_butterfly/multiplier/result_reg[30]
  -------------------------------------------------------------------
                         required time                         12.320    
                         arrival time                         -10.614    
  -------------------------------------------------------------------
                         slack                                  1.706    

Slack (MET) :             1.706ns  (required time - arrival time)
  Source:                 lane1/core/inverse_butterfly/multiplier/y_reg[0]/C
                            (rising edge-triggered cell FDRE clocked by clk  {rise@0.000ns fall@5.000ns period=10.000ns})
  Destination:            lane1/core/inverse_butterfly/multiplier/acc_reg[30]/D
                            (rising edge-triggered cell FDRE clocked by clk  {rise@0.000ns fall@5.000ns period=10.000ns})
  Path Group:             clk
  Path Type:              Setup (Max at Slow Process Corner)
  Requirement:            10.000ns  (clk rise@10.000ns - clk rise@0.000ns)
  Data Path Delay:        8.158ns  (logic 4.483ns (54.952%)  route 3.675ns (45.048%))
  Logic Levels:           15  (CARRY4=10 LUT2=1 LUT3=1 LUT4=1 LUT5=1 LUT6=1)
  Clock Path Skew:        -0.145ns (DCD - SCD + CPR)
    Destination Clock Delay (DCD):    2.128ns = ( 12.128 - 10.000 ) 
    Source Clock Delay      (SCD):    2.456ns
    Clock Pessimism Removal (CPR):    0.184ns
  Clock Uncertainty:      0.035ns  ((TSJ^2 + TIJ^2)^1/2 + DJ) / 2 + PE
    Total System Jitter     (TSJ):    0.071ns
    Total Input Jitter      (TIJ):    0.000ns
    Discrete Jitter          (DJ):    0.000ns
    Phase Error              (PE):    0.000ns

    Location             Delay type                Incr(ns)  Path(ns)    Netlist Resource(s)
  -------------------------------------------------------------------    -------------------
                         (clock clk rise edge)        0.000     0.000 r  
                                                      0.000     0.000 r  clk (IN)
                         net (fo=0)                   0.000     0.000    clk
                         IBUF (Prop_ibuf_I_O)         0.972     0.972 r  clk_IBUF_inst/O
                         net (fo=1, unplaced)         0.800     1.771    clk_IBUF
                         BUFG (Prop_bufg_I_O)         0.101     1.872 r  clk_IBUF_BUFG_inst/O
                         net (fo=4174, unplaced)      0.584     2.456    lane1/core/inverse_butterfly/multiplier/clk_IBUF_BUFG
                         FDRE                                         r  lane1/core/inverse_butterfly/multiplier/y_reg[0]/C
  -------------------------------------------------------------------    -------------------
                         FDRE (Prop_fdre_C_Q)         0.478     2.934 r  lane1/core/inverse_butterfly/multiplier/y_reg[0]/Q
                         net (fo=64, unplaced)        0.829     3.763    lane1/core/inverse_butterfly/multiplier/y_reg_n_0_[0]
                         LUT4 (Prop_lut4_I1_O)        0.295     4.058 r  lane1/core/inverse_butterfly/multiplier/acc_minus_q1_carry_i_13__4/O
                         net (fo=1, unplaced)         0.000     4.058    lane1/core/inverse_butterfly/multiplier/acc_minus_q1_carry_i_13__4_n_0
                         CARRY4 (Prop_carry4_S[1]_CO[3])
                                                      0.533     4.591 r  lane1/core/inverse_butterfly/multiplier/acc_minus_q1_carry_i_10__4/CO[3]
                         net (fo=1, unplaced)         0.009     4.600    lane1/core/inverse_butterfly/multiplier/acc_minus_q1_carry_i_10__4_n_0
                         CARRY4 (Prop_carry4_CI_CO[3])
                                                      0.117     4.717 r  lane1/core/inverse_butterfly/multiplier/acc_minus_q1_carry__0_i_10__4/CO[3]
                         net (fo=1, unplaced)         0.000     4.717    lane1/core/inverse_butterfly/multiplier/acc_minus_q1_carry__0_i_10__4_n_0
                         CARRY4 (Prop_carry4_CI_CO[3])
                                                      0.117     4.834 r  lane1/core/inverse_butterfly/multiplier/acc_minus_q1_carry__1_i_10__4/CO[3]
                         net (fo=1, unplaced)         0.000     4.834    lane1/core/inverse_butterfly/multiplier/acc_minus_q1_carry__1_i_10__4_n_0
                         CARRY4 (Prop_carry4_CI_CO[3])
                                                      0.117     4.951 r  lane1/core/inverse_butterfly/multiplier/acc_minus_q1_carry__2_i_10__4/CO[3]
                         net (fo=1, unplaced)         0.000     4.951    lane1/core/inverse_butterfly/multiplier/acc_minus_q1_carry__2_i_10__4_n_0
                         CARRY4 (Prop_carry4_CI_CO[3])
                                                      0.117     5.068 r  lane1/core/inverse_butterfly/multiplier/acc_minus_q1_carry__3_i_10__4/CO[3]
                         net (fo=1, unplaced)         0.000     5.068    lane1/core/inverse_butterfly/multiplier/acc_minus_q1_carry__3_i_10__4_n_0
                         CARRY4 (Prop_carry4_CI_O[3])
                                                      0.331     5.399 r  lane1/core/inverse_butterfly/multiplier/acc_minus_q1_carry__4_i_10__4/O[3]
                         net (fo=1, unplaced)         0.618     6.017    lane1/core/inverse_butterfly/multiplier/selected_raw1[23]
                         LUT5 (Prop_lut5_I4_O)        0.307     6.324 r  lane1/core/inverse_butterfly/multiplier/acc_minus_q1_carry__4_i_6__4/O
                         net (fo=1, unplaced)         0.000     6.324    lane1/core/inverse_butterfly/multiplier/acc_minus_q1_carry__4_i_6__4_n_0
                         CARRY4 (Prop_carry4_S[3]_CO[3])
                                                      0.376     6.700 r  lane1/core/inverse_butterfly/multiplier/acc_minus_q1_carry__4_i_1__4/CO[3]
                         net (fo=1, unplaced)         0.000     6.700    lane1/core/inverse_butterfly/multiplier/acc_minus_q1_carry__4_i_1__4_n_0
                         CARRY4 (Prop_carry4_CI_O[3])
                                                      0.331     7.031 r  lane1/core/inverse_butterfly/multiplier/acc_minus_q1_carry__5_i_1__4/O[3]
                         net (fo=8, unplaced)         0.656     7.687    lane1/core/inverse_butterfly/multiplier/acc_minus_q1_carry__5_i_1__4_n_4
                         LUT2 (Prop_lut2_I0_O)        0.307     7.994 r  lane1/core/inverse_butterfly/multiplier/acc_minus_q1_carry__5_i_2__4/O
                         net (fo=1, unplaced)         0.000     7.994    lane1/core/inverse_butterfly/multiplier/acc_minus_q1_carry__5_i_2__4_n_0
                         CARRY4 (Prop_carry4_S[3]_CO[3])
                                                      0.376     8.370 r  lane1/core/inverse_butterfly/multiplier/acc_minus_q1_carry__5/CO[3]
                         net (fo=1, unplaced)         0.000     8.370    lane1/core/inverse_butterfly/multiplier/acc_minus_q1_carry__5_n_0
                         CARRY4 (Prop_carry4_CI_O[2])
                                                      0.256     8.626 r  lane1/core/inverse_butterfly/multiplier/acc_minus_q1_carry__6/O[2]
                         net (fo=1, unplaced)         1.114     9.740    lane1/core/inverse_butterfly/multiplier/acc_minus_q1_carry__6_n_5
                         LUT6 (Prop_lut6_I2_O)        0.301    10.041 r  lane1/core/inverse_butterfly/multiplier/acc[30]_i_2__10/O
                         net (fo=1, unplaced)         0.449    10.490    lane1/core/inverse_butterfly/multiplier/acc[30]_i_2__10_n_0
                         LUT3 (Prop_lut3_I2_O)        0.124    10.614 r  lane1/core/inverse_butterfly/multiplier/acc[30]_i_1__10/O
                         net (fo=2, unplaced)         0.000    10.614    lane1/core/inverse_butterfly/multiplier/next_acc[30]
                         FDRE                                         r  lane1/core/inverse_butterfly/multiplier/acc_reg[30]/D
  -------------------------------------------------------------------    -------------------

                         (clock clk rise edge)       10.000    10.000 r  
                                                      0.000    10.000 r  clk (IN)
                         net (fo=0)                   0.000    10.000    clk
                         IBUF (Prop_ibuf_I_O)         0.838    10.838 r  clk_IBUF_inst/O
                         net (fo=1, unplaced)         0.760    11.598    clk_IBUF
                         BUFG (Prop_bufg_I_O)         0.091    11.689 r  clk_IBUF_BUFG_inst/O
                         net (fo=4174, unplaced)      0.439    12.128    lane1/core/inverse_butterfly/multiplier/clk_IBUF_BUFG
                         FDRE                                         r  lane1/core/inverse_butterfly/multiplier/acc_reg[30]/C
                         clock pessimism              0.184    12.311    
                         clock uncertainty           -0.035    12.276    
                         FDRE (Setup_fdre_C_D)        0.044    12.320    lane1/core/inverse_butterfly/multiplier/acc_reg[30]
  -------------------------------------------------------------------
                         required time                         12.320    
                         arrival time                         -10.614    
  -------------------------------------------------------------------
                         slack                                  1.706    

Slack (MET) :             1.706ns  (required time - arrival time)
  Source:                 lane1/core/inverse_butterfly/multiplier/y_reg[0]/C
                            (rising edge-triggered cell FDRE clocked by clk  {rise@0.000ns fall@5.000ns period=10.000ns})
  Destination:            lane1/core/inverse_butterfly/multiplier/result_reg[30]/D
                            (rising edge-triggered cell FDRE clocked by clk  {rise@0.000ns fall@5.000ns period=10.000ns})
  Path Group:             clk
  Path Type:              Setup (Max at Slow Process Corner)
  Requirement:            10.000ns  (clk rise@10.000ns - clk rise@0.000ns)
  Data Path Delay:        8.158ns  (logic 4.483ns (54.952%)  route 3.675ns (45.048%))
  Logic Levels:           15  (CARRY4=10 LUT2=1 LUT3=1 LUT4=1 LUT5=1 LUT6=1)
  Clock Path Skew:        -0.145ns (DCD - SCD + CPR)
    Destination Clock Delay (DCD):    2.128ns = ( 12.128 - 10.000 ) 
    Source Clock Delay      (SCD):    2.456ns
    Clock Pessimism Removal (CPR):    0.184ns
  Clock Uncertainty:      0.035ns  ((TSJ^2 + TIJ^2)^1/2 + DJ) / 2 + PE
    Total System Jitter     (TSJ):    0.071ns
    Total Input Jitter      (TIJ):    0.000ns
    Discrete Jitter          (DJ):    0.000ns
    Phase Error              (PE):    0.000ns

    Location             Delay type                Incr(ns)  Path(ns)    Netlist Resource(s)
  -------------------------------------------------------------------    -------------------
                         (clock clk rise edge)        0.000     0.000 r  
                                                      0.000     0.000 r  clk (IN)
                         net (fo=0)                   0.000     0.000    clk
                         IBUF (Prop_ibuf_I_O)         0.972     0.972 r  clk_IBUF_inst/O
                         net (fo=1, unplaced)         0.800     1.771    clk_IBUF
                         BUFG (Prop_bufg_I_O)         0.101     1.872 r  clk_IBUF_BUFG_inst/O
                         net (fo=4174, unplaced)      0.584     2.456    lane1/core/inverse_butterfly/multiplier/clk_IBUF_BUFG
                         FDRE                                         r  lane1/core/inverse_butterfly/multiplier/y_reg[0]/C
  -------------------------------------------------------------------    -------------------
                         FDRE (Prop_fdre_C_Q)         0.478     2.934 r  lane1/core/inverse_butterfly/multiplier/y_reg[0]/Q
                         net (fo=64, unplaced)        0.829     3.763    lane1/core/inverse_butterfly/multiplier/y_reg_n_0_[0]
                         LUT4 (Prop_lut4_I1_O)        0.295     4.058 r  lane1/core/inverse_butterfly/multiplier/acc_minus_q1_carry_i_13__4/O
                         net (fo=1, unplaced)         0.000     4.058    lane1/core/inverse_butterfly/multiplier/acc_minus_q1_carry_i_13__4_n_0
                         CARRY4 (Prop_carry4_S[1]_CO[3])
                                                      0.533     4.591 r  lane1/core/inverse_butterfly/multiplier/acc_minus_q1_carry_i_10__4/CO[3]
                         net (fo=1, unplaced)         0.009     4.600    lane1/core/inverse_butterfly/multiplier/acc_minus_q1_carry_i_10__4_n_0
                         CARRY4 (Prop_carry4_CI_CO[3])
                                                      0.117     4.717 r  lane1/core/inverse_butterfly/multiplier/acc_minus_q1_carry__0_i_10__4/CO[3]
                         net (fo=1, unplaced)         0.000     4.717    lane1/core/inverse_butterfly/multiplier/acc_minus_q1_carry__0_i_10__4_n_0
                         CARRY4 (Prop_carry4_CI_CO[3])
                                                      0.117     4.834 r  lane1/core/inverse_butterfly/multiplier/acc_minus_q1_carry__1_i_10__4/CO[3]
                         net (fo=1, unplaced)         0.000     4.834    lane1/core/inverse_butterfly/multiplier/acc_minus_q1_carry__1_i_10__4_n_0
                         CARRY4 (Prop_carry4_CI_CO[3])
                                                      0.117     4.951 r  lane1/core/inverse_butterfly/multiplier/acc_minus_q1_carry__2_i_10__4/CO[3]
                         net (fo=1, unplaced)         0.000     4.951    lane1/core/inverse_butterfly/multiplier/acc_minus_q1_carry__2_i_10__4_n_0
                         CARRY4 (Prop_carry4_CI_CO[3])
                                                      0.117     5.068 r  lane1/core/inverse_butterfly/multiplier/acc_minus_q1_carry__3_i_10__4/CO[3]
                         net (fo=1, unplaced)         0.000     5.068    lane1/core/inverse_butterfly/multiplier/acc_minus_q1_carry__3_i_10__4_n_0
                         CARRY4 (Prop_carry4_CI_O[3])
                                                      0.331     5.399 r  lane1/core/inverse_butterfly/multiplier/acc_minus_q1_carry__4_i_10__4/O[3]
                         net (fo=1, unplaced)         0.618     6.017    lane1/core/inverse_butterfly/multiplier/selected_raw1[23]
                         LUT5 (Prop_lut5_I4_O)        0.307     6.324 r  lane1/core/inverse_butterfly/multiplier/acc_minus_q1_carry__4_i_6__4/O
                         net (fo=1, unplaced)         0.000     6.324    lane1/core/inverse_butterfly/multiplier/acc_minus_q1_carry__4_i_6__4_n_0
                         CARRY4 (Prop_carry4_S[3]_CO[3])
                                                      0.376     6.700 r  lane1/core/inverse_butterfly/multiplier/acc_minus_q1_carry__4_i_1__4/CO[3]
                         net (fo=1, unplaced)         0.000     6.700    lane1/core/inverse_butterfly/multiplier/acc_minus_q1_carry__4_i_1__4_n_0
                         CARRY4 (Prop_carry4_CI_O[3])
                                                      0.331     7.031 r  lane1/core/inverse_butterfly/multiplier/acc_minus_q1_carry__5_i_1__4/O[3]
                         net (fo=8, unplaced)         0.656     7.687    lane1/core/inverse_butterfly/multiplier/acc_minus_q1_carry__5_i_1__4_n_4
                         LUT2 (Prop_lut2_I0_O)        0.307     7.994 r  lane1/core/inverse_butterfly/multiplier/acc_minus_q1_carry__5_i_2__4/O
                         net (fo=1, unplaced)         0.000     7.994    lane1/core/inverse_butterfly/multiplier/acc_minus_q1_carry__5_i_2__4_n_0
                         CARRY4 (Prop_carry4_S[3]_CO[3])
                                                      0.376     8.370 r  lane1/core/inverse_butterfly/multiplier/acc_minus_q1_carry__5/CO[3]
                         net (fo=1, unplaced)         0.000     8.370    lane1/core/inverse_butterfly/multiplier/acc_minus_q1_carry__5_n_0
                         CARRY4 (Prop_carry4_CI_O[2])
                                                      0.256     8.626 r  lane1/core/inverse_butterfly/multiplier/acc_minus_q1_carry__6/O[2]
                         net (fo=1, unplaced)         1.114     9.740    lane1/core/inverse_butterfly/multiplier/acc_minus_q1_carry__6_n_5
                         LUT6 (Prop_lut6_I2_O)        0.301    10.041 r  lane1/core/inverse_butterfly/multiplier/acc[30]_i_2__10/O
                         net (fo=1, unplaced)         0.449    10.490    lane1/core/inverse_butterfly/multiplier/acc[30]_i_2__10_n_0
                         LUT3 (Prop_lut3_I2_O)        0.124    10.614 r  lane1/core/inverse_butterfly/multiplier/acc[30]_i_1__10/O
                         net (fo=2, unplaced)         0.000    10.614    lane1/core/inverse_butterfly/multiplier/next_acc[30]
                         FDRE                                         r  lane1/core/inverse_butterfly/multiplier/result_reg[30]/D
  -------------------------------------------------------------------    -------------------

                         (clock clk rise edge)       10.000    10.000 r  
                                                      0.000    10.000 r  clk (IN)
                         net (fo=0)                   0.000    10.000    clk
                         IBUF (Prop_ibuf_I_O)         0.838    10.838 r  clk_IBUF_inst/O
                         net (fo=1, unplaced)         0.760    11.598    clk_IBUF
                         BUFG (Prop_bufg_I_O)         0.091    11.689 r  clk_IBUF_BUFG_inst/O
                         net (fo=4174, unplaced)      0.439    12.128    lane1/core/inverse_butterfly/multiplier/clk_IBUF_BUFG
                         FDRE                                         r  lane1/core/inverse_butterfly/multiplier/result_reg[30]/C
                         clock pessimism              0.184    12.311    
                         clock uncertainty           -0.035    12.276    
                         FDRE (Setup_fdre_C_D)        0.044    12.320    lane1/core/inverse_butterfly/multiplier/result_reg[30]
  -------------------------------------------------------------------
                         required time                         12.320    
                         arrival time                         -10.614    
  -------------------------------------------------------------------
                         slack                                  1.706    

Slack (MET) :             1.737ns  (required time - arrival time)
  Source:                 lane0/core/inverse_butterfly/multiplier/y_reg[0]/C
                            (rising edge-triggered cell FDRE clocked by clk  {rise@0.000ns fall@5.000ns period=10.000ns})
  Destination:            lane0/core/inverse_butterfly/multiplier/acc_reg[29]/D
                            (rising edge-triggered cell FDRE clocked by clk  {rise@0.000ns fall@5.000ns period=10.000ns})
  Path Group:             clk
  Path Type:              Setup (Max at Slow Process Corner)
  Requirement:            10.000ns  (clk rise@10.000ns - clk rise@0.000ns)
  Data Path Delay:        8.127ns  (logic 4.569ns (56.220%)  route 3.558ns (43.780%))
  Logic Levels:           15  (CARRY4=10 LUT2=1 LUT3=1 LUT4=1 LUT5=1 LUT6=1)
  Clock Path Skew:        -0.145ns (DCD - SCD + CPR)
    Destination Clock Delay (DCD):    2.128ns = ( 12.128 - 10.000 ) 
    Source Clock Delay      (SCD):    2.456ns
    Clock Pessimism Removal (CPR):    0.184ns
  Clock Uncertainty:      0.035ns  ((TSJ^2 + TIJ^2)^1/2 + DJ) / 2 + PE
    Total System Jitter     (TSJ):    0.071ns
    Total Input Jitter      (TIJ):    0.000ns
    Discrete Jitter          (DJ):    0.000ns
    Phase Error              (PE):    0.000ns

    Location             Delay type                Incr(ns)  Path(ns)    Netlist Resource(s)
  -------------------------------------------------------------------    -------------------
                         (clock clk rise edge)        0.000     0.000 r  
                                                      0.000     0.000 r  clk (IN)
                         net (fo=0)                   0.000     0.000    clk
                         IBUF (Prop_ibuf_I_O)         0.972     0.972 r  clk_IBUF_inst/O
                         net (fo=1, unplaced)         0.800     1.771    clk_IBUF
                         BUFG (Prop_bufg_I_O)         0.101     1.872 r  clk_IBUF_BUFG_inst/O
                         net (fo=4174, unplaced)      0.584     2.456    lane0/core/inverse_butterfly/multiplier/clk_IBUF_BUFG
                         FDRE                                         r  lane0/core/inverse_butterfly/multiplier/y_reg[0]/C
  -------------------------------------------------------------------    -------------------
                         FDRE (Prop_fdre_C_Q)         0.478     2.934 r  lane0/core/inverse_butterfly/multiplier/y_reg[0]/Q
                         net (fo=64, unplaced)        0.829     3.763    lane0/core/inverse_butterfly/multiplier/y_reg_n_0_[0]
                         LUT4 (Prop_lut4_I1_O)        0.295     4.058 r  lane0/core/inverse_butterfly/multiplier/acc_minus_q1_carry_i_13__1/O
                         net (fo=1, unplaced)         0.000     4.058    lane0/core/inverse_butterfly/multiplier/acc_minus_q1_carry_i_13__1_n_0
                         CARRY4 (Prop_carry4_S[1]_CO[3])
                                                      0.533     4.591 r  lane0/core/inverse_butterfly/multiplier/acc_minus_q1_carry_i_10__1/CO[3]
                         net (fo=1, unplaced)         0.009     4.600    lane0/core/inverse_butterfly/multiplier/acc_minus_q1_carry_i_10__1_n_0
                         CARRY4 (Prop_carry4_CI_CO[3])
                                                      0.117     4.717 r  lane0/core/inverse_butterfly/multiplier/acc_minus_q1_carry__0_i_10__1/CO[3]
                         net (fo=1, unplaced)         0.000     4.717    lane0/core/inverse_butterfly/multiplier/acc_minus_q1_carry__0_i_10__1_n_0
                         CARRY4 (Prop_carry4_CI_CO[3])
                                                      0.117     4.834 r  lane0/core/inverse_butterfly/multiplier/acc_minus_q1_carry__1_i_10__1/CO[3]
                         net (fo=1, unplaced)         0.000     4.834    lane0/core/inverse_butterfly/multiplier/acc_minus_q1_carry__1_i_10__1_n_0
                         CARRY4 (Prop_carry4_CI_CO[3])
                                                      0.117     4.951 r  lane0/core/inverse_butterfly/multiplier/acc_minus_q1_carry__2_i_10__1/CO[3]
                         net (fo=1, unplaced)         0.000     4.951    lane0/core/inverse_butterfly/multiplier/acc_minus_q1_carry__2_i_10__1_n_0
                         CARRY4 (Prop_carry4_CI_CO[3])
                                                      0.117     5.068 r  lane0/core/inverse_butterfly/multiplier/acc_minus_q1_carry__3_i_10__1/CO[3]
                         net (fo=1, unplaced)         0.000     5.068    lane0/core/inverse_butterfly/multiplier/acc_minus_q1_carry__3_i_10__1_n_0
                         CARRY4 (Prop_carry4_CI_O[3])
                                                      0.331     5.399 r  lane0/core/inverse_butterfly/multiplier/acc_minus_q1_carry__4_i_10__1/O[3]
                         net (fo=1, unplaced)         0.618     6.017    lane0/core/inverse_butterfly/multiplier/selected_raw1[23]
                         LUT5 (Prop_lut5_I4_O)        0.307     6.324 r  lane0/core/inverse_butterfly/multiplier/acc_minus_q1_carry__4_i_6__1/O
                         net (fo=1, unplaced)         0.000     6.324    lane0/core/inverse_butterfly/multiplier/acc_minus_q1_carry__4_i_6__1_n_0
                         CARRY4 (Prop_carry4_S[3]_CO[3])
                                                      0.376     6.700 r  lane0/core/inverse_butterfly/multiplier/acc_minus_q1_carry__4_i_1__1/CO[3]
                         net (fo=1, unplaced)         0.000     6.700    lane0/core/inverse_butterfly/multiplier/acc_minus_q1_carry__4_i_1__1_n_0
                         CARRY4 (Prop_carry4_CI_O[3])
                                                      0.331     7.031 r  lane0/core/inverse_butterfly/multiplier/acc_minus_q1_carry__5_i_1__1/O[3]
                         net (fo=8, unplaced)         0.656     7.687    lane0/core/inverse_butterfly/multiplier/acc_minus_q1_carry__5_i_1__1_n_4
                         LUT2 (Prop_lut2_I0_O)        0.307     7.994 r  lane0/core/inverse_butterfly/multiplier/acc_minus_q1_carry__5_i_2__1/O
                         net (fo=1, unplaced)         0.000     7.994    lane0/core/inverse_butterfly/multiplier/acc_minus_q1_carry__5_i_2__1_n_0
                         CARRY4 (Prop_carry4_S[3]_CO[3])
                                                      0.376     8.370 r  lane0/core/inverse_butterfly/multiplier/acc_minus_q1_carry__5/CO[3]
                         net (fo=1, unplaced)         0.000     8.370    lane0/core/inverse_butterfly/multiplier/acc_minus_q1_carry__5_n_0
                         CARRY4 (Prop_carry4_CI_O[1])
                                                      0.337     8.707 r  lane0/core/inverse_butterfly/multiplier/acc_minus_q1_carry__6/O[1]
                         net (fo=1, unplaced)         0.997     9.704    lane0/core/inverse_butterfly/multiplier/acc_minus_q1_carry__6_n_6
                         LUT6 (Prop_lut6_I2_O)        0.306    10.010 r  lane0/core/inverse_butterfly/multiplier/acc[29]_i_2__4/O
                         net (fo=1, unplaced)         0.449    10.459    lane0/core/inverse_butterfly/multiplier/acc[29]_i_2__4_n_0
                         LUT3 (Prop_lut3_I2_O)        0.124    10.583 r  lane0/core/inverse_butterfly/multiplier/acc[29]_i_1__4/O
                         net (fo=2, unplaced)         0.000    10.583    lane0/core/inverse_butterfly/multiplier/next_acc[29]
                         FDRE                                         r  lane0/core/inverse_butterfly/multiplier/acc_reg[29]/D
  -------------------------------------------------------------------    -------------------

                         (clock clk rise edge)       10.000    10.000 r  
                                                      0.000    10.000 r  clk (IN)
                         net (fo=0)                   0.000    10.000    clk
                         IBUF (Prop_ibuf_I_O)         0.838    10.838 r  clk_IBUF_inst/O
                         net (fo=1, unplaced)         0.760    11.598    clk_IBUF
                         BUFG (Prop_bufg_I_O)         0.091    11.689 r  clk_IBUF_BUFG_inst/O
                         net (fo=4174, unplaced)      0.439    12.128    lane0/core/inverse_butterfly/multiplier/clk_IBUF_BUFG
                         FDRE                                         r  lane0/core/inverse_butterfly/multiplier/acc_reg[29]/C
                         clock pessimism              0.184    12.311    
                         clock uncertainty           -0.035    12.276    
                         FDRE (Setup_fdre_C_D)        0.044    12.320    lane0/core/inverse_butterfly/multiplier/acc_reg[29]
  -------------------------------------------------------------------
                         required time                         12.320    
                         arrival time                         -10.583    
  -------------------------------------------------------------------
                         slack                                  1.737    

Slack (MET) :             1.737ns  (required time - arrival time)
  Source:                 lane0/core/inverse_butterfly/multiplier/y_reg[0]/C
                            (rising edge-triggered cell FDRE clocked by clk  {rise@0.000ns fall@5.000ns period=10.000ns})
  Destination:            lane0/core/inverse_butterfly/multiplier/result_reg[29]/D
                            (rising edge-triggered cell FDRE clocked by clk  {rise@0.000ns fall@5.000ns period=10.000ns})
  Path Group:             clk
  Path Type:              Setup (Max at Slow Process Corner)
  Requirement:            10.000ns  (clk rise@10.000ns - clk rise@0.000ns)
  Data Path Delay:        8.127ns  (logic 4.569ns (56.220%)  route 3.558ns (43.780%))
  Logic Levels:           15  (CARRY4=10 LUT2=1 LUT3=1 LUT4=1 LUT5=1 LUT6=1)
  Clock Path Skew:        -0.145ns (DCD - SCD + CPR)
    Destination Clock Delay (DCD):    2.128ns = ( 12.128 - 10.000 ) 
    Source Clock Delay      (SCD):    2.456ns
    Clock Pessimism Removal (CPR):    0.184ns
  Clock Uncertainty:      0.035ns  ((TSJ^2 + TIJ^2)^1/2 + DJ) / 2 + PE
    Total System Jitter     (TSJ):    0.071ns
    Total Input Jitter      (TIJ):    0.000ns
    Discrete Jitter          (DJ):    0.000ns
    Phase Error              (PE):    0.000ns

    Location             Delay type                Incr(ns)  Path(ns)    Netlist Resource(s)
  -------------------------------------------------------------------    -------------------
                         (clock clk rise edge)        0.000     0.000 r  
                                                      0.000     0.000 r  clk (IN)
                         net (fo=0)                   0.000     0.000    clk
                         IBUF (Prop_ibuf_I_O)         0.972     0.972 r  clk_IBUF_inst/O
                         net (fo=1, unplaced)         0.800     1.771    clk_IBUF
                         BUFG (Prop_bufg_I_O)         0.101     1.872 r  clk_IBUF_BUFG_inst/O
                         net (fo=4174, unplaced)      0.584     2.456    lane0/core/inverse_butterfly/multiplier/clk_IBUF_BUFG
                         FDRE                                         r  lane0/core/inverse_butterfly/multiplier/y_reg[0]/C
  -------------------------------------------------------------------    -------------------
                         FDRE (Prop_fdre_C_Q)         0.478     2.934 r  lane0/core/inverse_butterfly/multiplier/y_reg[0]/Q
                         net (fo=64, unplaced)        0.829     3.763    lane0/core/inverse_butterfly/multiplier/y_reg_n_0_[0]
                         LUT4 (Prop_lut4_I1_O)        0.295     4.058 r  lane0/core/inverse_butterfly/multiplier/acc_minus_q1_carry_i_13__1/O
                         net (fo=1, unplaced)         0.000     4.058    lane0/core/inverse_butterfly/multiplier/acc_minus_q1_carry_i_13__1_n_0
                         CARRY4 (Prop_carry4_S[1]_CO[3])
                                                      0.533     4.591 r  lane0/core/inverse_butterfly/multiplier/acc_minus_q1_carry_i_10__1/CO[3]
                         net (fo=1, unplaced)         0.009     4.600    lane0/core/inverse_butterfly/multiplier/acc_minus_q1_carry_i_10__1_n_0
                         CARRY4 (Prop_carry4_CI_CO[3])
                                                      0.117     4.717 r  lane0/core/inverse_butterfly/multiplier/acc_minus_q1_carry__0_i_10__1/CO[3]
                         net (fo=1, unplaced)         0.000     4.717    lane0/core/inverse_butterfly/multiplier/acc_minus_q1_carry__0_i_10__1_n_0
                         CARRY4 (Prop_carry4_CI_CO[3])
                                                      0.117     4.834 r  lane0/core/inverse_butterfly/multiplier/acc_minus_q1_carry__1_i_10__1/CO[3]
                         net (fo=1, unplaced)         0.000     4.834    lane0/core/inverse_butterfly/multiplier/acc_minus_q1_carry__1_i_10__1_n_0
                         CARRY4 (Prop_carry4_CI_CO[3])
                                                      0.117     4.951 r  lane0/core/inverse_butterfly/multiplier/acc_minus_q1_carry__2_i_10__1/CO[3]
                         net (fo=1, unplaced)         0.000     4.951    lane0/core/inverse_butterfly/multiplier/acc_minus_q1_carry__2_i_10__1_n_0
                         CARRY4 (Prop_carry4_CI_CO[3])
                                                      0.117     5.068 r  lane0/core/inverse_butterfly/multiplier/acc_minus_q1_carry__3_i_10__1/CO[3]
                         net (fo=1, unplaced)         0.000     5.068    lane0/core/inverse_butterfly/multiplier/acc_minus_q1_carry__3_i_10__1_n_0
                         CARRY4 (Prop_carry4_CI_O[3])
                                                      0.331     5.399 r  lane0/core/inverse_butterfly/multiplier/acc_minus_q1_carry__4_i_10__1/O[3]
                         net (fo=1, unplaced)         0.618     6.017    lane0/core/inverse_butterfly/multiplier/selected_raw1[23]
                         LUT5 (Prop_lut5_I4_O)        0.307     6.324 r  lane0/core/inverse_butterfly/multiplier/acc_minus_q1_carry__4_i_6__1/O
                         net (fo=1, unplaced)         0.000     6.324    lane0/core/inverse_butterfly/multiplier/acc_minus_q1_carry__4_i_6__1_n_0
                         CARRY4 (Prop_carry4_S[3]_CO[3])
                                                      0.376     6.700 r  lane0/core/inverse_butterfly/multiplier/acc_minus_q1_carry__4_i_1__1/CO[3]
                         net (fo=1, unplaced)         0.000     6.700    lane0/core/inverse_butterfly/multiplier/acc_minus_q1_carry__4_i_1__1_n_0
                         CARRY4 (Prop_carry4_CI_O[3])
                                                      0.331     7.031 r  lane0/core/inverse_butterfly/multiplier/acc_minus_q1_carry__5_i_1__1/O[3]
                         net (fo=8, unplaced)         0.656     7.687    lane0/core/inverse_butterfly/multiplier/acc_minus_q1_carry__5_i_1__1_n_4
                         LUT2 (Prop_lut2_I0_O)        0.307     7.994 r  lane0/core/inverse_butterfly/multiplier/acc_minus_q1_carry__5_i_2__1/O
                         net (fo=1, unplaced)         0.000     7.994    lane0/core/inverse_butterfly/multiplier/acc_minus_q1_carry__5_i_2__1_n_0
                         CARRY4 (Prop_carry4_S[3]_CO[3])
                                                      0.376     8.370 r  lane0/core/inverse_butterfly/multiplier/acc_minus_q1_carry__5/CO[3]
                         net (fo=1, unplaced)         0.000     8.370    lane0/core/inverse_butterfly/multiplier/acc_minus_q1_carry__5_n_0
                         CARRY4 (Prop_carry4_CI_O[1])
                                                      0.337     8.707 r  lane0/core/inverse_butterfly/multiplier/acc_minus_q1_carry__6/O[1]
                         net (fo=1, unplaced)         0.997     9.704    lane0/core/inverse_butterfly/multiplier/acc_minus_q1_carry__6_n_6
                         LUT6 (Prop_lut6_I2_O)        0.306    10.010 r  lane0/core/inverse_butterfly/multiplier/acc[29]_i_2__4/O
                         net (fo=1, unplaced)         0.449    10.459    lane0/core/inverse_butterfly/multiplier/acc[29]_i_2__4_n_0
                         LUT3 (Prop_lut3_I2_O)        0.124    10.583 r  lane0/core/inverse_butterfly/multiplier/acc[29]_i_1__4/O
                         net (fo=2, unplaced)         0.000    10.583    lane0/core/inverse_butterfly/multiplier/next_acc[29]
                         FDRE                                         r  lane0/core/inverse_butterfly/multiplier/result_reg[29]/D
  -------------------------------------------------------------------    -------------------

                         (clock clk rise edge)       10.000    10.000 r  
                                                      0.000    10.000 r  clk (IN)
                         net (fo=0)                   0.000    10.000    clk
                         IBUF (Prop_ibuf_I_O)         0.838    10.838 r  clk_IBUF_inst/O
                         net (fo=1, unplaced)         0.760    11.598    clk_IBUF
                         BUFG (Prop_bufg_I_O)         0.091    11.689 r  clk_IBUF_BUFG_inst/O
                         net (fo=4174, unplaced)      0.439    12.128    lane0/core/inverse_butterfly/multiplier/clk_IBUF_BUFG
                         FDRE                                         r  lane0/core/inverse_butterfly/multiplier/result_reg[29]/C
                         clock pessimism              0.184    12.311    
                         clock uncertainty           -0.035    12.276    
                         FDRE (Setup_fdre_C_D)        0.044    12.320    lane0/core/inverse_butterfly/multiplier/result_reg[29]
  -------------------------------------------------------------------
                         required time                         12.320    
                         arrival time                         -10.583    
  -------------------------------------------------------------------
                         slack                                  1.737    

Slack (MET) :             1.737ns  (required time - arrival time)
  Source:                 lane1/core/inverse_butterfly/multiplier/y_reg[0]/C
                            (rising edge-triggered cell FDRE clocked by clk  {rise@0.000ns fall@5.000ns period=10.000ns})
  Destination:            lane1/core/inverse_butterfly/multiplier/acc_reg[29]/D
                            (rising edge-triggered cell FDRE clocked by clk  {rise@0.000ns fall@5.000ns period=10.000ns})
  Path Group:             clk
  Path Type:              Setup (Max at Slow Process Corner)
  Requirement:            10.000ns  (clk rise@10.000ns - clk rise@0.000ns)
  Data Path Delay:        8.127ns  (logic 4.569ns (56.220%)  route 3.558ns (43.780%))
  Logic Levels:           15  (CARRY4=10 LUT2=1 LUT3=1 LUT4=1 LUT5=1 LUT6=1)
  Clock Path Skew:        -0.145ns (DCD - SCD + CPR)
    Destination Clock Delay (DCD):    2.128ns = ( 12.128 - 10.000 ) 
    Source Clock Delay      (SCD):    2.456ns
    Clock Pessimism Removal (CPR):    0.184ns
  Clock Uncertainty:      0.035ns  ((TSJ^2 + TIJ^2)^1/2 + DJ) / 2 + PE
    Total System Jitter     (TSJ):    0.071ns
    Total Input Jitter      (TIJ):    0.000ns
    Discrete Jitter          (DJ):    0.000ns
    Phase Error              (PE):    0.000ns

    Location             Delay type                Incr(ns)  Path(ns)    Netlist Resource(s)
  -------------------------------------------------------------------    -------------------
                         (clock clk rise edge)        0.000     0.000 r  
                                                      0.000     0.000 r  clk (IN)
                         net (fo=0)                   0.000     0.000    clk
                         IBUF (Prop_ibuf_I_O)         0.972     0.972 r  clk_IBUF_inst/O
                         net (fo=1, unplaced)         0.800     1.771    clk_IBUF
                         BUFG (Prop_bufg_I_O)         0.101     1.872 r  clk_IBUF_BUFG_inst/O
                         net (fo=4174, unplaced)      0.584     2.456    lane1/core/inverse_butterfly/multiplier/clk_IBUF_BUFG
                         FDRE                                         r  lane1/core/inverse_butterfly/multiplier/y_reg[0]/C
  -------------------------------------------------------------------    -------------------
                         FDRE (Prop_fdre_C_Q)         0.478     2.934 r  lane1/core/inverse_butterfly/multiplier/y_reg[0]/Q
                         net (fo=64, unplaced)        0.829     3.763    lane1/core/inverse_butterfly/multiplier/y_reg_n_0_[0]
                         LUT4 (Prop_lut4_I1_O)        0.295     4.058 r  lane1/core/inverse_butterfly/multiplier/acc_minus_q1_carry_i_13__4/O
                         net (fo=1, unplaced)         0.000     4.058    lane1/core/inverse_butterfly/multiplier/acc_minus_q1_carry_i_13__4_n_0
                         CARRY4 (Prop_carry4_S[1]_CO[3])
                                                      0.533     4.591 r  lane1/core/inverse_butterfly/multiplier/acc_minus_q1_carry_i_10__4/CO[3]
                         net (fo=1, unplaced)         0.009     4.600    lane1/core/inverse_butterfly/multiplier/acc_minus_q1_carry_i_10__4_n_0
                         CARRY4 (Prop_carry4_CI_CO[3])
                                                      0.117     4.717 r  lane1/core/inverse_butterfly/multiplier/acc_minus_q1_carry__0_i_10__4/CO[3]
                         net (fo=1, unplaced)         0.000     4.717    lane1/core/inverse_butterfly/multiplier/acc_minus_q1_carry__0_i_10__4_n_0
                         CARRY4 (Prop_carry4_CI_CO[3])
                                                      0.117     4.834 r  lane1/core/inverse_butterfly/multiplier/acc_minus_q1_carry__1_i_10__4/CO[3]
                         net (fo=1, unplaced)         0.000     4.834    lane1/core/inverse_butterfly/multiplier/acc_minus_q1_carry__1_i_10__4_n_0
                         CARRY4 (Prop_carry4_CI_CO[3])
                                                      0.117     4.951 r  lane1/core/inverse_butterfly/multiplier/acc_minus_q1_carry__2_i_10__4/CO[3]
                         net (fo=1, unplaced)         0.000     4.951    lane1/core/inverse_butterfly/multiplier/acc_minus_q1_carry__2_i_10__4_n_0
                         CARRY4 (Prop_carry4_CI_CO[3])
                                                      0.117     5.068 r  lane1/core/inverse_butterfly/multiplier/acc_minus_q1_carry__3_i_10__4/CO[3]
                         net (fo=1, unplaced)         0.000     5.068    lane1/core/inverse_butterfly/multiplier/acc_minus_q1_carry__3_i_10__4_n_0
                         CARRY4 (Prop_carry4_CI_O[3])
                                                      0.331     5.399 r  lane1/core/inverse_butterfly/multiplier/acc_minus_q1_carry__4_i_10__4/O[3]
                         net (fo=1, unplaced)         0.618     6.017    lane1/core/inverse_butterfly/multiplier/selected_raw1[23]
                         LUT5 (Prop_lut5_I4_O)        0.307     6.324 r  lane1/core/inverse_butterfly/multiplier/acc_minus_q1_carry__4_i_6__4/O
                         net (fo=1, unplaced)         0.000     6.324    lane1/core/inverse_butterfly/multiplier/acc_minus_q1_carry__4_i_6__4_n_0
                         CARRY4 (Prop_carry4_S[3]_CO[3])
                                                      0.376     6.700 r  lane1/core/inverse_butterfly/multiplier/acc_minus_q1_carry__4_i_1__4/CO[3]
                         net (fo=1, unplaced)         0.000     6.700    lane1/core/inverse_butterfly/multiplier/acc_minus_q1_carry__4_i_1__4_n_0
                         CARRY4 (Prop_carry4_CI_O[3])
                                                      0.331     7.031 r  lane1/core/inverse_butterfly/multiplier/acc_minus_q1_carry__5_i_1__4/O[3]
                         net (fo=8, unplaced)         0.656     7.687    lane1/core/inverse_butterfly/multiplier/acc_minus_q1_carry__5_i_1__4_n_4
                         LUT2 (Prop_lut2_I0_O)        0.307     7.994 r  lane1/core/inverse_butterfly/multiplier/acc_minus_q1_carry__5_i_2__4/O
                         net (fo=1, unplaced)         0.000     7.994    lane1/core/inverse_butterfly/multiplier/acc_minus_q1_carry__5_i_2__4_n_0
                         CARRY4 (Prop_carry4_S[3]_CO[3])
                                                      0.376     8.370 r  lane1/core/inverse_butterfly/multiplier/acc_minus_q1_carry__5/CO[3]
                         net (fo=1, unplaced)         0.000     8.370    lane1/core/inverse_butterfly/multiplier/acc_minus_q1_carry__5_n_0
                         CARRY4 (Prop_carry4_CI_O[1])
                                                      0.337     8.707 r  lane1/core/inverse_butterfly/multiplier/acc_minus_q1_carry__6/O[1]
                         net (fo=1, unplaced)         0.997     9.704    lane1/core/inverse_butterfly/multiplier/acc_minus_q1_carry__6_n_6
                         LUT6 (Prop_lut6_I2_O)        0.306    10.010 r  lane1/core/inverse_butterfly/multiplier/acc[29]_i_2__10/O
                         net (fo=1, unplaced)         0.449    10.459    lane1/core/inverse_butterfly/multiplier/acc[29]_i_2__10_n_0
                         LUT3 (Prop_lut3_I2_O)        0.124    10.583 r  lane1/core/inverse_butterfly/multiplier/acc[29]_i_1__10/O
                         net (fo=2, unplaced)         0.000    10.583    lane1/core/inverse_butterfly/multiplier/next_acc[29]
                         FDRE                                         r  lane1/core/inverse_butterfly/multiplier/acc_reg[29]/D
  -------------------------------------------------------------------    -------------------

                         (clock clk rise edge)       10.000    10.000 r  
                                                      0.000    10.000 r  clk (IN)
                         net (fo=0)                   0.000    10.000    clk
                         IBUF (Prop_ibuf_I_O)         0.838    10.838 r  clk_IBUF_inst/O
                         net (fo=1, unplaced)         0.760    11.598    clk_IBUF
                         BUFG (Prop_bufg_I_O)         0.091    11.689 r  clk_IBUF_BUFG_inst/O
                         net (fo=4174, unplaced)      0.439    12.128    lane1/core/inverse_butterfly/multiplier/clk_IBUF_BUFG
                         FDRE                                         r  lane1/core/inverse_butterfly/multiplier/acc_reg[29]/C
                         clock pessimism              0.184    12.311    
                         clock uncertainty           -0.035    12.276    
                         FDRE (Setup_fdre_C_D)        0.044    12.320    lane1/core/inverse_butterfly/multiplier/acc_reg[29]
  -------------------------------------------------------------------
                         required time                         12.320    
                         arrival time                         -10.583    
  -------------------------------------------------------------------
                         slack                                  1.737    

Slack (MET) :             1.737ns  (required time - arrival time)
  Source:                 lane1/core/inverse_butterfly/multiplier/y_reg[0]/C
                            (rising edge-triggered cell FDRE clocked by clk  {rise@0.000ns fall@5.000ns period=10.000ns})
  Destination:            lane1/core/inverse_butterfly/multiplier/result_reg[29]/D
                            (rising edge-triggered cell FDRE clocked by clk  {rise@0.000ns fall@5.000ns period=10.000ns})
  Path Group:             clk
  Path Type:              Setup (Max at Slow Process Corner)
  Requirement:            10.000ns  (clk rise@10.000ns - clk rise@0.000ns)
  Data Path Delay:        8.127ns  (logic 4.569ns (56.220%)  route 3.558ns (43.780%))
  Logic Levels:           15  (CARRY4=10 LUT2=1 LUT3=1 LUT4=1 LUT5=1 LUT6=1)
  Clock Path Skew:        -0.145ns (DCD - SCD + CPR)
    Destination Clock Delay (DCD):    2.128ns = ( 12.128 - 10.000 ) 
    Source Clock Delay      (SCD):    2.456ns
    Clock Pessimism Removal (CPR):    0.184ns
  Clock Uncertainty:      0.035ns  ((TSJ^2 + TIJ^2)^1/2 + DJ) / 2 + PE
    Total System Jitter     (TSJ):    0.071ns
    Total Input Jitter      (TIJ):    0.000ns
    Discrete Jitter          (DJ):    0.000ns
    Phase Error              (PE):    0.000ns

    Location             Delay type                Incr(ns)  Path(ns)    Netlist Resource(s)
  -------------------------------------------------------------------    -------------------
                         (clock clk rise edge)        0.000     0.000 r  
                                                      0.000     0.000 r  clk (IN)
                         net (fo=0)                   0.000     0.000    clk
                         IBUF (Prop_ibuf_I_O)         0.972     0.972 r  clk_IBUF_inst/O
                         net (fo=1, unplaced)         0.800     1.771    clk_IBUF
                         BUFG (Prop_bufg_I_O)         0.101     1.872 r  clk_IBUF_BUFG_inst/O
                         net (fo=4174, unplaced)      0.584     2.456    lane1/core/inverse_butterfly/multiplier/clk_IBUF_BUFG
                         FDRE                                         r  lane1/core/inverse_butterfly/multiplier/y_reg[0]/C
  -------------------------------------------------------------------    -------------------
                         FDRE (Prop_fdre_C_Q)         0.478     2.934 r  lane1/core/inverse_butterfly/multiplier/y_reg[0]/Q
                         net (fo=64, unplaced)        0.829     3.763    lane1/core/inverse_butterfly/multiplier/y_reg_n_0_[0]
                         LUT4 (Prop_lut4_I1_O)        0.295     4.058 r  lane1/core/inverse_butterfly/multiplier/acc_minus_q1_carry_i_13__4/O
                         net (fo=1, unplaced)         0.000     4.058    lane1/core/inverse_butterfly/multiplier/acc_minus_q1_carry_i_13__4_n_0
                         CARRY4 (Prop_carry4_S[1]_CO[3])
                                                      0.533     4.591 r  lane1/core/inverse_butterfly/multiplier/acc_minus_q1_carry_i_10__4/CO[3]
                         net (fo=1, unplaced)         0.009     4.600    lane1/core/inverse_butterfly/multiplier/acc_minus_q1_carry_i_10__4_n_0
                         CARRY4 (Prop_carry4_CI_CO[3])
                                                      0.117     4.717 r  lane1/core/inverse_butterfly/multiplier/acc_minus_q1_carry__0_i_10__4/CO[3]
                         net (fo=1, unplaced)         0.000     4.717    lane1/core/inverse_butterfly/multiplier/acc_minus_q1_carry__0_i_10__4_n_0
                         CARRY4 (Prop_carry4_CI_CO[3])
                                                      0.117     4.834 r  lane1/core/inverse_butterfly/multiplier/acc_minus_q1_carry__1_i_10__4/CO[3]
                         net (fo=1, unplaced)         0.000     4.834    lane1/core/inverse_butterfly/multiplier/acc_minus_q1_carry__1_i_10__4_n_0
                         CARRY4 (Prop_carry4_CI_CO[3])
                                                      0.117     4.951 r  lane1/core/inverse_butterfly/multiplier/acc_minus_q1_carry__2_i_10__4/CO[3]
                         net (fo=1, unplaced)         0.000     4.951    lane1/core/inverse_butterfly/multiplier/acc_minus_q1_carry__2_i_10__4_n_0
                         CARRY4 (Prop_carry4_CI_CO[3])
                                                      0.117     5.068 r  lane1/core/inverse_butterfly/multiplier/acc_minus_q1_carry__3_i_10__4/CO[3]
                         net (fo=1, unplaced)         0.000     5.068    lane1/core/inverse_butterfly/multiplier/acc_minus_q1_carry__3_i_10__4_n_0
                         CARRY4 (Prop_carry4_CI_O[3])
                                                      0.331     5.399 r  lane1/core/inverse_butterfly/multiplier/acc_minus_q1_carry__4_i_10__4/O[3]
                         net (fo=1, unplaced)         0.618     6.017    lane1/core/inverse_butterfly/multiplier/selected_raw1[23]
                         LUT5 (Prop_lut5_I4_O)        0.307     6.324 r  lane1/core/inverse_butterfly/multiplier/acc_minus_q1_carry__4_i_6__4/O
                         net (fo=1, unplaced)         0.000     6.324    lane1/core/inverse_butterfly/multiplier/acc_minus_q1_carry__4_i_6__4_n_0
                         CARRY4 (Prop_carry4_S[3]_CO[3])
                                                      0.376     6.700 r  lane1/core/inverse_butterfly/multiplier/acc_minus_q1_carry__4_i_1__4/CO[3]
                         net (fo=1, unplaced)         0.000     6.700    lane1/core/inverse_butterfly/multiplier/acc_minus_q1_carry__4_i_1__4_n_0
                         CARRY4 (Prop_carry4_CI_O[3])
                                                      0.331     7.031 r  lane1/core/inverse_butterfly/multiplier/acc_minus_q1_carry__5_i_1__4/O[3]
                         net (fo=8, unplaced)         0.656     7.687    lane1/core/inverse_butterfly/multiplier/acc_minus_q1_carry__5_i_1__4_n_4
                         LUT2 (Prop_lut2_I0_O)        0.307     7.994 r  lane1/core/inverse_butterfly/multiplier/acc_minus_q1_carry__5_i_2__4/O
                         net (fo=1, unplaced)         0.000     7.994    lane1/core/inverse_butterfly/multiplier/acc_minus_q1_carry__5_i_2__4_n_0
                         CARRY4 (Prop_carry4_S[3]_CO[3])
                                                      0.376     8.370 r  lane1/core/inverse_butterfly/multiplier/acc_minus_q1_carry__5/CO[3]
                         net (fo=1, unplaced)         0.000     8.370    lane1/core/inverse_butterfly/multiplier/acc_minus_q1_carry__5_n_0
                         CARRY4 (Prop_carry4_CI_O[1])
                                                      0.337     8.707 r  lane1/core/inverse_butterfly/multiplier/acc_minus_q1_carry__6/O[1]
                         net (fo=1, unplaced)         0.997     9.704    lane1/core/inverse_butterfly/multiplier/acc_minus_q1_carry__6_n_6
                         LUT6 (Prop_lut6_I2_O)        0.306    10.010 r  lane1/core/inverse_butterfly/multiplier/acc[29]_i_2__10/O
                         net (fo=1, unplaced)         0.449    10.459    lane1/core/inverse_butterfly/multiplier/acc[29]_i_2__10_n_0
                         LUT3 (Prop_lut3_I2_O)        0.124    10.583 r  lane1/core/inverse_butterfly/multiplier/acc[29]_i_1__10/O
                         net (fo=2, unplaced)         0.000    10.583    lane1/core/inverse_butterfly/multiplier/next_acc[29]
                         FDRE                                         r  lane1/core/inverse_butterfly/multiplier/result_reg[29]/D
  -------------------------------------------------------------------    -------------------

                         (clock clk rise edge)       10.000    10.000 r  
                                                      0.000    10.000 r  clk (IN)
                         net (fo=0)                   0.000    10.000    clk
                         IBUF (Prop_ibuf_I_O)         0.838    10.838 r  clk_IBUF_inst/O
                         net (fo=1, unplaced)         0.760    11.598    clk_IBUF
                         BUFG (Prop_bufg_I_O)         0.091    11.689 r  clk_IBUF_BUFG_inst/O
                         net (fo=4174, unplaced)      0.439    12.128    lane1/core/inverse_butterfly/multiplier/clk_IBUF_BUFG
                         FDRE                                         r  lane1/core/inverse_butterfly/multiplier/result_reg[29]/C
                         clock pessimism              0.184    12.311    
                         clock uncertainty           -0.035    12.276    
                         FDRE (Setup_fdre_C_D)        0.044    12.320    lane1/core/inverse_butterfly/multiplier/result_reg[29]
  -------------------------------------------------------------------
                         required time                         12.320    
                         arrival time                         -10.583    
  -------------------------------------------------------------------
                         slack                                  1.737    

Slack (MET) :             1.760ns  (required time - arrival time)
  Source:                 lane0/core/forward_butterfly_lane_a/multiplier/y_reg[0]/C
                            (rising edge-triggered cell FDRE clocked by clk  {rise@0.000ns fall@5.000ns period=10.000ns})
  Destination:            lane0/core/forward_butterfly_lane_a/multiplier/acc_reg[31]/D
                            (rising edge-triggered cell FDRE clocked by clk  {rise@0.000ns fall@5.000ns period=10.000ns})
  Path Group:             clk
  Path Type:              Setup (Max at Slow Process Corner)
  Requirement:            10.000ns  (clk rise@10.000ns - clk rise@0.000ns)
  Data Path Delay:        8.104ns  (logic 4.645ns (57.317%)  route 3.459ns (42.683%))
  Logic Levels:           15  (CARRY4=10 LUT3=1 LUT4=2 LUT5=2)
  Clock Path Skew:        -0.145ns (DCD - SCD + CPR)
    Destination Clock Delay (DCD):    2.128ns = ( 12.128 - 10.000 ) 
    Source Clock Delay      (SCD):    2.456ns
    Clock Pessimism Removal (CPR):    0.184ns
  Clock Uncertainty:      0.035ns  ((TSJ^2 + TIJ^2)^1/2 + DJ) / 2 + PE
    Total System Jitter     (TSJ):    0.071ns
    Total Input Jitter      (TIJ):    0.000ns
    Discrete Jitter          (DJ):    0.000ns
    Phase Error              (PE):    0.000ns

    Location             Delay type                Incr(ns)  Path(ns)    Netlist Resource(s)
  -------------------------------------------------------------------    -------------------
                         (clock clk rise edge)        0.000     0.000 r  
                                                      0.000     0.000 r  clk (IN)
                         net (fo=0)                   0.000     0.000    clk
                         IBUF (Prop_ibuf_I_O)         0.972     0.972 r  clk_IBUF_inst/O
                         net (fo=1, unplaced)         0.800     1.771    clk_IBUF
                         BUFG (Prop_bufg_I_O)         0.101     1.872 r  clk_IBUF_BUFG_inst/O
                         net (fo=4174, unplaced)      0.584     2.456    lane0/core/forward_butterfly_lane_a/multiplier/clk_IBUF_BUFG
                         FDRE                                         r  lane0/core/forward_butterfly_lane_a/multiplier/y_reg[0]/C
  -------------------------------------------------------------------    -------------------
                         FDRE (Prop_fdre_C_Q)         0.478     2.934 r  lane0/core/forward_butterfly_lane_a/multiplier/y_reg[0]/Q
                         net (fo=64, unplaced)        0.829     3.763    lane0/core/forward_butterfly_lane_a/multiplier/y_reg_n_0_[0]
                         LUT4 (Prop_lut4_I1_O)        0.295     4.058 r  lane0/core/forward_butterfly_lane_a/multiplier/acc_minus_q1_carry_i_13/O
                         net (fo=1, unplaced)         0.000     4.058    lane0/core/forward_butterfly_lane_a/multiplier/acc_minus_q1_carry_i_13_n_0
                         CARRY4 (Prop_carry4_S[1]_CO[3])
                                                      0.533     4.591 r  lane0/core/forward_butterfly_lane_a/multiplier/acc_minus_q1_carry_i_10/CO[3]
                         net (fo=1, unplaced)         0.009     4.600    lane0/core/forward_butterfly_lane_a/multiplier/acc_minus_q1_carry_i_10_n_0
                         CARRY4 (Prop_carry4_CI_CO[3])
                                                      0.117     4.717 r  lane0/core/forward_butterfly_lane_a/multiplier/acc_minus_q1_carry__0_i_10/CO[3]
                         net (fo=1, unplaced)         0.000     4.717    lane0/core/forward_butterfly_lane_a/multiplier/acc_minus_q1_carry__0_i_10_n_0
                         CARRY4 (Prop_carry4_CI_CO[3])
                                                      0.117     4.834 r  lane0/core/forward_butterfly_lane_a/multiplier/acc_minus_q1_carry__1_i_10/CO[3]
                         net (fo=1, unplaced)         0.000     4.834    lane0/core/forward_butterfly_lane_a/multiplier/acc_minus_q1_carry__1_i_10_n_0
                         CARRY4 (Prop_carry4_CI_CO[3])
                                                      0.117     4.951 r  lane0/core/forward_butterfly_lane_a/multiplier/acc_minus_q1_carry__2_i_10/CO[3]
                         net (fo=1, unplaced)         0.000     4.951    lane0/core/forward_butterfly_lane_a/multiplier/acc_minus_q1_carry__2_i_10_n_0
                         CARRY4 (Prop_carry4_CI_CO[3])
                                                      0.117     5.068 r  lane0/core/forward_butterfly_lane_a/multiplier/acc_minus_q1_carry__3_i_10/CO[3]
                         net (fo=1, unplaced)         0.000     5.068    lane0/core/forward_butterfly_lane_a/multiplier/acc_minus_q1_carry__3_i_10_n_0
                         CARRY4 (Prop_carry4_CI_O[3])
                                                      0.331     5.399 r  lane0/core/forward_butterfly_lane_a/multiplier/acc_minus_q1_carry__4_i_10/O[3]
                         net (fo=1, unplaced)         0.618     6.017    lane0/core/forward_butterfly_lane_a/multiplier/selected_raw1[23]
                         LUT5 (Prop_lut5_I4_O)        0.307     6.324 r  lane0/core/forward_butterfly_lane_a/multiplier/acc_minus_q1_carry__4_i_6/O
                         net (fo=1, unplaced)         0.000     6.324    lane0/core/forward_butterfly_lane_a/multiplier/acc_minus_q1_carry__4_i_6_n_0
                         CARRY4 (Prop_carry4_S[3]_CO[3])
                                                      0.376     6.700 r  lane0/core/forward_butterfly_lane_a/multiplier/acc_minus_q1_carry__4_i_1/CO[3]
                         net (fo=1, unplaced)         0.000     6.700    lane0/core/forward_butterfly_lane_a/multiplier/acc_minus_q1_carry__4_i_1_n_0
                         CARRY4 (Prop_carry4_CI_O[1])
                                                      0.337     7.037 r  lane0/core/forward_butterfly_lane_a/multiplier/acc_minus_q1_carry__5_i_1/O[1]
                         net (fo=8, unplaced)         0.649     7.686    lane0/core/forward_butterfly_lane_a/multiplier/acc_minus_q1_carry__5_i_1_n_6
                         LUT4 (Prop_lut4_I1_O)        0.306     7.992 r  lane0/core/forward_butterfly_lane_a/multiplier/acc_minus_q2_carry__5_i_7/O
                         net (fo=1, unplaced)         0.000     7.992    lane0/core/forward_butterfly_lane_a/multiplier/acc_minus_q2_carry__5_i_7_n_0
                         CARRY4 (Prop_carry4_S[1]_CO[3])
                                                      0.533     8.525 r  lane0/core/forward_butterfly_lane_a/multiplier/acc_minus_q2_carry__5/CO[3]
                         net (fo=1, unplaced)         0.000     8.525    lane0/core/forward_butterfly_lane_a/multiplier/acc_minus_q2_carry__5_n_0
                         CARRY4 (Prop_carry4_CI_O[2])
                                                      0.256     8.781 r  lane0/core/forward_butterfly_lane_a/multiplier/acc_minus_q2_carry__6/O[2]
                         net (fo=1, unplaced)         0.905     9.686    lane0/core/forward_butterfly_lane_a/multiplier/acc_minus_q2_carry__6_n_5
                         LUT5 (Prop_lut5_I0_O)        0.301     9.987 r  lane0/core/forward_butterfly_lane_a/multiplier/acc[31]_i_4__1/O
                         net (fo=1, unplaced)         0.449    10.436    lane0/core/forward_butterfly_lane_a/multiplier/acc[31]_i_4__1_n_0
                         LUT3 (Prop_lut3_I2_O)        0.124    10.560 r  lane0/core/forward_butterfly_lane_a/multiplier/acc[31]_i_1__1/O
                         net (fo=2, unplaced)         0.000    10.560    lane0/core/forward_butterfly_lane_a/multiplier/next_acc[31]
                         FDRE                                         r  lane0/core/forward_butterfly_lane_a/multiplier/acc_reg[31]/D
  -------------------------------------------------------------------    -------------------

                         (clock clk rise edge)       10.000    10.000 r  
                                                      0.000    10.000 r  clk (IN)
                         net (fo=0)                   0.000    10.000    clk
                         IBUF (Prop_ibuf_I_O)         0.838    10.838 r  clk_IBUF_inst/O
                         net (fo=1, unplaced)         0.760    11.598    clk_IBUF
                         BUFG (Prop_bufg_I_O)         0.091    11.689 r  clk_IBUF_BUFG_inst/O
                         net (fo=4174, unplaced)      0.439    12.128    lane0/core/forward_butterfly_lane_a/multiplier/clk_IBUF_BUFG
                         FDRE                                         r  lane0/core/forward_butterfly_lane_a/multiplier/acc_reg[31]/C
                         clock pessimism              0.184    12.311    
                         clock uncertainty           -0.035    12.276    
                         FDRE (Setup_fdre_C_D)        0.044    12.320    lane0/core/forward_butterfly_lane_a/multiplier/acc_reg[31]
  -------------------------------------------------------------------
                         required time                         12.320    
                         arrival time                         -10.560    
  -------------------------------------------------------------------
                         slack                                  1.760    

Slack (MET) :             1.760ns  (required time - arrival time)
  Source:                 lane0/core/forward_butterfly_lane_a/multiplier/y_reg[0]/C
                            (rising edge-triggered cell FDRE clocked by clk  {rise@0.000ns fall@5.000ns period=10.000ns})
  Destination:            lane0/core/forward_butterfly_lane_a/multiplier/result_reg[31]/D
                            (rising edge-triggered cell FDRE clocked by clk  {rise@0.000ns fall@5.000ns period=10.000ns})
  Path Group:             clk
  Path Type:              Setup (Max at Slow Process Corner)
  Requirement:            10.000ns  (clk rise@10.000ns - clk rise@0.000ns)
  Data Path Delay:        8.104ns  (logic 4.645ns (57.317%)  route 3.459ns (42.683%))
  Logic Levels:           15  (CARRY4=10 LUT3=1 LUT4=2 LUT5=2)
  Clock Path Skew:        -0.145ns (DCD - SCD + CPR)
    Destination Clock Delay (DCD):    2.128ns = ( 12.128 - 10.000 ) 
    Source Clock Delay      (SCD):    2.456ns
    Clock Pessimism Removal (CPR):    0.184ns
  Clock Uncertainty:      0.035ns  ((TSJ^2 + TIJ^2)^1/2 + DJ) / 2 + PE
    Total System Jitter     (TSJ):    0.071ns
    Total Input Jitter      (TIJ):    0.000ns
    Discrete Jitter          (DJ):    0.000ns
    Phase Error              (PE):    0.000ns

    Location             Delay type                Incr(ns)  Path(ns)    Netlist Resource(s)
  -------------------------------------------------------------------    -------------------
                         (clock clk rise edge)        0.000     0.000 r  
                                                      0.000     0.000 r  clk (IN)
                         net (fo=0)                   0.000     0.000    clk
                         IBUF (Prop_ibuf_I_O)         0.972     0.972 r  clk_IBUF_inst/O
                         net (fo=1, unplaced)         0.800     1.771    clk_IBUF
                         BUFG (Prop_bufg_I_O)         0.101     1.872 r  clk_IBUF_BUFG_inst/O
                         net (fo=4174, unplaced)      0.584     2.456    lane0/core/forward_butterfly_lane_a/multiplier/clk_IBUF_BUFG
                         FDRE                                         r  lane0/core/forward_butterfly_lane_a/multiplier/y_reg[0]/C
  -------------------------------------------------------------------    -------------------
                         FDRE (Prop_fdre_C_Q)         0.478     2.934 r  lane0/core/forward_butterfly_lane_a/multiplier/y_reg[0]/Q
                         net (fo=64, unplaced)        0.829     3.763    lane0/core/forward_butterfly_lane_a/multiplier/y_reg_n_0_[0]
                         LUT4 (Prop_lut4_I1_O)        0.295     4.058 r  lane0/core/forward_butterfly_lane_a/multiplier/acc_minus_q1_carry_i_13/O
                         net (fo=1, unplaced)         0.000     4.058    lane0/core/forward_butterfly_lane_a/multiplier/acc_minus_q1_carry_i_13_n_0
                         CARRY4 (Prop_carry4_S[1]_CO[3])
                                                      0.533     4.591 r  lane0/core/forward_butterfly_lane_a/multiplier/acc_minus_q1_carry_i_10/CO[3]
                         net (fo=1, unplaced)         0.009     4.600    lane0/core/forward_butterfly_lane_a/multiplier/acc_minus_q1_carry_i_10_n_0
                         CARRY4 (Prop_carry4_CI_CO[3])
                                                      0.117     4.717 r  lane0/core/forward_butterfly_lane_a/multiplier/acc_minus_q1_carry__0_i_10/CO[3]
                         net (fo=1, unplaced)         0.000     4.717    lane0/core/forward_butterfly_lane_a/multiplier/acc_minus_q1_carry__0_i_10_n_0
                         CARRY4 (Prop_carry4_CI_CO[3])
                                                      0.117     4.834 r  lane0/core/forward_butterfly_lane_a/multiplier/acc_minus_q1_carry__1_i_10/CO[3]
                         net (fo=1, unplaced)         0.000     4.834    lane0/core/forward_butterfly_lane_a/multiplier/acc_minus_q1_carry__1_i_10_n_0
                         CARRY4 (Prop_carry4_CI_CO[3])
                                                      0.117     4.951 r  lane0/core/forward_butterfly_lane_a/multiplier/acc_minus_q1_carry__2_i_10/CO[3]
                         net (fo=1, unplaced)         0.000     4.951    lane0/core/forward_butterfly_lane_a/multiplier/acc_minus_q1_carry__2_i_10_n_0
                         CARRY4 (Prop_carry4_CI_CO[3])
                                                      0.117     5.068 r  lane0/core/forward_butterfly_lane_a/multiplier/acc_minus_q1_carry__3_i_10/CO[3]
                         net (fo=1, unplaced)         0.000     5.068    lane0/core/forward_butterfly_lane_a/multiplier/acc_minus_q1_carry__3_i_10_n_0
                         CARRY4 (Prop_carry4_CI_O[3])
                                                      0.331     5.399 r  lane0/core/forward_butterfly_lane_a/multiplier/acc_minus_q1_carry__4_i_10/O[3]
                         net (fo=1, unplaced)         0.618     6.017    lane0/core/forward_butterfly_lane_a/multiplier/selected_raw1[23]
                         LUT5 (Prop_lut5_I4_O)        0.307     6.324 r  lane0/core/forward_butterfly_lane_a/multiplier/acc_minus_q1_carry__4_i_6/O
                         net (fo=1, unplaced)         0.000     6.324    lane0/core/forward_butterfly_lane_a/multiplier/acc_minus_q1_carry__4_i_6_n_0
                         CARRY4 (Prop_carry4_S[3]_CO[3])
                                                      0.376     6.700 r  lane0/core/forward_butterfly_lane_a/multiplier/acc_minus_q1_carry__4_i_1/CO[3]
                         net (fo=1, unplaced)         0.000     6.700    lane0/core/forward_butterfly_lane_a/multiplier/acc_minus_q1_carry__4_i_1_n_0
                         CARRY4 (Prop_carry4_CI_O[1])
                                                      0.337     7.037 r  lane0/core/forward_butterfly_lane_a/multiplier/acc_minus_q1_carry__5_i_1/O[1]
                         net (fo=8, unplaced)         0.649     7.686    lane0/core/forward_butterfly_lane_a/multiplier/acc_minus_q1_carry__5_i_1_n_6
                         LUT4 (Prop_lut4_I1_O)        0.306     7.992 r  lane0/core/forward_butterfly_lane_a/multiplier/acc_minus_q2_carry__5_i_7/O
                         net (fo=1, unplaced)         0.000     7.992    lane0/core/forward_butterfly_lane_a/multiplier/acc_minus_q2_carry__5_i_7_n_0
                         CARRY4 (Prop_carry4_S[1]_CO[3])
                                                      0.533     8.525 r  lane0/core/forward_butterfly_lane_a/multiplier/acc_minus_q2_carry__5/CO[3]
                         net (fo=1, unplaced)         0.000     8.525    lane0/core/forward_butterfly_lane_a/multiplier/acc_minus_q2_carry__5_n_0
                         CARRY4 (Prop_carry4_CI_O[2])
                                                      0.256     8.781 r  lane0/core/forward_butterfly_lane_a/multiplier/acc_minus_q2_carry__6/O[2]
                         net (fo=1, unplaced)         0.905     9.686    lane0/core/forward_butterfly_lane_a/multiplier/acc_minus_q2_carry__6_n_5
                         LUT5 (Prop_lut5_I0_O)        0.301     9.987 r  lane0/core/forward_butterfly_lane_a/multiplier/acc[31]_i_4__1/O
                         net (fo=1, unplaced)         0.449    10.436    lane0/core/forward_butterfly_lane_a/multiplier/acc[31]_i_4__1_n_0
                         LUT3 (Prop_lut3_I2_O)        0.124    10.560 r  lane0/core/forward_butterfly_lane_a/multiplier/acc[31]_i_1__1/O
                         net (fo=2, unplaced)         0.000    10.560    lane0/core/forward_butterfly_lane_a/multiplier/next_acc[31]
                         FDRE                                         r  lane0/core/forward_butterfly_lane_a/multiplier/result_reg[31]/D
  -------------------------------------------------------------------    -------------------

                         (clock clk rise edge)       10.000    10.000 r  
                                                      0.000    10.000 r  clk (IN)
                         net (fo=0)                   0.000    10.000    clk
                         IBUF (Prop_ibuf_I_O)         0.838    10.838 r  clk_IBUF_inst/O
                         net (fo=1, unplaced)         0.760    11.598    clk_IBUF
                         BUFG (Prop_bufg_I_O)         0.091    11.689 r  clk_IBUF_BUFG_inst/O
                         net (fo=4174, unplaced)      0.439    12.128    lane0/core/forward_butterfly_lane_a/multiplier/clk_IBUF_BUFG
                         FDRE                                         r  lane0/core/forward_butterfly_lane_a/multiplier/result_reg[31]/C
                         clock pessimism              0.184    12.311    
                         clock uncertainty           -0.035    12.276    
                         FDRE (Setup_fdre_C_D)        0.044    12.320    lane0/core/forward_butterfly_lane_a/multiplier/result_reg[31]
  -------------------------------------------------------------------
                         required time                         12.320    
                         arrival time                         -10.560    
  -------------------------------------------------------------------
                         slack                                  1.760    

Slack (MET) :             1.760ns  (required time - arrival time)
  Source:                 lane0/core/forward_butterfly_lane_b/multiplier/y_reg[0]/C
                            (rising edge-triggered cell FDRE clocked by clk  {rise@0.000ns fall@5.000ns period=10.000ns})
  Destination:            lane0/core/forward_butterfly_lane_b/multiplier/acc_reg[31]/D
                            (rising edge-triggered cell FDRE clocked by clk  {rise@0.000ns fall@5.000ns period=10.000ns})
  Path Group:             clk
  Path Type:              Setup (Max at Slow Process Corner)
  Requirement:            10.000ns  (clk rise@10.000ns - clk rise@0.000ns)
  Data Path Delay:        8.104ns  (logic 4.645ns (57.317%)  route 3.459ns (42.683%))
  Logic Levels:           15  (CARRY4=10 LUT3=1 LUT4=2 LUT5=2)
  Clock Path Skew:        -0.145ns (DCD - SCD + CPR)
    Destination Clock Delay (DCD):    2.128ns = ( 12.128 - 10.000 ) 
    Source Clock Delay      (SCD):    2.456ns
    Clock Pessimism Removal (CPR):    0.184ns
  Clock Uncertainty:      0.035ns  ((TSJ^2 + TIJ^2)^1/2 + DJ) / 2 + PE
    Total System Jitter     (TSJ):    0.071ns
    Total Input Jitter      (TIJ):    0.000ns
    Discrete Jitter          (DJ):    0.000ns
    Phase Error              (PE):    0.000ns

    Location             Delay type                Incr(ns)  Path(ns)    Netlist Resource(s)
  -------------------------------------------------------------------    -------------------
                         (clock clk rise edge)        0.000     0.000 r  
                                                      0.000     0.000 r  clk (IN)
                         net (fo=0)                   0.000     0.000    clk
                         IBUF (Prop_ibuf_I_O)         0.972     0.972 r  clk_IBUF_inst/O
                         net (fo=1, unplaced)         0.800     1.771    clk_IBUF
                         BUFG (Prop_bufg_I_O)         0.101     1.872 r  clk_IBUF_BUFG_inst/O
                         net (fo=4174, unplaced)      0.584     2.456    lane0/core/forward_butterfly_lane_b/multiplier/clk_IBUF_BUFG
                         FDRE                                         r  lane0/core/forward_butterfly_lane_b/multiplier/y_reg[0]/C
  -------------------------------------------------------------------    -------------------
                         FDRE (Prop_fdre_C_Q)         0.478     2.934 r  lane0/core/forward_butterfly_lane_b/multiplier/y_reg[0]/Q
                         net (fo=64, unplaced)        0.829     3.763    lane0/core/forward_butterfly_lane_b/multiplier/y_reg_n_0_[0]
                         LUT4 (Prop_lut4_I1_O)        0.295     4.058 r  lane0/core/forward_butterfly_lane_b/multiplier/acc_minus_q1_carry_i_13__0/O
                         net (fo=1, unplaced)         0.000     4.058    lane0/core/forward_butterfly_lane_b/multiplier/acc_minus_q1_carry_i_13__0_n_0
                         CARRY4 (Prop_carry4_S[1]_CO[3])
                                                      0.533     4.591 r  lane0/core/forward_butterfly_lane_b/multiplier/acc_minus_q1_carry_i_10__0/CO[3]
                         net (fo=1, unplaced)         0.009     4.600    lane0/core/forward_butterfly_lane_b/multiplier/acc_minus_q1_carry_i_10__0_n_0
                         CARRY4 (Prop_carry4_CI_CO[3])
                                                      0.117     4.717 r  lane0/core/forward_butterfly_lane_b/multiplier/acc_minus_q1_carry__0_i_10__0/CO[3]
                         net (fo=1, unplaced)         0.000     4.717    lane0/core/forward_butterfly_lane_b/multiplier/acc_minus_q1_carry__0_i_10__0_n_0
                         CARRY4 (Prop_carry4_CI_CO[3])
                                                      0.117     4.834 r  lane0/core/forward_butterfly_lane_b/multiplier/acc_minus_q1_carry__1_i_10__0/CO[3]
                         net (fo=1, unplaced)         0.000     4.834    lane0/core/forward_butterfly_lane_b/multiplier/acc_minus_q1_carry__1_i_10__0_n_0
                         CARRY4 (Prop_carry4_CI_CO[3])
                                                      0.117     4.951 r  lane0/core/forward_butterfly_lane_b/multiplier/acc_minus_q1_carry__2_i_10__0/CO[3]
                         net (fo=1, unplaced)         0.000     4.951    lane0/core/forward_butterfly_lane_b/multiplier/acc_minus_q1_carry__2_i_10__0_n_0
                         CARRY4 (Prop_carry4_CI_CO[3])
                                                      0.117     5.068 r  lane0/core/forward_butterfly_lane_b/multiplier/acc_minus_q1_carry__3_i_10__0/CO[3]
                         net (fo=1, unplaced)         0.000     5.068    lane0/core/forward_butterfly_lane_b/multiplier/acc_minus_q1_carry__3_i_10__0_n_0
                         CARRY4 (Prop_carry4_CI_O[3])
                                                      0.331     5.399 r  lane0/core/forward_butterfly_lane_b/multiplier/acc_minus_q1_carry__4_i_10__0/O[3]
                         net (fo=1, unplaced)         0.618     6.017    lane0/core/forward_butterfly_lane_b/multiplier/selected_raw1[23]
                         LUT5 (Prop_lut5_I4_O)        0.307     6.324 r  lane0/core/forward_butterfly_lane_b/multiplier/acc_minus_q1_carry__4_i_6__0/O
                         net (fo=1, unplaced)         0.000     6.324    lane0/core/forward_butterfly_lane_b/multiplier/acc_minus_q1_carry__4_i_6__0_n_0
                         CARRY4 (Prop_carry4_S[3]_CO[3])
                                                      0.376     6.700 r  lane0/core/forward_butterfly_lane_b/multiplier/acc_minus_q1_carry__4_i_1__0/CO[3]
                         net (fo=1, unplaced)         0.000     6.700    lane0/core/forward_butterfly_lane_b/multiplier/acc_minus_q1_carry__4_i_1__0_n_0
                         CARRY4 (Prop_carry4_CI_O[1])
                                                      0.337     7.037 r  lane0/core/forward_butterfly_lane_b/multiplier/acc_minus_q1_carry__5_i_1__0/O[1]
                         net (fo=8, unplaced)         0.649     7.686    lane0/core/forward_butterfly_lane_b/multiplier/acc_minus_q1_carry__5_i_1__0_n_6
                         LUT4 (Prop_lut4_I1_O)        0.306     7.992 r  lane0/core/forward_butterfly_lane_b/multiplier/acc_minus_q2_carry__5_i_7__0/O
                         net (fo=1, unplaced)         0.000     7.992    lane0/core/forward_butterfly_lane_b/multiplier/acc_minus_q2_carry__5_i_7__0_n_0
                         CARRY4 (Prop_carry4_S[1]_CO[3])
                                                      0.533     8.525 r  lane0/core/forward_butterfly_lane_b/multiplier/acc_minus_q2_carry__5/CO[3]
                         net (fo=1, unplaced)         0.000     8.525    lane0/core/forward_butterfly_lane_b/multiplier/acc_minus_q2_carry__5_n_0
                         CARRY4 (Prop_carry4_CI_O[2])
                                                      0.256     8.781 r  lane0/core/forward_butterfly_lane_b/multiplier/acc_minus_q2_carry__6/O[2]
                         net (fo=1, unplaced)         0.905     9.686    lane0/core/forward_butterfly_lane_b/multiplier/acc_minus_q2_carry__6_n_5
                         LUT5 (Prop_lut5_I0_O)        0.301     9.987 r  lane0/core/forward_butterfly_lane_b/multiplier/acc[31]_i_4__2/O
                         net (fo=1, unplaced)         0.449    10.436    lane0/core/forward_butterfly_lane_b/multiplier/acc[31]_i_4__2_n_0
                         LUT3 (Prop_lut3_I2_O)        0.124    10.560 r  lane0/core/forward_butterfly_lane_b/multiplier/acc[31]_i_1__2/O
                         net (fo=2, unplaced)         0.000    10.560    lane0/core/forward_butterfly_lane_b/multiplier/next_acc[31]
                         FDRE                                         r  lane0/core/forward_butterfly_lane_b/multiplier/acc_reg[31]/D
  -------------------------------------------------------------------    -------------------

                         (clock clk rise edge)       10.000    10.000 r  
                                                      0.000    10.000 r  clk (IN)
                         net (fo=0)                   0.000    10.000    clk
                         IBUF (Prop_ibuf_I_O)         0.838    10.838 r  clk_IBUF_inst/O
                         net (fo=1, unplaced)         0.760    11.598    clk_IBUF
                         BUFG (Prop_bufg_I_O)         0.091    11.689 r  clk_IBUF_BUFG_inst/O
                         net (fo=4174, unplaced)      0.439    12.128    lane0/core/forward_butterfly_lane_b/multiplier/clk_IBUF_BUFG
                         FDRE                                         r  lane0/core/forward_butterfly_lane_b/multiplier/acc_reg[31]/C
                         clock pessimism              0.184    12.311    
                         clock uncertainty           -0.035    12.276    
                         FDRE (Setup_fdre_C_D)        0.044    12.320    lane0/core/forward_butterfly_lane_b/multiplier/acc_reg[31]
  -------------------------------------------------------------------
                         required time                         12.320    
                         arrival time                         -10.560    
  -------------------------------------------------------------------
                         slack                                  1.760    

Slack (MET) :             1.760ns  (required time - arrival time)
  Source:                 lane0/core/forward_butterfly_lane_b/multiplier/y_reg[0]/C
                            (rising edge-triggered cell FDRE clocked by clk  {rise@0.000ns fall@5.000ns period=10.000ns})
  Destination:            lane0/core/forward_butterfly_lane_b/multiplier/result_reg[31]/D
                            (rising edge-triggered cell FDRE clocked by clk  {rise@0.000ns fall@5.000ns period=10.000ns})
  Path Group:             clk
  Path Type:              Setup (Max at Slow Process Corner)
  Requirement:            10.000ns  (clk rise@10.000ns - clk rise@0.000ns)
  Data Path Delay:        8.104ns  (logic 4.645ns (57.317%)  route 3.459ns (42.683%))
  Logic Levels:           15  (CARRY4=10 LUT3=1 LUT4=2 LUT5=2)
  Clock Path Skew:        -0.145ns (DCD - SCD + CPR)
    Destination Clock Delay (DCD):    2.128ns = ( 12.128 - 10.000 ) 
    Source Clock Delay      (SCD):    2.456ns
    Clock Pessimism Removal (CPR):    0.184ns
  Clock Uncertainty:      0.035ns  ((TSJ^2 + TIJ^2)^1/2 + DJ) / 2 + PE
    Total System Jitter     (TSJ):    0.071ns
    Total Input Jitter      (TIJ):    0.000ns
    Discrete Jitter          (DJ):    0.000ns
    Phase Error              (PE):    0.000ns

    Location             Delay type                Incr(ns)  Path(ns)    Netlist Resource(s)
  -------------------------------------------------------------------    -------------------
                         (clock clk rise edge)        0.000     0.000 r  
                                                      0.000     0.000 r  clk (IN)
                         net (fo=0)                   0.000     0.000    clk
                         IBUF (Prop_ibuf_I_O)         0.972     0.972 r  clk_IBUF_inst/O
                         net (fo=1, unplaced)         0.800     1.771    clk_IBUF
                         BUFG (Prop_bufg_I_O)         0.101     1.872 r  clk_IBUF_BUFG_inst/O
                         net (fo=4174, unplaced)      0.584     2.456    lane0/core/forward_butterfly_lane_b/multiplier/clk_IBUF_BUFG
                         FDRE                                         r  lane0/core/forward_butterfly_lane_b/multiplier/y_reg[0]/C
  -------------------------------------------------------------------    -------------------
                         FDRE (Prop_fdre_C_Q)         0.478     2.934 r  lane0/core/forward_butterfly_lane_b/multiplier/y_reg[0]/Q
                         net (fo=64, unplaced)        0.829     3.763    lane0/core/forward_butterfly_lane_b/multiplier/y_reg_n_0_[0]
                         LUT4 (Prop_lut4_I1_O)        0.295     4.058 r  lane0/core/forward_butterfly_lane_b/multiplier/acc_minus_q1_carry_i_13__0/O
                         net (fo=1, unplaced)         0.000     4.058    lane0/core/forward_butterfly_lane_b/multiplier/acc_minus_q1_carry_i_13__0_n_0
                         CARRY4 (Prop_carry4_S[1]_CO[3])
                                                      0.533     4.591 r  lane0/core/forward_butterfly_lane_b/multiplier/acc_minus_q1_carry_i_10__0/CO[3]
                         net (fo=1, unplaced)         0.009     4.600    lane0/core/forward_butterfly_lane_b/multiplier/acc_minus_q1_carry_i_10__0_n_0
                         CARRY4 (Prop_carry4_CI_CO[3])
                                                      0.117     4.717 r  lane0/core/forward_butterfly_lane_b/multiplier/acc_minus_q1_carry__0_i_10__0/CO[3]
                         net (fo=1, unplaced)         0.000     4.717    lane0/core/forward_butterfly_lane_b/multiplier/acc_minus_q1_carry__0_i_10__0_n_0
                         CARRY4 (Prop_carry4_CI_CO[3])
                                                      0.117     4.834 r  lane0/core/forward_butterfly_lane_b/multiplier/acc_minus_q1_carry__1_i_10__0/CO[3]
                         net (fo=1, unplaced)         0.000     4.834    lane0/core/forward_butterfly_lane_b/multiplier/acc_minus_q1_carry__1_i_10__0_n_0
                         CARRY4 (Prop_carry4_CI_CO[3])
                                                      0.117     4.951 r  lane0/core/forward_butterfly_lane_b/multiplier/acc_minus_q1_carry__2_i_10__0/CO[3]
                         net (fo=1, unplaced)         0.000     4.951    lane0/core/forward_butterfly_lane_b/multiplier/acc_minus_q1_carry__2_i_10__0_n_0
                         CARRY4 (Prop_carry4_CI_CO[3])
                                                      0.117     5.068 r  lane0/core/forward_butterfly_lane_b/multiplier/acc_minus_q1_carry__3_i_10__0/CO[3]
                         net (fo=1, unplaced)         0.000     5.068    lane0/core/forward_butterfly_lane_b/multiplier/acc_minus_q1_carry__3_i_10__0_n_0
                         CARRY4 (Prop_carry4_CI_O[3])
                                                      0.331     5.399 r  lane0/core/forward_butterfly_lane_b/multiplier/acc_minus_q1_carry__4_i_10__0/O[3]
                         net (fo=1, unplaced)         0.618     6.017    lane0/core/forward_butterfly_lane_b/multiplier/selected_raw1[23]
                         LUT5 (Prop_lut5_I4_O)        0.307     6.324 r  lane0/core/forward_butterfly_lane_b/multiplier/acc_minus_q1_carry__4_i_6__0/O
                         net (fo=1, unplaced)         0.000     6.324    lane0/core/forward_butterfly_lane_b/multiplier/acc_minus_q1_carry__4_i_6__0_n_0
                         CARRY4 (Prop_carry4_S[3]_CO[3])
                                                      0.376     6.700 r  lane0/core/forward_butterfly_lane_b/multiplier/acc_minus_q1_carry__4_i_1__0/CO[3]
                         net (fo=1, unplaced)         0.000     6.700    lane0/core/forward_butterfly_lane_b/multiplier/acc_minus_q1_carry__4_i_1__0_n_0
                         CARRY4 (Prop_carry4_CI_O[1])
                                                      0.337     7.037 r  lane0/core/forward_butterfly_lane_b/multiplier/acc_minus_q1_carry__5_i_1__0/O[1]
                         net (fo=8, unplaced)         0.649     7.686    lane0/core/forward_butterfly_lane_b/multiplier/acc_minus_q1_carry__5_i_1__0_n_6
                         LUT4 (Prop_lut4_I1_O)        0.306     7.992 r  lane0/core/forward_butterfly_lane_b/multiplier/acc_minus_q2_carry__5_i_7__0/O
                         net (fo=1, unplaced)         0.000     7.992    lane0/core/forward_butterfly_lane_b/multiplier/acc_minus_q2_carry__5_i_7__0_n_0
                         CARRY4 (Prop_carry4_S[1]_CO[3])
                                                      0.533     8.525 r  lane0/core/forward_butterfly_lane_b/multiplier/acc_minus_q2_carry__5/CO[3]
                         net (fo=1, unplaced)         0.000     8.525    lane0/core/forward_butterfly_lane_b/multiplier/acc_minus_q2_carry__5_n_0
                         CARRY4 (Prop_carry4_CI_O[2])
                                                      0.256     8.781 r  lane0/core/forward_butterfly_lane_b/multiplier/acc_minus_q2_carry__6/O[2]
                         net (fo=1, unplaced)         0.905     9.686    lane0/core/forward_butterfly_lane_b/multiplier/acc_minus_q2_carry__6_n_5
                         LUT5 (Prop_lut5_I0_O)        0.301     9.987 r  lane0/core/forward_butterfly_lane_b/multiplier/acc[31]_i_4__2/O
                         net (fo=1, unplaced)         0.449    10.436    lane0/core/forward_butterfly_lane_b/multiplier/acc[31]_i_4__2_n_0
                         LUT3 (Prop_lut3_I2_O)        0.124    10.560 r  lane0/core/forward_butterfly_lane_b/multiplier/acc[31]_i_1__2/O
                         net (fo=2, unplaced)         0.000    10.560    lane0/core/forward_butterfly_lane_b/multiplier/next_acc[31]
                         FDRE                                         r  lane0/core/forward_butterfly_lane_b/multiplier/result_reg[31]/D
  -------------------------------------------------------------------    -------------------

                         (clock clk rise edge)       10.000    10.000 r  
                                                      0.000    10.000 r  clk (IN)
                         net (fo=0)                   0.000    10.000    clk
                         IBUF (Prop_ibuf_I_O)         0.838    10.838 r  clk_IBUF_inst/O
                         net (fo=1, unplaced)         0.760    11.598    clk_IBUF
                         BUFG (Prop_bufg_I_O)         0.091    11.689 r  clk_IBUF_BUFG_inst/O
                         net (fo=4174, unplaced)      0.439    12.128    lane0/core/forward_butterfly_lane_b/multiplier/clk_IBUF_BUFG
                         FDRE                                         r  lane0/core/forward_butterfly_lane_b/multiplier/result_reg[31]/C
                         clock pessimism              0.184    12.311    
                         clock uncertainty           -0.035    12.276    
                         FDRE (Setup_fdre_C_D)        0.044    12.320    lane0/core/forward_butterfly_lane_b/multiplier/result_reg[31]
  -------------------------------------------------------------------
                         required time                         12.320    
                         arrival time                         -10.560    
  -------------------------------------------------------------------
                         slack                                  1.760    

Slack (MET) :             1.760ns  (required time - arrival time)
  Source:                 lane1/core/forward_butterfly_lane_a/multiplier/y_reg[0]/C
                            (rising edge-triggered cell FDRE clocked by clk  {rise@0.000ns fall@5.000ns period=10.000ns})
  Destination:            lane1/core/forward_butterfly_lane_a/multiplier/acc_reg[31]/D
                            (rising edge-triggered cell FDRE clocked by clk  {rise@0.000ns fall@5.000ns period=10.000ns})
  Path Group:             clk
  Path Type:              Setup (Max at Slow Process Corner)
  Requirement:            10.000ns  (clk rise@10.000ns - clk rise@0.000ns)
  Data Path Delay:        8.104ns  (logic 4.645ns (57.317%)  route 3.459ns (42.683%))
  Logic Levels:           15  (CARRY4=10 LUT3=1 LUT4=2 LUT5=2)
  Clock Path Skew:        -0.145ns (DCD - SCD + CPR)
    Destination Clock Delay (DCD):    2.128ns = ( 12.128 - 10.000 ) 
    Source Clock Delay      (SCD):    2.456ns
    Clock Pessimism Removal (CPR):    0.184ns
  Clock Uncertainty:      0.035ns  ((TSJ^2 + TIJ^2)^1/2 + DJ) / 2 + PE
    Total System Jitter     (TSJ):    0.071ns
    Total Input Jitter      (TIJ):    0.000ns
    Discrete Jitter          (DJ):    0.000ns
    Phase Error              (PE):    0.000ns

    Location             Delay type                Incr(ns)  Path(ns)    Netlist Resource(s)
  -------------------------------------------------------------------    -------------------
                         (clock clk rise edge)        0.000     0.000 r  
                                                      0.000     0.000 r  clk (IN)
                         net (fo=0)                   0.000     0.000    clk
                         IBUF (Prop_ibuf_I_O)         0.972     0.972 r  clk_IBUF_inst/O
                         net (fo=1, unplaced)         0.800     1.771    clk_IBUF
                         BUFG (Prop_bufg_I_O)         0.101     1.872 r  clk_IBUF_BUFG_inst/O
                         net (fo=4174, unplaced)      0.584     2.456    lane1/core/forward_butterfly_lane_a/multiplier/clk_IBUF_BUFG
                         FDRE                                         r  lane1/core/forward_butterfly_lane_a/multiplier/y_reg[0]/C
  -------------------------------------------------------------------    -------------------
                         FDRE (Prop_fdre_C_Q)         0.478     2.934 r  lane1/core/forward_butterfly_lane_a/multiplier/y_reg[0]/Q
                         net (fo=64, unplaced)        0.829     3.763    lane1/core/forward_butterfly_lane_a/multiplier/y_reg_n_0_[0]
                         LUT4 (Prop_lut4_I1_O)        0.295     4.058 r  lane1/core/forward_butterfly_lane_a/multiplier/acc_minus_q1_carry_i_13__2/O
                         net (fo=1, unplaced)         0.000     4.058    lane1/core/forward_butterfly_lane_a/multiplier/acc_minus_q1_carry_i_13__2_n_0
                         CARRY4 (Prop_carry4_S[1]_CO[3])
                                                      0.533     4.591 r  lane1/core/forward_butterfly_lane_a/multiplier/acc_minus_q1_carry_i_10__2/CO[3]
                         net (fo=1, unplaced)         0.009     4.600    lane1/core/forward_butterfly_lane_a/multiplier/acc_minus_q1_carry_i_10__2_n_0
                         CARRY4 (Prop_carry4_CI_CO[3])
                                                      0.117     4.717 r  lane1/core/forward_butterfly_lane_a/multiplier/acc_minus_q1_carry__0_i_10__2/CO[3]
                         net (fo=1, unplaced)         0.000     4.717    lane1/core/forward_butterfly_lane_a/multiplier/acc_minus_q1_carry__0_i_10__2_n_0
                         CARRY4 (Prop_carry4_CI_CO[3])
                                                      0.117     4.834 r  lane1/core/forward_butterfly_lane_a/multiplier/acc_minus_q1_carry__1_i_10__2/CO[3]
                         net (fo=1, unplaced)         0.000     4.834    lane1/core/forward_butterfly_lane_a/multiplier/acc_minus_q1_carry__1_i_10__2_n_0
                         CARRY4 (Prop_carry4_CI_CO[3])
                                                      0.117     4.951 r  lane1/core/forward_butterfly_lane_a/multiplier/acc_minus_q1_carry__2_i_10__2/CO[3]
                         net (fo=1, unplaced)         0.000     4.951    lane1/core/forward_butterfly_lane_a/multiplier/acc_minus_q1_carry__2_i_10__2_n_0
                         CARRY4 (Prop_carry4_CI_CO[3])
                                                      0.117     5.068 r  lane1/core/forward_butterfly_lane_a/multiplier/acc_minus_q1_carry__3_i_10__2/CO[3]
                         net (fo=1, unplaced)         0.000     5.068    lane1/core/forward_butterfly_lane_a/multiplier/acc_minus_q1_carry__3_i_10__2_n_0
                         CARRY4 (Prop_carry4_CI_O[3])
                                                      0.331     5.399 r  lane1/core/forward_butterfly_lane_a/multiplier/acc_minus_q1_carry__4_i_10__2/O[3]
                         net (fo=1, unplaced)         0.618     6.017    lane1/core/forward_butterfly_lane_a/multiplier/selected_raw1[23]
                         LUT5 (Prop_lut5_I4_O)        0.307     6.324 r  lane1/core/forward_butterfly_lane_a/multiplier/acc_minus_q1_carry__4_i_6__2/O
                         net (fo=1, unplaced)         0.000     6.324    lane1/core/forward_butterfly_lane_a/multiplier/acc_minus_q1_carry__4_i_6__2_n_0
                         CARRY4 (Prop_carry4_S[3]_CO[3])
                                                      0.376     6.700 r  lane1/core/forward_butterfly_lane_a/multiplier/acc_minus_q1_carry__4_i_1__2/CO[3]
                         net (fo=1, unplaced)         0.000     6.700    lane1/core/forward_butterfly_lane_a/multiplier/acc_minus_q1_carry__4_i_1__2_n_0
                         CARRY4 (Prop_carry4_CI_O[1])
                                                      0.337     7.037 r  lane1/core/forward_butterfly_lane_a/multiplier/acc_minus_q1_carry__5_i_1__2/O[1]
                         net (fo=8, unplaced)         0.649     7.686    lane1/core/forward_butterfly_lane_a/multiplier/acc_minus_q1_carry__5_i_1__2_n_6
                         LUT4 (Prop_lut4_I1_O)        0.306     7.992 r  lane1/core/forward_butterfly_lane_a/multiplier/acc_minus_q2_carry__5_i_7__2/O
                         net (fo=1, unplaced)         0.000     7.992    lane1/core/forward_butterfly_lane_a/multiplier/acc_minus_q2_carry__5_i_7__2_n_0
                         CARRY4 (Prop_carry4_S[1]_CO[3])
                                                      0.533     8.525 r  lane1/core/forward_butterfly_lane_a/multiplier/acc_minus_q2_carry__5/CO[3]
                         net (fo=1, unplaced)         0.000     8.525    lane1/core/forward_butterfly_lane_a/multiplier/acc_minus_q2_carry__5_n_0
                         CARRY4 (Prop_carry4_CI_O[2])
                                                      0.256     8.781 r  lane1/core/forward_butterfly_lane_a/multiplier/acc_minus_q2_carry__6/O[2]
                         net (fo=1, unplaced)         0.905     9.686    lane1/core/forward_butterfly_lane_a/multiplier/acc_minus_q2_carry__6_n_5
                         LUT5 (Prop_lut5_I0_O)        0.301     9.987 r  lane1/core/forward_butterfly_lane_a/multiplier/acc[31]_i_4__7/O
                         net (fo=1, unplaced)         0.449    10.436    lane1/core/forward_butterfly_lane_a/multiplier/acc[31]_i_4__7_n_0
                         LUT3 (Prop_lut3_I2_O)        0.124    10.560 r  lane1/core/forward_butterfly_lane_a/multiplier/acc[31]_i_1__7/O
                         net (fo=2, unplaced)         0.000    10.560    lane1/core/forward_butterfly_lane_a/multiplier/next_acc[31]
                         FDRE                                         r  lane1/core/forward_butterfly_lane_a/multiplier/acc_reg[31]/D
  -------------------------------------------------------------------    -------------------

                         (clock clk rise edge)       10.000    10.000 r  
                                                      0.000    10.000 r  clk (IN)
                         net (fo=0)                   0.000    10.000    clk
                         IBUF (Prop_ibuf_I_O)         0.838    10.838 r  clk_IBUF_inst/O
                         net (fo=1, unplaced)         0.760    11.598    clk_IBUF
                         BUFG (Prop_bufg_I_O)         0.091    11.689 r  clk_IBUF_BUFG_inst/O
                         net (fo=4174, unplaced)      0.439    12.128    lane1/core/forward_butterfly_lane_a/multiplier/clk_IBUF_BUFG
                         FDRE                                         r  lane1/core/forward_butterfly_lane_a/multiplier/acc_reg[31]/C
                         clock pessimism              0.184    12.311    
                         clock uncertainty           -0.035    12.276    
                         FDRE (Setup_fdre_C_D)        0.044    12.320    lane1/core/forward_butterfly_lane_a/multiplier/acc_reg[31]
  -------------------------------------------------------------------
                         required time                         12.320    
                         arrival time                         -10.560    
  -------------------------------------------------------------------
                         slack                                  1.760    

Slack (MET) :             1.760ns  (required time - arrival time)
  Source:                 lane1/core/forward_butterfly_lane_a/multiplier/y_reg[0]/C
                            (rising edge-triggered cell FDRE clocked by clk  {rise@0.000ns fall@5.000ns period=10.000ns})
  Destination:            lane1/core/forward_butterfly_lane_a/multiplier/result_reg[31]/D
                            (rising edge-triggered cell FDRE clocked by clk  {rise@0.000ns fall@5.000ns period=10.000ns})
  Path Group:             clk
  Path Type:              Setup (Max at Slow Process Corner)
  Requirement:            10.000ns  (clk rise@10.000ns - clk rise@0.000ns)
  Data Path Delay:        8.104ns  (logic 4.645ns (57.317%)  route 3.459ns (42.683%))
  Logic Levels:           15  (CARRY4=10 LUT3=1 LUT4=2 LUT5=2)
  Clock Path Skew:        -0.145ns (DCD - SCD + CPR)
    Destination Clock Delay (DCD):    2.128ns = ( 12.128 - 10.000 ) 
    Source Clock Delay      (SCD):    2.456ns
    Clock Pessimism Removal (CPR):    0.184ns
  Clock Uncertainty:      0.035ns  ((TSJ^2 + TIJ^2)^1/2 + DJ) / 2 + PE
    Total System Jitter     (TSJ):    0.071ns
    Total Input Jitter      (TIJ):    0.000ns
    Discrete Jitter          (DJ):    0.000ns
    Phase Error              (PE):    0.000ns

    Location             Delay type                Incr(ns)  Path(ns)    Netlist Resource(s)
  -------------------------------------------------------------------    -------------------
                         (clock clk rise edge)        0.000     0.000 r  
                                                      0.000     0.000 r  clk (IN)
                         net (fo=0)                   0.000     0.000    clk
                         IBUF (Prop_ibuf_I_O)         0.972     0.972 r  clk_IBUF_inst/O
                         net (fo=1, unplaced)         0.800     1.771    clk_IBUF
                         BUFG (Prop_bufg_I_O)         0.101     1.872 r  clk_IBUF_BUFG_inst/O
                         net (fo=4174, unplaced)      0.584     2.456    lane1/core/forward_butterfly_lane_a/multiplier/clk_IBUF_BUFG
                         FDRE                                         r  lane1/core/forward_butterfly_lane_a/multiplier/y_reg[0]/C
  -------------------------------------------------------------------    -------------------
                         FDRE (Prop_fdre_C_Q)         0.478     2.934 r  lane1/core/forward_butterfly_lane_a/multiplier/y_reg[0]/Q
                         net (fo=64, unplaced)        0.829     3.763    lane1/core/forward_butterfly_lane_a/multiplier/y_reg_n_0_[0]
                         LUT4 (Prop_lut4_I1_O)        0.295     4.058 r  lane1/core/forward_butterfly_lane_a/multiplier/acc_minus_q1_carry_i_13__2/O
                         net (fo=1, unplaced)         0.000     4.058    lane1/core/forward_butterfly_lane_a/multiplier/acc_minus_q1_carry_i_13__2_n_0
                         CARRY4 (Prop_carry4_S[1]_CO[3])
                                                      0.533     4.591 r  lane1/core/forward_butterfly_lane_a/multiplier/acc_minus_q1_carry_i_10__2/CO[3]
                         net (fo=1, unplaced)         0.009     4.600    lane1/core/forward_butterfly_lane_a/multiplier/acc_minus_q1_carry_i_10__2_n_0
                         CARRY4 (Prop_carry4_CI_CO[3])
                                                      0.117     4.717 r  lane1/core/forward_butterfly_lane_a/multiplier/acc_minus_q1_carry__0_i_10__2/CO[3]
                         net (fo=1, unplaced)         0.000     4.717    lane1/core/forward_butterfly_lane_a/multiplier/acc_minus_q1_carry__0_i_10__2_n_0
                         CARRY4 (Prop_carry4_CI_CO[3])
                                                      0.117     4.834 r  lane1/core/forward_butterfly_lane_a/multiplier/acc_minus_q1_carry__1_i_10__2/CO[3]
                         net (fo=1, unplaced)         0.000     4.834    lane1/core/forward_butterfly_lane_a/multiplier/acc_minus_q1_carry__1_i_10__2_n_0
                         CARRY4 (Prop_carry4_CI_CO[3])
                                                      0.117     4.951 r  lane1/core/forward_butterfly_lane_a/multiplier/acc_minus_q1_carry__2_i_10__2/CO[3]
                         net (fo=1, unplaced)         0.000     4.951    lane1/core/forward_butterfly_lane_a/multiplier/acc_minus_q1_carry__2_i_10__2_n_0
                         CARRY4 (Prop_carry4_CI_CO[3])
                                                      0.117     5.068 r  lane1/core/forward_butterfly_lane_a/multiplier/acc_minus_q1_carry__3_i_10__2/CO[3]
                         net (fo=1, unplaced)         0.000     5.068    lane1/core/forward_butterfly_lane_a/multiplier/acc_minus_q1_carry__3_i_10__2_n_0
                         CARRY4 (Prop_carry4_CI_O[3])
                                                      0.331     5.399 r  lane1/core/forward_butterfly_lane_a/multiplier/acc_minus_q1_carry__4_i_10__2/O[3]
                         net (fo=1, unplaced)         0.618     6.017    lane1/core/forward_butterfly_lane_a/multiplier/selected_raw1[23]
                         LUT5 (Prop_lut5_I4_O)        0.307     6.324 r  lane1/core/forward_butterfly_lane_a/multiplier/acc_minus_q1_carry__4_i_6__2/O
                         net (fo=1, unplaced)         0.000     6.324    lane1/core/forward_butterfly_lane_a/multiplier/acc_minus_q1_carry__4_i_6__2_n_0
                         CARRY4 (Prop_carry4_S[3]_CO[3])
                                                      0.376     6.700 r  lane1/core/forward_butterfly_lane_a/multiplier/acc_minus_q1_carry__4_i_1__2/CO[3]
                         net (fo=1, unplaced)         0.000     6.700    lane1/core/forward_butterfly_lane_a/multiplier/acc_minus_q1_carry__4_i_1__2_n_0
                         CARRY4 (Prop_carry4_CI_O[1])
                                                      0.337     7.037 r  lane1/core/forward_butterfly_lane_a/multiplier/acc_minus_q1_carry__5_i_1__2/O[1]
                         net (fo=8, unplaced)         0.649     7.686    lane1/core/forward_butterfly_lane_a/multiplier/acc_minus_q1_carry__5_i_1__2_n_6
                         LUT4 (Prop_lut4_I1_O)        0.306     7.992 r  lane1/core/forward_butterfly_lane_a/multiplier/acc_minus_q2_carry__5_i_7__2/O
                         net (fo=1, unplaced)         0.000     7.992    lane1/core/forward_butterfly_lane_a/multiplier/acc_minus_q2_carry__5_i_7__2_n_0
                         CARRY4 (Prop_carry4_S[1]_CO[3])
                                                      0.533     8.525 r  lane1/core/forward_butterfly_lane_a/multiplier/acc_minus_q2_carry__5/CO[3]
                         net (fo=1, unplaced)         0.000     8.525    lane1/core/forward_butterfly_lane_a/multiplier/acc_minus_q2_carry__5_n_0
                         CARRY4 (Prop_carry4_CI_O[2])
                                                      0.256     8.781 r  lane1/core/forward_butterfly_lane_a/multiplier/acc_minus_q2_carry__6/O[2]
                         net (fo=1, unplaced)         0.905     9.686    lane1/core/forward_butterfly_lane_a/multiplier/acc_minus_q2_carry__6_n_5
                         LUT5 (Prop_lut5_I0_O)        0.301     9.987 r  lane1/core/forward_butterfly_lane_a/multiplier/acc[31]_i_4__7/O
                         net (fo=1, unplaced)         0.449    10.436    lane1/core/forward_butterfly_lane_a/multiplier/acc[31]_i_4__7_n_0
                         LUT3 (Prop_lut3_I2_O)        0.124    10.560 r  lane1/core/forward_butterfly_lane_a/multiplier/acc[31]_i_1__7/O
                         net (fo=2, unplaced)         0.000    10.560    lane1/core/forward_butterfly_lane_a/multiplier/next_acc[31]
                         FDRE                                         r  lane1/core/forward_butterfly_lane_a/multiplier/result_reg[31]/D
  -------------------------------------------------------------------    -------------------

                         (clock clk rise edge)       10.000    10.000 r  
                                                      0.000    10.000 r  clk (IN)
                         net (fo=0)                   0.000    10.000    clk
                         IBUF (Prop_ibuf_I_O)         0.838    10.838 r  clk_IBUF_inst/O
                         net (fo=1, unplaced)         0.760    11.598    clk_IBUF
                         BUFG (Prop_bufg_I_O)         0.091    11.689 r  clk_IBUF_BUFG_inst/O
                         net (fo=4174, unplaced)      0.439    12.128    lane1/core/forward_butterfly_lane_a/multiplier/clk_IBUF_BUFG
                         FDRE                                         r  lane1/core/forward_butterfly_lane_a/multiplier/result_reg[31]/C
                         clock pessimism              0.184    12.311    
                         clock uncertainty           -0.035    12.276    
                         FDRE (Setup_fdre_C_D)        0.044    12.320    lane1/core/forward_butterfly_lane_a/multiplier/result_reg[31]
  -------------------------------------------------------------------
                         required time                         12.320    
                         arrival time                         -10.560    
  -------------------------------------------------------------------
                         slack                                  1.760    

Slack (MET) :             1.760ns  (required time - arrival time)
  Source:                 lane1/core/forward_butterfly_lane_b/multiplier/y_reg[0]/C
                            (rising edge-triggered cell FDRE clocked by clk  {rise@0.000ns fall@5.000ns period=10.000ns})
  Destination:            lane1/core/forward_butterfly_lane_b/multiplier/acc_reg[31]/D
                            (rising edge-triggered cell FDRE clocked by clk  {rise@0.000ns fall@5.000ns period=10.000ns})
  Path Group:             clk
  Path Type:              Setup (Max at Slow Process Corner)
  Requirement:            10.000ns  (clk rise@10.000ns - clk rise@0.000ns)
  Data Path Delay:        8.104ns  (logic 4.645ns (57.317%)  route 3.459ns (42.683%))
  Logic Levels:           15  (CARRY4=10 LUT3=1 LUT4=2 LUT5=2)
  Clock Path Skew:        -0.145ns (DCD - SCD + CPR)
    Destination Clock Delay (DCD):    2.128ns = ( 12.128 - 10.000 ) 
    Source Clock Delay      (SCD):    2.456ns
    Clock Pessimism Removal (CPR):    0.184ns
  Clock Uncertainty:      0.035ns  ((TSJ^2 + TIJ^2)^1/2 + DJ) / 2 + PE
    Total System Jitter     (TSJ):    0.071ns
    Total Input Jitter      (TIJ):    0.000ns
    Discrete Jitter          (DJ):    0.000ns
    Phase Error              (PE):    0.000ns

    Location             Delay type                Incr(ns)  Path(ns)    Netlist Resource(s)
  -------------------------------------------------------------------    -------------------
                         (clock clk rise edge)        0.000     0.000 r  
                                                      0.000     0.000 r  clk (IN)
                         net (fo=0)                   0.000     0.000    clk
                         IBUF (Prop_ibuf_I_O)         0.972     0.972 r  clk_IBUF_inst/O
                         net (fo=1, unplaced)         0.800     1.771    clk_IBUF
                         BUFG (Prop_bufg_I_O)         0.101     1.872 r  clk_IBUF_BUFG_inst/O
                         net (fo=4174, unplaced)      0.584     2.456    lane1/core/forward_butterfly_lane_b/multiplier/clk_IBUF_BUFG
                         FDRE                                         r  lane1/core/forward_butterfly_lane_b/multiplier/y_reg[0]/C
  -------------------------------------------------------------------    -------------------
                         FDRE (Prop_fdre_C_Q)         0.478     2.934 r  lane1/core/forward_butterfly_lane_b/multiplier/y_reg[0]/Q
                         net (fo=64, unplaced)        0.829     3.763    lane1/core/forward_butterfly_lane_b/multiplier/y_reg_n_0_[0]
                         LUT4 (Prop_lut4_I1_O)        0.295     4.058 r  lane1/core/forward_butterfly_lane_b/multiplier/acc_minus_q1_carry_i_13__3/O
                         net (fo=1, unplaced)         0.000     4.058    lane1/core/forward_butterfly_lane_b/multiplier/acc_minus_q1_carry_i_13__3_n_0
                         CARRY4 (Prop_carry4_S[1]_CO[3])
                                                      0.533     4.591 r  lane1/core/forward_butterfly_lane_b/multiplier/acc_minus_q1_carry_i_10__3/CO[3]
                         net (fo=1, unplaced)         0.009     4.600    lane1/core/forward_butterfly_lane_b/multiplier/acc_minus_q1_carry_i_10__3_n_0
                         CARRY4 (Prop_carry4_CI_CO[3])
                                                      0.117     4.717 r  lane1/core/forward_butterfly_lane_b/multiplier/acc_minus_q1_carry__0_i_10__3/CO[3]
                         net (fo=1, unplaced)         0.000     4.717    lane1/core/forward_butterfly_lane_b/multiplier/acc_minus_q1_carry__0_i_10__3_n_0
                         CARRY4 (Prop_carry4_CI_CO[3])
                                                      0.117     4.834 r  lane1/core/forward_butterfly_lane_b/multiplier/acc_minus_q1_carry__1_i_10__3/CO[3]
                         net (fo=1, unplaced)         0.000     4.834    lane1/core/forward_butterfly_lane_b/multiplier/acc_minus_q1_carry__1_i_10__3_n_0
                         CARRY4 (Prop_carry4_CI_CO[3])
                                                      0.117     4.951 r  lane1/core/forward_butterfly_lane_b/multiplier/acc_minus_q1_carry__2_i_10__3/CO[3]
                         net (fo=1, unplaced)         0.000     4.951    lane1/core/forward_butterfly_lane_b/multiplier/acc_minus_q1_carry__2_i_10__3_n_0
                         CARRY4 (Prop_carry4_CI_CO[3])
                                                      0.117     5.068 r  lane1/core/forward_butterfly_lane_b/multiplier/acc_minus_q1_carry__3_i_10__3/CO[3]
                         net (fo=1, unplaced)         0.000     5.068    lane1/core/forward_butterfly_lane_b/multiplier/acc_minus_q1_carry__3_i_10__3_n_0
                         CARRY4 (Prop_carry4_CI_O[3])
                                                      0.331     5.399 r  lane1/core/forward_butterfly_lane_b/multiplier/acc_minus_q1_carry__4_i_10__3/O[3]
                         net (fo=1, unplaced)         0.618     6.017    lane1/core/forward_butterfly_lane_b/multiplier/selected_raw1[23]
                         LUT5 (Prop_lut5_I4_O)        0.307     6.324 r  lane1/core/forward_butterfly_lane_b/multiplier/acc_minus_q1_carry__4_i_6__3/O
                         net (fo=1, unplaced)         0.000     6.324    lane1/core/forward_butterfly_lane_b/multiplier/acc_minus_q1_carry__4_i_6__3_n_0
                         CARRY4 (Prop_carry4_S[3]_CO[3])
                                                      0.376     6.700 r  lane1/core/forward_butterfly_lane_b/multiplier/acc_minus_q1_carry__4_i_1__3/CO[3]
                         net (fo=1, unplaced)         0.000     6.700    lane1/core/forward_butterfly_lane_b/multiplier/acc_minus_q1_carry__4_i_1__3_n_0
                         CARRY4 (Prop_carry4_CI_O[1])
                                                      0.337     7.037 r  lane1/core/forward_butterfly_lane_b/multiplier/acc_minus_q1_carry__5_i_1__3/O[1]
                         net (fo=8, unplaced)         0.649     7.686    lane1/core/forward_butterfly_lane_b/multiplier/acc_minus_q1_carry__5_i_1__3_n_6
                         LUT4 (Prop_lut4_I1_O)        0.306     7.992 r  lane1/core/forward_butterfly_lane_b/multiplier/acc_minus_q2_carry__5_i_7__3/O
                         net (fo=1, unplaced)         0.000     7.992    lane1/core/forward_butterfly_lane_b/multiplier/acc_minus_q2_carry__5_i_7__3_n_0
                         CARRY4 (Prop_carry4_S[1]_CO[3])
                                                      0.533     8.525 r  lane1/core/forward_butterfly_lane_b/multiplier/acc_minus_q2_carry__5/CO[3]
                         net (fo=1, unplaced)         0.000     8.525    lane1/core/forward_butterfly_lane_b/multiplier/acc_minus_q2_carry__5_n_0
                         CARRY4 (Prop_carry4_CI_O[2])
                                                      0.256     8.781 r  lane1/core/forward_butterfly_lane_b/multiplier/acc_minus_q2_carry__6/O[2]
                         net (fo=1, unplaced)         0.905     9.686    lane1/core/forward_butterfly_lane_b/multiplier/acc_minus_q2_carry__6_n_5
                         LUT5 (Prop_lut5_I0_O)        0.301     9.987 r  lane1/core/forward_butterfly_lane_b/multiplier/acc[31]_i_4__8/O
                         net (fo=1, unplaced)         0.449    10.436    lane1/core/forward_butterfly_lane_b/multiplier/acc[31]_i_4__8_n_0
                         LUT3 (Prop_lut3_I2_O)        0.124    10.560 r  lane1/core/forward_butterfly_lane_b/multiplier/acc[31]_i_1__8/O
                         net (fo=2, unplaced)         0.000    10.560    lane1/core/forward_butterfly_lane_b/multiplier/next_acc[31]
                         FDRE                                         r  lane1/core/forward_butterfly_lane_b/multiplier/acc_reg[31]/D
  -------------------------------------------------------------------    -------------------

                         (clock clk rise edge)       10.000    10.000 r  
                                                      0.000    10.000 r  clk (IN)
                         net (fo=0)                   0.000    10.000    clk
                         IBUF (Prop_ibuf_I_O)         0.838    10.838 r  clk_IBUF_inst/O
                         net (fo=1, unplaced)         0.760    11.598    clk_IBUF
                         BUFG (Prop_bufg_I_O)         0.091    11.689 r  clk_IBUF_BUFG_inst/O
                         net (fo=4174, unplaced)      0.439    12.128    lane1/core/forward_butterfly_lane_b/multiplier/clk_IBUF_BUFG
                         FDRE                                         r  lane1/core/forward_butterfly_lane_b/multiplier/acc_reg[31]/C
                         clock pessimism              0.184    12.311    
                         clock uncertainty           -0.035    12.276    
                         FDRE (Setup_fdre_C_D)        0.044    12.320    lane1/core/forward_butterfly_lane_b/multiplier/acc_reg[31]
  -------------------------------------------------------------------
                         required time                         12.320    
                         arrival time                         -10.560    
  -------------------------------------------------------------------
                         slack                                  1.760    

Slack (MET) :             1.760ns  (required time - arrival time)
  Source:                 lane1/core/forward_butterfly_lane_b/multiplier/y_reg[0]/C
                            (rising edge-triggered cell FDRE clocked by clk  {rise@0.000ns fall@5.000ns period=10.000ns})
  Destination:            lane1/core/forward_butterfly_lane_b/multiplier/result_reg[31]/D
                            (rising edge-triggered cell FDRE clocked by clk  {rise@0.000ns fall@5.000ns period=10.000ns})
  Path Group:             clk
  Path Type:              Setup (Max at Slow Process Corner)
  Requirement:            10.000ns  (clk rise@10.000ns - clk rise@0.000ns)
  Data Path Delay:        8.104ns  (logic 4.645ns (57.317%)  route 3.459ns (42.683%))
  Logic Levels:           15  (CARRY4=10 LUT3=1 LUT4=2 LUT5=2)
  Clock Path Skew:        -0.145ns (DCD - SCD + CPR)
    Destination Clock Delay (DCD):    2.128ns = ( 12.128 - 10.000 ) 
    Source Clock Delay      (SCD):    2.456ns
    Clock Pessimism Removal (CPR):    0.184ns
  Clock Uncertainty:      0.035ns  ((TSJ^2 + TIJ^2)^1/2 + DJ) / 2 + PE
    Total System Jitter     (TSJ):    0.071ns
    Total Input Jitter      (TIJ):    0.000ns
    Discrete Jitter          (DJ):    0.000ns
    Phase Error              (PE):    0.000ns

    Location             Delay type                Incr(ns)  Path(ns)    Netlist Resource(s)
  -------------------------------------------------------------------    -------------------
                         (clock clk rise edge)        0.000     0.000 r  
                                                      0.000     0.000 r  clk (IN)
                         net (fo=0)                   0.000     0.000    clk
                         IBUF (Prop_ibuf_I_O)         0.972     0.972 r  clk_IBUF_inst/O
                         net (fo=1, unplaced)         0.800     1.771    clk_IBUF
                         BUFG (Prop_bufg_I_O)         0.101     1.872 r  clk_IBUF_BUFG_inst/O
                         net (fo=4174, unplaced)      0.584     2.456    lane1/core/forward_butterfly_lane_b/multiplier/clk_IBUF_BUFG
                         FDRE                                         r  lane1/core/forward_butterfly_lane_b/multiplier/y_reg[0]/C
  -------------------------------------------------------------------    -------------------
                         FDRE (Prop_fdre_C_Q)         0.478     2.934 r  lane1/core/forward_butterfly_lane_b/multiplier/y_reg[0]/Q
                         net (fo=64, unplaced)        0.829     3.763    lane1/core/forward_butterfly_lane_b/multiplier/y_reg_n_0_[0]
                         LUT4 (Prop_lut4_I1_O)        0.295     4.058 r  lane1/core/forward_butterfly_lane_b/multiplier/acc_minus_q1_carry_i_13__3/O
                         net (fo=1, unplaced)         0.000     4.058    lane1/core/forward_butterfly_lane_b/multiplier/acc_minus_q1_carry_i_13__3_n_0
                         CARRY4 (Prop_carry4_S[1]_CO[3])
                                                      0.533     4.591 r  lane1/core/forward_butterfly_lane_b/multiplier/acc_minus_q1_carry_i_10__3/CO[3]
                         net (fo=1, unplaced)         0.009     4.600    lane1/core/forward_butterfly_lane_b/multiplier/acc_minus_q1_carry_i_10__3_n_0
                         CARRY4 (Prop_carry4_CI_CO[3])
                                                      0.117     4.717 r  lane1/core/forward_butterfly_lane_b/multiplier/acc_minus_q1_carry__0_i_10__3/CO[3]
                         net (fo=1, unplaced)         0.000     4.717    lane1/core/forward_butterfly_lane_b/multiplier/acc_minus_q1_carry__0_i_10__3_n_0
                         CARRY4 (Prop_carry4_CI_CO[3])
                                                      0.117     4.834 r  lane1/core/forward_butterfly_lane_b/multiplier/acc_minus_q1_carry__1_i_10__3/CO[3]
                         net (fo=1, unplaced)         0.000     4.834    lane1/core/forward_butterfly_lane_b/multiplier/acc_minus_q1_carry__1_i_10__3_n_0
                         CARRY4 (Prop_carry4_CI_CO[3])
                                                      0.117     4.951 r  lane1/core/forward_butterfly_lane_b/multiplier/acc_minus_q1_carry__2_i_10__3/CO[3]
                         net (fo=1, unplaced)         0.000     4.951    lane1/core/forward_butterfly_lane_b/multiplier/acc_minus_q1_carry__2_i_10__3_n_0
                         CARRY4 (Prop_carry4_CI_CO[3])
                                                      0.117     5.068 r  lane1/core/forward_butterfly_lane_b/multiplier/acc_minus_q1_carry__3_i_10__3/CO[3]
                         net (fo=1, unplaced)         0.000     5.068    lane1/core/forward_butterfly_lane_b/multiplier/acc_minus_q1_carry__3_i_10__3_n_0
                         CARRY4 (Prop_carry4_CI_O[3])
                                                      0.331     5.399 r  lane1/core/forward_butterfly_lane_b/multiplier/acc_minus_q1_carry__4_i_10__3/O[3]
                         net (fo=1, unplaced)         0.618     6.017    lane1/core/forward_butterfly_lane_b/multiplier/selected_raw1[23]
                         LUT5 (Prop_lut5_I4_O)        0.307     6.324 r  lane1/core/forward_butterfly_lane_b/multiplier/acc_minus_q1_carry__4_i_6__3/O
                         net (fo=1, unplaced)         0.000     6.324    lane1/core/forward_butterfly_lane_b/multiplier/acc_minus_q1_carry__4_i_6__3_n_0
                         CARRY4 (Prop_carry4_S[3]_CO[3])
                                                      0.376     6.700 r  lane1/core/forward_butterfly_lane_b/multiplier/acc_minus_q1_carry__4_i_1__3/CO[3]
                         net (fo=1, unplaced)         0.000     6.700    lane1/core/forward_butterfly_lane_b/multiplier/acc_minus_q1_carry__4_i_1__3_n_0
                         CARRY4 (Prop_carry4_CI_O[1])
                                                      0.337     7.037 r  lane1/core/forward_butterfly_lane_b/multiplier/acc_minus_q1_carry__5_i_1__3/O[1]
                         net (fo=8, unplaced)         0.649     7.686    lane1/core/forward_butterfly_lane_b/multiplier/acc_minus_q1_carry__5_i_1__3_n_6
                         LUT4 (Prop_lut4_I1_O)        0.306     7.992 r  lane1/core/forward_butterfly_lane_b/multiplier/acc_minus_q2_carry__5_i_7__3/O
                         net (fo=1, unplaced)         0.000     7.992    lane1/core/forward_butterfly_lane_b/multiplier/acc_minus_q2_carry__5_i_7__3_n_0
                         CARRY4 (Prop_carry4_S[1]_CO[3])
                                                      0.533     8.525 r  lane1/core/forward_butterfly_lane_b/multiplier/acc_minus_q2_carry__5/CO[3]
                         net (fo=1, unplaced)         0.000     8.525    lane1/core/forward_butterfly_lane_b/multiplier/acc_minus_q2_carry__5_n_0
                         CARRY4 (Prop_carry4_CI_O[2])
                                                      0.256     8.781 r  lane1/core/forward_butterfly_lane_b/multiplier/acc_minus_q2_carry__6/O[2]
                         net (fo=1, unplaced)         0.905     9.686    lane1/core/forward_butterfly_lane_b/multiplier/acc_minus_q2_carry__6_n_5
                         LUT5 (Prop_lut5_I0_O)        0.301     9.987 r  lane1/core/forward_butterfly_lane_b/multiplier/acc[31]_i_4__8/O
                         net (fo=1, unplaced)         0.449    10.436    lane1/core/forward_butterfly_lane_b/multiplier/acc[31]_i_4__8_n_0
                         LUT3 (Prop_lut3_I2_O)        0.124    10.560 r  lane1/core/forward_butterfly_lane_b/multiplier/acc[31]_i_1__8/O
                         net (fo=2, unplaced)         0.000    10.560    lane1/core/forward_butterfly_lane_b/multiplier/next_acc[31]
                         FDRE                                         r  lane1/core/forward_butterfly_lane_b/multiplier/result_reg[31]/D
  -------------------------------------------------------------------    -------------------

                         (clock clk rise edge)       10.000    10.000 r  
                                                      0.000    10.000 r  clk (IN)
                         net (fo=0)                   0.000    10.000    clk
                         IBUF (Prop_ibuf_I_O)         0.838    10.838 r  clk_IBUF_inst/O
                         net (fo=1, unplaced)         0.760    11.598    clk_IBUF
                         BUFG (Prop_bufg_I_O)         0.091    11.689 r  clk_IBUF_BUFG_inst/O
                         net (fo=4174, unplaced)      0.439    12.128    lane1/core/forward_butterfly_lane_b/multiplier/clk_IBUF_BUFG
                         FDRE                                         r  lane1/core/forward_butterfly_lane_b/multiplier/result_reg[31]/C
                         clock pessimism              0.184    12.311    
                         clock uncertainty           -0.035    12.276    
                         FDRE (Setup_fdre_C_D)        0.044    12.320    lane1/core/forward_butterfly_lane_b/multiplier/result_reg[31]
  -------------------------------------------------------------------
                         required time                         12.320    
                         arrival time                         -10.560    
  -------------------------------------------------------------------
                         slack                                  1.760    

Slack (MET) :             1.823ns  (required time - arrival time)
  Source:                 lane0/core/inverse_butterfly/multiplier/y_reg[0]/C
                            (rising edge-triggered cell FDRE clocked by clk  {rise@0.000ns fall@5.000ns period=10.000ns})
  Destination:            lane0/core/inverse_butterfly/multiplier/acc_reg[26]/D
                            (rising edge-triggered cell FDRE clocked by clk  {rise@0.000ns fall@5.000ns period=10.000ns})
  Path Group:             clk
  Path Type:              Setup (Max at Slow Process Corner)
  Requirement:            10.000ns  (clk rise@10.000ns - clk rise@0.000ns)
  Data Path Delay:        8.041ns  (logic 4.366ns (54.297%)  route 3.675ns (45.703%))
  Logic Levels:           14  (CARRY4=9 LUT2=1 LUT3=1 LUT4=1 LUT5=1 LUT6=1)
  Clock Path Skew:        -0.145ns (DCD - SCD + CPR)
    Destination Clock Delay (DCD):    2.128ns = ( 12.128 - 10.000 ) 
    Source Clock Delay      (SCD):    2.456ns
    Clock Pessimism Removal (CPR):    0.184ns
  Clock Uncertainty:      0.035ns  ((TSJ^2 + TIJ^2)^1/2 + DJ) / 2 + PE
    Total System Jitter     (TSJ):    0.071ns
    Total Input Jitter      (TIJ):    0.000ns
    Discrete Jitter          (DJ):    0.000ns
    Phase Error              (PE):    0.000ns

    Location             Delay type                Incr(ns)  Path(ns)    Netlist Resource(s)
  -------------------------------------------------------------------    -------------------
                         (clock clk rise edge)        0.000     0.000 r  
                                                      0.000     0.000 r  clk (IN)
                         net (fo=0)                   0.000     0.000    clk
                         IBUF (Prop_ibuf_I_O)         0.972     0.972 r  clk_IBUF_inst/O
                         net (fo=1, unplaced)         0.800     1.771    clk_IBUF
                         BUFG (Prop_bufg_I_O)         0.101     1.872 r  clk_IBUF_BUFG_inst/O
                         net (fo=4174, unplaced)      0.584     2.456    lane0/core/inverse_butterfly/multiplier/clk_IBUF_BUFG
                         FDRE                                         r  lane0/core/inverse_butterfly/multiplier/y_reg[0]/C
  -------------------------------------------------------------------    -------------------
                         FDRE (Prop_fdre_C_Q)         0.478     2.934 r  lane0/core/inverse_butterfly/multiplier/y_reg[0]/Q
                         net (fo=64, unplaced)        0.829     3.763    lane0/core/inverse_butterfly/multiplier/y_reg_n_0_[0]
                         LUT4 (Prop_lut4_I1_O)        0.295     4.058 r  lane0/core/inverse_butterfly/multiplier/acc_minus_q1_carry_i_13__1/O
                         net (fo=1, unplaced)         0.000     4.058    lane0/core/inverse_butterfly/multiplier/acc_minus_q1_carry_i_13__1_n_0
                         CARRY4 (Prop_carry4_S[1]_CO[3])
                                                      0.533     4.591 r  lane0/core/inverse_butterfly/multiplier/acc_minus_q1_carry_i_10__1/CO[3]
                         net (fo=1, unplaced)         0.009     4.600    lane0/core/inverse_butterfly/multiplier/acc_minus_q1_carry_i_10__1_n_0
                         CARRY4 (Prop_carry4_CI_CO[3])
                                                      0.117     4.717 r  lane0/core/inverse_butterfly/multiplier/acc_minus_q1_carry__0_i_10__1/CO[3]
                         net (fo=1, unplaced)         0.000     4.717    lane0/core/inverse_butterfly/multiplier/acc_minus_q1_carry__0_i_10__1_n_0
                         CARRY4 (Prop_carry4_CI_CO[3])
                                                      0.117     4.834 r  lane0/core/inverse_butterfly/multiplier/acc_minus_q1_carry__1_i_10__1/CO[3]
                         net (fo=1, unplaced)         0.000     4.834    lane0/core/inverse_butterfly/multiplier/acc_minus_q1_carry__1_i_10__1_n_0
                         CARRY4 (Prop_carry4_CI_CO[3])
                                                      0.117     4.951 r  lane0/core/inverse_butterfly/multiplier/acc_minus_q1_carry__2_i_10__1/CO[3]
                         net (fo=1, unplaced)         0.000     4.951    lane0/core/inverse_butterfly/multiplier/acc_minus_q1_carry__2_i_10__1_n_0
                         CARRY4 (Prop_carry4_CI_O[3])
                                                      0.331     5.282 r  lane0/core/inverse_butterfly/multiplier/acc_minus_q1_carry__3_i_10__1/O[3]
                         net (fo=1, unplaced)         0.618     5.900    lane0/core/inverse_butterfly/multiplier/selected_raw1[19]
                         LUT5 (Prop_lut5_I4_O)        0.307     6.207 r  lane0/core/inverse_butterfly/multiplier/acc_minus_q1_carry__3_i_6__1/O
                         net (fo=1, unplaced)         0.000     6.207    lane0/core/inverse_butterfly/multiplier/acc_minus_q1_carry__3_i_6__1_n_0
                         CARRY4 (Prop_carry4_S[3]_CO[3])
                                                      0.376     6.583 r  lane0/core/inverse_butterfly/multiplier/acc_minus_q1_carry__3_i_1__1/CO[3]
                         net (fo=1, unplaced)         0.000     6.583    lane0/core/inverse_butterfly/multiplier/acc_minus_q1_carry__3_i_1__1_n_0
                         CARRY4 (Prop_carry4_CI_O[3])
                                                      0.331     6.914 r  lane0/core/inverse_butterfly/multiplier/acc_minus_q1_carry__4_i_1__1/O[3]
                         net (fo=8, unplaced)         0.656     7.570    lane0/core/inverse_butterfly/multiplier/acc_minus_q1_carry__4_i_1__1_n_4
                         LUT2 (Prop_lut2_I0_O)        0.307     7.877 r  lane0/core/inverse_butterfly/multiplier/acc_minus_q1_carry__4_i_2__1/O
                         net (fo=1, unplaced)         0.000     7.877    lane0/core/inverse_butterfly/multiplier/acc_minus_q1_carry__4_i_2__1_n_0
                         CARRY4 (Prop_carry4_S[3]_CO[3])
                                                      0.376     8.253 r  lane0/core/inverse_butterfly/multiplier/acc_minus_q1_carry__4/CO[3]
                         net (fo=1, unplaced)         0.000     8.253    lane0/core/inverse_butterfly/multiplier/acc_minus_q1_carry__4_n_0
                         CARRY4 (Prop_carry4_CI_O[2])
                                                      0.256     8.509 r  lane0/core/inverse_butterfly/multiplier/acc_minus_q1_carry__5/O[2]
                         net (fo=1, unplaced)         1.114     9.623    lane0/core/inverse_butterfly/multiplier/acc_minus_q1_carry__5_n_5
                         LUT6 (Prop_lut6_I2_O)        0.301     9.924 r  lane0/core/inverse_butterfly/multiplier/acc[26]_i_2__4/O
                         net (fo=1, unplaced)         0.449    10.373    lane0/core/inverse_butterfly/multiplier/acc[26]_i_2__4_n_0
                         LUT3 (Prop_lut3_I2_O)        0.124    10.497 r  lane0/core/inverse_butterfly/multiplier/acc[26]_i_1__4/O
                         net (fo=2, unplaced)         0.000    10.497    lane0/core/inverse_butterfly/multiplier/next_acc[26]
                         FDRE                                         r  lane0/core/inverse_butterfly/multiplier/acc_reg[26]/D
  -------------------------------------------------------------------    -------------------

                         (clock clk rise edge)       10.000    10.000 r  
                                                      0.000    10.000 r  clk (IN)
                         net (fo=0)                   0.000    10.000    clk
                         IBUF (Prop_ibuf_I_O)         0.838    10.838 r  clk_IBUF_inst/O
                         net (fo=1, unplaced)         0.760    11.598    clk_IBUF
                         BUFG (Prop_bufg_I_O)         0.091    11.689 r  clk_IBUF_BUFG_inst/O
                         net (fo=4174, unplaced)      0.439    12.128    lane0/core/inverse_butterfly/multiplier/clk_IBUF_BUFG
                         FDRE                                         r  lane0/core/inverse_butterfly/multiplier/acc_reg[26]/C
                         clock pessimism              0.184    12.311    
                         clock uncertainty           -0.035    12.276    
                         FDRE (Setup_fdre_C_D)        0.044    12.320    lane0/core/inverse_butterfly/multiplier/acc_reg[26]
  -------------------------------------------------------------------
                         required time                         12.320    
                         arrival time                         -10.497    
  -------------------------------------------------------------------
                         slack                                  1.823    

Slack (MET) :             1.823ns  (required time - arrival time)
  Source:                 lane0/core/inverse_butterfly/multiplier/y_reg[0]/C
                            (rising edge-triggered cell FDRE clocked by clk  {rise@0.000ns fall@5.000ns period=10.000ns})
  Destination:            lane0/core/inverse_butterfly/multiplier/result_reg[26]/D
                            (rising edge-triggered cell FDRE clocked by clk  {rise@0.000ns fall@5.000ns period=10.000ns})
  Path Group:             clk
  Path Type:              Setup (Max at Slow Process Corner)
  Requirement:            10.000ns  (clk rise@10.000ns - clk rise@0.000ns)
  Data Path Delay:        8.041ns  (logic 4.366ns (54.297%)  route 3.675ns (45.703%))
  Logic Levels:           14  (CARRY4=9 LUT2=1 LUT3=1 LUT4=1 LUT5=1 LUT6=1)
  Clock Path Skew:        -0.145ns (DCD - SCD + CPR)
    Destination Clock Delay (DCD):    2.128ns = ( 12.128 - 10.000 ) 
    Source Clock Delay      (SCD):    2.456ns
    Clock Pessimism Removal (CPR):    0.184ns
  Clock Uncertainty:      0.035ns  ((TSJ^2 + TIJ^2)^1/2 + DJ) / 2 + PE
    Total System Jitter     (TSJ):    0.071ns
    Total Input Jitter      (TIJ):    0.000ns
    Discrete Jitter          (DJ):    0.000ns
    Phase Error              (PE):    0.000ns

    Location             Delay type                Incr(ns)  Path(ns)    Netlist Resource(s)
  -------------------------------------------------------------------    -------------------
                         (clock clk rise edge)        0.000     0.000 r  
                                                      0.000     0.000 r  clk (IN)
                         net (fo=0)                   0.000     0.000    clk
                         IBUF (Prop_ibuf_I_O)         0.972     0.972 r  clk_IBUF_inst/O
                         net (fo=1, unplaced)         0.800     1.771    clk_IBUF
                         BUFG (Prop_bufg_I_O)         0.101     1.872 r  clk_IBUF_BUFG_inst/O
                         net (fo=4174, unplaced)      0.584     2.456    lane0/core/inverse_butterfly/multiplier/clk_IBUF_BUFG
                         FDRE                                         r  lane0/core/inverse_butterfly/multiplier/y_reg[0]/C
  -------------------------------------------------------------------    -------------------
                         FDRE (Prop_fdre_C_Q)         0.478     2.934 r  lane0/core/inverse_butterfly/multiplier/y_reg[0]/Q
                         net (fo=64, unplaced)        0.829     3.763    lane0/core/inverse_butterfly/multiplier/y_reg_n_0_[0]
                         LUT4 (Prop_lut4_I1_O)        0.295     4.058 r  lane0/core/inverse_butterfly/multiplier/acc_minus_q1_carry_i_13__1/O
                         net (fo=1, unplaced)         0.000     4.058    lane0/core/inverse_butterfly/multiplier/acc_minus_q1_carry_i_13__1_n_0
                         CARRY4 (Prop_carry4_S[1]_CO[3])
                                                      0.533     4.591 r  lane0/core/inverse_butterfly/multiplier/acc_minus_q1_carry_i_10__1/CO[3]
                         net (fo=1, unplaced)         0.009     4.600    lane0/core/inverse_butterfly/multiplier/acc_minus_q1_carry_i_10__1_n_0
                         CARRY4 (Prop_carry4_CI_CO[3])
                                                      0.117     4.717 r  lane0/core/inverse_butterfly/multiplier/acc_minus_q1_carry__0_i_10__1/CO[3]
                         net (fo=1, unplaced)         0.000     4.717    lane0/core/inverse_butterfly/multiplier/acc_minus_q1_carry__0_i_10__1_n_0
                         CARRY4 (Prop_carry4_CI_CO[3])
                                                      0.117     4.834 r  lane0/core/inverse_butterfly/multiplier/acc_minus_q1_carry__1_i_10__1/CO[3]
                         net (fo=1, unplaced)         0.000     4.834    lane0/core/inverse_butterfly/multiplier/acc_minus_q1_carry__1_i_10__1_n_0
                         CARRY4 (Prop_carry4_CI_CO[3])
                                                      0.117     4.951 r  lane0/core/inverse_butterfly/multiplier/acc_minus_q1_carry__2_i_10__1/CO[3]
                         net (fo=1, unplaced)         0.000     4.951    lane0/core/inverse_butterfly/multiplier/acc_minus_q1_carry__2_i_10__1_n_0
                         CARRY4 (Prop_carry4_CI_O[3])
                                                      0.331     5.282 r  lane0/core/inverse_butterfly/multiplier/acc_minus_q1_carry__3_i_10__1/O[3]
                         net (fo=1, unplaced)         0.618     5.900    lane0/core/inverse_butterfly/multiplier/selected_raw1[19]
                         LUT5 (Prop_lut5_I4_O)        0.307     6.207 r  lane0/core/inverse_butterfly/multiplier/acc_minus_q1_carry__3_i_6__1/O
                         net (fo=1, unplaced)         0.000     6.207    lane0/core/inverse_butterfly/multiplier/acc_minus_q1_carry__3_i_6__1_n_0
                         CARRY4 (Prop_carry4_S[3]_CO[3])
                                                      0.376     6.583 r  lane0/core/inverse_butterfly/multiplier/acc_minus_q1_carry__3_i_1__1/CO[3]
                         net (fo=1, unplaced)         0.000     6.583    lane0/core/inverse_butterfly/multiplier/acc_minus_q1_carry__3_i_1__1_n_0
                         CARRY4 (Prop_carry4_CI_O[3])
                                                      0.331     6.914 r  lane0/core/inverse_butterfly/multiplier/acc_minus_q1_carry__4_i_1__1/O[3]
                         net (fo=8, unplaced)         0.656     7.570    lane0/core/inverse_butterfly/multiplier/acc_minus_q1_carry__4_i_1__1_n_4
                         LUT2 (Prop_lut2_I0_O)        0.307     7.877 r  lane0/core/inverse_butterfly/multiplier/acc_minus_q1_carry__4_i_2__1/O
                         net (fo=1, unplaced)         0.000     7.877    lane0/core/inverse_butterfly/multiplier/acc_minus_q1_carry__4_i_2__1_n_0
                         CARRY4 (Prop_carry4_S[3]_CO[3])
                                                      0.376     8.253 r  lane0/core/inverse_butterfly/multiplier/acc_minus_q1_carry__4/CO[3]
                         net (fo=1, unplaced)         0.000     8.253    lane0/core/inverse_butterfly/multiplier/acc_minus_q1_carry__4_n_0
                         CARRY4 (Prop_carry4_CI_O[2])
                                                      0.256     8.509 r  lane0/core/inverse_butterfly/multiplier/acc_minus_q1_carry__5/O[2]
                         net (fo=1, unplaced)         1.114     9.623    lane0/core/inverse_butterfly/multiplier/acc_minus_q1_carry__5_n_5
                         LUT6 (Prop_lut6_I2_O)        0.301     9.924 r  lane0/core/inverse_butterfly/multiplier/acc[26]_i_2__4/O
                         net (fo=1, unplaced)         0.449    10.373    lane0/core/inverse_butterfly/multiplier/acc[26]_i_2__4_n_0
                         LUT3 (Prop_lut3_I2_O)        0.124    10.497 r  lane0/core/inverse_butterfly/multiplier/acc[26]_i_1__4/O
                         net (fo=2, unplaced)         0.000    10.497    lane0/core/inverse_butterfly/multiplier/next_acc[26]
                         FDRE                                         r  lane0/core/inverse_butterfly/multiplier/result_reg[26]/D
  -------------------------------------------------------------------    -------------------

                         (clock clk rise edge)       10.000    10.000 r  
                                                      0.000    10.000 r  clk (IN)
                         net (fo=0)                   0.000    10.000    clk
                         IBUF (Prop_ibuf_I_O)         0.838    10.838 r  clk_IBUF_inst/O
                         net (fo=1, unplaced)         0.760    11.598    clk_IBUF
                         BUFG (Prop_bufg_I_O)         0.091    11.689 r  clk_IBUF_BUFG_inst/O
                         net (fo=4174, unplaced)      0.439    12.128    lane0/core/inverse_butterfly/multiplier/clk_IBUF_BUFG
                         FDRE                                         r  lane0/core/inverse_butterfly/multiplier/result_reg[26]/C
                         clock pessimism              0.184    12.311    
                         clock uncertainty           -0.035    12.276    
                         FDRE (Setup_fdre_C_D)        0.044    12.320    lane0/core/inverse_butterfly/multiplier/result_reg[26]
  -------------------------------------------------------------------
                         required time                         12.320    
                         arrival time                         -10.497    
  -------------------------------------------------------------------
                         slack                                  1.823    

Slack (MET) :             1.823ns  (required time - arrival time)
  Source:                 lane1/core/inverse_butterfly/multiplier/y_reg[0]/C
                            (rising edge-triggered cell FDRE clocked by clk  {rise@0.000ns fall@5.000ns period=10.000ns})
  Destination:            lane1/core/inverse_butterfly/multiplier/acc_reg[26]/D
                            (rising edge-triggered cell FDRE clocked by clk  {rise@0.000ns fall@5.000ns period=10.000ns})
  Path Group:             clk
  Path Type:              Setup (Max at Slow Process Corner)
  Requirement:            10.000ns  (clk rise@10.000ns - clk rise@0.000ns)
  Data Path Delay:        8.041ns  (logic 4.366ns (54.297%)  route 3.675ns (45.703%))
  Logic Levels:           14  (CARRY4=9 LUT2=1 LUT3=1 LUT4=1 LUT5=1 LUT6=1)
  Clock Path Skew:        -0.145ns (DCD - SCD + CPR)
    Destination Clock Delay (DCD):    2.128ns = ( 12.128 - 10.000 ) 
    Source Clock Delay      (SCD):    2.456ns
    Clock Pessimism Removal (CPR):    0.184ns
  Clock Uncertainty:      0.035ns  ((TSJ^2 + TIJ^2)^1/2 + DJ) / 2 + PE
    Total System Jitter     (TSJ):    0.071ns
    Total Input Jitter      (TIJ):    0.000ns
    Discrete Jitter          (DJ):    0.000ns
    Phase Error              (PE):    0.000ns

    Location             Delay type                Incr(ns)  Path(ns)    Netlist Resource(s)
  -------------------------------------------------------------------    -------------------
                         (clock clk rise edge)        0.000     0.000 r  
                                                      0.000     0.000 r  clk (IN)
                         net (fo=0)                   0.000     0.000    clk
                         IBUF (Prop_ibuf_I_O)         0.972     0.972 r  clk_IBUF_inst/O
                         net (fo=1, unplaced)         0.800     1.771    clk_IBUF
                         BUFG (Prop_bufg_I_O)         0.101     1.872 r  clk_IBUF_BUFG_inst/O
                         net (fo=4174, unplaced)      0.584     2.456    lane1/core/inverse_butterfly/multiplier/clk_IBUF_BUFG
                         FDRE                                         r  lane1/core/inverse_butterfly/multiplier/y_reg[0]/C
  -------------------------------------------------------------------    -------------------
                         FDRE (Prop_fdre_C_Q)         0.478     2.934 r  lane1/core/inverse_butterfly/multiplier/y_reg[0]/Q
                         net (fo=64, unplaced)        0.829     3.763    lane1/core/inverse_butterfly/multiplier/y_reg_n_0_[0]
                         LUT4 (Prop_lut4_I1_O)        0.295     4.058 r  lane1/core/inverse_butterfly/multiplier/acc_minus_q1_carry_i_13__4/O
                         net (fo=1, unplaced)         0.000     4.058    lane1/core/inverse_butterfly/multiplier/acc_minus_q1_carry_i_13__4_n_0
                         CARRY4 (Prop_carry4_S[1]_CO[3])
                                                      0.533     4.591 r  lane1/core/inverse_butterfly/multiplier/acc_minus_q1_carry_i_10__4/CO[3]
                         net (fo=1, unplaced)         0.009     4.600    lane1/core/inverse_butterfly/multiplier/acc_minus_q1_carry_i_10__4_n_0
                         CARRY4 (Prop_carry4_CI_CO[3])
                                                      0.117     4.717 r  lane1/core/inverse_butterfly/multiplier/acc_minus_q1_carry__0_i_10__4/CO[3]
                         net (fo=1, unplaced)         0.000     4.717    lane1/core/inverse_butterfly/multiplier/acc_minus_q1_carry__0_i_10__4_n_0
                         CARRY4 (Prop_carry4_CI_CO[3])
                                                      0.117     4.834 r  lane1/core/inverse_butterfly/multiplier/acc_minus_q1_carry__1_i_10__4/CO[3]
                         net (fo=1, unplaced)         0.000     4.834    lane1/core/inverse_butterfly/multiplier/acc_minus_q1_carry__1_i_10__4_n_0
                         CARRY4 (Prop_carry4_CI_CO[3])
                                                      0.117     4.951 r  lane1/core/inverse_butterfly/multiplier/acc_minus_q1_carry__2_i_10__4/CO[3]
                         net (fo=1, unplaced)         0.000     4.951    lane1/core/inverse_butterfly/multiplier/acc_minus_q1_carry__2_i_10__4_n_0
                         CARRY4 (Prop_carry4_CI_O[3])
                                                      0.331     5.282 r  lane1/core/inverse_butterfly/multiplier/acc_minus_q1_carry__3_i_10__4/O[3]
                         net (fo=1, unplaced)         0.618     5.900    lane1/core/inverse_butterfly/multiplier/selected_raw1[19]
                         LUT5 (Prop_lut5_I4_O)        0.307     6.207 r  lane1/core/inverse_butterfly/multiplier/acc_minus_q1_carry__3_i_6__4/O
                         net (fo=1, unplaced)         0.000     6.207    lane1/core/inverse_butterfly/multiplier/acc_minus_q1_carry__3_i_6__4_n_0
                         CARRY4 (Prop_carry4_S[3]_CO[3])
                                                      0.376     6.583 r  lane1/core/inverse_butterfly/multiplier/acc_minus_q1_carry__3_i_1__4/CO[3]
                         net (fo=1, unplaced)         0.000     6.583    lane1/core/inverse_butterfly/multiplier/acc_minus_q1_carry__3_i_1__4_n_0
                         CARRY4 (Prop_carry4_CI_O[3])
                                                      0.331     6.914 r  lane1/core/inverse_butterfly/multiplier/acc_minus_q1_carry__4_i_1__4/O[3]
                         net (fo=8, unplaced)         0.656     7.570    lane1/core/inverse_butterfly/multiplier/acc_minus_q1_carry__4_i_1__4_n_4
                         LUT2 (Prop_lut2_I0_O)        0.307     7.877 r  lane1/core/inverse_butterfly/multiplier/acc_minus_q1_carry__4_i_2__4/O
                         net (fo=1, unplaced)         0.000     7.877    lane1/core/inverse_butterfly/multiplier/acc_minus_q1_carry__4_i_2__4_n_0
                         CARRY4 (Prop_carry4_S[3]_CO[3])
                                                      0.376     8.253 r  lane1/core/inverse_butterfly/multiplier/acc_minus_q1_carry__4/CO[3]
                         net (fo=1, unplaced)         0.000     8.253    lane1/core/inverse_butterfly/multiplier/acc_minus_q1_carry__4_n_0
                         CARRY4 (Prop_carry4_CI_O[2])
                                                      0.256     8.509 r  lane1/core/inverse_butterfly/multiplier/acc_minus_q1_carry__5/O[2]
                         net (fo=1, unplaced)         1.114     9.623    lane1/core/inverse_butterfly/multiplier/acc_minus_q1_carry__5_n_5
                         LUT6 (Prop_lut6_I2_O)        0.301     9.924 r  lane1/core/inverse_butterfly/multiplier/acc[26]_i_2__10/O
                         net (fo=1, unplaced)         0.449    10.373    lane1/core/inverse_butterfly/multiplier/acc[26]_i_2__10_n_0
                         LUT3 (Prop_lut3_I2_O)        0.124    10.497 r  lane1/core/inverse_butterfly/multiplier/acc[26]_i_1__10/O
                         net (fo=2, unplaced)         0.000    10.497    lane1/core/inverse_butterfly/multiplier/next_acc[26]
                         FDRE                                         r  lane1/core/inverse_butterfly/multiplier/acc_reg[26]/D
  -------------------------------------------------------------------    -------------------

                         (clock clk rise edge)       10.000    10.000 r  
                                                      0.000    10.000 r  clk (IN)
                         net (fo=0)                   0.000    10.000    clk
                         IBUF (Prop_ibuf_I_O)         0.838    10.838 r  clk_IBUF_inst/O
                         net (fo=1, unplaced)         0.760    11.598    clk_IBUF
                         BUFG (Prop_bufg_I_O)         0.091    11.689 r  clk_IBUF_BUFG_inst/O
                         net (fo=4174, unplaced)      0.439    12.128    lane1/core/inverse_butterfly/multiplier/clk_IBUF_BUFG
                         FDRE                                         r  lane1/core/inverse_butterfly/multiplier/acc_reg[26]/C
                         clock pessimism              0.184    12.311    
                         clock uncertainty           -0.035    12.276    
                         FDRE (Setup_fdre_C_D)        0.044    12.320    lane1/core/inverse_butterfly/multiplier/acc_reg[26]
  -------------------------------------------------------------------
                         required time                         12.320    
                         arrival time                         -10.497    
  -------------------------------------------------------------------
                         slack                                  1.823    

Slack (MET) :             1.823ns  (required time - arrival time)
  Source:                 lane1/core/inverse_butterfly/multiplier/y_reg[0]/C
                            (rising edge-triggered cell FDRE clocked by clk  {rise@0.000ns fall@5.000ns period=10.000ns})
  Destination:            lane1/core/inverse_butterfly/multiplier/result_reg[26]/D
                            (rising edge-triggered cell FDRE clocked by clk  {rise@0.000ns fall@5.000ns period=10.000ns})
  Path Group:             clk
  Path Type:              Setup (Max at Slow Process Corner)
  Requirement:            10.000ns  (clk rise@10.000ns - clk rise@0.000ns)
  Data Path Delay:        8.041ns  (logic 4.366ns (54.297%)  route 3.675ns (45.703%))
  Logic Levels:           14  (CARRY4=9 LUT2=1 LUT3=1 LUT4=1 LUT5=1 LUT6=1)
  Clock Path Skew:        -0.145ns (DCD - SCD + CPR)
    Destination Clock Delay (DCD):    2.128ns = ( 12.128 - 10.000 ) 
    Source Clock Delay      (SCD):    2.456ns
    Clock Pessimism Removal (CPR):    0.184ns
  Clock Uncertainty:      0.035ns  ((TSJ^2 + TIJ^2)^1/2 + DJ) / 2 + PE
    Total System Jitter     (TSJ):    0.071ns
    Total Input Jitter      (TIJ):    0.000ns
    Discrete Jitter          (DJ):    0.000ns
    Phase Error              (PE):    0.000ns

    Location             Delay type                Incr(ns)  Path(ns)    Netlist Resource(s)
  -------------------------------------------------------------------    -------------------
                         (clock clk rise edge)        0.000     0.000 r  
                                                      0.000     0.000 r  clk (IN)
                         net (fo=0)                   0.000     0.000    clk
                         IBUF (Prop_ibuf_I_O)         0.972     0.972 r  clk_IBUF_inst/O
                         net (fo=1, unplaced)         0.800     1.771    clk_IBUF
                         BUFG (Prop_bufg_I_O)         0.101     1.872 r  clk_IBUF_BUFG_inst/O
                         net (fo=4174, unplaced)      0.584     2.456    lane1/core/inverse_butterfly/multiplier/clk_IBUF_BUFG
                         FDRE                                         r  lane1/core/inverse_butterfly/multiplier/y_reg[0]/C
  -------------------------------------------------------------------    -------------------
                         FDRE (Prop_fdre_C_Q)         0.478     2.934 r  lane1/core/inverse_butterfly/multiplier/y_reg[0]/Q
                         net (fo=64, unplaced)        0.829     3.763    lane1/core/inverse_butterfly/multiplier/y_reg_n_0_[0]
                         LUT4 (Prop_lut4_I1_O)        0.295     4.058 r  lane1/core/inverse_butterfly/multiplier/acc_minus_q1_carry_i_13__4/O
                         net (fo=1, unplaced)         0.000     4.058    lane1/core/inverse_butterfly/multiplier/acc_minus_q1_carry_i_13__4_n_0
                         CARRY4 (Prop_carry4_S[1]_CO[3])
                                                      0.533     4.591 r  lane1/core/inverse_butterfly/multiplier/acc_minus_q1_carry_i_10__4/CO[3]
                         net (fo=1, unplaced)         0.009     4.600    lane1/core/inverse_butterfly/multiplier/acc_minus_q1_carry_i_10__4_n_0
                         CARRY4 (Prop_carry4_CI_CO[3])
                                                      0.117     4.717 r  lane1/core/inverse_butterfly/multiplier/acc_minus_q1_carry__0_i_10__4/CO[3]
                         net (fo=1, unplaced)         0.000     4.717    lane1/core/inverse_butterfly/multiplier/acc_minus_q1_carry__0_i_10__4_n_0
                         CARRY4 (Prop_carry4_CI_CO[3])
                                                      0.117     4.834 r  lane1/core/inverse_butterfly/multiplier/acc_minus_q1_carry__1_i_10__4/CO[3]
                         net (fo=1, unplaced)         0.000     4.834    lane1/core/inverse_butterfly/multiplier/acc_minus_q1_carry__1_i_10__4_n_0
                         CARRY4 (Prop_carry4_CI_CO[3])
                                                      0.117     4.951 r  lane1/core/inverse_butterfly/multiplier/acc_minus_q1_carry__2_i_10__4/CO[3]
                         net (fo=1, unplaced)         0.000     4.951    lane1/core/inverse_butterfly/multiplier/acc_minus_q1_carry__2_i_10__4_n_0
                         CARRY4 (Prop_carry4_CI_O[3])
                                                      0.331     5.282 r  lane1/core/inverse_butterfly/multiplier/acc_minus_q1_carry__3_i_10__4/O[3]
                         net (fo=1, unplaced)         0.618     5.900    lane1/core/inverse_butterfly/multiplier/selected_raw1[19]
                         LUT5 (Prop_lut5_I4_O)        0.307     6.207 r  lane1/core/inverse_butterfly/multiplier/acc_minus_q1_carry__3_i_6__4/O
                         net (fo=1, unplaced)         0.000     6.207    lane1/core/inverse_butterfly/multiplier/acc_minus_q1_carry__3_i_6__4_n_0
                         CARRY4 (Prop_carry4_S[3]_CO[3])
                                                      0.376     6.583 r  lane1/core/inverse_butterfly/multiplier/acc_minus_q1_carry__3_i_1__4/CO[3]
                         net (fo=1, unplaced)         0.000     6.583    lane1/core/inverse_butterfly/multiplier/acc_minus_q1_carry__3_i_1__4_n_0
                         CARRY4 (Prop_carry4_CI_O[3])
                                                      0.331     6.914 r  lane1/core/inverse_butterfly/multiplier/acc_minus_q1_carry__4_i_1__4/O[3]
                         net (fo=8, unplaced)         0.656     7.570    lane1/core/inverse_butterfly/multiplier/acc_minus_q1_carry__4_i_1__4_n_4
                         LUT2 (Prop_lut2_I0_O)        0.307     7.877 r  lane1/core/inverse_butterfly/multiplier/acc_minus_q1_carry__4_i_2__4/O
                         net (fo=1, unplaced)         0.000     7.877    lane1/core/inverse_butterfly/multiplier/acc_minus_q1_carry__4_i_2__4_n_0
                         CARRY4 (Prop_carry4_S[3]_CO[3])
                                                      0.376     8.253 r  lane1/core/inverse_butterfly/multiplier/acc_minus_q1_carry__4/CO[3]
                         net (fo=1, unplaced)         0.000     8.253    lane1/core/inverse_butterfly/multiplier/acc_minus_q1_carry__4_n_0
                         CARRY4 (Prop_carry4_CI_O[2])
                                                      0.256     8.509 r  lane1/core/inverse_butterfly/multiplier/acc_minus_q1_carry__5/O[2]
                         net (fo=1, unplaced)         1.114     9.623    lane1/core/inverse_butterfly/multiplier/acc_minus_q1_carry__5_n_5
                         LUT6 (Prop_lut6_I2_O)        0.301     9.924 r  lane1/core/inverse_butterfly/multiplier/acc[26]_i_2__10/O
                         net (fo=1, unplaced)         0.449    10.373    lane1/core/inverse_butterfly/multiplier/acc[26]_i_2__10_n_0
                         LUT3 (Prop_lut3_I2_O)        0.124    10.497 r  lane1/core/inverse_butterfly/multiplier/acc[26]_i_1__10/O
                         net (fo=2, unplaced)         0.000    10.497    lane1/core/inverse_butterfly/multiplier/next_acc[26]
                         FDRE                                         r  lane1/core/inverse_butterfly/multiplier/result_reg[26]/D
  -------------------------------------------------------------------    -------------------

                         (clock clk rise edge)       10.000    10.000 r  
                                                      0.000    10.000 r  clk (IN)
                         net (fo=0)                   0.000    10.000    clk
                         IBUF (Prop_ibuf_I_O)         0.838    10.838 r  clk_IBUF_inst/O
                         net (fo=1, unplaced)         0.760    11.598    clk_IBUF
                         BUFG (Prop_bufg_I_O)         0.091    11.689 r  clk_IBUF_BUFG_inst/O
                         net (fo=4174, unplaced)      0.439    12.128    lane1/core/inverse_butterfly/multiplier/clk_IBUF_BUFG
                         FDRE                                         r  lane1/core/inverse_butterfly/multiplier/result_reg[26]/C
                         clock pessimism              0.184    12.311    
                         clock uncertainty           -0.035    12.276    
                         FDRE (Setup_fdre_C_D)        0.044    12.320    lane1/core/inverse_butterfly/multiplier/result_reg[26]
  -------------------------------------------------------------------
                         required time                         12.320    
                         arrival time                         -10.497    
  -------------------------------------------------------------------
                         slack                                  1.823    





Pulse Width Checks
--------------------------------------------------------------------------------------
Clock Name:         clk
Waveform(ns):       { 0.000 5.000 }
Period(ns):         10.000
Sources:            { clk }

Check Type        Corner  Lib Pin             Reference Pin  Required(ns)  Actual(ns)  Slack(ns)  Location  Pin
Min Period        n/a     RAMB36E1/CLKARDCLK  n/a            2.944         10.000      7.056                lane0/core/coefficient_bank_a/memory_reg_0/CLKARDCLK
Min Period        n/a     RAMB36E1/CLKBWRCLK  n/a            2.944         10.000      7.056                lane0/core/coefficient_bank_a/memory_reg_0/CLKBWRCLK
Min Period        n/a     RAMB36E1/CLKARDCLK  n/a            2.944         10.000      7.056                lane0/core/coefficient_bank_a/memory_reg_1/CLKARDCLK
Min Period        n/a     RAMB36E1/CLKBWRCLK  n/a            2.944         10.000      7.056                lane0/core/coefficient_bank_a/memory_reg_1/CLKBWRCLK
Min Period        n/a     RAMB36E1/CLKARDCLK  n/a            2.944         10.000      7.056                lane0/core/coefficient_bank_a/memory_reg_2/CLKARDCLK
Min Period        n/a     RAMB36E1/CLKBWRCLK  n/a            2.944         10.000      7.056                lane0/core/coefficient_bank_a/memory_reg_2/CLKBWRCLK
Min Period        n/a     RAMB36E1/CLKARDCLK  n/a            2.944         10.000      7.056                lane0/core/coefficient_bank_a/memory_reg_3/CLKARDCLK
Min Period        n/a     RAMB36E1/CLKBWRCLK  n/a            2.944         10.000      7.056                lane0/core/coefficient_bank_a/memory_reg_3/CLKBWRCLK
Min Period        n/a     RAMB36E1/CLKARDCLK  n/a            2.944         10.000      7.056                lane0/core/coefficient_bank_b/memory_reg_0/CLKARDCLK
Min Period        n/a     RAMB36E1/CLKBWRCLK  n/a            2.944         10.000      7.056                lane0/core/coefficient_bank_b/memory_reg_0/CLKBWRCLK
Min Period        n/a     RAMB36E1/CLKARDCLK  n/a            2.944         10.000      7.056                lane0/core/coefficient_bank_b/memory_reg_1/CLKARDCLK
Min Period        n/a     RAMB36E1/CLKBWRCLK  n/a            2.944         10.000      7.056                lane0/core/coefficient_bank_b/memory_reg_1/CLKBWRCLK
Min Period        n/a     RAMB36E1/CLKARDCLK  n/a            2.944         10.000      7.056                lane0/core/coefficient_bank_b/memory_reg_2/CLKARDCLK
Min Period        n/a     RAMB36E1/CLKBWRCLK  n/a            2.944         10.000      7.056                lane0/core/coefficient_bank_b/memory_reg_2/CLKBWRCLK
Min Period        n/a     RAMB36E1/CLKARDCLK  n/a            2.944         10.000      7.056                lane0/core/coefficient_bank_b/memory_reg_3/CLKARDCLK
Min Period        n/a     RAMB36E1/CLKBWRCLK  n/a            2.944         10.000      7.056                lane0/core/coefficient_bank_b/memory_reg_3/CLKBWRCLK
Min Period        n/a     RAMB36E1/CLKARDCLK  n/a            2.944         10.000      7.056                lane0/core/forward_twiddle_profile_memory/memory_reg_0/CLKARDCLK
Min Period        n/a     RAMB36E1/CLKARDCLK  n/a            2.944         10.000      7.056                lane0/core/forward_twiddle_profile_memory/memory_reg_1/CLKARDCLK
Min Period        n/a     RAMB36E1/CLKARDCLK  n/a            2.944         10.000      7.056                lane0/core/forward_twiddle_profile_memory/memory_reg_2/CLKARDCLK
Min Period        n/a     RAMB36E1/CLKARDCLK  n/a            2.944         10.000      7.056                lane0/core/forward_twiddle_profile_memory/memory_reg_3/CLKARDCLK
Low Pulse Width   Slow    FDRE/C              n/a            0.500         5.000       4.500                lane0/FSM_onehot_state_reg[0]/C
Low Pulse Width   Fast    FDRE/C              n/a            0.500         5.000       4.500                lane0/FSM_onehot_state_reg[0]/C
Low Pulse Width   Slow    FDRE/C              n/a            0.500         5.000       4.500                lane0/FSM_onehot_state_reg[10]/C
Low Pulse Width   Fast    FDRE/C              n/a            0.500         5.000       4.500                lane0/FSM_onehot_state_reg[10]/C
Low Pulse Width   Slow    FDSE/C              n/a            0.500         5.000       4.500                lane0/FSM_onehot_state_reg[1]/C
Low Pulse Width   Fast    FDSE/C              n/a            0.500         5.000       4.500                lane0/FSM_onehot_state_reg[1]/C
Low Pulse Width   Slow    FDRE/C              n/a            0.500         5.000       4.500                lane0/FSM_onehot_state_reg[2]/C
Low Pulse Width   Fast    FDRE/C              n/a            0.500         5.000       4.500                lane0/FSM_onehot_state_reg[2]/C
Low Pulse Width   Slow    FDRE/C              n/a            0.500         5.000       4.500                lane0/FSM_onehot_state_reg[3]/C
Low Pulse Width   Fast    FDRE/C              n/a            0.500         5.000       4.500                lane0/FSM_onehot_state_reg[3]/C
Low Pulse Width   Slow    FDRE/C              n/a            0.500         5.000       4.500                lane0/FSM_onehot_state_reg[4]/C
Low Pulse Width   Fast    FDRE/C              n/a            0.500         5.000       4.500                lane0/FSM_onehot_state_reg[4]/C
Low Pulse Width   Slow    FDRE/C              n/a            0.500         5.000       4.500                lane0/FSM_onehot_state_reg[5]/C
Low Pulse Width   Fast    FDRE/C              n/a            0.500         5.000       4.500                lane0/FSM_onehot_state_reg[5]/C
Low Pulse Width   Slow    FDRE/C              n/a            0.500         5.000       4.500                lane0/FSM_onehot_state_reg[6]/C
Low Pulse Width   Fast    FDRE/C              n/a            0.500         5.000       4.500                lane0/FSM_onehot_state_reg[6]/C
Low Pulse Width   Slow    FDRE/C              n/a            0.500         5.000       4.500                lane0/FSM_onehot_state_reg[7]/C
Low Pulse Width   Fast    FDRE/C              n/a            0.500         5.000       4.500                lane0/FSM_onehot_state_reg[7]/C
Low Pulse Width   Slow    FDRE/C              n/a            0.500         5.000       4.500                lane0/FSM_onehot_state_reg[8]/C
Low Pulse Width   Fast    FDRE/C              n/a            0.500         5.000       4.500                lane0/FSM_onehot_state_reg[8]/C
High Pulse Width  Slow    FDRE/C              n/a            0.500         5.000       4.500                lane0/FSM_onehot_state_reg[0]/C
High Pulse Width  Fast    FDRE/C              n/a            0.500         5.000       4.500                lane0/FSM_onehot_state_reg[0]/C
High Pulse Width  Slow    FDRE/C              n/a            0.500         5.000       4.500                lane0/FSM_onehot_state_reg[10]/C
High Pulse Width  Fast    FDRE/C              n/a            0.500         5.000       4.500                lane0/FSM_onehot_state_reg[10]/C
High Pulse Width  Slow    FDSE/C              n/a            0.500         5.000       4.500                lane0/FSM_onehot_state_reg[1]/C
High Pulse Width  Fast    FDSE/C              n/a            0.500         5.000       4.500                lane0/FSM_onehot_state_reg[1]/C
High Pulse Width  Slow    FDRE/C              n/a            0.500         5.000       4.500                lane0/FSM_onehot_state_reg[2]/C
High Pulse Width  Fast    FDRE/C              n/a            0.500         5.000       4.500                lane0/FSM_onehot_state_reg[2]/C
High Pulse Width  Slow    FDRE/C              n/a            0.500         5.000       4.500                lane0/FSM_onehot_state_reg[3]/C
High Pulse Width  Fast    FDRE/C              n/a            0.500         5.000       4.500                lane0/FSM_onehot_state_reg[3]/C
High Pulse Width  Slow    FDRE/C              n/a            0.500         5.000       4.500                lane0/FSM_onehot_state_reg[4]/C
High Pulse Width  Fast    FDRE/C              n/a            0.500         5.000       4.500                lane0/FSM_onehot_state_reg[4]/C
High Pulse Width  Slow    FDRE/C              n/a            0.500         5.000       4.500                lane0/FSM_onehot_state_reg[5]/C
High Pulse Width  Fast    FDRE/C              n/a            0.500         5.000       4.500                lane0/FSM_onehot_state_reg[5]/C
High Pulse Width  Slow    FDRE/C              n/a            0.500         5.000       4.500                lane0/FSM_onehot_state_reg[6]/C
High Pulse Width  Fast    FDRE/C              n/a            0.500         5.000       4.500                lane0/FSM_onehot_state_reg[6]/C
High Pulse Width  Slow    FDRE/C              n/a            0.500         5.000       4.500                lane0/FSM_onehot_state_reg[7]/C
High Pulse Width  Fast    FDRE/C              n/a            0.500         5.000       4.500                lane0/FSM_onehot_state_reg[7]/C
High Pulse Width  Slow    FDRE/C              n/a            0.500         5.000       4.500                lane0/FSM_onehot_state_reg[8]/C
High Pulse Width  Fast    FDRE/C              n/a            0.500         5.000       4.500                lane0/FSM_onehot_state_reg[8]/C



