Copyright 1986-2022 Xilinx, Inc. All Rights Reserved. Copyright 2022-2024 Advanced Micro Devices, Inc. All Rights Reserved.
----------------------------------------------------------------------------------------------------------------------------------------------------------------------------------------
| Tool Version : Vivado v.2024.1 (win64) Build 5076996 Wed May 22 18:37:14 MDT 2024
| Date         : Sun Jul 19 23:43:03 2026
| Host         : DESKTOP-63734QH running 64-bit major release  (build 9200)
| Command      : report_timing_summary -delay_type max -max_paths 50 -file F:/repos/pynq_butterfly/reports/poly_mul4096_dual_butterfly_two_tower_dma_timing_recovery/timing_summary.rpt
| Design       : d_wrapper
| Device       : 7z020-clg400
| Speed File   : -1  PRODUCTION 1.12 2019-11-22
| Design State : Physopt postRoute
----------------------------------------------------------------------------------------------------------------------------------------------------------------------------------------

Timing Summary Report

------------------------------------------------------------------------------------------------
| Timer Settings
| --------------
------------------------------------------------------------------------------------------------

  Enable Multi Corner Analysis               :  Yes
  Enable Pessimism Removal                   :  Yes
  Pessimism Removal Resolution               :  Nearest Common Node
  Enable Input Delay Default Clock           :  No
  Enable Preset / Clear Arcs                 :  No
  Disable Flight Delays                      :  No
  Ignore I/O Paths                           :  No
  Timing Early Launch at Borrowing Latches   :  No
  Borrow Time for Max Delay Exceptions       :  Yes
  Merge Timing Exceptions                    :  Yes
  Inter-SLR Compensation                     :  Conservative

  Corner  Analyze    Analyze    
  Name    Max Paths  Min Paths  
  ------  ---------  ---------  
  Slow    Yes        Yes        
  Fast    Yes        Yes        


------------------------------------------------------------------------------------------------
| Report Methodology
| ------------------
------------------------------------------------------------------------------------------------

No report available as report_methodology has not been run prior. Run report_methodology on the current design for the summary of methodology violations.



check_timing report

Table of Contents
-----------------
1. checking no_clock (0)
2. checking constant_clock (0)
3. checking pulse_width_clock (0)
4. checking unconstrained_internal_endpoints (0)
5. checking no_input_delay (0)
6. checking no_output_delay (0)
7. checking multiple_clock (0)
8. checking generated_clocks (0)
9. checking loops (0)
10. checking partial_input_delay (0)
11. checking partial_output_delay (0)
12. checking latch_loops (0)

1. checking no_clock (0)
------------------------
 There are 0 register/latch pins with no clock.


2. checking constant_clock (0)
------------------------------
 There are 0 register/latch pins with constant_clock.


3. checking pulse_width_clock (0)
---------------------------------
 There are 0 register/latch pins which need pulse_width check


4. checking unconstrained_internal_endpoints (0)
------------------------------------------------
 There are 0 pins that are not constrained for maximum delay.

 There are 0 pins that are not constrained for maximum delay due to constant clock.


5. checking no_input_delay (0)
------------------------------
 There are 0 input ports with no input delay specified.

 There are 0 input ports with no input delay but user has a false path constraint.


6. checking no_output_delay (0)
-------------------------------
 There are 0 ports with no output delay specified.

 There are 0 ports with no output delay but user has a false path constraint

 There are 0 ports with no output delay but with a timing clock defined on it or propagating through it


7. checking multiple_clock (0)
------------------------------
 There are 0 register/latch pins with multiple clocks.


8. checking generated_clocks (0)
--------------------------------
 There are 0 generated clocks that are not connected to a clock source.


9. checking loops (0)
---------------------
 There are 0 combinational loops in the design.


10. checking partial_input_delay (0)
------------------------------------
 There are 0 input ports with partial input delay specified.


11. checking partial_output_delay (0)
-------------------------------------
 There are 0 ports with partial output delay specified.


12. checking latch_loops (0)
----------------------------
 There are 0 combinational latch loops in the design through latch input



------------------------------------------------------------------------------------------------
| Design Timing Summary
| ---------------------
------------------------------------------------------------------------------------------------

    WNS(ns)      TNS(ns)  TNS Failing Endpoints  TNS Total Endpoints     WPWS(ns)     TPWS(ns)  TPWS Failing Endpoints  TPWS Total Endpoints  
    -------      -------  ---------------------  -------------------     --------     --------  ----------------------  --------------------  
     -0.906     -150.595                    614                41796        3.750        0.000                       0                 13550  


Timing constraints are not met.


------------------------------------------------------------------------------------------------
| Clock Summary
| -------------
------------------------------------------------------------------------------------------------

Clock       Waveform(ns)       Period(ns)      Frequency(MHz)
-----       ------------       ----------      --------------
clk_fpga_0  {0.000 5.000}      10.000          100.000         


------------------------------------------------------------------------------------------------
| Intra Clock Table
| -----------------
------------------------------------------------------------------------------------------------

Clock             WNS(ns)      TNS(ns)  TNS Failing Endpoints  TNS Total Endpoints     WPWS(ns)     TPWS(ns)  TPWS Failing Endpoints  TPWS Total Endpoints  
-----             -------      -------  ---------------------  -------------------     --------     --------  ----------------------  --------------------  
clk_fpga_0         -0.906     -150.595                    614                41796        3.750        0.000                       0                 13550  


------------------------------------------------------------------------------------------------
| Inter Clock Table
| -----------------
------------------------------------------------------------------------------------------------

From Clock    To Clock          WNS(ns)      TNS(ns)  TNS Failing Endpoints  TNS Total Endpoints  
----------    --------          -------      -------  ---------------------  -------------------  


------------------------------------------------------------------------------------------------
| Other Path Groups Table
| -----------------------
------------------------------------------------------------------------------------------------

Path Group    From Clock    To Clock          WNS(ns)      TNS(ns)  TNS Failing Endpoints  TNS Total Endpoints  
----------    ----------    --------          -------      -------  ---------------------  -------------------  


------------------------------------------------------------------------------------------------
| Timing Details
| --------------
------------------------------------------------------------------------------------------------


---------------------------------------------------------------------------------------------------
From Clock:  clk_fpga_0
  To Clock:  clk_fpga_0

Setup :          614  Failing Endpoints,  Worst Slack       -0.906ns,  Total Violation     -150.595ns
Hold  :           NA  Failing Endpoints,  Worst Slack           NA  ,  Total Violation           NA
PW    :            0  Failing Endpoints,  Worst Slack        3.750ns,  Total Violation        0.000ns
---------------------------------------------------------------------------------------------------


Max Delay Paths
--------------------------------------------------------------------------------------
Slack (VIOLATED) :        -0.906ns  (required time - arrival time)
  Source:                 d_i/acc/inst/lane0/core/coefficient_store_a/bank0/memory_reg/CLKBWRCLK
                            (rising edge-triggered cell RAMB36E1 clocked by clk_fpga_0  {rise@0.000ns fall@5.000ns period=10.000ns})
  Destination:            d_i/acc/inst/lane0/core/butterfly_a1/multiplier/x_reg[27]/D
                            (rising edge-triggered cell FDRE clocked by clk_fpga_0  {rise@0.000ns fall@5.000ns period=10.000ns})
  Path Group:             clk_fpga_0
  Path Type:              Setup (Max at Slow Process Corner)
  Requirement:            10.000ns  (clk_fpga_0 rise@10.000ns - clk_fpga_0 rise@0.000ns)
  Data Path Delay:        10.695ns  (logic 5.576ns (52.136%)  route 5.119ns (47.864%))
  Logic Levels:           15  (CARRY4=9 LUT4=2 LUT6=3 MUXF7=1)
  Clock Path Skew:        -0.169ns (DCD - SCD + CPR)
    Destination Clock Delay (DCD):    2.896ns = ( 12.896 - 10.000 ) 
    Source Clock Delay      (SCD):    3.318ns
    Clock Pessimism Removal (CPR):    0.253ns
  Clock Uncertainty:      0.154ns  ((TSJ^2 + TIJ^2)^1/2 + DJ) / 2 + PE
    Total System Jitter     (TSJ):    0.071ns
    Total Input Jitter      (TIJ):    0.300ns
    Discrete Jitter          (DJ):    0.000ns
    Phase Error              (PE):    0.000ns

    Location             Delay type                Incr(ns)  Path(ns)    Netlist Resource(s)
  -------------------------------------------------------------------    -------------------
                         (clock clk_fpga_0 rise edge)
                                                      0.000     0.000 r  
    PS7_X0Y0             PS7                          0.000     0.000 r  d_i/ps/inst/PS7_i/FCLKCLK[0]
                         net (fo=1, routed)           1.193     1.193    d_i/ps/inst/FCLK_CLK_unbuffered[0]
    BUFGCTRL_X0Y17       BUFG (Prop_bufg_I_O)         0.101     1.294 r  d_i/ps/inst/buffer_fclk_clk_0.FCLK_CLK_0_BUFG_replica/O
                         net (fo=3, routed)           0.146     1.440    d_i/ps/inst/FCLK_CLK0_repN
    BUFGCTRL_X0Y16       BUFG (Prop_bufg_I_O)         0.101     1.541 r  d_i/ps/inst/buffer_fclk_clk_0.FCLK_CLK_0_BUFG/O
                         net (fo=13548, routed)       1.777     3.318    d_i/acc/inst/lane0/core/coefficient_store_a/bank0/clk
    RAMB36_X1Y5          RAMB36E1                                     r  d_i/acc/inst/lane0/core/coefficient_store_a/bank0/memory_reg/CLKBWRCLK
  -------------------------------------------------------------------    -------------------
    RAMB36_X1Y5          RAMB36E1 (Prop_ramb36e1_CLKBWRCLK_DOBDO[10])
                                                      2.454     5.772 f  d_i/acc/inst/lane0/core/coefficient_store_a/bank0/memory_reg/DOBDO[10]
                         net (fo=4, routed)           0.662     6.434    d_i/acc/inst/lane0/core/coefficient_store_a/bank0/DOBDO[8]
    SLICE_X23Y27         LUT6 (Prop_lut6_I5_O)        0.124     6.558 r  d_i/acc/inst/lane0/core/coefficient_store_a/bank0/a_register[10]_i_2_comp_1/O
                         net (fo=1, routed)           0.665     7.223    d_i/acc/inst/lane0/core/coefficient_store_a/bank3/a_register_reg[10]_0
    SLICE_X23Y27         LUT6 (Prop_lut6_I3_O)        0.124     7.347 r  d_i/acc/inst/lane0/core/coefficient_store_a/bank3/a_register[10]_i_1_comp/O
                         net (fo=10, routed)          1.181     8.529    d_i/acc/inst/lane0/core/coefficient_store_a/bank3/memory_reg_46
    SLICE_X23Y33         LUT4 (Prop_lut4_I3_O)        0.124     8.653 r  d_i/acc/inst/lane0/core/coefficient_store_a/bank3/x[31]_i_49__0/O
                         net (fo=1, routed)           0.000     8.653    d_i/acc/inst/lane0/core/coefficient_store_a/bank3/x[31]_i_49__0_n_0
    SLICE_X23Y33         CARRY4 (Prop_carry4_S[1]_CO[3])
                                                      0.550     9.203 r  d_i/acc/inst/lane0/core/coefficient_store_a/bank3/x_reg[31]_i_33__2/CO[3]
                         net (fo=1, routed)           0.000     9.203    d_i/acc/inst/lane0/core/coefficient_store_a/bank3/x_reg[31]_i_33__2_n_0
    SLICE_X23Y34         CARRY4 (Prop_carry4_CI_CO[3])
                                                      0.114     9.317 r  d_i/acc/inst/lane0/core/coefficient_store_a/bank3/x_reg[31]_i_24__0/CO[3]
                         net (fo=1, routed)           0.000     9.317    d_i/acc/inst/lane0/core/coefficient_store_a/bank3/x_reg[31]_i_24__0_n_0
    SLICE_X23Y35         CARRY4 (Prop_carry4_CI_CO[3])
                                                      0.114     9.431 f  d_i/acc/inst/lane0/core/coefficient_store_a/bank3/x_reg[31]_i_19__0/CO[3]
                         net (fo=61, routed)          1.210    10.641    d_i/acc/inst/lane0/core/coefficient_store_a/bank3/x[31]_i_32__0_0[0]
    SLICE_X28Y41         LUT4 (Prop_lut4_I0_O)        0.124    10.765 r  d_i/acc/inst/lane0/core/coefficient_store_a/bank3/x[7]_i_8__0/O
                         net (fo=1, routed)           0.731    11.496    d_i/acc/inst/lane0/core/coefficient_store_a/bank3/x[7]_i_8__0_n_0
    SLICE_X28Y33         CARRY4 (Prop_carry4_DI[0]_CO[3])
                                                      0.526    12.022 r  d_i/acc/inst/lane0/core/coefficient_store_a/bank3/x_reg[7]_i_4__0/CO[3]
                         net (fo=1, routed)           0.000    12.022    d_i/acc/inst/lane0/core/coefficient_store_a/bank3/x_reg[7]_i_4__0_n_0
    SLICE_X28Y34         CARRY4 (Prop_carry4_CI_CO[3])
                                                      0.114    12.136 r  d_i/acc/inst/lane0/core/coefficient_store_a/bank3/x_reg[11]_i_4__0/CO[3]
                         net (fo=1, routed)           0.000    12.136    d_i/acc/inst/lane0/core/coefficient_store_a/bank3/x_reg[11]_i_4__0_n_0
    SLICE_X28Y35         CARRY4 (Prop_carry4_CI_CO[3])
                                                      0.114    12.250 r  d_i/acc/inst/lane0/core/coefficient_store_a/bank3/x_reg[15]_i_4__0/CO[3]
                         net (fo=1, routed)           0.000    12.250    d_i/acc/inst/lane0/core/coefficient_store_a/bank3/x_reg[15]_i_4__0_n_0
    SLICE_X28Y36         CARRY4 (Prop_carry4_CI_CO[3])
                                                      0.114    12.364 r  d_i/acc/inst/lane0/core/coefficient_store_a/bank3/x_reg[19]_i_4__0/CO[3]
                         net (fo=1, routed)           0.000    12.364    d_i/acc/inst/lane0/core/coefficient_store_a/bank3/x_reg[19]_i_4__0_n_0
    SLICE_X28Y37         CARRY4 (Prop_carry4_CI_CO[3])
                                                      0.114    12.478 r  d_i/acc/inst/lane0/core/coefficient_store_a/bank3/x_reg[23]_i_4__0/CO[3]
                         net (fo=1, routed)           0.000    12.478    d_i/acc/inst/lane0/core/coefficient_store_a/bank3/x_reg[23]_i_4__0_n_0
    SLICE_X28Y38         CARRY4 (Prop_carry4_CI_O[3])
                                                      0.313    12.791 r  d_i/acc/inst/lane0/core/coefficient_store_a/bank3/x_reg[27]_i_4__0/O[3]
                         net (fo=1, routed)           0.670    13.461    d_i/acc/inst/lane0/core/butterfly_a1/multiplier/input_difference_reduced[27]
    SLICE_X32Y40         LUT6 (Prop_lut6_I2_O)        0.306    13.767 r  d_i/acc/inst/lane0/core/butterfly_a1/multiplier/x[27]_i_3__0/O
                         net (fo=1, routed)           0.000    13.767    d_i/acc/inst/lane0/core/butterfly_a1/multiplier/x[27]_i_3__0_n_0
    SLICE_X32Y40         MUXF7 (Prop_muxf7_I1_O)      0.247    14.014 r  d_i/acc/inst/lane0/core/butterfly_a1/multiplier/x_reg[27]_i_1__0/O
                         net (fo=1, routed)           0.000    14.014    d_i/acc/inst/lane0/core/butterfly_a1/multiplier/x_reg[27]_i_1__0_n_0
    SLICE_X32Y40         FDRE                                         r  d_i/acc/inst/lane0/core/butterfly_a1/multiplier/x_reg[27]/D
  -------------------------------------------------------------------    -------------------

                         (clock clk_fpga_0 rise edge)
                                                     10.000    10.000 r  
    PS7_X0Y0             PS7                          0.000    10.000 r  d_i/ps/inst/PS7_i/FCLKCLK[0]
                         net (fo=1, routed)           1.088    11.088    d_i/ps/inst/FCLK_CLK_unbuffered[0]
    BUFGCTRL_X0Y17       BUFG (Prop_bufg_I_O)         0.091    11.179 r  d_i/ps/inst/buffer_fclk_clk_0.FCLK_CLK_0_BUFG_replica/O
                         net (fo=3, routed)           0.133    11.312    d_i/ps/inst/FCLK_CLK0_repN
    BUFGCTRL_X0Y16       BUFG (Prop_bufg_I_O)         0.091    11.403 r  d_i/ps/inst/buffer_fclk_clk_0.FCLK_CLK_0_BUFG/O
                         net (fo=13548, routed)       1.493    12.896    d_i/acc/inst/lane0/core/butterfly_a1/multiplier/clk
    SLICE_X32Y40         FDRE                                         r  d_i/acc/inst/lane0/core/butterfly_a1/multiplier/x_reg[27]/C
                         clock pessimism              0.253    13.149    
                         clock uncertainty           -0.154    12.995    
    SLICE_X32Y40         FDRE (Setup_fdre_C_D)        0.113    13.108    d_i/acc/inst/lane0/core/butterfly_a1/multiplier/x_reg[27]
  -------------------------------------------------------------------
                         required time                         13.108    
                         arrival time                         -14.014    
  -------------------------------------------------------------------
                         slack                                 -0.906    

Slack (VIOLATED) :        -0.904ns  (required time - arrival time)
  Source:                 d_i/acc/inst/lane1/core/coefficient_store_a/bank0/memory_reg/CLKBWRCLK
                            (rising edge-triggered cell RAMB36E1 clocked by clk_fpga_0  {rise@0.000ns fall@5.000ns period=10.000ns})
  Destination:            d_i/acc/inst/lane1/core/butterfly_a0/multiplier/x_reg[29]/D
                            (rising edge-triggered cell FDRE clocked by clk_fpga_0  {rise@0.000ns fall@5.000ns period=10.000ns})
  Path Group:             clk_fpga_0
  Path Type:              Setup (Max at Slow Process Corner)
  Requirement:            10.000ns  (clk_fpga_0 rise@10.000ns - clk_fpga_0 rise@0.000ns)
  Data Path Delay:        10.783ns  (logic 5.688ns (52.748%)  route 5.095ns (47.252%))
  Logic Levels:           16  (CARRY4=10 LUT4=2 LUT6=3 MUXF7=1)
  Clock Path Skew:        -0.030ns (DCD - SCD + CPR)
    Destination Clock Delay (DCD):    2.970ns = ( 12.970 - 10.000 ) 
    Source Clock Delay      (SCD):    3.253ns
    Clock Pessimism Removal (CPR):    0.253ns
  Clock Uncertainty:      0.154ns  ((TSJ^2 + TIJ^2)^1/2 + DJ) / 2 + PE
    Total System Jitter     (TSJ):    0.071ns
    Total Input Jitter      (TIJ):    0.300ns
    Discrete Jitter          (DJ):    0.000ns
    Phase Error              (PE):    0.000ns

    Location             Delay type                Incr(ns)  Path(ns)    Netlist Resource(s)
  -------------------------------------------------------------------    -------------------
                         (clock clk_fpga_0 rise edge)
                                                      0.000     0.000 r  
    PS7_X0Y0             PS7                          0.000     0.000 r  d_i/ps/inst/PS7_i/FCLKCLK[0]
                         net (fo=1, routed)           1.193     1.193    d_i/ps/inst/FCLK_CLK_unbuffered[0]
    BUFGCTRL_X0Y17       BUFG (Prop_bufg_I_O)         0.101     1.294 r  d_i/ps/inst/buffer_fclk_clk_0.FCLK_CLK_0_BUFG_replica/O
                         net (fo=3, routed)           0.146     1.440    d_i/ps/inst/FCLK_CLK0_repN
    BUFGCTRL_X0Y16       BUFG (Prop_bufg_I_O)         0.101     1.541 r  d_i/ps/inst/buffer_fclk_clk_0.FCLK_CLK_0_BUFG/O
                         net (fo=13548, routed)       1.712     3.253    d_i/acc/inst/lane1/core/coefficient_store_a/bank0/clk
    RAMB36_X2Y0          RAMB36E1                                     r  d_i/acc/inst/lane1/core/coefficient_store_a/bank0/memory_reg/CLKBWRCLK
  -------------------------------------------------------------------    -------------------
    RAMB36_X2Y0          RAMB36E1 (Prop_ramb36e1_CLKBWRCLK_DOBDO[1])
                                                      2.454     5.707 r  d_i/acc/inst/lane1/core/coefficient_store_a/bank0/memory_reg/DOBDO[1]
                         net (fo=4, routed)           1.202     6.909    d_i/acc/inst/lane1/core/coefficient_store_a/bank0/DOBDO[1]
    SLICE_X28Y5          LUT6 (Prop_lut6_I2_O)        0.124     7.033 r  d_i/acc/inst/lane1/core/coefficient_store_a/bank0/captured_a1[1]_i_2__0/O
                         net (fo=1, routed)           0.461     7.494    d_i/acc/inst/lane1/core/coefficient_store_a/bank2/captured_a1_reg[1]_0
    SLICE_X26Y4          LUT6 (Prop_lut6_I3_O)        0.124     7.618 r  d_i/acc/inst/lane1/core/coefficient_store_a/bank2/captured_a1[1]_i_1__0/O
                         net (fo=9, routed)           0.792     8.410    d_i/acc/inst/lane1/core/coefficient_store_a/bank3/x_reg[3]_i_4__1_0
    SLICE_X24Y4          LUT4 (Prop_lut4_I0_O)        0.124     8.534 r  d_i/acc/inst/lane1/core/coefficient_store_a/bank3/x[31]_i_58__1/O
                         net (fo=1, routed)           0.000     8.534    d_i/acc/inst/lane1/core/coefficient_store_a/bank3/x[31]_i_58__1_n_0
    SLICE_X24Y4          CARRY4 (Prop_carry4_S[0]_CO[3])
                                                      0.532     9.066 r  d_i/acc/inst/lane1/core/coefficient_store_a/bank3/x_reg[31]_i_42__1/CO[3]
                         net (fo=1, routed)           0.000     9.066    d_i/acc/inst/lane1/core/coefficient_store_a/bank3/x_reg[31]_i_42__1_n_0
    SLICE_X24Y5          CARRY4 (Prop_carry4_CI_CO[3])
                                                      0.114     9.180 r  d_i/acc/inst/lane1/core/coefficient_store_a/bank3/x_reg[31]_i_33__5/CO[3]
                         net (fo=1, routed)           0.000     9.180    d_i/acc/inst/lane1/core/coefficient_store_a/bank3/x_reg[31]_i_33__5_n_0
    SLICE_X24Y6          CARRY4 (Prop_carry4_CI_CO[3])
                                                      0.114     9.294 r  d_i/acc/inst/lane1/core/coefficient_store_a/bank3/x_reg[31]_i_24__1/CO[3]
                         net (fo=1, routed)           0.000     9.294    d_i/acc/inst/lane1/core/coefficient_store_a/bank3/x_reg[31]_i_24__1_n_0
    SLICE_X24Y7          CARRY4 (Prop_carry4_CI_CO[3])
                                                      0.114     9.408 f  d_i/acc/inst/lane1/core/coefficient_store_a/bank3/x_reg[31]_i_19__1/CO[3]
                         net (fo=61, routed)          1.431    10.839    d_i/acc/inst/lane1/core/coefficient_store_a/bank3/butterfly_a0/input_difference_reduced1
    SLICE_X23Y7          LUT4 (Prop_lut4_I0_O)        0.124    10.963 r  d_i/acc/inst/lane1/core/coefficient_store_a/bank3/x[11]_i_8__3/O
                         net (fo=1, routed)           0.568    11.531    d_i/acc/inst/lane1/core/coefficient_store_a/bank3/x[11]_i_8__3_n_0
    SLICE_X22Y7          CARRY4 (Prop_carry4_DI[0]_CO[3])
                                                      0.550    12.081 r  d_i/acc/inst/lane1/core/coefficient_store_a/bank3/x_reg[11]_i_4__1/CO[3]
                         net (fo=1, routed)           0.000    12.081    d_i/acc/inst/lane1/core/coefficient_store_a/bank3/x_reg[11]_i_4__1_n_0
    SLICE_X22Y8          CARRY4 (Prop_carry4_CI_CO[3])
                                                      0.117    12.198 r  d_i/acc/inst/lane1/core/coefficient_store_a/bank3/x_reg[15]_i_4__1/CO[3]
                         net (fo=1, routed)           0.000    12.198    d_i/acc/inst/lane1/core/coefficient_store_a/bank3/x_reg[15]_i_4__1_n_0
    SLICE_X22Y9          CARRY4 (Prop_carry4_CI_CO[3])
                                                      0.117    12.315 r  d_i/acc/inst/lane1/core/coefficient_store_a/bank3/x_reg[19]_i_4__1/CO[3]
                         net (fo=1, routed)           0.000    12.315    d_i/acc/inst/lane1/core/coefficient_store_a/bank3/x_reg[19]_i_4__1_n_0
    SLICE_X22Y10         CARRY4 (Prop_carry4_CI_CO[3])
                                                      0.117    12.432 r  d_i/acc/inst/lane1/core/coefficient_store_a/bank3/x_reg[23]_i_4__1/CO[3]
                         net (fo=1, routed)           0.000    12.432    d_i/acc/inst/lane1/core/coefficient_store_a/bank3/x_reg[23]_i_4__1_n_0
    SLICE_X22Y11         CARRY4 (Prop_carry4_CI_CO[3])
                                                      0.117    12.549 r  d_i/acc/inst/lane1/core/coefficient_store_a/bank3/x_reg[27]_i_4__1/CO[3]
                         net (fo=1, routed)           0.000    12.549    d_i/acc/inst/lane1/core/coefficient_store_a/bank3/x_reg[27]_i_4__1_n_0
    SLICE_X22Y12         CARRY4 (Prop_carry4_CI_O[1])
                                                      0.323    12.872 r  d_i/acc/inst/lane1/core/coefficient_store_a/bank3/x_reg[31]_i_7__5/O[1]
                         net (fo=1, routed)           0.641    13.514    d_i/acc/inst/lane1/core/butterfly_a0/multiplier/input_difference_reduced[29]
    SLICE_X23Y20         LUT6 (Prop_lut6_I2_O)        0.306    13.820 r  d_i/acc/inst/lane1/core/butterfly_a0/multiplier/x[29]_i_3__5/O
                         net (fo=1, routed)           0.000    13.820    d_i/acc/inst/lane1/core/butterfly_a0/multiplier/x[29]_i_3__5_n_0
    SLICE_X23Y20         MUXF7 (Prop_muxf7_I1_O)      0.217    14.037 r  d_i/acc/inst/lane1/core/butterfly_a0/multiplier/x_reg[29]_i_1__1/O
                         net (fo=1, routed)           0.000    14.037    d_i/acc/inst/lane1/core/butterfly_a0/multiplier/x_reg[29]_i_1__1_n_0
    SLICE_X23Y20         FDRE                                         r  d_i/acc/inst/lane1/core/butterfly_a0/multiplier/x_reg[29]/D
  -------------------------------------------------------------------    -------------------

                         (clock clk_fpga_0 rise edge)
                                                     10.000    10.000 r  
    PS7_X0Y0             PS7                          0.000    10.000 r  d_i/ps/inst/PS7_i/FCLKCLK[0]
                         net (fo=1, routed)           1.088    11.088    d_i/ps/inst/FCLK_CLK_unbuffered[0]
    BUFGCTRL_X0Y17       BUFG (Prop_bufg_I_O)         0.091    11.179 r  d_i/ps/inst/buffer_fclk_clk_0.FCLK_CLK_0_BUFG_replica/O
                         net (fo=3, routed)           0.133    11.312    d_i/ps/inst/FCLK_CLK0_repN
    BUFGCTRL_X0Y16       BUFG (Prop_bufg_I_O)         0.091    11.403 r  d_i/ps/inst/buffer_fclk_clk_0.FCLK_CLK_0_BUFG/O
                         net (fo=13548, routed)       1.567    12.970    d_i/acc/inst/lane1/core/butterfly_a0/multiplier/clk
    SLICE_X23Y20         FDRE                                         r  d_i/acc/inst/lane1/core/butterfly_a0/multiplier/x_reg[29]/C
                         clock pessimism              0.253    13.223    
                         clock uncertainty           -0.154    13.069    
    SLICE_X23Y20         FDRE (Setup_fdre_C_D)        0.064    13.133    d_i/acc/inst/lane1/core/butterfly_a0/multiplier/x_reg[29]
  -------------------------------------------------------------------
                         required time                         13.133    
                         arrival time                         -14.037    
  -------------------------------------------------------------------
                         slack                                 -0.904    

Slack (VIOLATED) :        -0.887ns  (required time - arrival time)
  Source:                 d_i/acc/inst/lane1/core/coefficient_store_b/bank1/memory_reg/CLKBWRCLK
                            (rising edge-triggered cell RAMB36E1 clocked by clk_fpga_0  {rise@0.000ns fall@5.000ns period=10.000ns})
  Destination:            d_i/acc/inst/lane1/core/butterfly_b0/multiplier/x_reg[31]/D
                            (rising edge-triggered cell FDRE clocked by clk_fpga_0  {rise@0.000ns fall@5.000ns period=10.000ns})
  Path Group:             clk_fpga_0
  Path Type:              Setup (Max at Slow Process Corner)
  Requirement:            10.000ns  (clk_fpga_0 rise@10.000ns - clk_fpga_0 rise@0.000ns)
  Data Path Delay:        10.658ns  (logic 5.373ns (50.411%)  route 5.285ns (49.589%))
  Logic Levels:           14  (CARRY4=7 LUT4=2 LUT5=1 LUT6=4)
  Clock Path Skew:        -0.105ns (DCD - SCD + CPR)
    Destination Clock Delay (DCD):    2.950ns = ( 12.950 - 10.000 ) 
    Source Clock Delay      (SCD):    3.308ns
    Clock Pessimism Removal (CPR):    0.253ns
  Clock Uncertainty:      0.154ns  ((TSJ^2 + TIJ^2)^1/2 + DJ) / 2 + PE
    Total System Jitter     (TSJ):    0.071ns
    Total Input Jitter      (TIJ):    0.300ns
    Discrete Jitter          (DJ):    0.000ns
    Phase Error              (PE):    0.000ns

    Location             Delay type                Incr(ns)  Path(ns)    Netlist Resource(s)
  -------------------------------------------------------------------    -------------------
                         (clock clk_fpga_0 rise edge)
                                                      0.000     0.000 r  
    PS7_X0Y0             PS7                          0.000     0.000 r  d_i/ps/inst/PS7_i/FCLKCLK[0]
                         net (fo=1, routed)           1.193     1.193    d_i/ps/inst/FCLK_CLK_unbuffered[0]
    BUFGCTRL_X0Y17       BUFG (Prop_bufg_I_O)         0.101     1.294 r  d_i/ps/inst/buffer_fclk_clk_0.FCLK_CLK_0_BUFG_replica/O
                         net (fo=3, routed)           0.146     1.440    d_i/ps/inst/FCLK_CLK0_repN
    BUFGCTRL_X0Y16       BUFG (Prop_bufg_I_O)         0.101     1.541 r  d_i/ps/inst/buffer_fclk_clk_0.FCLK_CLK_0_BUFG/O
                         net (fo=13548, routed)       1.767     3.308    d_i/acc/inst/lane1/core/coefficient_store_b/bank1/clk
    RAMB36_X3Y2          RAMB36E1                                     r  d_i/acc/inst/lane1/core/coefficient_store_b/bank1/memory_reg/CLKBWRCLK
  -------------------------------------------------------------------    -------------------
    RAMB36_X3Y2          RAMB36E1 (Prop_ramb36e1_CLKBWRCLK_DOBDO[27])
                                                      2.454     5.762 r  d_i/acc/inst/lane1/core/coefficient_store_b/bank1/memory_reg/DOBDO[27]
                         net (fo=4, routed)           1.523     7.286    d_i/acc/inst/lane1/core/coefficient_store_b/bank0/captured_b0_reg[31][27]
    SLICE_X80Y19         LUT6 (Prop_lut6_I3_O)        0.124     7.410 r  d_i/acc/inst/lane1/core/coefficient_store_b/bank0/captured_b0[27]_i_2__0/O
                         net (fo=1, routed)           0.420     7.830    d_i/acc/inst/lane1/core/coefficient_store_b/bank3/captured_b0_reg[27]
    SLICE_X80Y18         LUT6 (Prop_lut6_I3_O)        0.124     7.954 r  d_i/acc/inst/lane1/core/coefficient_store_b/bank3/captured_b0[27]_i_1__0/O
                         net (fo=8, routed)           1.246     9.199    d_i/acc/inst/lane1/core/coefficient_store_b/bank3/memory_reg_18[3]
    SLICE_X72Y12         LUT4 (Prop_lut4_I1_O)        0.124     9.323 r  d_i/acc/inst/lane1/core/coefficient_store_b/bank3/x[30]_i_27__2/O
                         net (fo=1, routed)           0.000     9.323    d_i/acc/inst/lane1/core/coefficient_store_b/bank3/x[30]_i_27__2_n_0
    SLICE_X72Y12         CARRY4 (Prop_carry4_S[1]_CO[3])
                                                      0.550     9.873 f  d_i/acc/inst/lane1/core/coefficient_store_b/bank3/x_reg[30]_i_18__2/CO[3]
                         net (fo=61, routed)          1.171    11.044    d_i/acc/inst/lane1/core/coefficient_store_b/bank3/butterfly_b0/input_difference_reduced1
    SLICE_X72Y14         LUT4 (Prop_lut4_I1_O)        0.124    11.168 r  d_i/acc/inst/lane1/core/coefficient_store_b/bank3/x[11]_i_6__6/O
                         net (fo=2, routed)           0.480    11.648    d_i/acc/inst/lane1/core/coefficient_store_b/bank3/x[11]_i_6__6_n_0
    SLICE_X71Y14         LUT5 (Prop_lut5_I0_O)        0.124    11.772 r  d_i/acc/inst/lane1/core/coefficient_store_b/bank3/x[11]_i_10__6/O
                         net (fo=1, routed)           0.000    11.772    d_i/acc/inst/lane1/core/coefficient_store_b/bank3/x[11]_i_10__6_n_0
    SLICE_X71Y14         CARRY4 (Prop_carry4_S[1]_CO[3])
                                                      0.550    12.322 r  d_i/acc/inst/lane1/core/coefficient_store_b/bank3/x_reg[11]_i_3__2/CO[3]
                         net (fo=1, routed)           0.000    12.322    d_i/acc/inst/lane1/core/coefficient_store_b/bank3/x_reg[11]_i_3__2_n_0
    SLICE_X71Y15         CARRY4 (Prop_carry4_CI_CO[3])
                                                      0.114    12.436 r  d_i/acc/inst/lane1/core/coefficient_store_b/bank3/x_reg[15]_i_3__2/CO[3]
                         net (fo=1, routed)           0.000    12.436    d_i/acc/inst/lane1/core/coefficient_store_b/bank3/x_reg[15]_i_3__2_n_0
    SLICE_X71Y16         CARRY4 (Prop_carry4_CI_CO[3])
                                                      0.114    12.550 r  d_i/acc/inst/lane1/core/coefficient_store_b/bank3/x_reg[19]_i_3__2/CO[3]
                         net (fo=1, routed)           0.000    12.550    d_i/acc/inst/lane1/core/coefficient_store_b/bank3/x_reg[19]_i_3__2_n_0
    SLICE_X71Y17         CARRY4 (Prop_carry4_CI_CO[3])
                                                      0.114    12.664 r  d_i/acc/inst/lane1/core/coefficient_store_b/bank3/x_reg[23]_i_3__2/CO[3]
                         net (fo=1, routed)           0.000    12.664    d_i/acc/inst/lane1/core/coefficient_store_b/bank3/x_reg[23]_i_3__2_n_0
    SLICE_X71Y18         CARRY4 (Prop_carry4_CI_CO[3])
                                                      0.114    12.778 r  d_i/acc/inst/lane1/core/coefficient_store_b/bank3/x_reg[27]_i_3__2/CO[3]
                         net (fo=1, routed)           0.000    12.778    d_i/acc/inst/lane1/core/coefficient_store_b/bank3/x_reg[27]_i_3__2_n_0
    SLICE_X71Y19         CARRY4 (Prop_carry4_CI_O[3])
                                                      0.313    13.091 r  d_i/acc/inst/lane1/core/coefficient_store_b/bank3/x_reg[30]_i_3__2/O[3]
                         net (fo=1, routed)           0.295    13.386    d_i/acc/inst/lane1/core/butterfly_b0/multiplier/input_difference_reduced[31]
    SLICE_X71Y20         LUT6 (Prop_lut6_I5_O)        0.306    13.692 r  d_i/acc/inst/lane1/core/butterfly_b0/multiplier/x[31]_i_5__6/O
                         net (fo=1, routed)           0.151    13.843    d_i/acc/inst/lane1/core/butterfly_b0/multiplier/x[31]_i_5__6_n_0
    SLICE_X71Y20         LUT6 (Prop_lut6_I5_O)        0.124    13.967 r  d_i/acc/inst/lane1/core/butterfly_b0/multiplier/x[31]_i_2__13/O
                         net (fo=1, routed)           0.000    13.967    d_i/acc/inst/lane1/core/butterfly_b0/multiplier/x[31]_i_2__13_n_0
    SLICE_X71Y20         FDRE                                         r  d_i/acc/inst/lane1/core/butterfly_b0/multiplier/x_reg[31]/D
  -------------------------------------------------------------------    -------------------

                         (clock clk_fpga_0 rise edge)
                                                     10.000    10.000 r  
    PS7_X0Y0             PS7                          0.000    10.000 r  d_i/ps/inst/PS7_i/FCLKCLK[0]
                         net (fo=1, routed)           1.088    11.088    d_i/ps/inst/FCLK_CLK_unbuffered[0]
    BUFGCTRL_X0Y17       BUFG (Prop_bufg_I_O)         0.091    11.179 r  d_i/ps/inst/buffer_fclk_clk_0.FCLK_CLK_0_BUFG_replica/O
                         net (fo=3, routed)           0.133    11.312    d_i/ps/inst/FCLK_CLK0_repN
    BUFGCTRL_X0Y16       BUFG (Prop_bufg_I_O)         0.091    11.403 r  d_i/ps/inst/buffer_fclk_clk_0.FCLK_CLK_0_BUFG/O
                         net (fo=13548, routed)       1.547    12.951    d_i/acc/inst/lane1/core/butterfly_b0/multiplier/clk
    SLICE_X71Y20         FDRE                                         r  d_i/acc/inst/lane1/core/butterfly_b0/multiplier/x_reg[31]/C
                         clock pessimism              0.253    13.203    
                         clock uncertainty           -0.154    13.049    
    SLICE_X71Y20         FDRE (Setup_fdre_C_D)        0.031    13.080    d_i/acc/inst/lane1/core/butterfly_b0/multiplier/x_reg[31]
  -------------------------------------------------------------------
                         required time                         13.080    
                         arrival time                         -13.967    
  -------------------------------------------------------------------
                         slack                                 -0.887    

Slack (VIOLATED) :        -0.882ns  (required time - arrival time)
  Source:                 d_i/acc/inst/lane0/core/coefficient_store_b/bank1/memory_reg/CLKBWRCLK
                            (rising edge-triggered cell RAMB36E1 clocked by clk_fpga_0  {rise@0.000ns fall@5.000ns period=10.000ns})
  Destination:            d_i/acc/inst/lane0/core/butterfly_b1/multiplier/x_reg[31]/D
                            (rising edge-triggered cell FDRE clocked by clk_fpga_0  {rise@0.000ns fall@5.000ns period=10.000ns})
  Path Group:             clk_fpga_0
  Path Type:              Setup (Max at Slow Process Corner)
  Requirement:            10.000ns  (clk_fpga_0 rise@10.000ns - clk_fpga_0 rise@0.000ns)
  Data Path Delay:        10.660ns  (logic 5.512ns (51.707%)  route 5.148ns (48.293%))
  Logic Levels:           17  (CARRY4=11 LUT4=2 LUT6=4)
  Clock Path Skew:        -0.098ns (DCD - SCD + CPR)
    Destination Clock Delay (DCD):    2.955ns = ( 12.955 - 10.000 ) 
    Source Clock Delay      (SCD):    3.306ns
    Clock Pessimism Removal (CPR):    0.253ns
  Clock Uncertainty:      0.154ns  ((TSJ^2 + TIJ^2)^1/2 + DJ) / 2 + PE
    Total System Jitter     (TSJ):    0.071ns
    Total Input Jitter      (TIJ):    0.300ns
    Discrete Jitter          (DJ):    0.000ns
    Phase Error              (PE):    0.000ns

    Location             Delay type                Incr(ns)  Path(ns)    Netlist Resource(s)
  -------------------------------------------------------------------    -------------------
                         (clock clk_fpga_0 rise edge)
                                                      0.000     0.000 r  
    PS7_X0Y0             PS7                          0.000     0.000 r  d_i/ps/inst/PS7_i/FCLKCLK[0]
                         net (fo=1, routed)           1.193     1.193    d_i/ps/inst/FCLK_CLK_unbuffered[0]
    BUFGCTRL_X0Y17       BUFG (Prop_bufg_I_O)         0.101     1.294 r  d_i/ps/inst/buffer_fclk_clk_0.FCLK_CLK_0_BUFG_replica/O
                         net (fo=3, routed)           0.146     1.440    d_i/ps/inst/FCLK_CLK0_repN
    BUFGCTRL_X0Y16       BUFG (Prop_bufg_I_O)         0.101     1.541 r  d_i/ps/inst/buffer_fclk_clk_0.FCLK_CLK_0_BUFG/O
                         net (fo=13548, routed)       1.765     3.306    d_i/acc/inst/lane0/core/coefficient_store_b/bank1/clk
    RAMB36_X3Y7          RAMB36E1                                     r  d_i/acc/inst/lane0/core/coefficient_store_b/bank1/memory_reg/CLKBWRCLK
  -------------------------------------------------------------------    -------------------
    RAMB36_X3Y7          RAMB36E1 (Prop_ramb36e1_CLKBWRCLK_DOBDO[0])
                                                      2.454     5.760 r  d_i/acc/inst/lane0/core/coefficient_store_b/bank1/memory_reg/DOBDO[0]
                         net (fo=4, routed)           1.390     7.151    d_i/acc/inst/lane0/core/coefficient_store_b/bank1/memory_reg_0[0]
    SLICE_X67Y33         LUT6 (Prop_lut6_I0_O)        0.124     7.275 r  d_i/acc/inst/lane0/core/coefficient_store_b/bank1/captured_b3[0]_i_2/O
                         net (fo=1, routed)           0.295     7.569    d_i/acc/inst/lane0/core/coefficient_store_b/bank3/captured_b3_reg[0]
    SLICE_X67Y32         LUT6 (Prop_lut6_I5_O)        0.124     7.693 r  d_i/acc/inst/lane0/core/coefficient_store_b/bank3/captured_b3[0]_i_1/O
                         net (fo=9, routed)           0.789     8.483    d_i/acc/inst/lane0/core/coefficient_store_b/bank3/memory_reg_27
    SLICE_X54Y32         LUT4 (Prop_lut4_I2_O)        0.124     8.607 r  d_i/acc/inst/lane0/core/coefficient_store_b/bank3/x[30]_i_54/O
                         net (fo=1, routed)           0.000     8.607    d_i/acc/inst/lane0/core/coefficient_store_b/bank3/x[30]_i_54_n_0
    SLICE_X54Y32         CARRY4 (Prop_carry4_S[0]_CO[3])
                                                      0.513     9.120 r  d_i/acc/inst/lane0/core/coefficient_store_b/bank3/x_reg[30]_i_38/CO[3]
                         net (fo=1, routed)           0.000     9.120    d_i/acc/inst/lane0/core/coefficient_store_b/bank3/x_reg[30]_i_38_n_0
    SLICE_X54Y33         CARRY4 (Prop_carry4_CI_CO[3])
                                                      0.117     9.237 r  d_i/acc/inst/lane0/core/coefficient_store_b/bank3/x_reg[30]_i_29/CO[3]
                         net (fo=1, routed)           0.000     9.237    d_i/acc/inst/lane0/core/coefficient_store_b/bank3/x_reg[30]_i_29_n_0
    SLICE_X54Y34         CARRY4 (Prop_carry4_CI_CO[3])
                                                      0.117     9.354 r  d_i/acc/inst/lane0/core/coefficient_store_b/bank3/x_reg[30]_i_20/CO[3]
                         net (fo=1, routed)           0.000     9.354    d_i/acc/inst/lane0/core/coefficient_store_b/bank3/x_reg[30]_i_20_n_0
    SLICE_X54Y35         CARRY4 (Prop_carry4_CI_CO[3])
                                                      0.117     9.471 f  d_i/acc/inst/lane0/core/coefficient_store_b/bank3/x_reg[30]_i_18/CO[3]
                         net (fo=61, routed)          1.201    10.672    d_i/acc/inst/lane0/core/coefficient_store_b/bank3/butterfly_b1/input_difference_reduced1
    SLICE_X53Y34         LUT4 (Prop_lut4_I1_O)        0.124    10.796 r  d_i/acc/inst/lane0/core/coefficient_store_b/bank3/x[7]_i_4__3/O
                         net (fo=2, routed)           0.846    11.642    d_i/acc/inst/lane0/core/coefficient_store_b/bank3/x[7]_i_4__3_n_0
    SLICE_X55Y34         CARRY4 (Prop_carry4_DI[3]_CO[3])
                                                      0.385    12.027 r  d_i/acc/inst/lane0/core/coefficient_store_b/bank3/x_reg[7]_i_3/CO[3]
                         net (fo=1, routed)           0.000    12.027    d_i/acc/inst/lane0/core/coefficient_store_b/bank3/x_reg[7]_i_3_n_0
    SLICE_X55Y35         CARRY4 (Prop_carry4_CI_CO[3])
                                                      0.114    12.141 r  d_i/acc/inst/lane0/core/coefficient_store_b/bank3/x_reg[11]_i_3/CO[3]
                         net (fo=1, routed)           0.000    12.141    d_i/acc/inst/lane0/core/coefficient_store_b/bank3/x_reg[11]_i_3_n_0
    SLICE_X55Y36         CARRY4 (Prop_carry4_CI_CO[3])
                                                      0.114    12.255 r  d_i/acc/inst/lane0/core/coefficient_store_b/bank3/x_reg[15]_i_3/CO[3]
                         net (fo=1, routed)           0.000    12.255    d_i/acc/inst/lane0/core/coefficient_store_b/bank3/x_reg[15]_i_3_n_0
    SLICE_X55Y37         CARRY4 (Prop_carry4_CI_CO[3])
                                                      0.114    12.369 r  d_i/acc/inst/lane0/core/coefficient_store_b/bank3/x_reg[19]_i_3/CO[3]
                         net (fo=1, routed)           0.000    12.369    d_i/acc/inst/lane0/core/coefficient_store_b/bank3/x_reg[19]_i_3_n_0
    SLICE_X55Y38         CARRY4 (Prop_carry4_CI_CO[3])
                                                      0.114    12.483 r  d_i/acc/inst/lane0/core/coefficient_store_b/bank3/x_reg[23]_i_3/CO[3]
                         net (fo=1, routed)           0.000    12.483    d_i/acc/inst/lane0/core/coefficient_store_b/bank3/x_reg[23]_i_3_n_0
    SLICE_X55Y39         CARRY4 (Prop_carry4_CI_CO[3])
                                                      0.114    12.597 r  d_i/acc/inst/lane0/core/coefficient_store_b/bank3/x_reg[27]_i_3/CO[3]
                         net (fo=1, routed)           0.000    12.597    d_i/acc/inst/lane0/core/coefficient_store_b/bank3/x_reg[27]_i_3_n_0
    SLICE_X55Y40         CARRY4 (Prop_carry4_CI_O[3])
                                                      0.313    12.910 r  d_i/acc/inst/lane0/core/coefficient_store_b/bank3/x_reg[30]_i_3/O[3]
                         net (fo=1, routed)           0.468    13.378    d_i/acc/inst/lane0/core/butterfly_b1/multiplier/input_difference_reduced[31]
    SLICE_X56Y40         LUT6 (Prop_lut6_I5_O)        0.306    13.684 r  d_i/acc/inst/lane0/core/butterfly_b1/multiplier/x[31]_i_5__1/O
                         net (fo=1, routed)           0.159    13.843    d_i/acc/inst/lane0/core/butterfly_b1/multiplier/x[31]_i_5__1_n_0
    SLICE_X56Y40         LUT6 (Prop_lut6_I5_O)        0.124    13.967 r  d_i/acc/inst/lane0/core/butterfly_b1/multiplier/x[31]_i_2__2/O
                         net (fo=1, routed)           0.000    13.967    d_i/acc/inst/lane0/core/butterfly_b1/multiplier/x[31]_i_2__2_n_0
    SLICE_X56Y40         FDRE                                         r  d_i/acc/inst/lane0/core/butterfly_b1/multiplier/x_reg[31]/D
  -------------------------------------------------------------------    -------------------

                         (clock clk_fpga_0 rise edge)
                                                     10.000    10.000 r  
    PS7_X0Y0             PS7                          0.000    10.000 r  d_i/ps/inst/PS7_i/FCLKCLK[0]
                         net (fo=1, routed)           1.088    11.088    d_i/ps/inst/FCLK_CLK_unbuffered[0]
    BUFGCTRL_X0Y17       BUFG (Prop_bufg_I_O)         0.091    11.179 r  d_i/ps/inst/buffer_fclk_clk_0.FCLK_CLK_0_BUFG_replica/O
                         net (fo=3, routed)           0.133    11.312    d_i/ps/inst/FCLK_CLK0_repN
    BUFGCTRL_X0Y16       BUFG (Prop_bufg_I_O)         0.091    11.403 r  d_i/ps/inst/buffer_fclk_clk_0.FCLK_CLK_0_BUFG/O
                         net (fo=13548, routed)       1.552    12.955    d_i/acc/inst/lane0/core/butterfly_b1/multiplier/clk
    SLICE_X56Y40         FDRE                                         r  d_i/acc/inst/lane0/core/butterfly_b1/multiplier/x_reg[31]/C
                         clock pessimism              0.253    13.208    
                         clock uncertainty           -0.154    13.054    
    SLICE_X56Y40         FDRE (Setup_fdre_C_D)        0.031    13.085    d_i/acc/inst/lane0/core/butterfly_b1/multiplier/x_reg[31]
  -------------------------------------------------------------------
                         required time                         13.085    
                         arrival time                         -13.967    
  -------------------------------------------------------------------
                         slack                                 -0.882    

Slack (VIOLATED) :        -0.882ns  (required time - arrival time)
  Source:                 d_i/acc/inst/lane1/core/coefficient_store_a/bank0/memory_reg/CLKBWRCLK
                            (rising edge-triggered cell RAMB36E1 clocked by clk_fpga_0  {rise@0.000ns fall@5.000ns period=10.000ns})
  Destination:            d_i/acc/inst/lane1/core/butterfly_a0/multiplier/x_reg[27]/D
                            (rising edge-triggered cell FDRE clocked by clk_fpga_0  {rise@0.000ns fall@5.000ns period=10.000ns})
  Path Group:             clk_fpga_0
  Path Type:              Setup (Max at Slow Process Corner)
  Requirement:            10.000ns  (clk_fpga_0 rise@10.000ns - clk_fpga_0 rise@0.000ns)
  Data Path Delay:        10.761ns  (logic 5.564ns (51.705%)  route 5.197ns (48.295%))
  Logic Levels:           15  (CARRY4=9 LUT4=2 LUT6=3 MUXF7=1)
  Clock Path Skew:        -0.030ns (DCD - SCD + CPR)
    Destination Clock Delay (DCD):    2.970ns = ( 12.970 - 10.000 ) 
    Source Clock Delay      (SCD):    3.253ns
    Clock Pessimism Removal (CPR):    0.253ns
  Clock Uncertainty:      0.154ns  ((TSJ^2 + TIJ^2)^1/2 + DJ) / 2 + PE
    Total System Jitter     (TSJ):    0.071ns
    Total Input Jitter      (TIJ):    0.300ns
    Discrete Jitter          (DJ):    0.000ns
    Phase Error              (PE):    0.000ns

    Location             Delay type                Incr(ns)  Path(ns)    Netlist Resource(s)
  -------------------------------------------------------------------    -------------------
                         (clock clk_fpga_0 rise edge)
                                                      0.000     0.000 r  
    PS7_X0Y0             PS7                          0.000     0.000 r  d_i/ps/inst/PS7_i/FCLKCLK[0]
                         net (fo=1, routed)           1.193     1.193    d_i/ps/inst/FCLK_CLK_unbuffered[0]
    BUFGCTRL_X0Y17       BUFG (Prop_bufg_I_O)         0.101     1.294 r  d_i/ps/inst/buffer_fclk_clk_0.FCLK_CLK_0_BUFG_replica/O
                         net (fo=3, routed)           0.146     1.440    d_i/ps/inst/FCLK_CLK0_repN
    BUFGCTRL_X0Y16       BUFG (Prop_bufg_I_O)         0.101     1.541 r  d_i/ps/inst/buffer_fclk_clk_0.FCLK_CLK_0_BUFG/O
                         net (fo=13548, routed)       1.712     3.253    d_i/acc/inst/lane1/core/coefficient_store_a/bank0/clk
    RAMB36_X2Y0          RAMB36E1                                     r  d_i/acc/inst/lane1/core/coefficient_store_a/bank0/memory_reg/CLKBWRCLK
  -------------------------------------------------------------------    -------------------
    RAMB36_X2Y0          RAMB36E1 (Prop_ramb36e1_CLKBWRCLK_DOBDO[1])
                                                      2.454     5.707 r  d_i/acc/inst/lane1/core/coefficient_store_a/bank0/memory_reg/DOBDO[1]
                         net (fo=4, routed)           1.202     6.909    d_i/acc/inst/lane1/core/coefficient_store_a/bank0/DOBDO[1]
    SLICE_X28Y5          LUT6 (Prop_lut6_I2_O)        0.124     7.033 r  d_i/acc/inst/lane1/core/coefficient_store_a/bank0/captured_a1[1]_i_2__0/O
                         net (fo=1, routed)           0.461     7.494    d_i/acc/inst/lane1/core/coefficient_store_a/bank2/captured_a1_reg[1]_0
    SLICE_X26Y4          LUT6 (Prop_lut6_I3_O)        0.124     7.618 r  d_i/acc/inst/lane1/core/coefficient_store_a/bank2/captured_a1[1]_i_1__0/O
                         net (fo=9, routed)           0.792     8.410    d_i/acc/inst/lane1/core/coefficient_store_a/bank3/x_reg[3]_i_4__1_0
    SLICE_X24Y4          LUT4 (Prop_lut4_I0_O)        0.124     8.534 r  d_i/acc/inst/lane1/core/coefficient_store_a/bank3/x[31]_i_58__1/O
                         net (fo=1, routed)           0.000     8.534    d_i/acc/inst/lane1/core/coefficient_store_a/bank3/x[31]_i_58__1_n_0
    SLICE_X24Y4          CARRY4 (Prop_carry4_S[0]_CO[3])
                                                      0.532     9.066 r  d_i/acc/inst/lane1/core/coefficient_store_a/bank3/x_reg[31]_i_42__1/CO[3]
                         net (fo=1, routed)           0.000     9.066    d_i/acc/inst/lane1/core/coefficient_store_a/bank3/x_reg[31]_i_42__1_n_0
    SLICE_X24Y5          CARRY4 (Prop_carry4_CI_CO[3])
                                                      0.114     9.180 r  d_i/acc/inst/lane1/core/coefficient_store_a/bank3/x_reg[31]_i_33__5/CO[3]
                         net (fo=1, routed)           0.000     9.180    d_i/acc/inst/lane1/core/coefficient_store_a/bank3/x_reg[31]_i_33__5_n_0
    SLICE_X24Y6          CARRY4 (Prop_carry4_CI_CO[3])
                                                      0.114     9.294 r  d_i/acc/inst/lane1/core/coefficient_store_a/bank3/x_reg[31]_i_24__1/CO[3]
                         net (fo=1, routed)           0.000     9.294    d_i/acc/inst/lane1/core/coefficient_store_a/bank3/x_reg[31]_i_24__1_n_0
    SLICE_X24Y7          CARRY4 (Prop_carry4_CI_CO[3])
                                                      0.114     9.408 f  d_i/acc/inst/lane1/core/coefficient_store_a/bank3/x_reg[31]_i_19__1/CO[3]
                         net (fo=61, routed)          1.431    10.839    d_i/acc/inst/lane1/core/coefficient_store_a/bank3/butterfly_a0/input_difference_reduced1
    SLICE_X23Y7          LUT4 (Prop_lut4_I0_O)        0.124    10.963 r  d_i/acc/inst/lane1/core/coefficient_store_a/bank3/x[11]_i_8__3/O
                         net (fo=1, routed)           0.568    11.531    d_i/acc/inst/lane1/core/coefficient_store_a/bank3/x[11]_i_8__3_n_0
    SLICE_X22Y7          CARRY4 (Prop_carry4_DI[0]_CO[3])
                                                      0.550    12.081 r  d_i/acc/inst/lane1/core/coefficient_store_a/bank3/x_reg[11]_i_4__1/CO[3]
                         net (fo=1, routed)           0.000    12.081    d_i/acc/inst/lane1/core/coefficient_store_a/bank3/x_reg[11]_i_4__1_n_0
    SLICE_X22Y8          CARRY4 (Prop_carry4_CI_CO[3])
                                                      0.117    12.198 r  d_i/acc/inst/lane1/core/coefficient_store_a/bank3/x_reg[15]_i_4__1/CO[3]
                         net (fo=1, routed)           0.000    12.198    d_i/acc/inst/lane1/core/coefficient_store_a/bank3/x_reg[15]_i_4__1_n_0
    SLICE_X22Y9          CARRY4 (Prop_carry4_CI_CO[3])
                                                      0.117    12.315 r  d_i/acc/inst/lane1/core/coefficient_store_a/bank3/x_reg[19]_i_4__1/CO[3]
                         net (fo=1, routed)           0.000    12.315    d_i/acc/inst/lane1/core/coefficient_store_a/bank3/x_reg[19]_i_4__1_n_0
    SLICE_X22Y10         CARRY4 (Prop_carry4_CI_CO[3])
                                                      0.117    12.432 r  d_i/acc/inst/lane1/core/coefficient_store_a/bank3/x_reg[23]_i_4__1/CO[3]
                         net (fo=1, routed)           0.000    12.432    d_i/acc/inst/lane1/core/coefficient_store_a/bank3/x_reg[23]_i_4__1_n_0
    SLICE_X22Y11         CARRY4 (Prop_carry4_CI_O[3])
                                                      0.315    12.747 r  d_i/acc/inst/lane1/core/coefficient_store_a/bank3/x_reg[27]_i_4__1/O[3]
                         net (fo=1, routed)           0.743    13.491    d_i/acc/inst/lane1/core/butterfly_a0/multiplier/input_difference_reduced[27]
    SLICE_X23Y19         LUT6 (Prop_lut6_I2_O)        0.307    13.798 r  d_i/acc/inst/lane1/core/butterfly_a0/multiplier/x[27]_i_3__5/O
                         net (fo=1, routed)           0.000    13.798    d_i/acc/inst/lane1/core/butterfly_a0/multiplier/x[27]_i_3__5_n_0
    SLICE_X23Y19         MUXF7 (Prop_muxf7_I1_O)      0.217    14.015 r  d_i/acc/inst/lane1/core/butterfly_a0/multiplier/x_reg[27]_i_1__1/O
                         net (fo=1, routed)           0.000    14.015    d_i/acc/inst/lane1/core/butterfly_a0/multiplier/x_reg[27]_i_1__1_n_0
    SLICE_X23Y19         FDRE                                         r  d_i/acc/inst/lane1/core/butterfly_a0/multiplier/x_reg[27]/D
  -------------------------------------------------------------------    -------------------

                         (clock clk_fpga_0 rise edge)
                                                     10.000    10.000 r  
    PS7_X0Y0             PS7                          0.000    10.000 r  d_i/ps/inst/PS7_i/FCLKCLK[0]
                         net (fo=1, routed)           1.088    11.088    d_i/ps/inst/FCLK_CLK_unbuffered[0]
    BUFGCTRL_X0Y17       BUFG (Prop_bufg_I_O)         0.091    11.179 r  d_i/ps/inst/buffer_fclk_clk_0.FCLK_CLK_0_BUFG_replica/O
                         net (fo=3, routed)           0.133    11.312    d_i/ps/inst/FCLK_CLK0_repN
    BUFGCTRL_X0Y16       BUFG (Prop_bufg_I_O)         0.091    11.403 r  d_i/ps/inst/buffer_fclk_clk_0.FCLK_CLK_0_BUFG/O
                         net (fo=13548, routed)       1.567    12.970    d_i/acc/inst/lane1/core/butterfly_a0/multiplier/clk
    SLICE_X23Y19         FDRE                                         r  d_i/acc/inst/lane1/core/butterfly_a0/multiplier/x_reg[27]/C
                         clock pessimism              0.253    13.223    
                         clock uncertainty           -0.154    13.069    
    SLICE_X23Y19         FDRE (Setup_fdre_C_D)        0.064    13.133    d_i/acc/inst/lane1/core/butterfly_a0/multiplier/x_reg[27]
  -------------------------------------------------------------------
                         required time                         13.133    
                         arrival time                         -14.015    
  -------------------------------------------------------------------
                         slack                                 -0.882    

Slack (VIOLATED) :        -0.880ns  (required time - arrival time)
  Source:                 d_i/acc/inst/lane1/core/coefficient_store_b/bank1/memory_reg/CLKBWRCLK
                            (rising edge-triggered cell RAMB36E1 clocked by clk_fpga_0  {rise@0.000ns fall@5.000ns period=10.000ns})
  Destination:            d_i/acc/inst/lane1/core/butterfly_b1/multiplier/x_reg[31]/D
                            (rising edge-triggered cell FDRE clocked by clk_fpga_0  {rise@0.000ns fall@5.000ns period=10.000ns})
  Path Group:             clk_fpga_0
  Path Type:              Setup (Max at Slow Process Corner)
  Requirement:            10.000ns  (clk_fpga_0 rise@10.000ns - clk_fpga_0 rise@0.000ns)
  Data Path Delay:        10.651ns  (logic 5.442ns (51.094%)  route 5.209ns (48.906%))
  Logic Levels:           16  (CARRY4=10 LUT4=2 LUT5=1 LUT6=3)
  Clock Path Skew:        -0.103ns (DCD - SCD + CPR)
    Destination Clock Delay (DCD):    2.953ns = ( 12.953 - 10.000 ) 
    Source Clock Delay      (SCD):    3.308ns
    Clock Pessimism Removal (CPR):    0.253ns
  Clock Uncertainty:      0.154ns  ((TSJ^2 + TIJ^2)^1/2 + DJ) / 2 + PE
    Total System Jitter     (TSJ):    0.071ns
    Total Input Jitter      (TIJ):    0.300ns
    Discrete Jitter          (DJ):    0.000ns
    Phase Error              (PE):    0.000ns

    Location             Delay type                Incr(ns)  Path(ns)    Netlist Resource(s)
  -------------------------------------------------------------------    -------------------
                         (clock clk_fpga_0 rise edge)
                                                      0.000     0.000 r  
    PS7_X0Y0             PS7                          0.000     0.000 r  d_i/ps/inst/PS7_i/FCLKCLK[0]
                         net (fo=1, routed)           1.193     1.193    d_i/ps/inst/FCLK_CLK_unbuffered[0]
    BUFGCTRL_X0Y17       BUFG (Prop_bufg_I_O)         0.101     1.294 r  d_i/ps/inst/buffer_fclk_clk_0.FCLK_CLK_0_BUFG_replica/O
                         net (fo=3, routed)           0.146     1.440    d_i/ps/inst/FCLK_CLK0_repN
    BUFGCTRL_X0Y16       BUFG (Prop_bufg_I_O)         0.101     1.541 r  d_i/ps/inst/buffer_fclk_clk_0.FCLK_CLK_0_BUFG/O
                         net (fo=13548, routed)       1.767     3.308    d_i/acc/inst/lane1/core/coefficient_store_b/bank1/clk
    RAMB36_X3Y2          RAMB36E1                                     r  d_i/acc/inst/lane1/core/coefficient_store_b/bank1/memory_reg/CLKBWRCLK
  -------------------------------------------------------------------    -------------------
    RAMB36_X3Y2          RAMB36E1 (Prop_ramb36e1_CLKBWRCLK_DOBDO[11])
                                                      2.454     5.762 r  d_i/acc/inst/lane1/core/coefficient_store_b/bank1/memory_reg/DOBDO[11]
                         net (fo=4, routed)           1.545     7.308    d_i/acc/inst/lane1/core/coefficient_store_b/bank0/captured_b0_reg[31][11]
    SLICE_X82Y9          LUT6 (Prop_lut6_I3_O)        0.124     7.432 r  d_i/acc/inst/lane1/core/coefficient_store_b/bank0/captured_b2[11]_i_2__0/O
                         net (fo=1, routed)           0.319     7.751    d_i/acc/inst/lane1/core/coefficient_store_b/bank3/captured_b2_reg[11]
    SLICE_X80Y8          LUT6 (Prop_lut6_I3_O)        0.124     7.875 r  d_i/acc/inst/lane1/core/coefficient_store_b/bank3/captured_b2[11]_i_1__0/O
                         net (fo=8, routed)           0.797     8.672    d_i/acc/inst/lane1/core/coefficient_store_b/bank3/memory_reg_44
    SLICE_X73Y8          LUT4 (Prop_lut4_I1_O)        0.124     8.796 r  d_i/acc/inst/lane1/core/coefficient_store_b/bank3/x[30]_i_45__1/O
                         net (fo=1, routed)           0.000     8.796    d_i/acc/inst/lane1/core/coefficient_store_b/bank3/x[30]_i_45__1_n_0
    SLICE_X73Y8          CARRY4 (Prop_carry4_S[1]_CO[3])
                                                      0.550     9.346 r  d_i/acc/inst/lane1/core/coefficient_store_b/bank3/x_reg[30]_i_29__1/CO[3]
                         net (fo=1, routed)           0.000     9.346    d_i/acc/inst/lane1/core/coefficient_store_b/bank3/x_reg[30]_i_29__1_n_0
    SLICE_X73Y9          CARRY4 (Prop_carry4_CI_CO[3])
                                                      0.114     9.460 r  d_i/acc/inst/lane1/core/coefficient_store_b/bank3/x_reg[30]_i_20__1/CO[3]
                         net (fo=1, routed)           0.000     9.460    d_i/acc/inst/lane1/core/coefficient_store_b/bank3/x_reg[30]_i_20__1_n_0
    SLICE_X73Y10         CARRY4 (Prop_carry4_CI_CO[3])
                                                      0.114     9.574 f  d_i/acc/inst/lane1/core/coefficient_store_b/bank3/x_reg[30]_i_18__1/CO[3]
                         net (fo=61, routed)          1.136    10.710    d_i/acc/inst/lane1/core/coefficient_store_b/bank3/butterfly_b1/input_difference_reduced1
    SLICE_X71Y7          LUT4 (Prop_lut4_I1_O)        0.124    10.834 r  d_i/acc/inst/lane1/core/coefficient_store_b/bank3/x[7]_i_4__9/O
                         net (fo=2, routed)           0.752    11.586    d_i/acc/inst/lane1/core/coefficient_store_b/bank3/x[7]_i_4__9_n_0
    SLICE_X70Y7          LUT5 (Prop_lut5_I0_O)        0.124    11.710 r  d_i/acc/inst/lane1/core/coefficient_store_b/bank3/x[7]_i_8__5/O
                         net (fo=1, routed)           0.000    11.710    d_i/acc/inst/lane1/core/coefficient_store_b/bank3/x[7]_i_8__5_n_0
    SLICE_X70Y7          CARRY4 (Prop_carry4_S[3]_CO[3])
                                                      0.401    12.111 r  d_i/acc/inst/lane1/core/coefficient_store_b/bank3/x_reg[7]_i_3__1/CO[3]
                         net (fo=1, routed)           0.000    12.111    d_i/acc/inst/lane1/core/coefficient_store_b/bank3/x_reg[7]_i_3__1_n_0
    SLICE_X70Y8          CARRY4 (Prop_carry4_CI_CO[3])
                                                      0.114    12.225 r  d_i/acc/inst/lane1/core/coefficient_store_b/bank3/x_reg[11]_i_3__1/CO[3]
                         net (fo=1, routed)           0.000    12.225    d_i/acc/inst/lane1/core/coefficient_store_b/bank3/x_reg[11]_i_3__1_n_0
    SLICE_X70Y9          CARRY4 (Prop_carry4_CI_CO[3])
                                                      0.114    12.339 r  d_i/acc/inst/lane1/core/coefficient_store_b/bank3/x_reg[15]_i_3__1/CO[3]
                         net (fo=1, routed)           0.000    12.339    d_i/acc/inst/lane1/core/coefficient_store_b/bank3/x_reg[15]_i_3__1_n_0
    SLICE_X70Y10         CARRY4 (Prop_carry4_CI_CO[3])
                                                      0.114    12.453 r  d_i/acc/inst/lane1/core/coefficient_store_b/bank3/x_reg[19]_i_3__1/CO[3]
                         net (fo=1, routed)           0.000    12.453    d_i/acc/inst/lane1/core/coefficient_store_b/bank3/x_reg[19]_i_3__1_n_0
    SLICE_X70Y11         CARRY4 (Prop_carry4_CI_CO[3])
                                                      0.114    12.567 r  d_i/acc/inst/lane1/core/coefficient_store_b/bank3/x_reg[23]_i_3__1/CO[3]
                         net (fo=1, routed)           0.000    12.567    d_i/acc/inst/lane1/core/coefficient_store_b/bank3/x_reg[23]_i_3__1_n_0
    SLICE_X70Y12         CARRY4 (Prop_carry4_CI_CO[3])
                                                      0.114    12.681 r  d_i/acc/inst/lane1/core/coefficient_store_b/bank3/x_reg[27]_i_3__1/CO[3]
                         net (fo=1, routed)           0.000    12.681    d_i/acc/inst/lane1/core/coefficient_store_b/bank3/x_reg[27]_i_3__1_n_0
    SLICE_X70Y13         CARRY4 (Prop_carry4_CI_O[3])
                                                      0.313    12.994 r  d_i/acc/inst/lane1/core/coefficient_store_b/bank3/x_reg[30]_i_3__1/O[3]
                         net (fo=1, routed)           0.659    13.653    d_i/acc/inst/lane1/core/butterfly_b1/multiplier/input_difference_reduced[31]
    SLICE_X75Y18         LUT6 (Prop_lut6_I4_O)        0.306    13.959 r  d_i/acc/inst/lane1/core/butterfly_b1/multiplier/x[31]_i_2__12_comp/O
                         net (fo=1, routed)           0.000    13.959    d_i/acc/inst/lane1/core/butterfly_b1/multiplier/x[31]_i_2__12_n_0
    SLICE_X75Y18         FDRE                                         r  d_i/acc/inst/lane1/core/butterfly_b1/multiplier/x_reg[31]/D
  -------------------------------------------------------------------    -------------------

                         (clock clk_fpga_0 rise edge)
                                                     10.000    10.000 r  
    PS7_X0Y0             PS7                          0.000    10.000 r  d_i/ps/inst/PS7_i/FCLKCLK[0]
                         net (fo=1, routed)           1.088    11.088    d_i/ps/inst/FCLK_CLK_unbuffered[0]
    BUFGCTRL_X0Y17       BUFG (Prop_bufg_I_O)         0.091    11.179 r  d_i/ps/inst/buffer_fclk_clk_0.FCLK_CLK_0_BUFG_replica/O
                         net (fo=3, routed)           0.133    11.312    d_i/ps/inst/FCLK_CLK0_repN
    BUFGCTRL_X0Y16       BUFG (Prop_bufg_I_O)         0.091    11.403 r  d_i/ps/inst/buffer_fclk_clk_0.FCLK_CLK_0_BUFG/O
                         net (fo=13548, routed)       1.549    12.953    d_i/acc/inst/lane1/core/butterfly_b1/multiplier/clk
    SLICE_X75Y18         FDRE                                         r  d_i/acc/inst/lane1/core/butterfly_b1/multiplier/x_reg[31]/C
                         clock pessimism              0.253    13.205    
                         clock uncertainty           -0.154    13.051    
    SLICE_X75Y18         FDRE (Setup_fdre_C_D)        0.029    13.080    d_i/acc/inst/lane1/core/butterfly_b1/multiplier/x_reg[31]
  -------------------------------------------------------------------
                         required time                         13.080    
                         arrival time                         -13.959    
  -------------------------------------------------------------------
                         slack                                 -0.880    

Slack (VIOLATED) :        -0.860ns  (required time - arrival time)
  Source:                 d_i/acc/inst/lane1/core/coefficient_store_a/bank0/memory_reg/CLKBWRCLK
                            (rising edge-triggered cell RAMB36E1 clocked by clk_fpga_0  {rise@0.000ns fall@5.000ns period=10.000ns})
  Destination:            d_i/acc/inst/lane1/core/butterfly_a0/multiplier/x_reg[31]/D
                            (rising edge-triggered cell FDRE clocked by clk_fpga_0  {rise@0.000ns fall@5.000ns period=10.000ns})
  Path Group:             clk_fpga_0
  Path Type:              Setup (Max at Slow Process Corner)
  Requirement:            10.000ns  (clk_fpga_0 rise@10.000ns - clk_fpga_0 rise@0.000ns)
  Data Path Delay:        10.789ns  (logic 5.678ns (52.625%)  route 5.111ns (47.375%))
  Logic Levels:           16  (CARRY4=10 LUT4=2 LUT6=3 MUXF7=1)
  Clock Path Skew:        -0.029ns (DCD - SCD + CPR)
    Destination Clock Delay (DCD):    2.971ns = ( 12.972 - 10.000 ) 
    Source Clock Delay      (SCD):    3.253ns
    Clock Pessimism Removal (CPR):    0.253ns
  Clock Uncertainty:      0.154ns  ((TSJ^2 + TIJ^2)^1/2 + DJ) / 2 + PE
    Total System Jitter     (TSJ):    0.071ns
    Total Input Jitter      (TIJ):    0.300ns
    Discrete Jitter          (DJ):    0.000ns
    Phase Error              (PE):    0.000ns

    Location             Delay type                Incr(ns)  Path(ns)    Netlist Resource(s)
  -------------------------------------------------------------------    -------------------
                         (clock clk_fpga_0 rise edge)
                                                      0.000     0.000 r  
    PS7_X0Y0             PS7                          0.000     0.000 r  d_i/ps/inst/PS7_i/FCLKCLK[0]
                         net (fo=1, routed)           1.193     1.193    d_i/ps/inst/FCLK_CLK_unbuffered[0]
    BUFGCTRL_X0Y17       BUFG (Prop_bufg_I_O)         0.101     1.294 r  d_i/ps/inst/buffer_fclk_clk_0.FCLK_CLK_0_BUFG_replica/O
                         net (fo=3, routed)           0.146     1.440    d_i/ps/inst/FCLK_CLK0_repN
    BUFGCTRL_X0Y16       BUFG (Prop_bufg_I_O)         0.101     1.541 r  d_i/ps/inst/buffer_fclk_clk_0.FCLK_CLK_0_BUFG/O
                         net (fo=13548, routed)       1.712     3.253    d_i/acc/inst/lane1/core/coefficient_store_a/bank0/clk
    RAMB36_X2Y0          RAMB36E1                                     r  d_i/acc/inst/lane1/core/coefficient_store_a/bank0/memory_reg/CLKBWRCLK
  -------------------------------------------------------------------    -------------------
    RAMB36_X2Y0          RAMB36E1 (Prop_ramb36e1_CLKBWRCLK_DOBDO[1])
                                                      2.454     5.707 r  d_i/acc/inst/lane1/core/coefficient_store_a/bank0/memory_reg/DOBDO[1]
                         net (fo=4, routed)           1.202     6.909    d_i/acc/inst/lane1/core/coefficient_store_a/bank0/DOBDO[1]
    SLICE_X28Y5          LUT6 (Prop_lut6_I2_O)        0.124     7.033 r  d_i/acc/inst/lane1/core/coefficient_store_a/bank0/captured_a1[1]_i_2__0/O
                         net (fo=1, routed)           0.461     7.494    d_i/acc/inst/lane1/core/coefficient_store_a/bank2/captured_a1_reg[1]_0
    SLICE_X26Y4          LUT6 (Prop_lut6_I3_O)        0.124     7.618 r  d_i/acc/inst/lane1/core/coefficient_store_a/bank2/captured_a1[1]_i_1__0/O
                         net (fo=9, routed)           0.792     8.410    d_i/acc/inst/lane1/core/coefficient_store_a/bank3/x_reg[3]_i_4__1_0
    SLICE_X24Y4          LUT4 (Prop_lut4_I0_O)        0.124     8.534 r  d_i/acc/inst/lane1/core/coefficient_store_a/bank3/x[31]_i_58__1/O
                         net (fo=1, routed)           0.000     8.534    d_i/acc/inst/lane1/core/coefficient_store_a/bank3/x[31]_i_58__1_n_0
    SLICE_X24Y4          CARRY4 (Prop_carry4_S[0]_CO[3])
                                                      0.532     9.066 r  d_i/acc/inst/lane1/core/coefficient_store_a/bank3/x_reg[31]_i_42__1/CO[3]
                         net (fo=1, routed)           0.000     9.066    d_i/acc/inst/lane1/core/coefficient_store_a/bank3/x_reg[31]_i_42__1_n_0
    SLICE_X24Y5          CARRY4 (Prop_carry4_CI_CO[3])
                                                      0.114     9.180 r  d_i/acc/inst/lane1/core/coefficient_store_a/bank3/x_reg[31]_i_33__5/CO[3]
                         net (fo=1, routed)           0.000     9.180    d_i/acc/inst/lane1/core/coefficient_store_a/bank3/x_reg[31]_i_33__5_n_0
    SLICE_X24Y6          CARRY4 (Prop_carry4_CI_CO[3])
                                                      0.114     9.294 r  d_i/acc/inst/lane1/core/coefficient_store_a/bank3/x_reg[31]_i_24__1/CO[3]
                         net (fo=1, routed)           0.000     9.294    d_i/acc/inst/lane1/core/coefficient_store_a/bank3/x_reg[31]_i_24__1_n_0
    SLICE_X24Y7          CARRY4 (Prop_carry4_CI_CO[3])
                                                      0.114     9.408 f  d_i/acc/inst/lane1/core/coefficient_store_a/bank3/x_reg[31]_i_19__1/CO[3]
                         net (fo=61, routed)          1.431    10.839    d_i/acc/inst/lane1/core/coefficient_store_a/bank3/butterfly_a0/input_difference_reduced1
    SLICE_X23Y7          LUT4 (Prop_lut4_I0_O)        0.124    10.963 r  d_i/acc/inst/lane1/core/coefficient_store_a/bank3/x[11]_i_8__3/O
                         net (fo=1, routed)           0.568    11.531    d_i/acc/inst/lane1/core/coefficient_store_a/bank3/x[11]_i_8__3_n_0
    SLICE_X22Y7          CARRY4 (Prop_carry4_DI[0]_CO[3])
                                                      0.550    12.081 r  d_i/acc/inst/lane1/core/coefficient_store_a/bank3/x_reg[11]_i_4__1/CO[3]
                         net (fo=1, routed)           0.000    12.081    d_i/acc/inst/lane1/core/coefficient_store_a/bank3/x_reg[11]_i_4__1_n_0
    SLICE_X22Y8          CARRY4 (Prop_carry4_CI_CO[3])
                                                      0.117    12.198 r  d_i/acc/inst/lane1/core/coefficient_store_a/bank3/x_reg[15]_i_4__1/CO[3]
                         net (fo=1, routed)           0.000    12.198    d_i/acc/inst/lane1/core/coefficient_store_a/bank3/x_reg[15]_i_4__1_n_0
    SLICE_X22Y9          CARRY4 (Prop_carry4_CI_CO[3])
                                                      0.117    12.315 r  d_i/acc/inst/lane1/core/coefficient_store_a/bank3/x_reg[19]_i_4__1/CO[3]
                         net (fo=1, routed)           0.000    12.315    d_i/acc/inst/lane1/core/coefficient_store_a/bank3/x_reg[19]_i_4__1_n_0
    SLICE_X22Y10         CARRY4 (Prop_carry4_CI_CO[3])
                                                      0.117    12.432 r  d_i/acc/inst/lane1/core/coefficient_store_a/bank3/x_reg[23]_i_4__1/CO[3]
                         net (fo=1, routed)           0.000    12.432    d_i/acc/inst/lane1/core/coefficient_store_a/bank3/x_reg[23]_i_4__1_n_0
    SLICE_X22Y11         CARRY4 (Prop_carry4_CI_CO[3])
                                                      0.117    12.549 r  d_i/acc/inst/lane1/core/coefficient_store_a/bank3/x_reg[27]_i_4__1/CO[3]
                         net (fo=1, routed)           0.000    12.549    d_i/acc/inst/lane1/core/coefficient_store_a/bank3/x_reg[27]_i_4__1_n_0
    SLICE_X22Y12         CARRY4 (Prop_carry4_CI_O[3])
                                                      0.315    12.864 r  d_i/acc/inst/lane1/core/coefficient_store_a/bank3/x_reg[31]_i_7__5/O[3]
                         net (fo=1, routed)           0.658    13.522    d_i/acc/inst/lane1/core/butterfly_a0/multiplier/input_difference_reduced[31]
    SLICE_X22Y18         LUT6 (Prop_lut6_I2_O)        0.307    13.829 r  d_i/acc/inst/lane1/core/butterfly_a0/multiplier/x[31]_i_5__3/O
                         net (fo=1, routed)           0.000    13.829    d_i/acc/inst/lane1/core/butterfly_a0/multiplier/x[31]_i_5__3_n_0
    SLICE_X22Y18         MUXF7 (Prop_muxf7_I1_O)      0.214    14.043 r  d_i/acc/inst/lane1/core/butterfly_a0/multiplier/x_reg[31]_i_2__1/O
                         net (fo=1, routed)           0.000    14.043    d_i/acc/inst/lane1/core/butterfly_a0/multiplier/x_reg[31]_i_2__1_n_0
    SLICE_X22Y18         FDRE                                         r  d_i/acc/inst/lane1/core/butterfly_a0/multiplier/x_reg[31]/D
  -------------------------------------------------------------------    -------------------

                         (clock clk_fpga_0 rise edge)
                                                     10.000    10.000 r  
    PS7_X0Y0             PS7                          0.000    10.000 r  d_i/ps/inst/PS7_i/FCLKCLK[0]
                         net (fo=1, routed)           1.088    11.088    d_i/ps/inst/FCLK_CLK_unbuffered[0]
    BUFGCTRL_X0Y17       BUFG (Prop_bufg_I_O)         0.091    11.179 r  d_i/ps/inst/buffer_fclk_clk_0.FCLK_CLK_0_BUFG_replica/O
                         net (fo=3, routed)           0.133    11.312    d_i/ps/inst/FCLK_CLK0_repN
    BUFGCTRL_X0Y16       BUFG (Prop_bufg_I_O)         0.091    11.403 r  d_i/ps/inst/buffer_fclk_clk_0.FCLK_CLK_0_BUFG/O
                         net (fo=13548, routed)       1.568    12.972    d_i/acc/inst/lane1/core/butterfly_a0/multiplier/clk
    SLICE_X22Y18         FDRE                                         r  d_i/acc/inst/lane1/core/butterfly_a0/multiplier/x_reg[31]/C
                         clock pessimism              0.253    13.224    
                         clock uncertainty           -0.154    13.070    
    SLICE_X22Y18         FDRE (Setup_fdre_C_D)        0.113    13.183    d_i/acc/inst/lane1/core/butterfly_a0/multiplier/x_reg[31]
  -------------------------------------------------------------------
                         required time                         13.183    
                         arrival time                         -14.043    
  -------------------------------------------------------------------
                         slack                                 -0.860    

Slack (VIOLATED) :        -0.851ns  (required time - arrival time)
  Source:                 d_i/acc/inst/lane0/core/coefficient_store_a/bank0/memory_reg/CLKBWRCLK
                            (rising edge-triggered cell RAMB36E1 clocked by clk_fpga_0  {rise@0.000ns fall@5.000ns period=10.000ns})
  Destination:            d_i/acc/inst/lane0/core/butterfly_a1/multiplier/x_reg[24]/D
                            (rising edge-triggered cell FDRE clocked by clk_fpga_0  {rise@0.000ns fall@5.000ns period=10.000ns})
  Path Group:             clk_fpga_0
  Path Type:              Setup (Max at Slow Process Corner)
  Requirement:            10.000ns  (clk_fpga_0 rise@10.000ns - clk_fpga_0 rise@0.000ns)
  Data Path Delay:        10.639ns  (logic 5.478ns (51.489%)  route 5.161ns (48.511%))
  Logic Levels:           15  (CARRY4=9 LUT4=2 LUT6=3 MUXF7=1)
  Clock Path Skew:        -0.170ns (DCD - SCD + CPR)
    Destination Clock Delay (DCD):    2.895ns = ( 12.896 - 10.000 ) 
    Source Clock Delay      (SCD):    3.318ns
    Clock Pessimism Removal (CPR):    0.253ns
  Clock Uncertainty:      0.154ns  ((TSJ^2 + TIJ^2)^1/2 + DJ) / 2 + PE
    Total System Jitter     (TSJ):    0.071ns
    Total Input Jitter      (TIJ):    0.300ns
    Discrete Jitter          (DJ):    0.000ns
    Phase Error              (PE):    0.000ns

    Location             Delay type                Incr(ns)  Path(ns)    Netlist Resource(s)
  -------------------------------------------------------------------    -------------------
                         (clock clk_fpga_0 rise edge)
                                                      0.000     0.000 r  
    PS7_X0Y0             PS7                          0.000     0.000 r  d_i/ps/inst/PS7_i/FCLKCLK[0]
                         net (fo=1, routed)           1.193     1.193    d_i/ps/inst/FCLK_CLK_unbuffered[0]
    BUFGCTRL_X0Y17       BUFG (Prop_bufg_I_O)         0.101     1.294 r  d_i/ps/inst/buffer_fclk_clk_0.FCLK_CLK_0_BUFG_replica/O
                         net (fo=3, routed)           0.146     1.440    d_i/ps/inst/FCLK_CLK0_repN
    BUFGCTRL_X0Y16       BUFG (Prop_bufg_I_O)         0.101     1.541 r  d_i/ps/inst/buffer_fclk_clk_0.FCLK_CLK_0_BUFG/O
                         net (fo=13548, routed)       1.777     3.318    d_i/acc/inst/lane0/core/coefficient_store_a/bank0/clk
    RAMB36_X1Y5          RAMB36E1                                     r  d_i/acc/inst/lane0/core/coefficient_store_a/bank0/memory_reg/CLKBWRCLK
  -------------------------------------------------------------------    -------------------
    RAMB36_X1Y5          RAMB36E1 (Prop_ramb36e1_CLKBWRCLK_DOBDO[10])
                                                      2.454     5.772 f  d_i/acc/inst/lane0/core/coefficient_store_a/bank0/memory_reg/DOBDO[10]
                         net (fo=4, routed)           0.662     6.434    d_i/acc/inst/lane0/core/coefficient_store_a/bank0/DOBDO[8]
    SLICE_X23Y27         LUT6 (Prop_lut6_I5_O)        0.124     6.558 r  d_i/acc/inst/lane0/core/coefficient_store_a/bank0/a_register[10]_i_2_comp_1/O
                         net (fo=1, routed)           0.665     7.223    d_i/acc/inst/lane0/core/coefficient_store_a/bank3/a_register_reg[10]_0
    SLICE_X23Y27         LUT6 (Prop_lut6_I3_O)        0.124     7.347 r  d_i/acc/inst/lane0/core/coefficient_store_a/bank3/a_register[10]_i_1_comp/O
                         net (fo=10, routed)          1.181     8.529    d_i/acc/inst/lane0/core/coefficient_store_a/bank3/memory_reg_46
    SLICE_X23Y33         LUT4 (Prop_lut4_I3_O)        0.124     8.653 r  d_i/acc/inst/lane0/core/coefficient_store_a/bank3/x[31]_i_49__0/O
                         net (fo=1, routed)           0.000     8.653    d_i/acc/inst/lane0/core/coefficient_store_a/bank3/x[31]_i_49__0_n_0
    SLICE_X23Y33         CARRY4 (Prop_carry4_S[1]_CO[3])
                                                      0.550     9.203 r  d_i/acc/inst/lane0/core/coefficient_store_a/bank3/x_reg[31]_i_33__2/CO[3]
                         net (fo=1, routed)           0.000     9.203    d_i/acc/inst/lane0/core/coefficient_store_a/bank3/x_reg[31]_i_33__2_n_0
    SLICE_X23Y34         CARRY4 (Prop_carry4_CI_CO[3])
                                                      0.114     9.317 r  d_i/acc/inst/lane0/core/coefficient_store_a/bank3/x_reg[31]_i_24__0/CO[3]
                         net (fo=1, routed)           0.000     9.317    d_i/acc/inst/lane0/core/coefficient_store_a/bank3/x_reg[31]_i_24__0_n_0
    SLICE_X23Y35         CARRY4 (Prop_carry4_CI_CO[3])
                                                      0.114     9.431 f  d_i/acc/inst/lane0/core/coefficient_store_a/bank3/x_reg[31]_i_19__0/CO[3]
                         net (fo=61, routed)          1.210    10.641    d_i/acc/inst/lane0/core/coefficient_store_a/bank3/x[31]_i_32__0_0[0]
    SLICE_X28Y41         LUT4 (Prop_lut4_I0_O)        0.124    10.765 r  d_i/acc/inst/lane0/core/coefficient_store_a/bank3/x[7]_i_8__0/O
                         net (fo=1, routed)           0.731    11.496    d_i/acc/inst/lane0/core/coefficient_store_a/bank3/x[7]_i_8__0_n_0
    SLICE_X28Y33         CARRY4 (Prop_carry4_DI[0]_CO[3])
                                                      0.526    12.022 r  d_i/acc/inst/lane0/core/coefficient_store_a/bank3/x_reg[7]_i_4__0/CO[3]
                         net (fo=1, routed)           0.000    12.022    d_i/acc/inst/lane0/core/coefficient_store_a/bank3/x_reg[7]_i_4__0_n_0
    SLICE_X28Y34         CARRY4 (Prop_carry4_CI_CO[3])
                                                      0.114    12.136 r  d_i/acc/inst/lane0/core/coefficient_store_a/bank3/x_reg[11]_i_4__0/CO[3]
                         net (fo=1, routed)           0.000    12.136    d_i/acc/inst/lane0/core/coefficient_store_a/bank3/x_reg[11]_i_4__0_n_0
    SLICE_X28Y35         CARRY4 (Prop_carry4_CI_CO[3])
                                                      0.114    12.250 r  d_i/acc/inst/lane0/core/coefficient_store_a/bank3/x_reg[15]_i_4__0/CO[3]
                         net (fo=1, routed)           0.000    12.250    d_i/acc/inst/lane0/core/coefficient_store_a/bank3/x_reg[15]_i_4__0_n_0
    SLICE_X28Y36         CARRY4 (Prop_carry4_CI_CO[3])
                                                      0.114    12.364 r  d_i/acc/inst/lane0/core/coefficient_store_a/bank3/x_reg[19]_i_4__0/CO[3]
                         net (fo=1, routed)           0.000    12.364    d_i/acc/inst/lane0/core/coefficient_store_a/bank3/x_reg[19]_i_4__0_n_0
    SLICE_X28Y37         CARRY4 (Prop_carry4_CI_CO[3])
                                                      0.114    12.478 r  d_i/acc/inst/lane0/core/coefficient_store_a/bank3/x_reg[23]_i_4__0/CO[3]
                         net (fo=1, routed)           0.000    12.478    d_i/acc/inst/lane0/core/coefficient_store_a/bank3/x_reg[23]_i_4__0_n_0
    SLICE_X28Y38         CARRY4 (Prop_carry4_CI_O[0])
                                                      0.222    12.700 r  d_i/acc/inst/lane0/core/coefficient_store_a/bank3/x_reg[27]_i_4__0/O[0]
                         net (fo=1, routed)           0.712    13.412    d_i/acc/inst/lane0/core/butterfly_a1/multiplier/input_difference_reduced[24]
    SLICE_X36Y38         LUT6 (Prop_lut6_I2_O)        0.299    13.711 r  d_i/acc/inst/lane0/core/butterfly_a1/multiplier/x[24]_i_3__0/O
                         net (fo=1, routed)           0.000    13.711    d_i/acc/inst/lane0/core/butterfly_a1/multiplier/x[24]_i_3__0_n_0
    SLICE_X36Y38         MUXF7 (Prop_muxf7_I1_O)      0.247    13.958 r  d_i/acc/inst/lane0/core/butterfly_a1/multiplier/x_reg[24]_i_1__0/O
                         net (fo=1, routed)           0.000    13.958    d_i/acc/inst/lane0/core/butterfly_a1/multiplier/x_reg[24]_i_1__0_n_0
    SLICE_X36Y38         FDRE                                         r  d_i/acc/inst/lane0/core/butterfly_a1/multiplier/x_reg[24]/D
  -------------------------------------------------------------------    -------------------

                         (clock clk_fpga_0 rise edge)
                                                     10.000    10.000 r  
    PS7_X0Y0             PS7                          0.000    10.000 r  d_i/ps/inst/PS7_i/FCLKCLK[0]
                         net (fo=1, routed)           1.088    11.088    d_i/ps/inst/FCLK_CLK_unbuffered[0]
    BUFGCTRL_X0Y17       BUFG (Prop_bufg_I_O)         0.091    11.179 r  d_i/ps/inst/buffer_fclk_clk_0.FCLK_CLK_0_BUFG_replica/O
                         net (fo=3, routed)           0.133    11.312    d_i/ps/inst/FCLK_CLK0_repN
    BUFGCTRL_X0Y16       BUFG (Prop_bufg_I_O)         0.091    11.403 r  d_i/ps/inst/buffer_fclk_clk_0.FCLK_CLK_0_BUFG/O
                         net (fo=13548, routed)       1.492    12.896    d_i/acc/inst/lane0/core/butterfly_a1/multiplier/clk
    SLICE_X36Y38         FDRE                                         r  d_i/acc/inst/lane0/core/butterfly_a1/multiplier/x_reg[24]/C
                         clock pessimism              0.253    13.148    
                         clock uncertainty           -0.154    12.994    
    SLICE_X36Y38         FDRE (Setup_fdre_C_D)        0.113    13.107    d_i/acc/inst/lane0/core/butterfly_a1/multiplier/x_reg[24]
  -------------------------------------------------------------------
                         required time                         13.107    
                         arrival time                         -13.958    
  -------------------------------------------------------------------
                         slack                                 -0.851    

Slack (VIOLATED) :        -0.823ns  (required time - arrival time)
  Source:                 d_i/acc/inst/lane0/core/coefficient_store_a/bank0/memory_reg/CLKBWRCLK
                            (rising edge-triggered cell RAMB36E1 clocked by clk_fpga_0  {rise@0.000ns fall@5.000ns period=10.000ns})
  Destination:            d_i/acc/inst/lane0/core/butterfly_a1/multiplier/x_reg[23]/D
                            (rising edge-triggered cell FDRE clocked by clk_fpga_0  {rise@0.000ns fall@5.000ns period=10.000ns})
  Path Group:             clk_fpga_0
  Path Type:              Setup (Max at Slow Process Corner)
  Requirement:            10.000ns  (clk_fpga_0 rise@10.000ns - clk_fpga_0 rise@0.000ns)
  Data Path Delay:        10.612ns  (logic 5.429ns (51.161%)  route 5.183ns (48.839%))
  Logic Levels:           14  (CARRY4=8 LUT4=2 LUT6=3 MUXF7=1)
  Clock Path Skew:        -0.170ns (DCD - SCD + CPR)
    Destination Clock Delay (DCD):    2.895ns = ( 12.896 - 10.000 ) 
    Source Clock Delay      (SCD):    3.318ns
    Clock Pessimism Removal (CPR):    0.253ns
  Clock Uncertainty:      0.154ns  ((TSJ^2 + TIJ^2)^1/2 + DJ) / 2 + PE
    Total System Jitter     (TSJ):    0.071ns
    Total Input Jitter      (TIJ):    0.300ns
    Discrete Jitter          (DJ):    0.000ns
    Phase Error              (PE):    0.000ns

    Location             Delay type                Incr(ns)  Path(ns)    Netlist Resource(s)
  -------------------------------------------------------------------    -------------------
                         (clock clk_fpga_0 rise edge)
                                                      0.000     0.000 r  
    PS7_X0Y0             PS7                          0.000     0.000 r  d_i/ps/inst/PS7_i/FCLKCLK[0]
                         net (fo=1, routed)           1.193     1.193    d_i/ps/inst/FCLK_CLK_unbuffered[0]
    BUFGCTRL_X0Y17       BUFG (Prop_bufg_I_O)         0.101     1.294 r  d_i/ps/inst/buffer_fclk_clk_0.FCLK_CLK_0_BUFG_replica/O
                         net (fo=3, routed)           0.146     1.440    d_i/ps/inst/FCLK_CLK0_repN
    BUFGCTRL_X0Y16       BUFG (Prop_bufg_I_O)         0.101     1.541 r  d_i/ps/inst/buffer_fclk_clk_0.FCLK_CLK_0_BUFG/O
                         net (fo=13548, routed)       1.777     3.318    d_i/acc/inst/lane0/core/coefficient_store_a/bank0/clk
    RAMB36_X1Y5          RAMB36E1                                     r  d_i/acc/inst/lane0/core/coefficient_store_a/bank0/memory_reg/CLKBWRCLK
  -------------------------------------------------------------------    -------------------
    RAMB36_X1Y5          RAMB36E1 (Prop_ramb36e1_CLKBWRCLK_DOBDO[10])
                                                      2.454     5.772 f  d_i/acc/inst/lane0/core/coefficient_store_a/bank0/memory_reg/DOBDO[10]
                         net (fo=4, routed)           0.662     6.434    d_i/acc/inst/lane0/core/coefficient_store_a/bank0/DOBDO[8]
    SLICE_X23Y27         LUT6 (Prop_lut6_I5_O)        0.124     6.558 r  d_i/acc/inst/lane0/core/coefficient_store_a/bank0/a_register[10]_i_2_comp_1/O
                         net (fo=1, routed)           0.665     7.223    d_i/acc/inst/lane0/core/coefficient_store_a/bank3/a_register_reg[10]_0
    SLICE_X23Y27         LUT6 (Prop_lut6_I3_O)        0.124     7.347 r  d_i/acc/inst/lane0/core/coefficient_store_a/bank3/a_register[10]_i_1_comp/O
                         net (fo=10, routed)          1.181     8.529    d_i/acc/inst/lane0/core/coefficient_store_a/bank3/memory_reg_46
    SLICE_X23Y33         LUT4 (Prop_lut4_I3_O)        0.124     8.653 r  d_i/acc/inst/lane0/core/coefficient_store_a/bank3/x[31]_i_49__0/O
                         net (fo=1, routed)           0.000     8.653    d_i/acc/inst/lane0/core/coefficient_store_a/bank3/x[31]_i_49__0_n_0
    SLICE_X23Y33         CARRY4 (Prop_carry4_S[1]_CO[3])
                                                      0.550     9.203 r  d_i/acc/inst/lane0/core/coefficient_store_a/bank3/x_reg[31]_i_33__2/CO[3]
                         net (fo=1, routed)           0.000     9.203    d_i/acc/inst/lane0/core/coefficient_store_a/bank3/x_reg[31]_i_33__2_n_0
    SLICE_X23Y34         CARRY4 (Prop_carry4_CI_CO[3])
                                                      0.114     9.317 r  d_i/acc/inst/lane0/core/coefficient_store_a/bank3/x_reg[31]_i_24__0/CO[3]
                         net (fo=1, routed)           0.000     9.317    d_i/acc/inst/lane0/core/coefficient_store_a/bank3/x_reg[31]_i_24__0_n_0
    SLICE_X23Y35         CARRY4 (Prop_carry4_CI_CO[3])
                                                      0.114     9.431 f  d_i/acc/inst/lane0/core/coefficient_store_a/bank3/x_reg[31]_i_19__0/CO[3]
                         net (fo=61, routed)          1.210    10.641    d_i/acc/inst/lane0/core/coefficient_store_a/bank3/x[31]_i_32__0_0[0]
    SLICE_X28Y41         LUT4 (Prop_lut4_I0_O)        0.124    10.765 r  d_i/acc/inst/lane0/core/coefficient_store_a/bank3/x[7]_i_8__0/O
                         net (fo=1, routed)           0.731    11.496    d_i/acc/inst/lane0/core/coefficient_store_a/bank3/x[7]_i_8__0_n_0
    SLICE_X28Y33         CARRY4 (Prop_carry4_DI[0]_CO[3])
                                                      0.526    12.022 r  d_i/acc/inst/lane0/core/coefficient_store_a/bank3/x_reg[7]_i_4__0/CO[3]
                         net (fo=1, routed)           0.000    12.022    d_i/acc/inst/lane0/core/coefficient_store_a/bank3/x_reg[7]_i_4__0_n_0
    SLICE_X28Y34         CARRY4 (Prop_carry4_CI_CO[3])
                                                      0.114    12.136 r  d_i/acc/inst/lane0/core/coefficient_store_a/bank3/x_reg[11]_i_4__0/CO[3]
                         net (fo=1, routed)           0.000    12.136    d_i/acc/inst/lane0/core/coefficient_store_a/bank3/x_reg[11]_i_4__0_n_0
    SLICE_X28Y35         CARRY4 (Prop_carry4_CI_CO[3])
                                                      0.114    12.250 r  d_i/acc/inst/lane0/core/coefficient_store_a/bank3/x_reg[15]_i_4__0/CO[3]
                         net (fo=1, routed)           0.000    12.250    d_i/acc/inst/lane0/core/coefficient_store_a/bank3/x_reg[15]_i_4__0_n_0
    SLICE_X28Y36         CARRY4 (Prop_carry4_CI_CO[3])
                                                      0.114    12.364 r  d_i/acc/inst/lane0/core/coefficient_store_a/bank3/x_reg[19]_i_4__0/CO[3]
                         net (fo=1, routed)           0.000    12.364    d_i/acc/inst/lane0/core/coefficient_store_a/bank3/x_reg[19]_i_4__0_n_0
    SLICE_X28Y37         CARRY4 (Prop_carry4_CI_O[3])
                                                      0.313    12.677 r  d_i/acc/inst/lane0/core/coefficient_store_a/bank3/x_reg[23]_i_4__0/O[3]
                         net (fo=1, routed)           0.733    13.410    d_i/acc/inst/lane0/core/butterfly_a1/multiplier/input_difference_reduced[23]
    SLICE_X36Y38         LUT6 (Prop_lut6_I2_O)        0.306    13.716 r  d_i/acc/inst/lane0/core/butterfly_a1/multiplier/x[23]_i_3__0/O
                         net (fo=1, routed)           0.000    13.716    d_i/acc/inst/lane0/core/butterfly_a1/multiplier/x[23]_i_3__0_n_0
    SLICE_X36Y38         MUXF7 (Prop_muxf7_I1_O)      0.214    13.930 r  d_i/acc/inst/lane0/core/butterfly_a1/multiplier/x_reg[23]_i_1__0/O
                         net (fo=1, routed)           0.000    13.930    d_i/acc/inst/lane0/core/butterfly_a1/multiplier/x_reg[23]_i_1__0_n_0
    SLICE_X36Y38         FDRE                                         r  d_i/acc/inst/lane0/core/butterfly_a1/multiplier/x_reg[23]/D
  -------------------------------------------------------------------    -------------------

                         (clock clk_fpga_0 rise edge)
                                                     10.000    10.000 r  
    PS7_X0Y0             PS7                          0.000    10.000 r  d_i/ps/inst/PS7_i/FCLKCLK[0]
                         net (fo=1, routed)           1.088    11.088    d_i/ps/inst/FCLK_CLK_unbuffered[0]
    BUFGCTRL_X0Y17       BUFG (Prop_bufg_I_O)         0.091    11.179 r  d_i/ps/inst/buffer_fclk_clk_0.FCLK_CLK_0_BUFG_replica/O
                         net (fo=3, routed)           0.133    11.312    d_i/ps/inst/FCLK_CLK0_repN
    BUFGCTRL_X0Y16       BUFG (Prop_bufg_I_O)         0.091    11.403 r  d_i/ps/inst/buffer_fclk_clk_0.FCLK_CLK_0_BUFG/O
                         net (fo=13548, routed)       1.492    12.896    d_i/acc/inst/lane0/core/butterfly_a1/multiplier/clk
    SLICE_X36Y38         FDRE                                         r  d_i/acc/inst/lane0/core/butterfly_a1/multiplier/x_reg[23]/C
                         clock pessimism              0.253    13.148    
                         clock uncertainty           -0.154    12.994    
    SLICE_X36Y38         FDRE (Setup_fdre_C_D)        0.113    13.107    d_i/acc/inst/lane0/core/butterfly_a1/multiplier/x_reg[23]
  -------------------------------------------------------------------
                         required time                         13.107    
                         arrival time                         -13.930    
  -------------------------------------------------------------------
                         slack                                 -0.823    

Slack (VIOLATED) :        -0.807ns  (required time - arrival time)
  Source:                 d_i/acc/inst/lane1/core/coefficient_store_a/bank1/memory_reg/CLKBWRCLK
                            (rising edge-triggered cell RAMB36E1 clocked by clk_fpga_0  {rise@0.000ns fall@5.000ns period=10.000ns})
  Destination:            d_i/acc/inst/lane1/core/butterfly_a1/multiplier/x_reg[31]/D
                            (rising edge-triggered cell FDRE clocked by clk_fpga_0  {rise@0.000ns fall@5.000ns period=10.000ns})
  Path Group:             clk_fpga_0
  Path Type:              Setup (Max at Slow Process Corner)
  Requirement:            10.000ns  (clk_fpga_0 rise@10.000ns - clk_fpga_0 rise@0.000ns)
  Data Path Delay:        10.657ns  (logic 5.554ns (52.114%)  route 5.103ns (47.886%))
  Logic Levels:           17  (CARRY4=11 LUT4=2 LUT6=3 MUXF7=1)
  Clock Path Skew:        -0.108ns (DCD - SCD + CPR)
    Destination Clock Delay (DCD):    2.891ns = ( 12.892 - 10.000 ) 
    Source Clock Delay      (SCD):    3.252ns
    Clock Pessimism Removal (CPR):    0.253ns
  Clock Uncertainty:      0.154ns  ((TSJ^2 + TIJ^2)^1/2 + DJ) / 2 + PE
    Total System Jitter     (TSJ):    0.071ns
    Total Input Jitter      (TIJ):    0.300ns
    Discrete Jitter          (DJ):    0.000ns
    Phase Error              (PE):    0.000ns

    Location             Delay type                Incr(ns)  Path(ns)    Netlist Resource(s)
  -------------------------------------------------------------------    -------------------
                         (clock clk_fpga_0 rise edge)
                                                      0.000     0.000 r  
    PS7_X0Y0             PS7                          0.000     0.000 r  d_i/ps/inst/PS7_i/FCLKCLK[0]
                         net (fo=1, routed)           1.193     1.193    d_i/ps/inst/FCLK_CLK_unbuffered[0]
    BUFGCTRL_X0Y17       BUFG (Prop_bufg_I_O)         0.101     1.294 r  d_i/ps/inst/buffer_fclk_clk_0.FCLK_CLK_0_BUFG_replica/O
                         net (fo=3, routed)           0.146     1.440    d_i/ps/inst/FCLK_CLK0_repN
    BUFGCTRL_X0Y16       BUFG (Prop_bufg_I_O)         0.101     1.541 r  d_i/ps/inst/buffer_fclk_clk_0.FCLK_CLK_0_BUFG/O
                         net (fo=13548, routed)       1.711     3.252    d_i/acc/inst/lane1/core/coefficient_store_a/bank1/clk
    RAMB36_X2Y1          RAMB36E1                                     r  d_i/acc/inst/lane1/core/coefficient_store_a/bank1/memory_reg/CLKBWRCLK
  -------------------------------------------------------------------    -------------------
    RAMB36_X2Y1          RAMB36E1 (Prop_ramb36e1_CLKBWRCLK_DOBDO[15])
                                                      2.454     5.706 r  d_i/acc/inst/lane1/core/coefficient_store_a/bank1/memory_reg/DOBDO[15]
                         net (fo=4, routed)           1.419     7.125    d_i/acc/inst/lane1/core/coefficient_store_a/bank0/a_register_reg[31][15]
    SLICE_X37Y7          LUT6 (Prop_lut6_I3_O)        0.124     7.249 r  d_i/acc/inst/lane1/core/coefficient_store_a/bank0/a_register[15]_i_2__0/O
                         net (fo=1, routed)           0.433     7.682    d_i/acc/inst/lane1/core/coefficient_store_a/bank2/a_register_reg[15]
    SLICE_X35Y7          LUT6 (Prop_lut6_I2_O)        0.124     7.806 r  d_i/acc/inst/lane1/core/coefficient_store_a/bank2/a_register[15]_i_1__0/O
                         net (fo=10, routed)          0.859     8.666    d_i/acc/inst/lane1/core/coefficient_store_a/bank3/x_reg[19]_i_4__2_0
    SLICE_X33Y8          LUT4 (Prop_lut4_I1_O)        0.124     8.790 r  d_i/acc/inst/lane1/core/coefficient_store_a/bank3/x[31]_i_47__2/O
                         net (fo=1, routed)           0.000     8.790    d_i/acc/inst/lane1/core/coefficient_store_a/bank3/x[31]_i_47__2_n_0
    SLICE_X33Y8          CARRY4 (Prop_carry4_S[3]_CO[3])
                                                      0.401     9.191 r  d_i/acc/inst/lane1/core/coefficient_store_a/bank3/x_reg[31]_i_33__6/CO[3]
                         net (fo=1, routed)           0.000     9.191    d_i/acc/inst/lane1/core/coefficient_store_a/bank3/x_reg[31]_i_33__6_n_0
    SLICE_X33Y9          CARRY4 (Prop_carry4_CI_CO[3])
                                                      0.114     9.305 r  d_i/acc/inst/lane1/core/coefficient_store_a/bank3/x_reg[31]_i_24__2/CO[3]
                         net (fo=1, routed)           0.000     9.305    d_i/acc/inst/lane1/core/coefficient_store_a/bank3/x_reg[31]_i_24__2_n_0
    SLICE_X33Y10         CARRY4 (Prop_carry4_CI_CO[3])
                                                      0.114     9.419 f  d_i/acc/inst/lane1/core/coefficient_store_a/bank3/x_reg[31]_i_19__2/CO[3]
                         net (fo=61, routed)          1.162    10.580    d_i/acc/inst/lane1/core/coefficient_store_a/bank3/x[31]_i_32__2_0[0]
    SLICE_X37Y6          LUT4 (Prop_lut4_I0_O)        0.124    10.704 r  d_i/acc/inst/lane1/core/coefficient_store_a/bank3/x[3]_i_6__4/O
                         net (fo=1, routed)           0.640    11.344    d_i/acc/inst/lane1/core/coefficient_store_a/bank3/x[3]_i_6__4_n_0
    SLICE_X34Y6          CARRY4 (Prop_carry4_DI[2]_CO[3])
                                                      0.404    11.748 r  d_i/acc/inst/lane1/core/coefficient_store_a/bank3/x_reg[3]_i_4__2/CO[3]
                         net (fo=1, routed)           0.000    11.748    d_i/acc/inst/lane1/core/coefficient_store_a/bank3/x_reg[3]_i_4__2_n_0
    SLICE_X34Y7          CARRY4 (Prop_carry4_CI_CO[3])
                                                      0.117    11.865 r  d_i/acc/inst/lane1/core/coefficient_store_a/bank3/x_reg[7]_i_4__2/CO[3]
                         net (fo=1, routed)           0.000    11.865    d_i/acc/inst/lane1/core/coefficient_store_a/bank3/x_reg[7]_i_4__2_n_0
    SLICE_X34Y8          CARRY4 (Prop_carry4_CI_CO[3])
                                                      0.117    11.982 r  d_i/acc/inst/lane1/core/coefficient_store_a/bank3/x_reg[11]_i_4__2/CO[3]
                         net (fo=1, routed)           0.000    11.982    d_i/acc/inst/lane1/core/coefficient_store_a/bank3/x_reg[11]_i_4__2_n_0
    SLICE_X34Y9          CARRY4 (Prop_carry4_CI_CO[3])
                                                      0.117    12.099 r  d_i/acc/inst/lane1/core/coefficient_store_a/bank3/x_reg[15]_i_4__2/CO[3]
                         net (fo=1, routed)           0.000    12.099    d_i/acc/inst/lane1/core/coefficient_store_a/bank3/x_reg[15]_i_4__2_n_0
    SLICE_X34Y10         CARRY4 (Prop_carry4_CI_CO[3])
                                                      0.117    12.216 r  d_i/acc/inst/lane1/core/coefficient_store_a/bank3/x_reg[19]_i_4__2/CO[3]
                         net (fo=1, routed)           0.000    12.216    d_i/acc/inst/lane1/core/coefficient_store_a/bank3/x_reg[19]_i_4__2_n_0
    SLICE_X34Y11         CARRY4 (Prop_carry4_CI_CO[3])
                                                      0.117    12.333 r  d_i/acc/inst/lane1/core/coefficient_store_a/bank3/x_reg[23]_i_4__2/CO[3]
                         net (fo=1, routed)           0.000    12.333    d_i/acc/inst/lane1/core/coefficient_store_a/bank3/x_reg[23]_i_4__2_n_0
    SLICE_X34Y12         CARRY4 (Prop_carry4_CI_CO[3])
                                                      0.117    12.450 r  d_i/acc/inst/lane1/core/coefficient_store_a/bank3/x_reg[27]_i_4__2/CO[3]
                         net (fo=1, routed)           0.000    12.450    d_i/acc/inst/lane1/core/coefficient_store_a/bank3/x_reg[27]_i_4__2_n_0
    SLICE_X34Y13         CARRY4 (Prop_carry4_CI_O[3])
                                                      0.315    12.765 r  d_i/acc/inst/lane1/core/coefficient_store_a/bank3/x_reg[31]_i_7__6/O[3]
                         net (fo=1, routed)           0.591    13.356    d_i/acc/inst/lane1/core/butterfly_a1/multiplier/input_difference_reduced[31]
    SLICE_X34Y17         LUT6 (Prop_lut6_I2_O)        0.307    13.663 r  d_i/acc/inst/lane1/core/butterfly_a1/multiplier/x[31]_i_5__4/O
                         net (fo=1, routed)           0.000    13.663    d_i/acc/inst/lane1/core/butterfly_a1/multiplier/x[31]_i_5__4_n_0
    SLICE_X34Y17         MUXF7 (Prop_muxf7_I1_O)      0.247    13.910 r  d_i/acc/inst/lane1/core/butterfly_a1/multiplier/x_reg[31]_i_2__2/O
                         net (fo=1, routed)           0.000    13.910    d_i/acc/inst/lane1/core/butterfly_a1/multiplier/x_reg[31]_i_2__2_n_0
    SLICE_X34Y17         FDRE                                         r  d_i/acc/inst/lane1/core/butterfly_a1/multiplier/x_reg[31]/D
  -------------------------------------------------------------------    -------------------

                         (clock clk_fpga_0 rise edge)
                                                     10.000    10.000 r  
    PS7_X0Y0             PS7                          0.000    10.000 r  d_i/ps/inst/PS7_i/FCLKCLK[0]
                         net (fo=1, routed)           1.088    11.088    d_i/ps/inst/FCLK_CLK_unbuffered[0]
    BUFGCTRL_X0Y17       BUFG (Prop_bufg_I_O)         0.091    11.179 r  d_i/ps/inst/buffer_fclk_clk_0.FCLK_CLK_0_BUFG_replica/O
                         net (fo=3, routed)           0.133    11.312    d_i/ps/inst/FCLK_CLK0_repN
    BUFGCTRL_X0Y16       BUFG (Prop_bufg_I_O)         0.091    11.403 r  d_i/ps/inst/buffer_fclk_clk_0.FCLK_CLK_0_BUFG/O
                         net (fo=13548, routed)       1.488    12.892    d_i/acc/inst/lane1/core/butterfly_a1/multiplier/clk
    SLICE_X34Y17         FDRE                                         r  d_i/acc/inst/lane1/core/butterfly_a1/multiplier/x_reg[31]/C
                         clock pessimism              0.253    13.144    
                         clock uncertainty           -0.154    12.990    
    SLICE_X34Y17         FDRE (Setup_fdre_C_D)        0.113    13.103    d_i/acc/inst/lane1/core/butterfly_a1/multiplier/x_reg[31]
  -------------------------------------------------------------------
                         required time                         13.103    
                         arrival time                         -13.910    
  -------------------------------------------------------------------
                         slack                                 -0.807    

Slack (VIOLATED) :        -0.794ns  (required time - arrival time)
  Source:                 d_i/acc/inst/lane0/core/coefficient_store_a/bank0/memory_reg/CLKBWRCLK
                            (rising edge-triggered cell RAMB36E1 clocked by clk_fpga_0  {rise@0.000ns fall@5.000ns period=10.000ns})
  Destination:            d_i/acc/inst/lane0/core/butterfly_a1/multiplier/x_reg[28]/D
                            (rising edge-triggered cell FDRE clocked by clk_fpga_0  {rise@0.000ns fall@5.000ns period=10.000ns})
  Path Group:             clk_fpga_0
  Path Type:              Setup (Max at Slow Process Corner)
  Requirement:            10.000ns  (clk_fpga_0 rise@10.000ns - clk_fpga_0 rise@0.000ns)
  Data Path Delay:        10.613ns  (logic 5.590ns (52.673%)  route 5.023ns (47.327%))
  Logic Levels:           16  (CARRY4=10 LUT4=2 LUT6=3 MUXF7=1)
  Clock Path Skew:        -0.091ns (DCD - SCD + CPR)
    Destination Clock Delay (DCD):    2.974ns = ( 12.974 - 10.000 ) 
    Source Clock Delay      (SCD):    3.318ns
    Clock Pessimism Removal (CPR):    0.253ns
  Clock Uncertainty:      0.154ns  ((TSJ^2 + TIJ^2)^1/2 + DJ) / 2 + PE
    Total System Jitter     (TSJ):    0.071ns
    Total Input Jitter      (TIJ):    0.300ns
    Discrete Jitter          (DJ):    0.000ns
    Phase Error              (PE):    0.000ns

    Location             Delay type                Incr(ns)  Path(ns)    Netlist Resource(s)
  -------------------------------------------------------------------    -------------------
                         (clock clk_fpga_0 rise edge)
                                                      0.000     0.000 r  
    PS7_X0Y0             PS7                          0.000     0.000 r  d_i/ps/inst/PS7_i/FCLKCLK[0]
                         net (fo=1, routed)           1.193     1.193    d_i/ps/inst/FCLK_CLK_unbuffered[0]
    BUFGCTRL_X0Y17       BUFG (Prop_bufg_I_O)         0.101     1.294 r  d_i/ps/inst/buffer_fclk_clk_0.FCLK_CLK_0_BUFG_replica/O
                         net (fo=3, routed)           0.146     1.440    d_i/ps/inst/FCLK_CLK0_repN
    BUFGCTRL_X0Y16       BUFG (Prop_bufg_I_O)         0.101     1.541 r  d_i/ps/inst/buffer_fclk_clk_0.FCLK_CLK_0_BUFG/O
                         net (fo=13548, routed)       1.777     3.318    d_i/acc/inst/lane0/core/coefficient_store_a/bank0/clk
    RAMB36_X1Y5          RAMB36E1                                     r  d_i/acc/inst/lane0/core/coefficient_store_a/bank0/memory_reg/CLKBWRCLK
  -------------------------------------------------------------------    -------------------
    RAMB36_X1Y5          RAMB36E1 (Prop_ramb36e1_CLKBWRCLK_DOBDO[10])
                                                      2.454     5.772 f  d_i/acc/inst/lane0/core/coefficient_store_a/bank0/memory_reg/DOBDO[10]
                         net (fo=4, routed)           0.662     6.434    d_i/acc/inst/lane0/core/coefficient_store_a/bank0/DOBDO[8]
    SLICE_X23Y27         LUT6 (Prop_lut6_I5_O)        0.124     6.558 r  d_i/acc/inst/lane0/core/coefficient_store_a/bank0/a_register[10]_i_2_comp_1/O
                         net (fo=1, routed)           0.665     7.223    d_i/acc/inst/lane0/core/coefficient_store_a/bank3/a_register_reg[10]_0
    SLICE_X23Y27         LUT6 (Prop_lut6_I3_O)        0.124     7.347 r  d_i/acc/inst/lane0/core/coefficient_store_a/bank3/a_register[10]_i_1_comp/O
                         net (fo=10, routed)          1.181     8.529    d_i/acc/inst/lane0/core/coefficient_store_a/bank3/memory_reg_46
    SLICE_X23Y33         LUT4 (Prop_lut4_I3_O)        0.124     8.653 r  d_i/acc/inst/lane0/core/coefficient_store_a/bank3/x[31]_i_49__0/O
                         net (fo=1, routed)           0.000     8.653    d_i/acc/inst/lane0/core/coefficient_store_a/bank3/x[31]_i_49__0_n_0
    SLICE_X23Y33         CARRY4 (Prop_carry4_S[1]_CO[3])
                                                      0.550     9.203 r  d_i/acc/inst/lane0/core/coefficient_store_a/bank3/x_reg[31]_i_33__2/CO[3]
                         net (fo=1, routed)           0.000     9.203    d_i/acc/inst/lane0/core/coefficient_store_a/bank3/x_reg[31]_i_33__2_n_0
    SLICE_X23Y34         CARRY4 (Prop_carry4_CI_CO[3])
                                                      0.114     9.317 r  d_i/acc/inst/lane0/core/coefficient_store_a/bank3/x_reg[31]_i_24__0/CO[3]
                         net (fo=1, routed)           0.000     9.317    d_i/acc/inst/lane0/core/coefficient_store_a/bank3/x_reg[31]_i_24__0_n_0
    SLICE_X23Y35         CARRY4 (Prop_carry4_CI_CO[3])
                                                      0.114     9.431 f  d_i/acc/inst/lane0/core/coefficient_store_a/bank3/x_reg[31]_i_19__0/CO[3]
                         net (fo=61, routed)          1.210    10.641    d_i/acc/inst/lane0/core/coefficient_store_a/bank3/x[31]_i_32__0_0[0]
    SLICE_X28Y41         LUT4 (Prop_lut4_I0_O)        0.124    10.765 r  d_i/acc/inst/lane0/core/coefficient_store_a/bank3/x[7]_i_8__0/O
                         net (fo=1, routed)           0.731    11.496    d_i/acc/inst/lane0/core/coefficient_store_a/bank3/x[7]_i_8__0_n_0
    SLICE_X28Y33         CARRY4 (Prop_carry4_DI[0]_CO[3])
                                                      0.526    12.022 r  d_i/acc/inst/lane0/core/coefficient_store_a/bank3/x_reg[7]_i_4__0/CO[3]
                         net (fo=1, routed)           0.000    12.022    d_i/acc/inst/lane0/core/coefficient_store_a/bank3/x_reg[7]_i_4__0_n_0
    SLICE_X28Y34         CARRY4 (Prop_carry4_CI_CO[3])
                                                      0.114    12.136 r  d_i/acc/inst/lane0/core/coefficient_store_a/bank3/x_reg[11]_i_4__0/CO[3]
                         net (fo=1, routed)           0.000    12.136    d_i/acc/inst/lane0/core/coefficient_store_a/bank3/x_reg[11]_i_4__0_n_0
    SLICE_X28Y35         CARRY4 (Prop_carry4_CI_CO[3])
                                                      0.114    12.250 r  d_i/acc/inst/lane0/core/coefficient_store_a/bank3/x_reg[15]_i_4__0/CO[3]
                         net (fo=1, routed)           0.000    12.250    d_i/acc/inst/lane0/core/coefficient_store_a/bank3/x_reg[15]_i_4__0_n_0
    SLICE_X28Y36         CARRY4 (Prop_carry4_CI_CO[3])
                                                      0.114    12.364 r  d_i/acc/inst/lane0/core/coefficient_store_a/bank3/x_reg[19]_i_4__0/CO[3]
                         net (fo=1, routed)           0.000    12.364    d_i/acc/inst/lane0/core/coefficient_store_a/bank3/x_reg[19]_i_4__0_n_0
    SLICE_X28Y37         CARRY4 (Prop_carry4_CI_CO[3])
                                                      0.114    12.478 r  d_i/acc/inst/lane0/core/coefficient_store_a/bank3/x_reg[23]_i_4__0/CO[3]
                         net (fo=1, routed)           0.000    12.478    d_i/acc/inst/lane0/core/coefficient_store_a/bank3/x_reg[23]_i_4__0_n_0
    SLICE_X28Y38         CARRY4 (Prop_carry4_CI_CO[3])
                                                      0.114    12.592 r  d_i/acc/inst/lane0/core/coefficient_store_a/bank3/x_reg[27]_i_4__0/CO[3]
                         net (fo=1, routed)           0.000    12.592    d_i/acc/inst/lane0/core/coefficient_store_a/bank3/x_reg[27]_i_4__0_n_0
    SLICE_X28Y39         CARRY4 (Prop_carry4_CI_O[0])
                                                      0.222    12.814 r  d_i/acc/inst/lane0/core/coefficient_store_a/bank3/x_reg[31]_i_7__2/O[0]
                         net (fo=1, routed)           0.573    13.387    d_i/acc/inst/lane0/core/butterfly_a1/multiplier/input_difference_reduced[28]
    SLICE_X31Y43         LUT6 (Prop_lut6_I2_O)        0.299    13.686 r  d_i/acc/inst/lane0/core/butterfly_a1/multiplier/x[28]_i_3__0/O
                         net (fo=1, routed)           0.000    13.686    d_i/acc/inst/lane0/core/butterfly_a1/multiplier/x[28]_i_3__0_n_0
    SLICE_X31Y43         MUXF7 (Prop_muxf7_I1_O)      0.245    13.931 r  d_i/acc/inst/lane0/core/butterfly_a1/multiplier/x_reg[28]_i_1__0/O
                         net (fo=1, routed)           0.000    13.931    d_i/acc/inst/lane0/core/butterfly_a1/multiplier/x_reg[28]_i_1__0_n_0
    SLICE_X31Y43         FDRE                                         r  d_i/acc/inst/lane0/core/butterfly_a1/multiplier/x_reg[28]/D
  -------------------------------------------------------------------    -------------------

                         (clock clk_fpga_0 rise edge)
                                                     10.000    10.000 r  
    PS7_X0Y0             PS7                          0.000    10.000 r  d_i/ps/inst/PS7_i/FCLKCLK[0]
                         net (fo=1, routed)           1.088    11.088    d_i/ps/inst/FCLK_CLK_unbuffered[0]
    BUFGCTRL_X0Y17       BUFG (Prop_bufg_I_O)         0.091    11.179 r  d_i/ps/inst/buffer_fclk_clk_0.FCLK_CLK_0_BUFG_replica/O
                         net (fo=3, routed)           0.133    11.312    d_i/ps/inst/FCLK_CLK0_repN
    BUFGCTRL_X0Y16       BUFG (Prop_bufg_I_O)         0.091    11.403 r  d_i/ps/inst/buffer_fclk_clk_0.FCLK_CLK_0_BUFG/O
                         net (fo=13548, routed)       1.571    12.974    d_i/acc/inst/lane0/core/butterfly_a1/multiplier/clk
    SLICE_X31Y43         FDRE                                         r  d_i/acc/inst/lane0/core/butterfly_a1/multiplier/x_reg[28]/C
                         clock pessimism              0.253    13.227    
                         clock uncertainty           -0.154    13.073    
    SLICE_X31Y43         FDRE (Setup_fdre_C_D)        0.064    13.137    d_i/acc/inst/lane0/core/butterfly_a1/multiplier/x_reg[28]
  -------------------------------------------------------------------
                         required time                         13.137    
                         arrival time                         -13.931    
  -------------------------------------------------------------------
                         slack                                 -0.794    

Slack (VIOLATED) :        -0.793ns  (required time - arrival time)
  Source:                 d_i/acc/inst/lane0/core/coefficient_store_a/bank0/memory_reg/CLKBWRCLK
                            (rising edge-triggered cell RAMB36E1 clocked by clk_fpga_0  {rise@0.000ns fall@5.000ns period=10.000ns})
  Destination:            d_i/acc/inst/lane0/core/butterfly_a0/multiplier/x_reg[29]/D
                            (rising edge-triggered cell FDRE clocked by clk_fpga_0  {rise@0.000ns fall@5.000ns period=10.000ns})
  Path Group:             clk_fpga_0
  Path Type:              Setup (Max at Slow Process Corner)
  Requirement:            10.000ns  (clk_fpga_0 rise@10.000ns - clk_fpga_0 rise@0.000ns)
  Data Path Delay:        10.582ns  (logic 5.539ns (52.344%)  route 5.043ns (47.656%))
  Logic Levels:           16  (CARRY4=10 LUT4=2 LUT6=3 MUXF7=1)
  Clock Path Skew:        -0.170ns (DCD - SCD + CPR)
    Destination Clock Delay (DCD):    2.895ns = ( 12.896 - 10.000 ) 
    Source Clock Delay      (SCD):    3.318ns
    Clock Pessimism Removal (CPR):    0.253ns
  Clock Uncertainty:      0.154ns  ((TSJ^2 + TIJ^2)^1/2 + DJ) / 2 + PE
    Total System Jitter     (TSJ):    0.071ns
    Total Input Jitter      (TIJ):    0.300ns
    Discrete Jitter          (DJ):    0.000ns
    Phase Error              (PE):    0.000ns

    Location             Delay type                Incr(ns)  Path(ns)    Netlist Resource(s)
  -------------------------------------------------------------------    -------------------
                         (clock clk_fpga_0 rise edge)
                                                      0.000     0.000 r  
    PS7_X0Y0             PS7                          0.000     0.000 r  d_i/ps/inst/PS7_i/FCLKCLK[0]
                         net (fo=1, routed)           1.193     1.193    d_i/ps/inst/FCLK_CLK_unbuffered[0]
    BUFGCTRL_X0Y17       BUFG (Prop_bufg_I_O)         0.101     1.294 r  d_i/ps/inst/buffer_fclk_clk_0.FCLK_CLK_0_BUFG_replica/O
                         net (fo=3, routed)           0.146     1.440    d_i/ps/inst/FCLK_CLK0_repN
    BUFGCTRL_X0Y16       BUFG (Prop_bufg_I_O)         0.101     1.541 r  d_i/ps/inst/buffer_fclk_clk_0.FCLK_CLK_0_BUFG/O
                         net (fo=13548, routed)       1.777     3.318    d_i/acc/inst/lane0/core/coefficient_store_a/bank0/clk
    RAMB36_X1Y5          RAMB36E1                                     r  d_i/acc/inst/lane0/core/coefficient_store_a/bank0/memory_reg/CLKBWRCLK
  -------------------------------------------------------------------    -------------------
    RAMB36_X1Y5          RAMB36E1 (Prop_ramb36e1_CLKBWRCLK_DOBDO[0])
                                                      2.454     5.772 r  d_i/acc/inst/lane0/core/coefficient_store_a/bank0/memory_reg/DOBDO[0]
                         net (fo=4, routed)           1.212     6.985    d_i/acc/inst/lane0/core/coefficient_store_a/bank0/DOBDO[0]
    SLICE_X29Y26         LUT6 (Prop_lut6_I2_O)        0.124     7.109 r  d_i/acc/inst/lane0/core/coefficient_store_a/bank0/m_axis_tdata[0]_INST_0_i_1/O
                         net (fo=1, routed)           0.664     7.773    d_i/acc/inst/lane0/core/coefficient_store_a/bank3/a_register_reg[0]
    SLICE_X32Y28         LUT6 (Prop_lut6_I3_O)        0.124     7.897 r  d_i/acc/inst/lane0/core/coefficient_store_a/bank3/m_axis_tdata[0]_INST_0/O
                         net (fo=13, routed)          0.989     8.886    d_i/acc/inst/lane0/core/coefficient_store_a/bank3/DI[0]
    SLICE_X35Y30         LUT4 (Prop_lut4_I3_O)        0.124     9.010 r  d_i/acc/inst/lane0/core/coefficient_store_a/bank3/x[31]_i_58/O
                         net (fo=1, routed)           0.000     9.010    d_i/acc/inst/lane0/core/coefficient_store_a/bank3/x[31]_i_58_n_0
    SLICE_X35Y30         CARRY4 (Prop_carry4_S[0]_CO[3])
                                                      0.532     9.542 r  d_i/acc/inst/lane0/core/coefficient_store_a/bank3/x_reg[31]_i_42/CO[3]
                         net (fo=1, routed)           0.000     9.542    d_i/acc/inst/lane0/core/coefficient_store_a/bank3/x_reg[31]_i_42_n_0
    SLICE_X35Y31         CARRY4 (Prop_carry4_CI_CO[3])
                                                      0.114     9.656 r  d_i/acc/inst/lane0/core/coefficient_store_a/bank3/x_reg[31]_i_33__1/CO[3]
                         net (fo=1, routed)           0.000     9.656    d_i/acc/inst/lane0/core/coefficient_store_a/bank3/x_reg[31]_i_33__1_n_0
    SLICE_X35Y32         CARRY4 (Prop_carry4_CI_CO[3])
                                                      0.114     9.770 r  d_i/acc/inst/lane0/core/coefficient_store_a/bank3/x_reg[31]_i_24/CO[3]
                         net (fo=1, routed)           0.000     9.770    d_i/acc/inst/lane0/core/coefficient_store_a/bank3/x_reg[31]_i_24_n_0
    SLICE_X35Y33         CARRY4 (Prop_carry4_CI_CO[3])
                                                      0.114     9.884 f  d_i/acc/inst/lane0/core/coefficient_store_a/bank3/x_reg[31]_i_19/CO[3]
                         net (fo=61, routed)          1.113    10.997    d_i/acc/inst/lane0/core/coefficient_store_a/bank3/butterfly_a0/input_difference_reduced1
    SLICE_X34Y32         LUT4 (Prop_lut4_I0_O)        0.124    11.121 r  d_i/acc/inst/lane0/core/coefficient_store_a/bank3/x[11]_i_6/O
                         net (fo=1, routed)           0.621    11.742    d_i/acc/inst/lane0/core/coefficient_store_a/bank3/x[11]_i_6_n_0
    SLICE_X36Y32         CARRY4 (Prop_carry4_DI[2]_CO[3])
                                                      0.404    12.146 r  d_i/acc/inst/lane0/core/coefficient_store_a/bank3/x_reg[11]_i_4/CO[3]
                         net (fo=1, routed)           0.000    12.146    d_i/acc/inst/lane0/core/coefficient_store_a/bank3/x_reg[11]_i_4_n_0
    SLICE_X36Y33         CARRY4 (Prop_carry4_CI_CO[3])
                                                      0.117    12.263 r  d_i/acc/inst/lane0/core/coefficient_store_a/bank3/x_reg[15]_i_4/CO[3]
                         net (fo=1, routed)           0.000    12.263    d_i/acc/inst/lane0/core/coefficient_store_a/bank3/x_reg[15]_i_4_n_0
    SLICE_X36Y34         CARRY4 (Prop_carry4_CI_CO[3])
                                                      0.117    12.380 r  d_i/acc/inst/lane0/core/coefficient_store_a/bank3/x_reg[19]_i_4/CO[3]
                         net (fo=1, routed)           0.000    12.380    d_i/acc/inst/lane0/core/coefficient_store_a/bank3/x_reg[19]_i_4_n_0
    SLICE_X36Y35         CARRY4 (Prop_carry4_CI_CO[3])
                                                      0.117    12.497 r  d_i/acc/inst/lane0/core/coefficient_store_a/bank3/x_reg[23]_i_4/CO[3]
                         net (fo=1, routed)           0.000    12.497    d_i/acc/inst/lane0/core/coefficient_store_a/bank3/x_reg[23]_i_4_n_0
    SLICE_X36Y36         CARRY4 (Prop_carry4_CI_CO[3])
                                                      0.117    12.614 r  d_i/acc/inst/lane0/core/coefficient_store_a/bank3/x_reg[27]_i_4/CO[3]
                         net (fo=1, routed)           0.000    12.614    d_i/acc/inst/lane0/core/coefficient_store_a/bank3/x_reg[27]_i_4_n_0
    SLICE_X36Y37         CARRY4 (Prop_carry4_CI_O[1])
                                                      0.323    12.937 r  d_i/acc/inst/lane0/core/coefficient_store_a/bank3/x_reg[31]_i_7__1/O[1]
                         net (fo=1, routed)           0.443    13.380    d_i/acc/inst/lane0/core/butterfly_a0/multiplier/input_difference_reduced[29]
    SLICE_X38Y38         LUT6 (Prop_lut6_I2_O)        0.306    13.686 r  d_i/acc/inst/lane0/core/butterfly_a0/multiplier/x[29]_i_3/O
                         net (fo=1, routed)           0.000    13.686    d_i/acc/inst/lane0/core/butterfly_a0/multiplier/x[29]_i_3_n_0
    SLICE_X38Y38         MUXF7 (Prop_muxf7_I1_O)      0.214    13.900 r  d_i/acc/inst/lane0/core/butterfly_a0/multiplier/x_reg[29]_i_1/O
                         net (fo=1, routed)           0.000    13.900    d_i/acc/inst/lane0/core/butterfly_a0/multiplier/x_reg[29]_i_1_n_0
    SLICE_X38Y38         FDRE                                         r  d_i/acc/inst/lane0/core/butterfly_a0/multiplier/x_reg[29]/D
  -------------------------------------------------------------------    -------------------

                         (clock clk_fpga_0 rise edge)
                                                     10.000    10.000 r  
    PS7_X0Y0             PS7                          0.000    10.000 r  d_i/ps/inst/PS7_i/FCLKCLK[0]
                         net (fo=1, routed)           1.088    11.088    d_i/ps/inst/FCLK_CLK_unbuffered[0]
    BUFGCTRL_X0Y17       BUFG (Prop_bufg_I_O)         0.091    11.179 r  d_i/ps/inst/buffer_fclk_clk_0.FCLK_CLK_0_BUFG_replica/O
                         net (fo=3, routed)           0.133    11.312    d_i/ps/inst/FCLK_CLK0_repN
    BUFGCTRL_X0Y16       BUFG (Prop_bufg_I_O)         0.091    11.403 r  d_i/ps/inst/buffer_fclk_clk_0.FCLK_CLK_0_BUFG/O
                         net (fo=13548, routed)       1.492    12.896    d_i/acc/inst/lane0/core/butterfly_a0/multiplier/clk
    SLICE_X38Y38         FDRE                                         r  d_i/acc/inst/lane0/core/butterfly_a0/multiplier/x_reg[29]/C
                         clock pessimism              0.253    13.148    
                         clock uncertainty           -0.154    12.994    
    SLICE_X38Y38         FDRE (Setup_fdre_C_D)        0.113    13.107    d_i/acc/inst/lane0/core/butterfly_a0/multiplier/x_reg[29]
  -------------------------------------------------------------------
                         required time                         13.107    
                         arrival time                         -13.900    
  -------------------------------------------------------------------
                         slack                                 -0.793    

Slack (VIOLATED) :        -0.779ns  (required time - arrival time)
  Source:                 d_i/acc/inst/lane0/core/coefficient_store_a/bank0/memory_reg/CLKBWRCLK
                            (rising edge-triggered cell RAMB36E1 clocked by clk_fpga_0  {rise@0.000ns fall@5.000ns period=10.000ns})
  Destination:            d_i/acc/inst/lane0/core/butterfly_a0/multiplier/x_reg[25]/D
                            (rising edge-triggered cell FDRE clocked by clk_fpga_0  {rise@0.000ns fall@5.000ns period=10.000ns})
  Path Group:             clk_fpga_0
  Path Type:              Setup (Max at Slow Process Corner)
  Requirement:            10.000ns  (clk_fpga_0 rise@10.000ns - clk_fpga_0 rise@0.000ns)
  Data Path Delay:        10.517ns  (logic 5.425ns (51.585%)  route 5.092ns (48.415%))
  Logic Levels:           15  (CARRY4=9 LUT4=2 LUT6=3 MUXF7=1)
  Clock Path Skew:        -0.172ns (DCD - SCD + CPR)
    Destination Clock Delay (DCD):    2.893ns = ( 12.893 - 10.000 ) 
    Source Clock Delay      (SCD):    3.318ns
    Clock Pessimism Removal (CPR):    0.253ns
  Clock Uncertainty:      0.154ns  ((TSJ^2 + TIJ^2)^1/2 + DJ) / 2 + PE
    Total System Jitter     (TSJ):    0.071ns
    Total Input Jitter      (TIJ):    0.300ns
    Discrete Jitter          (DJ):    0.000ns
    Phase Error              (PE):    0.000ns

    Location             Delay type                Incr(ns)  Path(ns)    Netlist Resource(s)
  -------------------------------------------------------------------    -------------------
                         (clock clk_fpga_0 rise edge)
                                                      0.000     0.000 r  
    PS7_X0Y0             PS7                          0.000     0.000 r  d_i/ps/inst/PS7_i/FCLKCLK[0]
                         net (fo=1, routed)           1.193     1.193    d_i/ps/inst/FCLK_CLK_unbuffered[0]
    BUFGCTRL_X0Y17       BUFG (Prop_bufg_I_O)         0.101     1.294 r  d_i/ps/inst/buffer_fclk_clk_0.FCLK_CLK_0_BUFG_replica/O
                         net (fo=3, routed)           0.146     1.440    d_i/ps/inst/FCLK_CLK0_repN
    BUFGCTRL_X0Y16       BUFG (Prop_bufg_I_O)         0.101     1.541 r  d_i/ps/inst/buffer_fclk_clk_0.FCLK_CLK_0_BUFG/O
                         net (fo=13548, routed)       1.777     3.318    d_i/acc/inst/lane0/core/coefficient_store_a/bank0/clk
    RAMB36_X1Y5          RAMB36E1                                     r  d_i/acc/inst/lane0/core/coefficient_store_a/bank0/memory_reg/CLKBWRCLK
  -------------------------------------------------------------------    -------------------
    RAMB36_X1Y5          RAMB36E1 (Prop_ramb36e1_CLKBWRCLK_DOBDO[0])
                                                      2.454     5.772 r  d_i/acc/inst/lane0/core/coefficient_store_a/bank0/memory_reg/DOBDO[0]
                         net (fo=4, routed)           1.212     6.985    d_i/acc/inst/lane0/core/coefficient_store_a/bank0/DOBDO[0]
    SLICE_X29Y26         LUT6 (Prop_lut6_I2_O)        0.124     7.109 r  d_i/acc/inst/lane0/core/coefficient_store_a/bank0/m_axis_tdata[0]_INST_0_i_1/O
                         net (fo=1, routed)           0.664     7.773    d_i/acc/inst/lane0/core/coefficient_store_a/bank3/a_register_reg[0]
    SLICE_X32Y28         LUT6 (Prop_lut6_I3_O)        0.124     7.897 r  d_i/acc/inst/lane0/core/coefficient_store_a/bank3/m_axis_tdata[0]_INST_0/O
                         net (fo=13, routed)          0.989     8.886    d_i/acc/inst/lane0/core/coefficient_store_a/bank3/DI[0]
    SLICE_X35Y30         LUT4 (Prop_lut4_I3_O)        0.124     9.010 r  d_i/acc/inst/lane0/core/coefficient_store_a/bank3/x[31]_i_58/O
                         net (fo=1, routed)           0.000     9.010    d_i/acc/inst/lane0/core/coefficient_store_a/bank3/x[31]_i_58_n_0
    SLICE_X35Y30         CARRY4 (Prop_carry4_S[0]_CO[3])
                                                      0.532     9.542 r  d_i/acc/inst/lane0/core/coefficient_store_a/bank3/x_reg[31]_i_42/CO[3]
                         net (fo=1, routed)           0.000     9.542    d_i/acc/inst/lane0/core/coefficient_store_a/bank3/x_reg[31]_i_42_n_0
    SLICE_X35Y31         CARRY4 (Prop_carry4_CI_CO[3])
                                                      0.114     9.656 r  d_i/acc/inst/lane0/core/coefficient_store_a/bank3/x_reg[31]_i_33__1/CO[3]
                         net (fo=1, routed)           0.000     9.656    d_i/acc/inst/lane0/core/coefficient_store_a/bank3/x_reg[31]_i_33__1_n_0
    SLICE_X35Y32         CARRY4 (Prop_carry4_CI_CO[3])
                                                      0.114     9.770 r  d_i/acc/inst/lane0/core/coefficient_store_a/bank3/x_reg[31]_i_24/CO[3]
                         net (fo=1, routed)           0.000     9.770    d_i/acc/inst/lane0/core/coefficient_store_a/bank3/x_reg[31]_i_24_n_0
    SLICE_X35Y33         CARRY4 (Prop_carry4_CI_CO[3])
                                                      0.114     9.884 f  d_i/acc/inst/lane0/core/coefficient_store_a/bank3/x_reg[31]_i_19/CO[3]
                         net (fo=61, routed)          1.113    10.997    d_i/acc/inst/lane0/core/coefficient_store_a/bank3/butterfly_a0/input_difference_reduced1
    SLICE_X34Y32         LUT4 (Prop_lut4_I0_O)        0.124    11.121 r  d_i/acc/inst/lane0/core/coefficient_store_a/bank3/x[11]_i_6/O
                         net (fo=1, routed)           0.621    11.742    d_i/acc/inst/lane0/core/coefficient_store_a/bank3/x[11]_i_6_n_0
    SLICE_X36Y32         CARRY4 (Prop_carry4_DI[2]_CO[3])
                                                      0.404    12.146 r  d_i/acc/inst/lane0/core/coefficient_store_a/bank3/x_reg[11]_i_4/CO[3]
                         net (fo=1, routed)           0.000    12.146    d_i/acc/inst/lane0/core/coefficient_store_a/bank3/x_reg[11]_i_4_n_0
    SLICE_X36Y33         CARRY4 (Prop_carry4_CI_CO[3])
                                                      0.117    12.263 r  d_i/acc/inst/lane0/core/coefficient_store_a/bank3/x_reg[15]_i_4/CO[3]
                         net (fo=1, routed)           0.000    12.263    d_i/acc/inst/lane0/core/coefficient_store_a/bank3/x_reg[15]_i_4_n_0
    SLICE_X36Y34         CARRY4 (Prop_carry4_CI_CO[3])
                                                      0.117    12.380 r  d_i/acc/inst/lane0/core/coefficient_store_a/bank3/x_reg[19]_i_4/CO[3]
                         net (fo=1, routed)           0.000    12.380    d_i/acc/inst/lane0/core/coefficient_store_a/bank3/x_reg[19]_i_4_n_0
    SLICE_X36Y35         CARRY4 (Prop_carry4_CI_CO[3])
                                                      0.117    12.497 r  d_i/acc/inst/lane0/core/coefficient_store_a/bank3/x_reg[23]_i_4/CO[3]
                         net (fo=1, routed)           0.000    12.497    d_i/acc/inst/lane0/core/coefficient_store_a/bank3/x_reg[23]_i_4_n_0
    SLICE_X36Y36         CARRY4 (Prop_carry4_CI_O[1])
                                                      0.323    12.820 r  d_i/acc/inst/lane0/core/coefficient_store_a/bank3/x_reg[27]_i_4/O[1]
                         net (fo=1, routed)           0.492    13.312    d_i/acc/inst/lane0/core/butterfly_a0/multiplier/input_difference_reduced[25]
    SLICE_X41Y36         LUT6 (Prop_lut6_I2_O)        0.306    13.618 r  d_i/acc/inst/lane0/core/butterfly_a0/multiplier/x[25]_i_3/O
                         net (fo=1, routed)           0.000    13.618    d_i/acc/inst/lane0/core/butterfly_a0/multiplier/x[25]_i_3_n_0
    SLICE_X41Y36         MUXF7 (Prop_muxf7_I1_O)      0.217    13.835 r  d_i/acc/inst/lane0/core/butterfly_a0/multiplier/x_reg[25]_i_1/O
                         net (fo=1, routed)           0.000    13.835    d_i/acc/inst/lane0/core/butterfly_a0/multiplier/x_reg[25]_i_1_n_0
    SLICE_X41Y36         FDRE                                         r  d_i/acc/inst/lane0/core/butterfly_a0/multiplier/x_reg[25]/D
  -------------------------------------------------------------------    -------------------

                         (clock clk_fpga_0 rise edge)
                                                     10.000    10.000 r  
    PS7_X0Y0             PS7                          0.000    10.000 r  d_i/ps/inst/PS7_i/FCLKCLK[0]
                         net (fo=1, routed)           1.088    11.088    d_i/ps/inst/FCLK_CLK_unbuffered[0]
    BUFGCTRL_X0Y17       BUFG (Prop_bufg_I_O)         0.091    11.179 r  d_i/ps/inst/buffer_fclk_clk_0.FCLK_CLK_0_BUFG_replica/O
                         net (fo=3, routed)           0.133    11.312    d_i/ps/inst/FCLK_CLK0_repN
    BUFGCTRL_X0Y16       BUFG (Prop_bufg_I_O)         0.091    11.403 r  d_i/ps/inst/buffer_fclk_clk_0.FCLK_CLK_0_BUFG/O
                         net (fo=13548, routed)       1.490    12.893    d_i/acc/inst/lane0/core/butterfly_a0/multiplier/clk
    SLICE_X41Y36         FDRE                                         r  d_i/acc/inst/lane0/core/butterfly_a0/multiplier/x_reg[25]/C
                         clock pessimism              0.253    13.146    
                         clock uncertainty           -0.154    12.992    
    SLICE_X41Y36         FDRE (Setup_fdre_C_D)        0.064    13.056    d_i/acc/inst/lane0/core/butterfly_a0/multiplier/x_reg[25]
  -------------------------------------------------------------------
                         required time                         13.056    
                         arrival time                         -13.835    
  -------------------------------------------------------------------
                         slack                                 -0.779    

Slack (VIOLATED) :        -0.772ns  (required time - arrival time)
  Source:                 d_i/acc/inst/lane0/core/coefficient_store_a/bank0/memory_reg/CLKBWRCLK
                            (rising edge-triggered cell RAMB36E1 clocked by clk_fpga_0  {rise@0.000ns fall@5.000ns period=10.000ns})
  Destination:            d_i/acc/inst/lane0/core/butterfly_a0/multiplier/x_reg[21]/D
                            (rising edge-triggered cell FDRE clocked by clk_fpga_0  {rise@0.000ns fall@5.000ns period=10.000ns})
  Path Group:             clk_fpga_0
  Path Type:              Setup (Max at Slow Process Corner)
  Requirement:            10.000ns  (clk_fpga_0 rise@10.000ns - clk_fpga_0 rise@0.000ns)
  Data Path Delay:        10.508ns  (logic 5.336ns (50.781%)  route 5.172ns (49.219%))
  Logic Levels:           14  (CARRY4=8 LUT4=2 LUT6=3 MUXF7=1)
  Clock Path Skew:        -0.173ns (DCD - SCD + CPR)
    Destination Clock Delay (DCD):    2.892ns = ( 12.892 - 10.000 ) 
    Source Clock Delay      (SCD):    3.318ns
    Clock Pessimism Removal (CPR):    0.253ns
  Clock Uncertainty:      0.154ns  ((TSJ^2 + TIJ^2)^1/2 + DJ) / 2 + PE
    Total System Jitter     (TSJ):    0.071ns
    Total Input Jitter      (TIJ):    0.300ns
    Discrete Jitter          (DJ):    0.000ns
    Phase Error              (PE):    0.000ns

    Location             Delay type                Incr(ns)  Path(ns)    Netlist Resource(s)
  -------------------------------------------------------------------    -------------------
                         (clock clk_fpga_0 rise edge)
                                                      0.000     0.000 r  
    PS7_X0Y0             PS7                          0.000     0.000 r  d_i/ps/inst/PS7_i/FCLKCLK[0]
                         net (fo=1, routed)           1.193     1.193    d_i/ps/inst/FCLK_CLK_unbuffered[0]
    BUFGCTRL_X0Y17       BUFG (Prop_bufg_I_O)         0.101     1.294 r  d_i/ps/inst/buffer_fclk_clk_0.FCLK_CLK_0_BUFG_replica/O
                         net (fo=3, routed)           0.146     1.440    d_i/ps/inst/FCLK_CLK0_repN
    BUFGCTRL_X0Y16       BUFG (Prop_bufg_I_O)         0.101     1.541 r  d_i/ps/inst/buffer_fclk_clk_0.FCLK_CLK_0_BUFG/O
                         net (fo=13548, routed)       1.777     3.318    d_i/acc/inst/lane0/core/coefficient_store_a/bank0/clk
    RAMB36_X1Y5          RAMB36E1                                     r  d_i/acc/inst/lane0/core/coefficient_store_a/bank0/memory_reg/CLKBWRCLK
  -------------------------------------------------------------------    -------------------
    RAMB36_X1Y5          RAMB36E1 (Prop_ramb36e1_CLKBWRCLK_DOBDO[0])
                                                      2.454     5.772 r  d_i/acc/inst/lane0/core/coefficient_store_a/bank0/memory_reg/DOBDO[0]
                         net (fo=4, routed)           1.212     6.985    d_i/acc/inst/lane0/core/coefficient_store_a/bank0/DOBDO[0]
    SLICE_X29Y26         LUT6 (Prop_lut6_I2_O)        0.124     7.109 r  d_i/acc/inst/lane0/core/coefficient_store_a/bank0/m_axis_tdata[0]_INST_0_i_1/O
                         net (fo=1, routed)           0.664     7.773    d_i/acc/inst/lane0/core/coefficient_store_a/bank3/a_register_reg[0]
    SLICE_X32Y28         LUT6 (Prop_lut6_I3_O)        0.124     7.897 r  d_i/acc/inst/lane0/core/coefficient_store_a/bank3/m_axis_tdata[0]_INST_0/O
                         net (fo=13, routed)          0.989     8.886    d_i/acc/inst/lane0/core/coefficient_store_a/bank3/DI[0]
    SLICE_X35Y30         LUT4 (Prop_lut4_I3_O)        0.124     9.010 r  d_i/acc/inst/lane0/core/coefficient_store_a/bank3/x[31]_i_58/O
                         net (fo=1, routed)           0.000     9.010    d_i/acc/inst/lane0/core/coefficient_store_a/bank3/x[31]_i_58_n_0
    SLICE_X35Y30         CARRY4 (Prop_carry4_S[0]_CO[3])
                                                      0.532     9.542 r  d_i/acc/inst/lane0/core/coefficient_store_a/bank3/x_reg[31]_i_42/CO[3]
                         net (fo=1, routed)           0.000     9.542    d_i/acc/inst/lane0/core/coefficient_store_a/bank3/x_reg[31]_i_42_n_0
    SLICE_X35Y31         CARRY4 (Prop_carry4_CI_CO[3])
                                                      0.114     9.656 r  d_i/acc/inst/lane0/core/coefficient_store_a/bank3/x_reg[31]_i_33__1/CO[3]
                         net (fo=1, routed)           0.000     9.656    d_i/acc/inst/lane0/core/coefficient_store_a/bank3/x_reg[31]_i_33__1_n_0
    SLICE_X35Y32         CARRY4 (Prop_carry4_CI_CO[3])
                                                      0.114     9.770 r  d_i/acc/inst/lane0/core/coefficient_store_a/bank3/x_reg[31]_i_24/CO[3]
                         net (fo=1, routed)           0.000     9.770    d_i/acc/inst/lane0/core/coefficient_store_a/bank3/x_reg[31]_i_24_n_0
    SLICE_X35Y33         CARRY4 (Prop_carry4_CI_CO[3])
                                                      0.114     9.884 f  d_i/acc/inst/lane0/core/coefficient_store_a/bank3/x_reg[31]_i_19/CO[3]
                         net (fo=61, routed)          1.113    10.997    d_i/acc/inst/lane0/core/coefficient_store_a/bank3/butterfly_a0/input_difference_reduced1
    SLICE_X34Y32         LUT4 (Prop_lut4_I0_O)        0.124    11.121 r  d_i/acc/inst/lane0/core/coefficient_store_a/bank3/x[11]_i_6/O
                         net (fo=1, routed)           0.621    11.742    d_i/acc/inst/lane0/core/coefficient_store_a/bank3/x[11]_i_6_n_0
    SLICE_X36Y32         CARRY4 (Prop_carry4_DI[2]_CO[3])
                                                      0.404    12.146 r  d_i/acc/inst/lane0/core/coefficient_store_a/bank3/x_reg[11]_i_4/CO[3]
                         net (fo=1, routed)           0.000    12.146    d_i/acc/inst/lane0/core/coefficient_store_a/bank3/x_reg[11]_i_4_n_0
    SLICE_X36Y33         CARRY4 (Prop_carry4_CI_CO[3])
                                                      0.117    12.263 r  d_i/acc/inst/lane0/core/coefficient_store_a/bank3/x_reg[15]_i_4/CO[3]
                         net (fo=1, routed)           0.000    12.263    d_i/acc/inst/lane0/core/coefficient_store_a/bank3/x_reg[15]_i_4_n_0
    SLICE_X36Y34         CARRY4 (Prop_carry4_CI_CO[3])
                                                      0.117    12.380 r  d_i/acc/inst/lane0/core/coefficient_store_a/bank3/x_reg[19]_i_4/CO[3]
                         net (fo=1, routed)           0.000    12.380    d_i/acc/inst/lane0/core/coefficient_store_a/bank3/x_reg[19]_i_4_n_0
    SLICE_X36Y35         CARRY4 (Prop_carry4_CI_O[1])
                                                      0.323    12.703 r  d_i/acc/inst/lane0/core/coefficient_store_a/bank3/x_reg[23]_i_4/O[1]
                         net (fo=1, routed)           0.572    13.275    d_i/acc/inst/lane0/core/butterfly_a0/multiplier/input_difference_reduced[21]
    SLICE_X44Y35         LUT6 (Prop_lut6_I2_O)        0.306    13.581 r  d_i/acc/inst/lane0/core/butterfly_a0/multiplier/x[21]_i_3/O
                         net (fo=1, routed)           0.000    13.581    d_i/acc/inst/lane0/core/butterfly_a0/multiplier/x[21]_i_3_n_0
    SLICE_X44Y35         MUXF7 (Prop_muxf7_I1_O)      0.245    13.826 r  d_i/acc/inst/lane0/core/butterfly_a0/multiplier/x_reg[21]_i_1/O
                         net (fo=1, routed)           0.000    13.826    d_i/acc/inst/lane0/core/butterfly_a0/multiplier/x_reg[21]_i_1_n_0
    SLICE_X44Y35         FDRE                                         r  d_i/acc/inst/lane0/core/butterfly_a0/multiplier/x_reg[21]/D
  -------------------------------------------------------------------    -------------------

                         (clock clk_fpga_0 rise edge)
                                                     10.000    10.000 r  
    PS7_X0Y0             PS7                          0.000    10.000 r  d_i/ps/inst/PS7_i/FCLKCLK[0]
                         net (fo=1, routed)           1.088    11.088    d_i/ps/inst/FCLK_CLK_unbuffered[0]
    BUFGCTRL_X0Y17       BUFG (Prop_bufg_I_O)         0.091    11.179 r  d_i/ps/inst/buffer_fclk_clk_0.FCLK_CLK_0_BUFG_replica/O
                         net (fo=3, routed)           0.133    11.312    d_i/ps/inst/FCLK_CLK0_repN
    BUFGCTRL_X0Y16       BUFG (Prop_bufg_I_O)         0.091    11.403 r  d_i/ps/inst/buffer_fclk_clk_0.FCLK_CLK_0_BUFG/O
                         net (fo=13548, routed)       1.489    12.892    d_i/acc/inst/lane0/core/butterfly_a0/multiplier/clk
    SLICE_X44Y35         FDRE                                         r  d_i/acc/inst/lane0/core/butterfly_a0/multiplier/x_reg[21]/C
                         clock pessimism              0.253    13.145    
                         clock uncertainty           -0.154    12.991    
    SLICE_X44Y35         FDRE (Setup_fdre_C_D)        0.064    13.055    d_i/acc/inst/lane0/core/butterfly_a0/multiplier/x_reg[21]
  -------------------------------------------------------------------
                         required time                         13.055    
                         arrival time                         -13.826    
  -------------------------------------------------------------------
                         slack                                 -0.772    

Slack (VIOLATED) :        -0.752ns  (required time - arrival time)
  Source:                 d_i/acc/inst/lane0/core/coefficient_store_a/bank0/memory_reg/CLKBWRCLK
                            (rising edge-triggered cell RAMB36E1 clocked by clk_fpga_0  {rise@0.000ns fall@5.000ns period=10.000ns})
  Destination:            d_i/acc/inst/lane0/core/butterfly_a1/multiplier/x_reg[29]/D
                            (rising edge-triggered cell FDRE clocked by clk_fpga_0  {rise@0.000ns fall@5.000ns period=10.000ns})
  Path Group:             clk_fpga_0
  Path Type:              Setup (Max at Slow Process Corner)
  Requirement:            10.000ns  (clk_fpga_0 rise@10.000ns - clk_fpga_0 rise@0.000ns)
  Data Path Delay:        10.568ns  (logic 5.706ns (53.993%)  route 4.862ns (46.007%))
  Logic Levels:           16  (CARRY4=10 LUT4=2 LUT6=3 MUXF7=1)
  Clock Path Skew:        -0.093ns (DCD - SCD + CPR)
    Destination Clock Delay (DCD):    2.973ns = ( 12.972 - 10.000 ) 
    Source Clock Delay      (SCD):    3.318ns
    Clock Pessimism Removal (CPR):    0.253ns
  Clock Uncertainty:      0.154ns  ((TSJ^2 + TIJ^2)^1/2 + DJ) / 2 + PE
    Total System Jitter     (TSJ):    0.071ns
    Total Input Jitter      (TIJ):    0.300ns
    Discrete Jitter          (DJ):    0.000ns
    Phase Error              (PE):    0.000ns

    Location             Delay type                Incr(ns)  Path(ns)    Netlist Resource(s)
  -------------------------------------------------------------------    -------------------
                         (clock clk_fpga_0 rise edge)
                                                      0.000     0.000 r  
    PS7_X0Y0             PS7                          0.000     0.000 r  d_i/ps/inst/PS7_i/FCLKCLK[0]
                         net (fo=1, routed)           1.193     1.193    d_i/ps/inst/FCLK_CLK_unbuffered[0]
    BUFGCTRL_X0Y17       BUFG (Prop_bufg_I_O)         0.101     1.294 r  d_i/ps/inst/buffer_fclk_clk_0.FCLK_CLK_0_BUFG_replica/O
                         net (fo=3, routed)           0.146     1.440    d_i/ps/inst/FCLK_CLK0_repN
    BUFGCTRL_X0Y16       BUFG (Prop_bufg_I_O)         0.101     1.541 r  d_i/ps/inst/buffer_fclk_clk_0.FCLK_CLK_0_BUFG/O
                         net (fo=13548, routed)       1.777     3.318    d_i/acc/inst/lane0/core/coefficient_store_a/bank0/clk
    RAMB36_X1Y5          RAMB36E1                                     r  d_i/acc/inst/lane0/core/coefficient_store_a/bank0/memory_reg/CLKBWRCLK
  -------------------------------------------------------------------    -------------------
    RAMB36_X1Y5          RAMB36E1 (Prop_ramb36e1_CLKBWRCLK_DOBDO[10])
                                                      2.454     5.772 f  d_i/acc/inst/lane0/core/coefficient_store_a/bank0/memory_reg/DOBDO[10]
                         net (fo=4, routed)           0.662     6.434    d_i/acc/inst/lane0/core/coefficient_store_a/bank0/DOBDO[8]
    SLICE_X23Y27         LUT6 (Prop_lut6_I5_O)        0.124     6.558 r  d_i/acc/inst/lane0/core/coefficient_store_a/bank0/a_register[10]_i_2_comp_1/O
                         net (fo=1, routed)           0.665     7.223    d_i/acc/inst/lane0/core/coefficient_store_a/bank3/a_register_reg[10]_0
    SLICE_X23Y27         LUT6 (Prop_lut6_I3_O)        0.124     7.347 r  d_i/acc/inst/lane0/core/coefficient_store_a/bank3/a_register[10]_i_1_comp/O
                         net (fo=10, routed)          1.181     8.529    d_i/acc/inst/lane0/core/coefficient_store_a/bank3/memory_reg_46
    SLICE_X23Y33         LUT4 (Prop_lut4_I3_O)        0.124     8.653 r  d_i/acc/inst/lane0/core/coefficient_store_a/bank3/x[31]_i_49__0/O
                         net (fo=1, routed)           0.000     8.653    d_i/acc/inst/lane0/core/coefficient_store_a/bank3/x[31]_i_49__0_n_0
    SLICE_X23Y33         CARRY4 (Prop_carry4_S[1]_CO[3])
                                                      0.550     9.203 r  d_i/acc/inst/lane0/core/coefficient_store_a/bank3/x_reg[31]_i_33__2/CO[3]
                         net (fo=1, routed)           0.000     9.203    d_i/acc/inst/lane0/core/coefficient_store_a/bank3/x_reg[31]_i_33__2_n_0
    SLICE_X23Y34         CARRY4 (Prop_carry4_CI_CO[3])
                                                      0.114     9.317 r  d_i/acc/inst/lane0/core/coefficient_store_a/bank3/x_reg[31]_i_24__0/CO[3]
                         net (fo=1, routed)           0.000     9.317    d_i/acc/inst/lane0/core/coefficient_store_a/bank3/x_reg[31]_i_24__0_n_0
    SLICE_X23Y35         CARRY4 (Prop_carry4_CI_CO[3])
                                                      0.114     9.431 f  d_i/acc/inst/lane0/core/coefficient_store_a/bank3/x_reg[31]_i_19__0/CO[3]
                         net (fo=61, routed)          1.210    10.641    d_i/acc/inst/lane0/core/coefficient_store_a/bank3/x[31]_i_32__0_0[0]
    SLICE_X28Y41         LUT4 (Prop_lut4_I0_O)        0.124    10.765 r  d_i/acc/inst/lane0/core/coefficient_store_a/bank3/x[7]_i_8__0/O
                         net (fo=1, routed)           0.731    11.496    d_i/acc/inst/lane0/core/coefficient_store_a/bank3/x[7]_i_8__0_n_0
    SLICE_X28Y33         CARRY4 (Prop_carry4_DI[0]_CO[3])
                                                      0.526    12.022 r  d_i/acc/inst/lane0/core/coefficient_store_a/bank3/x_reg[7]_i_4__0/CO[3]
                         net (fo=1, routed)           0.000    12.022    d_i/acc/inst/lane0/core/coefficient_store_a/bank3/x_reg[7]_i_4__0_n_0
    SLICE_X28Y34         CARRY4 (Prop_carry4_CI_CO[3])
                                                      0.114    12.136 r  d_i/acc/inst/lane0/core/coefficient_store_a/bank3/x_reg[11]_i_4__0/CO[3]
                         net (fo=1, routed)           0.000    12.136    d_i/acc/inst/lane0/core/coefficient_store_a/bank3/x_reg[11]_i_4__0_n_0
    SLICE_X28Y35         CARRY4 (Prop_carry4_CI_CO[3])
                                                      0.114    12.250 r  d_i/acc/inst/lane0/core/coefficient_store_a/bank3/x_reg[15]_i_4__0/CO[3]
                         net (fo=1, routed)           0.000    12.250    d_i/acc/inst/lane0/core/coefficient_store_a/bank3/x_reg[15]_i_4__0_n_0
    SLICE_X28Y36         CARRY4 (Prop_carry4_CI_CO[3])
                                                      0.114    12.364 r  d_i/acc/inst/lane0/core/coefficient_store_a/bank3/x_reg[19]_i_4__0/CO[3]
                         net (fo=1, routed)           0.000    12.364    d_i/acc/inst/lane0/core/coefficient_store_a/bank3/x_reg[19]_i_4__0_n_0
    SLICE_X28Y37         CARRY4 (Prop_carry4_CI_CO[3])
                                                      0.114    12.478 r  d_i/acc/inst/lane0/core/coefficient_store_a/bank3/x_reg[23]_i_4__0/CO[3]
                         net (fo=1, routed)           0.000    12.478    d_i/acc/inst/lane0/core/coefficient_store_a/bank3/x_reg[23]_i_4__0_n_0
    SLICE_X28Y38         CARRY4 (Prop_carry4_CI_CO[3])
                                                      0.114    12.592 r  d_i/acc/inst/lane0/core/coefficient_store_a/bank3/x_reg[27]_i_4__0/CO[3]
                         net (fo=1, routed)           0.000    12.592    d_i/acc/inst/lane0/core/coefficient_store_a/bank3/x_reg[27]_i_4__0_n_0
    SLICE_X28Y39         CARRY4 (Prop_carry4_CI_O[1])
                                                      0.334    12.926 r  d_i/acc/inst/lane0/core/coefficient_store_a/bank3/x_reg[31]_i_7__2/O[1]
                         net (fo=1, routed)           0.412    13.339    d_i/acc/inst/lane0/core/butterfly_a1/multiplier/input_difference_reduced[29]
    SLICE_X29Y40         LUT6 (Prop_lut6_I2_O)        0.303    13.642 r  d_i/acc/inst/lane0/core/butterfly_a1/multiplier/x[29]_i_3__0/O
                         net (fo=1, routed)           0.000    13.642    d_i/acc/inst/lane0/core/butterfly_a1/multiplier/x[29]_i_3__0_n_0
    SLICE_X29Y40         MUXF7 (Prop_muxf7_I1_O)      0.245    13.887 r  d_i/acc/inst/lane0/core/butterfly_a1/multiplier/x_reg[29]_i_1__0/O
                         net (fo=1, routed)           0.000    13.887    d_i/acc/inst/lane0/core/butterfly_a1/multiplier/x_reg[29]_i_1__0_n_0
    SLICE_X29Y40         FDRE                                         r  d_i/acc/inst/lane0/core/butterfly_a1/multiplier/x_reg[29]/D
  -------------------------------------------------------------------    -------------------

                         (clock clk_fpga_0 rise edge)
                                                     10.000    10.000 r  
    PS7_X0Y0             PS7                          0.000    10.000 r  d_i/ps/inst/PS7_i/FCLKCLK[0]
                         net (fo=1, routed)           1.088    11.088    d_i/ps/inst/FCLK_CLK_unbuffered[0]
    BUFGCTRL_X0Y17       BUFG (Prop_bufg_I_O)         0.091    11.179 r  d_i/ps/inst/buffer_fclk_clk_0.FCLK_CLK_0_BUFG_replica/O
                         net (fo=3, routed)           0.133    11.312    d_i/ps/inst/FCLK_CLK0_repN
    BUFGCTRL_X0Y16       BUFG (Prop_bufg_I_O)         0.091    11.403 r  d_i/ps/inst/buffer_fclk_clk_0.FCLK_CLK_0_BUFG/O
                         net (fo=13548, routed)       1.569    12.972    d_i/acc/inst/lane0/core/butterfly_a1/multiplier/clk
    SLICE_X29Y40         FDRE                                         r  d_i/acc/inst/lane0/core/butterfly_a1/multiplier/x_reg[29]/C
                         clock pessimism              0.253    13.225    
                         clock uncertainty           -0.154    13.071    
    SLICE_X29Y40         FDRE (Setup_fdre_C_D)        0.064    13.135    d_i/acc/inst/lane0/core/butterfly_a1/multiplier/x_reg[29]
  -------------------------------------------------------------------
                         required time                         13.135    
                         arrival time                         -13.887    
  -------------------------------------------------------------------
                         slack                                 -0.752    

Slack (VIOLATED) :        -0.737ns  (required time - arrival time)
  Source:                 d_i/acc/inst/lane0/core/coefficient_store_b/bank1/memory_reg/CLKBWRCLK
                            (rising edge-triggered cell RAMB36E1 clocked by clk_fpga_0  {rise@0.000ns fall@5.000ns period=10.000ns})
  Destination:            d_i/acc/inst/lane0/core/butterfly_b1/multiplier/x_reg[29]/D
                            (rising edge-triggered cell FDRE clocked by clk_fpga_0  {rise@0.000ns fall@5.000ns period=10.000ns})
  Path Group:             clk_fpga_0
  Path Type:              Setup (Max at Slow Process Corner)
  Requirement:            10.000ns  (clk_fpga_0 rise@10.000ns - clk_fpga_0 rise@0.000ns)
  Data Path Delay:        10.443ns  (logic 5.406ns (51.765%)  route 5.037ns (48.235%))
  Logic Levels:           16  (CARRY4=11 LUT4=2 LUT5=1 LUT6=2)
  Clock Path Skew:        -0.170ns (DCD - SCD + CPR)
    Destination Clock Delay (DCD):    2.883ns = ( 12.883 - 10.000 ) 
    Source Clock Delay      (SCD):    3.306ns
    Clock Pessimism Removal (CPR):    0.253ns
  Clock Uncertainty:      0.154ns  ((TSJ^2 + TIJ^2)^1/2 + DJ) / 2 + PE
    Total System Jitter     (TSJ):    0.071ns
    Total Input Jitter      (TIJ):    0.300ns
    Discrete Jitter          (DJ):    0.000ns
    Phase Error              (PE):    0.000ns

    Location             Delay type                Incr(ns)  Path(ns)    Netlist Resource(s)
  -------------------------------------------------------------------    -------------------
                         (clock clk_fpga_0 rise edge)
                                                      0.000     0.000 r  
    PS7_X0Y0             PS7                          0.000     0.000 r  d_i/ps/inst/PS7_i/FCLKCLK[0]
                         net (fo=1, routed)           1.193     1.193    d_i/ps/inst/FCLK_CLK_unbuffered[0]
    BUFGCTRL_X0Y17       BUFG (Prop_bufg_I_O)         0.101     1.294 r  d_i/ps/inst/buffer_fclk_clk_0.FCLK_CLK_0_BUFG_replica/O
                         net (fo=3, routed)           0.146     1.440    d_i/ps/inst/FCLK_CLK0_repN
    BUFGCTRL_X0Y16       BUFG (Prop_bufg_I_O)         0.101     1.541 r  d_i/ps/inst/buffer_fclk_clk_0.FCLK_CLK_0_BUFG/O
                         net (fo=13548, routed)       1.765     3.306    d_i/acc/inst/lane0/core/coefficient_store_b/bank1/clk
    RAMB36_X3Y7          RAMB36E1                                     r  d_i/acc/inst/lane0/core/coefficient_store_b/bank1/memory_reg/CLKBWRCLK
  -------------------------------------------------------------------    -------------------
    RAMB36_X3Y7          RAMB36E1 (Prop_ramb36e1_CLKBWRCLK_DOBDO[0])
                                                      2.454     5.760 r  d_i/acc/inst/lane0/core/coefficient_store_b/bank1/memory_reg/DOBDO[0]
                         net (fo=4, routed)           1.390     7.151    d_i/acc/inst/lane0/core/coefficient_store_b/bank1/memory_reg_0[0]
    SLICE_X67Y33         LUT6 (Prop_lut6_I0_O)        0.124     7.275 r  d_i/acc/inst/lane0/core/coefficient_store_b/bank1/captured_b3[0]_i_2/O
                         net (fo=1, routed)           0.295     7.569    d_i/acc/inst/lane0/core/coefficient_store_b/bank3/captured_b3_reg[0]
    SLICE_X67Y32         LUT6 (Prop_lut6_I5_O)        0.124     7.693 r  d_i/acc/inst/lane0/core/coefficient_store_b/bank3/captured_b3[0]_i_1/O
                         net (fo=9, routed)           0.789     8.483    d_i/acc/inst/lane0/core/coefficient_store_b/bank3/memory_reg_27
    SLICE_X54Y32         LUT4 (Prop_lut4_I2_O)        0.124     8.607 r  d_i/acc/inst/lane0/core/coefficient_store_b/bank3/x[30]_i_54/O
                         net (fo=1, routed)           0.000     8.607    d_i/acc/inst/lane0/core/coefficient_store_b/bank3/x[30]_i_54_n_0
    SLICE_X54Y32         CARRY4 (Prop_carry4_S[0]_CO[3])
                                                      0.513     9.120 r  d_i/acc/inst/lane0/core/coefficient_store_b/bank3/x_reg[30]_i_38/CO[3]
                         net (fo=1, routed)           0.000     9.120    d_i/acc/inst/lane0/core/coefficient_store_b/bank3/x_reg[30]_i_38_n_0
    SLICE_X54Y33         CARRY4 (Prop_carry4_CI_CO[3])
                                                      0.117     9.237 r  d_i/acc/inst/lane0/core/coefficient_store_b/bank3/x_reg[30]_i_29/CO[3]
                         net (fo=1, routed)           0.000     9.237    d_i/acc/inst/lane0/core/coefficient_store_b/bank3/x_reg[30]_i_29_n_0
    SLICE_X54Y34         CARRY4 (Prop_carry4_CI_CO[3])
                                                      0.117     9.354 r  d_i/acc/inst/lane0/core/coefficient_store_b/bank3/x_reg[30]_i_20/CO[3]
                         net (fo=1, routed)           0.000     9.354    d_i/acc/inst/lane0/core/coefficient_store_b/bank3/x_reg[30]_i_20_n_0
    SLICE_X54Y35         CARRY4 (Prop_carry4_CI_CO[3])
                                                      0.117     9.471 f  d_i/acc/inst/lane0/core/coefficient_store_b/bank3/x_reg[30]_i_18/CO[3]
                         net (fo=61, routed)          1.201    10.672    d_i/acc/inst/lane0/core/coefficient_store_b/bank3/butterfly_b1/input_difference_reduced1
    SLICE_X53Y34         LUT4 (Prop_lut4_I1_O)        0.124    10.796 r  d_i/acc/inst/lane0/core/coefficient_store_b/bank3/x[7]_i_4__3/O
                         net (fo=2, routed)           0.846    11.642    d_i/acc/inst/lane0/core/coefficient_store_b/bank3/x[7]_i_4__3_n_0
    SLICE_X55Y34         CARRY4 (Prop_carry4_DI[3]_CO[3])
                                                      0.385    12.027 r  d_i/acc/inst/lane0/core/coefficient_store_b/bank3/x_reg[7]_i_3/CO[3]
                         net (fo=1, routed)           0.000    12.027    d_i/acc/inst/lane0/core/coefficient_store_b/bank3/x_reg[7]_i_3_n_0
    SLICE_X55Y35         CARRY4 (Prop_carry4_CI_CO[3])
                                                      0.114    12.141 r  d_i/acc/inst/lane0/core/coefficient_store_b/bank3/x_reg[11]_i_3/CO[3]
                         net (fo=1, routed)           0.000    12.141    d_i/acc/inst/lane0/core/coefficient_store_b/bank3/x_reg[11]_i_3_n_0
    SLICE_X55Y36         CARRY4 (Prop_carry4_CI_CO[3])
                                                      0.114    12.255 r  d_i/acc/inst/lane0/core/coefficient_store_b/bank3/x_reg[15]_i_3/CO[3]
                         net (fo=1, routed)           0.000    12.255    d_i/acc/inst/lane0/core/coefficient_store_b/bank3/x_reg[15]_i_3_n_0
    SLICE_X55Y37         CARRY4 (Prop_carry4_CI_CO[3])
                                                      0.114    12.369 r  d_i/acc/inst/lane0/core/coefficient_store_b/bank3/x_reg[19]_i_3/CO[3]
                         net (fo=1, routed)           0.000    12.369    d_i/acc/inst/lane0/core/coefficient_store_b/bank3/x_reg[19]_i_3_n_0
    SLICE_X55Y38         CARRY4 (Prop_carry4_CI_CO[3])
                                                      0.114    12.483 r  d_i/acc/inst/lane0/core/coefficient_store_b/bank3/x_reg[23]_i_3/CO[3]
                         net (fo=1, routed)           0.000    12.483    d_i/acc/inst/lane0/core/coefficient_store_b/bank3/x_reg[23]_i_3_n_0
    SLICE_X55Y39         CARRY4 (Prop_carry4_CI_CO[3])
                                                      0.114    12.597 r  d_i/acc/inst/lane0/core/coefficient_store_b/bank3/x_reg[27]_i_3/CO[3]
                         net (fo=1, routed)           0.000    12.597    d_i/acc/inst/lane0/core/coefficient_store_b/bank3/x_reg[27]_i_3_n_0
    SLICE_X55Y40         CARRY4 (Prop_carry4_CI_O[1])
                                                      0.334    12.931 r  d_i/acc/inst/lane0/core/coefficient_store_b/bank3/x_reg[30]_i_3/O[1]
                         net (fo=1, routed)           0.516    13.447    d_i/acc/inst/lane0/core/butterfly_b1/multiplier/input_difference_reduced[29]
    SLICE_X53Y40         LUT5 (Prop_lut5_I1_O)        0.303    13.750 r  d_i/acc/inst/lane0/core/butterfly_b1/multiplier/x[29]_i_1__2/O
                         net (fo=1, routed)           0.000    13.750    d_i/acc/inst/lane0/core/butterfly_b1/multiplier/x[29]_i_1__2_n_0
    SLICE_X53Y40         FDRE                                         r  d_i/acc/inst/lane0/core/butterfly_b1/multiplier/x_reg[29]/D
  -------------------------------------------------------------------    -------------------

                         (clock clk_fpga_0 rise edge)
                                                     10.000    10.000 r  
    PS7_X0Y0             PS7                          0.000    10.000 r  d_i/ps/inst/PS7_i/FCLKCLK[0]
                         net (fo=1, routed)           1.088    11.088    d_i/ps/inst/FCLK_CLK_unbuffered[0]
    BUFGCTRL_X0Y17       BUFG (Prop_bufg_I_O)         0.091    11.179 r  d_i/ps/inst/buffer_fclk_clk_0.FCLK_CLK_0_BUFG_replica/O
                         net (fo=3, routed)           0.133    11.312    d_i/ps/inst/FCLK_CLK0_repN
    BUFGCTRL_X0Y16       BUFG (Prop_bufg_I_O)         0.091    11.403 r  d_i/ps/inst/buffer_fclk_clk_0.FCLK_CLK_0_BUFG/O
                         net (fo=13548, routed)       1.480    12.884    d_i/acc/inst/lane0/core/butterfly_b1/multiplier/clk
    SLICE_X53Y40         FDRE                                         r  d_i/acc/inst/lane0/core/butterfly_b1/multiplier/x_reg[29]/C
                         clock pessimism              0.253    13.136    
                         clock uncertainty           -0.154    12.982    
    SLICE_X53Y40         FDRE (Setup_fdre_C_D)        0.031    13.013    d_i/acc/inst/lane0/core/butterfly_b1/multiplier/x_reg[29]
  -------------------------------------------------------------------
                         required time                         13.013    
                         arrival time                         -13.750    
  -------------------------------------------------------------------
                         slack                                 -0.737    

Slack (VIOLATED) :        -0.735ns  (required time - arrival time)
  Source:                 d_i/acc/inst/lane0/core/coefficient_store_a/bank0/memory_reg/CLKBWRCLK
                            (rising edge-triggered cell RAMB36E1 clocked by clk_fpga_0  {rise@0.000ns fall@5.000ns period=10.000ns})
  Destination:            d_i/acc/inst/lane0/core/butterfly_a0/multiplier/x_reg[30]/D
                            (rising edge-triggered cell FDRE clocked by clk_fpga_0  {rise@0.000ns fall@5.000ns period=10.000ns})
  Path Group:             clk_fpga_0
  Path Type:              Setup (Max at Slow Process Corner)
  Requirement:            10.000ns  (clk_fpga_0 rise@10.000ns - clk_fpga_0 rise@0.000ns)
  Data Path Delay:        10.523ns  (logic 5.483ns (52.104%)  route 5.040ns (47.896%))
  Logic Levels:           16  (CARRY4=10 LUT4=2 LUT6=3 MUXF7=1)
  Clock Path Skew:        -0.170ns (DCD - SCD + CPR)
    Destination Clock Delay (DCD):    2.895ns = ( 12.896 - 10.000 ) 
    Source Clock Delay      (SCD):    3.318ns
    Clock Pessimism Removal (CPR):    0.253ns
  Clock Uncertainty:      0.154ns  ((TSJ^2 + TIJ^2)^1/2 + DJ) / 2 + PE
    Total System Jitter     (TSJ):    0.071ns
    Total Input Jitter      (TIJ):    0.300ns
    Discrete Jitter          (DJ):    0.000ns
    Phase Error              (PE):    0.000ns

    Location             Delay type                Incr(ns)  Path(ns)    Netlist Resource(s)
  -------------------------------------------------------------------    -------------------
                         (clock clk_fpga_0 rise edge)
                                                      0.000     0.000 r  
    PS7_X0Y0             PS7                          0.000     0.000 r  d_i/ps/inst/PS7_i/FCLKCLK[0]
                         net (fo=1, routed)           1.193     1.193    d_i/ps/inst/FCLK_CLK_unbuffered[0]
    BUFGCTRL_X0Y17       BUFG (Prop_bufg_I_O)         0.101     1.294 r  d_i/ps/inst/buffer_fclk_clk_0.FCLK_CLK_0_BUFG_replica/O
                         net (fo=3, routed)           0.146     1.440    d_i/ps/inst/FCLK_CLK0_repN
    BUFGCTRL_X0Y16       BUFG (Prop_bufg_I_O)         0.101     1.541 r  d_i/ps/inst/buffer_fclk_clk_0.FCLK_CLK_0_BUFG/O
                         net (fo=13548, routed)       1.777     3.318    d_i/acc/inst/lane0/core/coefficient_store_a/bank0/clk
    RAMB36_X1Y5          RAMB36E1                                     r  d_i/acc/inst/lane0/core/coefficient_store_a/bank0/memory_reg/CLKBWRCLK
  -------------------------------------------------------------------    -------------------
    RAMB36_X1Y5          RAMB36E1 (Prop_ramb36e1_CLKBWRCLK_DOBDO[0])
                                                      2.454     5.772 r  d_i/acc/inst/lane0/core/coefficient_store_a/bank0/memory_reg/DOBDO[0]
                         net (fo=4, routed)           1.212     6.985    d_i/acc/inst/lane0/core/coefficient_store_a/bank0/DOBDO[0]
    SLICE_X29Y26         LUT6 (Prop_lut6_I2_O)        0.124     7.109 r  d_i/acc/inst/lane0/core/coefficient_store_a/bank0/m_axis_tdata[0]_INST_0_i_1/O
                         net (fo=1, routed)           0.664     7.773    d_i/acc/inst/lane0/core/coefficient_store_a/bank3/a_register_reg[0]
    SLICE_X32Y28         LUT6 (Prop_lut6_I3_O)        0.124     7.897 r  d_i/acc/inst/lane0/core/coefficient_store_a/bank3/m_axis_tdata[0]_INST_0/O
                         net (fo=13, routed)          0.989     8.886    d_i/acc/inst/lane0/core/coefficient_store_a/bank3/DI[0]
    SLICE_X35Y30         LUT4 (Prop_lut4_I3_O)        0.124     9.010 r  d_i/acc/inst/lane0/core/coefficient_store_a/bank3/x[31]_i_58/O
                         net (fo=1, routed)           0.000     9.010    d_i/acc/inst/lane0/core/coefficient_store_a/bank3/x[31]_i_58_n_0
    SLICE_X35Y30         CARRY4 (Prop_carry4_S[0]_CO[3])
                                                      0.532     9.542 r  d_i/acc/inst/lane0/core/coefficient_store_a/bank3/x_reg[31]_i_42/CO[3]
                         net (fo=1, routed)           0.000     9.542    d_i/acc/inst/lane0/core/coefficient_store_a/bank3/x_reg[31]_i_42_n_0
    SLICE_X35Y31         CARRY4 (Prop_carry4_CI_CO[3])
                                                      0.114     9.656 r  d_i/acc/inst/lane0/core/coefficient_store_a/bank3/x_reg[31]_i_33__1/CO[3]
                         net (fo=1, routed)           0.000     9.656    d_i/acc/inst/lane0/core/coefficient_store_a/bank3/x_reg[31]_i_33__1_n_0
    SLICE_X35Y32         CARRY4 (Prop_carry4_CI_CO[3])
                                                      0.114     9.770 r  d_i/acc/inst/lane0/core/coefficient_store_a/bank3/x_reg[31]_i_24/CO[3]
                         net (fo=1, routed)           0.000     9.770    d_i/acc/inst/lane0/core/coefficient_store_a/bank3/x_reg[31]_i_24_n_0
    SLICE_X35Y33         CARRY4 (Prop_carry4_CI_CO[3])
                                                      0.114     9.884 f  d_i/acc/inst/lane0/core/coefficient_store_a/bank3/x_reg[31]_i_19/CO[3]
                         net (fo=61, routed)          1.113    10.997    d_i/acc/inst/lane0/core/coefficient_store_a/bank3/butterfly_a0/input_difference_reduced1
    SLICE_X34Y32         LUT4 (Prop_lut4_I0_O)        0.124    11.121 r  d_i/acc/inst/lane0/core/coefficient_store_a/bank3/x[11]_i_6/O
                         net (fo=1, routed)           0.621    11.742    d_i/acc/inst/lane0/core/coefficient_store_a/bank3/x[11]_i_6_n_0
    SLICE_X36Y32         CARRY4 (Prop_carry4_DI[2]_CO[3])
                                                      0.404    12.146 r  d_i/acc/inst/lane0/core/coefficient_store_a/bank3/x_reg[11]_i_4/CO[3]
                         net (fo=1, routed)           0.000    12.146    d_i/acc/inst/lane0/core/coefficient_store_a/bank3/x_reg[11]_i_4_n_0
    SLICE_X36Y33         CARRY4 (Prop_carry4_CI_CO[3])
                                                      0.117    12.263 r  d_i/acc/inst/lane0/core/coefficient_store_a/bank3/x_reg[15]_i_4/CO[3]
                         net (fo=1, routed)           0.000    12.263    d_i/acc/inst/lane0/core/coefficient_store_a/bank3/x_reg[15]_i_4_n_0
    SLICE_X36Y34         CARRY4 (Prop_carry4_CI_CO[3])
                                                      0.117    12.380 r  d_i/acc/inst/lane0/core/coefficient_store_a/bank3/x_reg[19]_i_4/CO[3]
                         net (fo=1, routed)           0.000    12.380    d_i/acc/inst/lane0/core/coefficient_store_a/bank3/x_reg[19]_i_4_n_0
    SLICE_X36Y35         CARRY4 (Prop_carry4_CI_CO[3])
                                                      0.117    12.497 r  d_i/acc/inst/lane0/core/coefficient_store_a/bank3/x_reg[23]_i_4/CO[3]
                         net (fo=1, routed)           0.000    12.497    d_i/acc/inst/lane0/core/coefficient_store_a/bank3/x_reg[23]_i_4_n_0
    SLICE_X36Y36         CARRY4 (Prop_carry4_CI_CO[3])
                                                      0.117    12.614 r  d_i/acc/inst/lane0/core/coefficient_store_a/bank3/x_reg[27]_i_4/CO[3]
                         net (fo=1, routed)           0.000    12.614    d_i/acc/inst/lane0/core/coefficient_store_a/bank3/x_reg[27]_i_4_n_0
    SLICE_X36Y37         CARRY4 (Prop_carry4_CI_O[2])
                                                      0.239    12.853 r  d_i/acc/inst/lane0/core/coefficient_store_a/bank3/x_reg[31]_i_7__1/O[2]
                         net (fo=1, routed)           0.440    13.294    d_i/acc/inst/lane0/core/butterfly_a0/multiplier/input_difference_reduced[30]
    SLICE_X38Y38         LUT6 (Prop_lut6_I2_O)        0.301    13.595 r  d_i/acc/inst/lane0/core/butterfly_a0/multiplier/x[30]_i_3/O
                         net (fo=1, routed)           0.000    13.595    d_i/acc/inst/lane0/core/butterfly_a0/multiplier/x[30]_i_3_n_0
    SLICE_X38Y38         MUXF7 (Prop_muxf7_I1_O)      0.247    13.842 r  d_i/acc/inst/lane0/core/butterfly_a0/multiplier/x_reg[30]_i_1/O
                         net (fo=1, routed)           0.000    13.842    d_i/acc/inst/lane0/core/butterfly_a0/multiplier/x_reg[30]_i_1_n_0
    SLICE_X38Y38         FDRE                                         r  d_i/acc/inst/lane0/core/butterfly_a0/multiplier/x_reg[30]/D
  -------------------------------------------------------------------    -------------------

                         (clock clk_fpga_0 rise edge)
                                                     10.000    10.000 r  
    PS7_X0Y0             PS7                          0.000    10.000 r  d_i/ps/inst/PS7_i/FCLKCLK[0]
                         net (fo=1, routed)           1.088    11.088    d_i/ps/inst/FCLK_CLK_unbuffered[0]
    BUFGCTRL_X0Y17       BUFG (Prop_bufg_I_O)         0.091    11.179 r  d_i/ps/inst/buffer_fclk_clk_0.FCLK_CLK_0_BUFG_replica/O
                         net (fo=3, routed)           0.133    11.312    d_i/ps/inst/FCLK_CLK0_repN
    BUFGCTRL_X0Y16       BUFG (Prop_bufg_I_O)         0.091    11.403 r  d_i/ps/inst/buffer_fclk_clk_0.FCLK_CLK_0_BUFG/O
                         net (fo=13548, routed)       1.492    12.896    d_i/acc/inst/lane0/core/butterfly_a0/multiplier/clk
    SLICE_X38Y38         FDRE                                         r  d_i/acc/inst/lane0/core/butterfly_a0/multiplier/x_reg[30]/C
                         clock pessimism              0.253    13.148    
                         clock uncertainty           -0.154    12.994    
    SLICE_X38Y38         FDRE (Setup_fdre_C_D)        0.113    13.107    d_i/acc/inst/lane0/core/butterfly_a0/multiplier/x_reg[30]
  -------------------------------------------------------------------
                         required time                         13.107    
                         arrival time                         -13.842    
  -------------------------------------------------------------------
                         slack                                 -0.735    

Slack (VIOLATED) :        -0.731ns  (required time - arrival time)
  Source:                 d_i/acc/inst/lane1/core/coefficient_store_b/bank1/memory_reg/CLKBWRCLK
                            (rising edge-triggered cell RAMB36E1 clocked by clk_fpga_0  {rise@0.000ns fall@5.000ns period=10.000ns})
  Destination:            d_i/acc/inst/lane1/core/butterfly_b0/multiplier/x_reg[30]/D
                            (rising edge-triggered cell FDRE clocked by clk_fpga_0  {rise@0.000ns fall@5.000ns period=10.000ns})
  Path Group:             clk_fpga_0
  Path Type:              Setup (Max at Slow Process Corner)
  Requirement:            10.000ns  (clk_fpga_0 rise@10.000ns - clk_fpga_0 rise@0.000ns)
  Data Path Delay:        10.503ns  (logic 5.171ns (49.233%)  route 5.332ns (50.767%))
  Logic Levels:           13  (CARRY4=7 LUT4=2 LUT5=2 LUT6=2)
  Clock Path Skew:        -0.104ns (DCD - SCD + CPR)
    Destination Clock Delay (DCD):    2.951ns = ( 12.951 - 10.000 ) 
    Source Clock Delay      (SCD):    3.308ns
    Clock Pessimism Removal (CPR):    0.253ns
  Clock Uncertainty:      0.154ns  ((TSJ^2 + TIJ^2)^1/2 + DJ) / 2 + PE
    Total System Jitter     (TSJ):    0.071ns
    Total Input Jitter      (TIJ):    0.300ns
    Discrete Jitter          (DJ):    0.000ns
    Phase Error              (PE):    0.000ns

    Location             Delay type                Incr(ns)  Path(ns)    Netlist Resource(s)
  -------------------------------------------------------------------    -------------------
                         (clock clk_fpga_0 rise edge)
                                                      0.000     0.000 r  
    PS7_X0Y0             PS7                          0.000     0.000 r  d_i/ps/inst/PS7_i/FCLKCLK[0]
                         net (fo=1, routed)           1.193     1.193    d_i/ps/inst/FCLK_CLK_unbuffered[0]
    BUFGCTRL_X0Y17       BUFG (Prop_bufg_I_O)         0.101     1.294 r  d_i/ps/inst/buffer_fclk_clk_0.FCLK_CLK_0_BUFG_replica/O
                         net (fo=3, routed)           0.146     1.440    d_i/ps/inst/FCLK_CLK0_repN
    BUFGCTRL_X0Y16       BUFG (Prop_bufg_I_O)         0.101     1.541 r  d_i/ps/inst/buffer_fclk_clk_0.FCLK_CLK_0_BUFG/O
                         net (fo=13548, routed)       1.767     3.308    d_i/acc/inst/lane1/core/coefficient_store_b/bank1/clk
    RAMB36_X3Y2          RAMB36E1                                     r  d_i/acc/inst/lane1/core/coefficient_store_b/bank1/memory_reg/CLKBWRCLK
  -------------------------------------------------------------------    -------------------
    RAMB36_X3Y2          RAMB36E1 (Prop_ramb36e1_CLKBWRCLK_DOBDO[27])
                                                      2.454     5.762 r  d_i/acc/inst/lane1/core/coefficient_store_b/bank1/memory_reg/DOBDO[27]
                         net (fo=4, routed)           1.523     7.286    d_i/acc/inst/lane1/core/coefficient_store_b/bank0/captured_b0_reg[31][27]
    SLICE_X80Y19         LUT6 (Prop_lut6_I3_O)        0.124     7.410 r  d_i/acc/inst/lane1/core/coefficient_store_b/bank0/captured_b0[27]_i_2__0/O
                         net (fo=1, routed)           0.420     7.830    d_i/acc/inst/lane1/core/coefficient_store_b/bank3/captured_b0_reg[27]
    SLICE_X80Y18         LUT6 (Prop_lut6_I3_O)        0.124     7.954 r  d_i/acc/inst/lane1/core/coefficient_store_b/bank3/captured_b0[27]_i_1__0/O
                         net (fo=8, routed)           1.246     9.199    d_i/acc/inst/lane1/core/coefficient_store_b/bank3/memory_reg_18[3]
    SLICE_X72Y12         LUT4 (Prop_lut4_I1_O)        0.124     9.323 r  d_i/acc/inst/lane1/core/coefficient_store_b/bank3/x[30]_i_27__2/O
                         net (fo=1, routed)           0.000     9.323    d_i/acc/inst/lane1/core/coefficient_store_b/bank3/x[30]_i_27__2_n_0
    SLICE_X72Y12         CARRY4 (Prop_carry4_S[1]_CO[3])
                                                      0.550     9.873 f  d_i/acc/inst/lane1/core/coefficient_store_b/bank3/x_reg[30]_i_18__2/CO[3]
                         net (fo=61, routed)          1.171    11.044    d_i/acc/inst/lane1/core/coefficient_store_b/bank3/butterfly_b0/input_difference_reduced1
    SLICE_X72Y14         LUT4 (Prop_lut4_I1_O)        0.124    11.168 r  d_i/acc/inst/lane1/core/coefficient_store_b/bank3/x[11]_i_6__6/O
                         net (fo=2, routed)           0.480    11.648    d_i/acc/inst/lane1/core/coefficient_store_b/bank3/x[11]_i_6__6_n_0
    SLICE_X71Y14         LUT5 (Prop_lut5_I0_O)        0.124    11.772 r  d_i/acc/inst/lane1/core/coefficient_store_b/bank3/x[11]_i_10__6/O
                         net (fo=1, routed)           0.000    11.772    d_i/acc/inst/lane1/core/coefficient_store_b/bank3/x[11]_i_10__6_n_0
    SLICE_X71Y14         CARRY4 (Prop_carry4_S[1]_CO[3])
                                                      0.550    12.322 r  d_i/acc/inst/lane1/core/coefficient_store_b/bank3/x_reg[11]_i_3__2/CO[3]
                         net (fo=1, routed)           0.000    12.322    d_i/acc/inst/lane1/core/coefficient_store_b/bank3/x_reg[11]_i_3__2_n_0
    SLICE_X71Y15         CARRY4 (Prop_carry4_CI_CO[3])
                                                      0.114    12.436 r  d_i/acc/inst/lane1/core/coefficient_store_b/bank3/x_reg[15]_i_3__2/CO[3]
                         net (fo=1, routed)           0.000    12.436    d_i/acc/inst/lane1/core/coefficient_store_b/bank3/x_reg[15]_i_3__2_n_0
    SLICE_X71Y16         CARRY4 (Prop_carry4_CI_CO[3])
                                                      0.114    12.550 r  d_i/acc/inst/lane1/core/coefficient_store_b/bank3/x_reg[19]_i_3__2/CO[3]
                         net (fo=1, routed)           0.000    12.550    d_i/acc/inst/lane1/core/coefficient_store_b/bank3/x_reg[19]_i_3__2_n_0
    SLICE_X71Y17         CARRY4 (Prop_carry4_CI_CO[3])
                                                      0.114    12.664 r  d_i/acc/inst/lane1/core/coefficient_store_b/bank3/x_reg[23]_i_3__2/CO[3]
                         net (fo=1, routed)           0.000    12.664    d_i/acc/inst/lane1/core/coefficient_store_b/bank3/x_reg[23]_i_3__2_n_0
    SLICE_X71Y18         CARRY4 (Prop_carry4_CI_CO[3])
                                                      0.114    12.778 r  d_i/acc/inst/lane1/core/coefficient_store_b/bank3/x_reg[27]_i_3__2/CO[3]
                         net (fo=1, routed)           0.000    12.778    d_i/acc/inst/lane1/core/coefficient_store_b/bank3/x_reg[27]_i_3__2_n_0
    SLICE_X71Y19         CARRY4 (Prop_carry4_CI_O[2])
                                                      0.239    13.017 r  d_i/acc/inst/lane1/core/coefficient_store_b/bank3/x_reg[30]_i_3__2/O[2]
                         net (fo=1, routed)           0.492    13.510    d_i/acc/inst/lane1/core/butterfly_b0/multiplier/input_difference_reduced[30]
    SLICE_X73Y19         LUT5 (Prop_lut5_I1_O)        0.302    13.812 r  d_i/acc/inst/lane1/core/butterfly_b0/multiplier/x[30]_i_1__13/O
                         net (fo=1, routed)           0.000    13.812    d_i/acc/inst/lane1/core/butterfly_b0/multiplier/x[30]_i_1__13_n_0
    SLICE_X73Y19         FDRE                                         r  d_i/acc/inst/lane1/core/butterfly_b0/multiplier/x_reg[30]/D
  -------------------------------------------------------------------    -------------------

                         (clock clk_fpga_0 rise edge)
                                                     10.000    10.000 r  
    PS7_X0Y0             PS7                          0.000    10.000 r  d_i/ps/inst/PS7_i/FCLKCLK[0]
                         net (fo=1, routed)           1.088    11.088    d_i/ps/inst/FCLK_CLK_unbuffered[0]
    BUFGCTRL_X0Y17       BUFG (Prop_bufg_I_O)         0.091    11.179 r  d_i/ps/inst/buffer_fclk_clk_0.FCLK_CLK_0_BUFG_replica/O
                         net (fo=3, routed)           0.133    11.312    d_i/ps/inst/FCLK_CLK0_repN
    BUFGCTRL_X0Y16       BUFG (Prop_bufg_I_O)         0.091    11.403 r  d_i/ps/inst/buffer_fclk_clk_0.FCLK_CLK_0_BUFG/O
                         net (fo=13548, routed)       1.548    12.951    d_i/acc/inst/lane1/core/butterfly_b0/multiplier/clk
    SLICE_X73Y19         FDRE                                         r  d_i/acc/inst/lane1/core/butterfly_b0/multiplier/x_reg[30]/C
                         clock pessimism              0.253    13.204    
                         clock uncertainty           -0.154    13.050    
    SLICE_X73Y19         FDRE (Setup_fdre_C_D)        0.031    13.081    d_i/acc/inst/lane1/core/butterfly_b0/multiplier/x_reg[30]
  -------------------------------------------------------------------
                         required time                         13.081    
                         arrival time                         -13.812    
  -------------------------------------------------------------------
                         slack                                 -0.731    

Slack (VIOLATED) :        -0.731ns  (required time - arrival time)
  Source:                 d_i/acc/inst/lane0/core/coefficient_store_a/bank0/memory_reg/CLKBWRCLK
                            (rising edge-triggered cell RAMB36E1 clocked by clk_fpga_0  {rise@0.000ns fall@5.000ns period=10.000ns})
  Destination:            d_i/acc/inst/lane0/core/butterfly_a1/multiplier/x_reg[31]/D
                            (rising edge-triggered cell FDRE clocked by clk_fpga_0  {rise@0.000ns fall@5.000ns period=10.000ns})
  Path Group:             clk_fpga_0
  Path Type:              Setup (Max at Slow Process Corner)
  Requirement:            10.000ns  (clk_fpga_0 rise@10.000ns - clk_fpga_0 rise@0.000ns)
  Data Path Delay:        10.547ns  (logic 5.660ns (53.665%)  route 4.887ns (46.335%))
  Logic Levels:           16  (CARRY4=10 LUT4=2 LUT6=3 MUXF7=1)
  Clock Path Skew:        -0.093ns (DCD - SCD + CPR)
    Destination Clock Delay (DCD):    2.973ns = ( 12.972 - 10.000 ) 
    Source Clock Delay      (SCD):    3.318ns
    Clock Pessimism Removal (CPR):    0.253ns
  Clock Uncertainty:      0.154ns  ((TSJ^2 + TIJ^2)^1/2 + DJ) / 2 + PE
    Total System Jitter     (TSJ):    0.071ns
    Total Input Jitter      (TIJ):    0.300ns
    Discrete Jitter          (DJ):    0.000ns
    Phase Error              (PE):    0.000ns

    Location             Delay type                Incr(ns)  Path(ns)    Netlist Resource(s)
  -------------------------------------------------------------------    -------------------
                         (clock clk_fpga_0 rise edge)
                                                      0.000     0.000 r  
    PS7_X0Y0             PS7                          0.000     0.000 r  d_i/ps/inst/PS7_i/FCLKCLK[0]
                         net (fo=1, routed)           1.193     1.193    d_i/ps/inst/FCLK_CLK_unbuffered[0]
    BUFGCTRL_X0Y17       BUFG (Prop_bufg_I_O)         0.101     1.294 r  d_i/ps/inst/buffer_fclk_clk_0.FCLK_CLK_0_BUFG_replica/O
                         net (fo=3, routed)           0.146     1.440    d_i/ps/inst/FCLK_CLK0_repN
    BUFGCTRL_X0Y16       BUFG (Prop_bufg_I_O)         0.101     1.541 r  d_i/ps/inst/buffer_fclk_clk_0.FCLK_CLK_0_BUFG/O
                         net (fo=13548, routed)       1.777     3.318    d_i/acc/inst/lane0/core/coefficient_store_a/bank0/clk
    RAMB36_X1Y5          RAMB36E1                                     r  d_i/acc/inst/lane0/core/coefficient_store_a/bank0/memory_reg/CLKBWRCLK
  -------------------------------------------------------------------    -------------------
    RAMB36_X1Y5          RAMB36E1 (Prop_ramb36e1_CLKBWRCLK_DOBDO[10])
                                                      2.454     5.772 f  d_i/acc/inst/lane0/core/coefficient_store_a/bank0/memory_reg/DOBDO[10]
                         net (fo=4, routed)           0.662     6.434    d_i/acc/inst/lane0/core/coefficient_store_a/bank0/DOBDO[8]
    SLICE_X23Y27         LUT6 (Prop_lut6_I5_O)        0.124     6.558 r  d_i/acc/inst/lane0/core/coefficient_store_a/bank0/a_register[10]_i_2_comp_1/O
                         net (fo=1, routed)           0.665     7.223    d_i/acc/inst/lane0/core/coefficient_store_a/bank3/a_register_reg[10]_0
    SLICE_X23Y27         LUT6 (Prop_lut6_I3_O)        0.124     7.347 r  d_i/acc/inst/lane0/core/coefficient_store_a/bank3/a_register[10]_i_1_comp/O
                         net (fo=10, routed)          1.181     8.529    d_i/acc/inst/lane0/core/coefficient_store_a/bank3/memory_reg_46
    SLICE_X23Y33         LUT4 (Prop_lut4_I3_O)        0.124     8.653 r  d_i/acc/inst/lane0/core/coefficient_store_a/bank3/x[31]_i_49__0/O
                         net (fo=1, routed)           0.000     8.653    d_i/acc/inst/lane0/core/coefficient_store_a/bank3/x[31]_i_49__0_n_0
    SLICE_X23Y33         CARRY4 (Prop_carry4_S[1]_CO[3])
                                                      0.550     9.203 r  d_i/acc/inst/lane0/core/coefficient_store_a/bank3/x_reg[31]_i_33__2/CO[3]
                         net (fo=1, routed)           0.000     9.203    d_i/acc/inst/lane0/core/coefficient_store_a/bank3/x_reg[31]_i_33__2_n_0
    SLICE_X23Y34         CARRY4 (Prop_carry4_CI_CO[3])
                                                      0.114     9.317 r  d_i/acc/inst/lane0/core/coefficient_store_a/bank3/x_reg[31]_i_24__0/CO[3]
                         net (fo=1, routed)           0.000     9.317    d_i/acc/inst/lane0/core/coefficient_store_a/bank3/x_reg[31]_i_24__0_n_0
    SLICE_X23Y35         CARRY4 (Prop_carry4_CI_CO[3])
                                                      0.114     9.431 f  d_i/acc/inst/lane0/core/coefficient_store_a/bank3/x_reg[31]_i_19__0/CO[3]
                         net (fo=61, routed)          1.210    10.641    d_i/acc/inst/lane0/core/coefficient_store_a/bank3/x[31]_i_32__0_0[0]
    SLICE_X28Y41         LUT4 (Prop_lut4_I0_O)        0.124    10.765 r  d_i/acc/inst/lane0/core/coefficient_store_a/bank3/x[7]_i_8__0/O
                         net (fo=1, routed)           0.731    11.496    d_i/acc/inst/lane0/core/coefficient_store_a/bank3/x[7]_i_8__0_n_0
    SLICE_X28Y33         CARRY4 (Prop_carry4_DI[0]_CO[3])
                                                      0.526    12.022 r  d_i/acc/inst/lane0/core/coefficient_store_a/bank3/x_reg[7]_i_4__0/CO[3]
                         net (fo=1, routed)           0.000    12.022    d_i/acc/inst/lane0/core/coefficient_store_a/bank3/x_reg[7]_i_4__0_n_0
    SLICE_X28Y34         CARRY4 (Prop_carry4_CI_CO[3])
                                                      0.114    12.136 r  d_i/acc/inst/lane0/core/coefficient_store_a/bank3/x_reg[11]_i_4__0/CO[3]
                         net (fo=1, routed)           0.000    12.136    d_i/acc/inst/lane0/core/coefficient_store_a/bank3/x_reg[11]_i_4__0_n_0
    SLICE_X28Y35         CARRY4 (Prop_carry4_CI_CO[3])
                                                      0.114    12.250 r  d_i/acc/inst/lane0/core/coefficient_store_a/bank3/x_reg[15]_i_4__0/CO[3]
                         net (fo=1, routed)           0.000    12.250    d_i/acc/inst/lane0/core/coefficient_store_a/bank3/x_reg[15]_i_4__0_n_0
    SLICE_X28Y36         CARRY4 (Prop_carry4_CI_CO[3])
                                                      0.114    12.364 r  d_i/acc/inst/lane0/core/coefficient_store_a/bank3/x_reg[19]_i_4__0/CO[3]
                         net (fo=1, routed)           0.000    12.364    d_i/acc/inst/lane0/core/coefficient_store_a/bank3/x_reg[19]_i_4__0_n_0
    SLICE_X28Y37         CARRY4 (Prop_carry4_CI_CO[3])
                                                      0.114    12.478 r  d_i/acc/inst/lane0/core/coefficient_store_a/bank3/x_reg[23]_i_4__0/CO[3]
                         net (fo=1, routed)           0.000    12.478    d_i/acc/inst/lane0/core/coefficient_store_a/bank3/x_reg[23]_i_4__0_n_0
    SLICE_X28Y38         CARRY4 (Prop_carry4_CI_CO[3])
                                                      0.114    12.592 r  d_i/acc/inst/lane0/core/coefficient_store_a/bank3/x_reg[27]_i_4__0/CO[3]
                         net (fo=1, routed)           0.000    12.592    d_i/acc/inst/lane0/core/coefficient_store_a/bank3/x_reg[27]_i_4__0_n_0
    SLICE_X28Y39         CARRY4 (Prop_carry4_CI_O[3])
                                                      0.313    12.905 r  d_i/acc/inst/lane0/core/coefficient_store_a/bank3/x_reg[31]_i_7__2/O[3]
                         net (fo=1, routed)           0.437    13.342    d_i/acc/inst/lane0/core/butterfly_a1/multiplier/input_difference_reduced[31]
    SLICE_X29Y40         LUT6 (Prop_lut6_I2_O)        0.306    13.648 r  d_i/acc/inst/lane0/core/butterfly_a1/multiplier/x[31]_i_5__0/O
                         net (fo=1, routed)           0.000    13.648    d_i/acc/inst/lane0/core/butterfly_a1/multiplier/x[31]_i_5__0_n_0
    SLICE_X29Y40         MUXF7 (Prop_muxf7_I1_O)      0.217    13.865 r  d_i/acc/inst/lane0/core/butterfly_a1/multiplier/x_reg[31]_i_2__0/O
                         net (fo=1, routed)           0.000    13.865    d_i/acc/inst/lane0/core/butterfly_a1/multiplier/x_reg[31]_i_2__0_n_0
    SLICE_X29Y40         FDRE                                         r  d_i/acc/inst/lane0/core/butterfly_a1/multiplier/x_reg[31]/D
  -------------------------------------------------------------------    -------------------

                         (clock clk_fpga_0 rise edge)
                                                     10.000    10.000 r  
    PS7_X0Y0             PS7                          0.000    10.000 r  d_i/ps/inst/PS7_i/FCLKCLK[0]
                         net (fo=1, routed)           1.088    11.088    d_i/ps/inst/FCLK_CLK_unbuffered[0]
    BUFGCTRL_X0Y17       BUFG (Prop_bufg_I_O)         0.091    11.179 r  d_i/ps/inst/buffer_fclk_clk_0.FCLK_CLK_0_BUFG_replica/O
                         net (fo=3, routed)           0.133    11.312    d_i/ps/inst/FCLK_CLK0_repN
    BUFGCTRL_X0Y16       BUFG (Prop_bufg_I_O)         0.091    11.403 r  d_i/ps/inst/buffer_fclk_clk_0.FCLK_CLK_0_BUFG/O
                         net (fo=13548, routed)       1.569    12.972    d_i/acc/inst/lane0/core/butterfly_a1/multiplier/clk
    SLICE_X29Y40         FDRE                                         r  d_i/acc/inst/lane0/core/butterfly_a1/multiplier/x_reg[31]/C
                         clock pessimism              0.253    13.225    
                         clock uncertainty           -0.154    13.071    
    SLICE_X29Y40         FDRE (Setup_fdre_C_D)        0.064    13.135    d_i/acc/inst/lane0/core/butterfly_a1/multiplier/x_reg[31]
  -------------------------------------------------------------------
                         required time                         13.135    
                         arrival time                         -13.865    
  -------------------------------------------------------------------
                         slack                                 -0.731    

Slack (VIOLATED) :        -0.720ns  (required time - arrival time)
  Source:                 d_i/acc/inst/lane0/core/coefficient_store_a/bank0/memory_reg/CLKBWRCLK
                            (rising edge-triggered cell RAMB36E1 clocked by clk_fpga_0  {rise@0.000ns fall@5.000ns period=10.000ns})
  Destination:            d_i/acc/inst/lane0/core/butterfly_a0/multiplier/x_reg[31]/D
                            (rising edge-triggered cell FDRE clocked by clk_fpga_0  {rise@0.000ns fall@5.000ns period=10.000ns})
  Path Group:             clk_fpga_0
  Path Type:              Setup (Max at Slow Process Corner)
  Requirement:            10.000ns  (clk_fpga_0 rise@10.000ns - clk_fpga_0 rise@0.000ns)
  Data Path Delay:        10.460ns  (logic 5.563ns (53.184%)  route 4.897ns (46.816%))
  Logic Levels:           16  (CARRY4=10 LUT4=2 LUT6=3 MUXF7=1)
  Clock Path Skew:        -0.170ns (DCD - SCD + CPR)
    Destination Clock Delay (DCD):    2.895ns = ( 12.896 - 10.000 ) 
    Source Clock Delay      (SCD):    3.318ns
    Clock Pessimism Removal (CPR):    0.253ns
  Clock Uncertainty:      0.154ns  ((TSJ^2 + TIJ^2)^1/2 + DJ) / 2 + PE
    Total System Jitter     (TSJ):    0.071ns
    Total Input Jitter      (TIJ):    0.300ns
    Discrete Jitter          (DJ):    0.000ns
    Phase Error              (PE):    0.000ns

    Location             Delay type                Incr(ns)  Path(ns)    Netlist Resource(s)
  -------------------------------------------------------------------    -------------------
                         (clock clk_fpga_0 rise edge)
                                                      0.000     0.000 r  
    PS7_X0Y0             PS7                          0.000     0.000 r  d_i/ps/inst/PS7_i/FCLKCLK[0]
                         net (fo=1, routed)           1.193     1.193    d_i/ps/inst/FCLK_CLK_unbuffered[0]
    BUFGCTRL_X0Y17       BUFG (Prop_bufg_I_O)         0.101     1.294 r  d_i/ps/inst/buffer_fclk_clk_0.FCLK_CLK_0_BUFG_replica/O
                         net (fo=3, routed)           0.146     1.440    d_i/ps/inst/FCLK_CLK0_repN
    BUFGCTRL_X0Y16       BUFG (Prop_bufg_I_O)         0.101     1.541 r  d_i/ps/inst/buffer_fclk_clk_0.FCLK_CLK_0_BUFG/O
                         net (fo=13548, routed)       1.777     3.318    d_i/acc/inst/lane0/core/coefficient_store_a/bank0/clk
    RAMB36_X1Y5          RAMB36E1                                     r  d_i/acc/inst/lane0/core/coefficient_store_a/bank0/memory_reg/CLKBWRCLK
  -------------------------------------------------------------------    -------------------
    RAMB36_X1Y5          RAMB36E1 (Prop_ramb36e1_CLKBWRCLK_DOBDO[0])
                                                      2.454     5.772 r  d_i/acc/inst/lane0/core/coefficient_store_a/bank0/memory_reg/DOBDO[0]
                         net (fo=4, routed)           1.212     6.985    d_i/acc/inst/lane0/core/coefficient_store_a/bank0/DOBDO[0]
    SLICE_X29Y26         LUT6 (Prop_lut6_I2_O)        0.124     7.109 r  d_i/acc/inst/lane0/core/coefficient_store_a/bank0/m_axis_tdata[0]_INST_0_i_1/O
                         net (fo=1, routed)           0.664     7.773    d_i/acc/inst/lane0/core/coefficient_store_a/bank3/a_register_reg[0]
    SLICE_X32Y28         LUT6 (Prop_lut6_I3_O)        0.124     7.897 r  d_i/acc/inst/lane0/core/coefficient_store_a/bank3/m_axis_tdata[0]_INST_0/O
                         net (fo=13, routed)          0.989     8.886    d_i/acc/inst/lane0/core/coefficient_store_a/bank3/DI[0]
    SLICE_X35Y30         LUT4 (Prop_lut4_I3_O)        0.124     9.010 r  d_i/acc/inst/lane0/core/coefficient_store_a/bank3/x[31]_i_58/O
                         net (fo=1, routed)           0.000     9.010    d_i/acc/inst/lane0/core/coefficient_store_a/bank3/x[31]_i_58_n_0
    SLICE_X35Y30         CARRY4 (Prop_carry4_S[0]_CO[3])
                                                      0.532     9.542 r  d_i/acc/inst/lane0/core/coefficient_store_a/bank3/x_reg[31]_i_42/CO[3]
                         net (fo=1, routed)           0.000     9.542    d_i/acc/inst/lane0/core/coefficient_store_a/bank3/x_reg[31]_i_42_n_0
    SLICE_X35Y31         CARRY4 (Prop_carry4_CI_CO[3])
                                                      0.114     9.656 r  d_i/acc/inst/lane0/core/coefficient_store_a/bank3/x_reg[31]_i_33__1/CO[3]
                         net (fo=1, routed)           0.000     9.656    d_i/acc/inst/lane0/core/coefficient_store_a/bank3/x_reg[31]_i_33__1_n_0
    SLICE_X35Y32         CARRY4 (Prop_carry4_CI_CO[3])
                                                      0.114     9.770 r  d_i/acc/inst/lane0/core/coefficient_store_a/bank3/x_reg[31]_i_24/CO[3]
                         net (fo=1, routed)           0.000     9.770    d_i/acc/inst/lane0/core/coefficient_store_a/bank3/x_reg[31]_i_24_n_0
    SLICE_X35Y33         CARRY4 (Prop_carry4_CI_CO[3])
                                                      0.114     9.884 f  d_i/acc/inst/lane0/core/coefficient_store_a/bank3/x_reg[31]_i_19/CO[3]
                         net (fo=61, routed)          1.113    10.997    d_i/acc/inst/lane0/core/coefficient_store_a/bank3/butterfly_a0/input_difference_reduced1
    SLICE_X34Y32         LUT4 (Prop_lut4_I0_O)        0.124    11.121 r  d_i/acc/inst/lane0/core/coefficient_store_a/bank3/x[11]_i_6/O
                         net (fo=1, routed)           0.621    11.742    d_i/acc/inst/lane0/core/coefficient_store_a/bank3/x[11]_i_6_n_0
    SLICE_X36Y32         CARRY4 (Prop_carry4_DI[2]_CO[3])
                                                      0.404    12.146 r  d_i/acc/inst/lane0/core/coefficient_store_a/bank3/x_reg[11]_i_4/CO[3]
                         net (fo=1, routed)           0.000    12.146    d_i/acc/inst/lane0/core/coefficient_store_a/bank3/x_reg[11]_i_4_n_0
    SLICE_X36Y33         CARRY4 (Prop_carry4_CI_CO[3])
                                                      0.117    12.263 r  d_i/acc/inst/lane0/core/coefficient_store_a/bank3/x_reg[15]_i_4/CO[3]
                         net (fo=1, routed)           0.000    12.263    d_i/acc/inst/lane0/core/coefficient_store_a/bank3/x_reg[15]_i_4_n_0
    SLICE_X36Y34         CARRY4 (Prop_carry4_CI_CO[3])
                                                      0.117    12.380 r  d_i/acc/inst/lane0/core/coefficient_store_a/bank3/x_reg[19]_i_4/CO[3]
                         net (fo=1, routed)           0.000    12.380    d_i/acc/inst/lane0/core/coefficient_store_a/bank3/x_reg[19]_i_4_n_0
    SLICE_X36Y35         CARRY4 (Prop_carry4_CI_CO[3])
                                                      0.117    12.497 r  d_i/acc/inst/lane0/core/coefficient_store_a/bank3/x_reg[23]_i_4/CO[3]
                         net (fo=1, routed)           0.000    12.497    d_i/acc/inst/lane0/core/coefficient_store_a/bank3/x_reg[23]_i_4_n_0
    SLICE_X36Y36         CARRY4 (Prop_carry4_CI_CO[3])
                                                      0.117    12.614 r  d_i/acc/inst/lane0/core/coefficient_store_a/bank3/x_reg[27]_i_4/CO[3]
                         net (fo=1, routed)           0.000    12.614    d_i/acc/inst/lane0/core/coefficient_store_a/bank3/x_reg[27]_i_4_n_0
    SLICE_X36Y37         CARRY4 (Prop_carry4_CI_O[3])
                                                      0.315    12.929 r  d_i/acc/inst/lane0/core/coefficient_store_a/bank3/x_reg[31]_i_7__1/O[3]
                         net (fo=1, routed)           0.297    13.226    d_i/acc/inst/lane0/core/butterfly_a0/multiplier/input_difference_reduced[31]
    SLICE_X39Y38         LUT6 (Prop_lut6_I2_O)        0.307    13.533 r  d_i/acc/inst/lane0/core/butterfly_a0/multiplier/x[31]_i_5/O
                         net (fo=1, routed)           0.000    13.533    d_i/acc/inst/lane0/core/butterfly_a0/multiplier/x[31]_i_5_n_0
    SLICE_X39Y38         MUXF7 (Prop_muxf7_I1_O)      0.245    13.778 r  d_i/acc/inst/lane0/core/butterfly_a0/multiplier/x_reg[31]_i_2/O
                         net (fo=1, routed)           0.000    13.778    d_i/acc/inst/lane0/core/butterfly_a0/multiplier/x_reg[31]_i_2_n_0
    SLICE_X39Y38         FDRE                                         r  d_i/acc/inst/lane0/core/butterfly_a0/multiplier/x_reg[31]/D
  -------------------------------------------------------------------    -------------------

                         (clock clk_fpga_0 rise edge)
                                                     10.000    10.000 r  
    PS7_X0Y0             PS7                          0.000    10.000 r  d_i/ps/inst/PS7_i/FCLKCLK[0]
                         net (fo=1, routed)           1.088    11.088    d_i/ps/inst/FCLK_CLK_unbuffered[0]
    BUFGCTRL_X0Y17       BUFG (Prop_bufg_I_O)         0.091    11.179 r  d_i/ps/inst/buffer_fclk_clk_0.FCLK_CLK_0_BUFG_replica/O
                         net (fo=3, routed)           0.133    11.312    d_i/ps/inst/FCLK_CLK0_repN
    BUFGCTRL_X0Y16       BUFG (Prop_bufg_I_O)         0.091    11.403 r  d_i/ps/inst/buffer_fclk_clk_0.FCLK_CLK_0_BUFG/O
                         net (fo=13548, routed)       1.492    12.896    d_i/acc/inst/lane0/core/butterfly_a0/multiplier/clk
    SLICE_X39Y38         FDRE                                         r  d_i/acc/inst/lane0/core/butterfly_a0/multiplier/x_reg[31]/C
                         clock pessimism              0.253    13.148    
                         clock uncertainty           -0.154    12.994    
    SLICE_X39Y38         FDRE (Setup_fdre_C_D)        0.064    13.058    d_i/acc/inst/lane0/core/butterfly_a0/multiplier/x_reg[31]
  -------------------------------------------------------------------
                         required time                         13.058    
                         arrival time                         -13.778    
  -------------------------------------------------------------------
                         slack                                 -0.720    

Slack (VIOLATED) :        -0.720ns  (required time - arrival time)
  Source:                 d_i/acc/inst/lane1/core/coefficient_store_b/bank1/memory_reg/CLKBWRCLK
                            (rising edge-triggered cell RAMB36E1 clocked by clk_fpga_0  {rise@0.000ns fall@5.000ns period=10.000ns})
  Destination:            d_i/acc/inst/lane1/core/butterfly_b1/multiplier/x_reg[30]/D
                            (rising edge-triggered cell FDRE clocked by clk_fpga_0  {rise@0.000ns fall@5.000ns period=10.000ns})
  Path Group:             clk_fpga_0
  Path Type:              Setup (Max at Slow Process Corner)
  Requirement:            10.000ns  (clk_fpga_0 rise@10.000ns - clk_fpga_0 rise@0.000ns)
  Data Path Delay:        10.495ns  (logic 5.364ns (51.112%)  route 5.131ns (48.888%))
  Logic Levels:           16  (CARRY4=10 LUT4=2 LUT5=2 LUT6=2)
  Clock Path Skew:        -0.100ns (DCD - SCD + CPR)
    Destination Clock Delay (DCD):    2.955ns = ( 12.955 - 10.000 ) 
    Source Clock Delay      (SCD):    3.308ns
    Clock Pessimism Removal (CPR):    0.253ns
  Clock Uncertainty:      0.154ns  ((TSJ^2 + TIJ^2)^1/2 + DJ) / 2 + PE
    Total System Jitter     (TSJ):    0.071ns
    Total Input Jitter      (TIJ):    0.300ns
    Discrete Jitter          (DJ):    0.000ns
    Phase Error              (PE):    0.000ns

    Location             Delay type                Incr(ns)  Path(ns)    Netlist Resource(s)
  -------------------------------------------------------------------    -------------------
                         (clock clk_fpga_0 rise edge)
                                                      0.000     0.000 r  
    PS7_X0Y0             PS7                          0.000     0.000 r  d_i/ps/inst/PS7_i/FCLKCLK[0]
                         net (fo=1, routed)           1.193     1.193    d_i/ps/inst/FCLK_CLK_unbuffered[0]
    BUFGCTRL_X0Y17       BUFG (Prop_bufg_I_O)         0.101     1.294 r  d_i/ps/inst/buffer_fclk_clk_0.FCLK_CLK_0_BUFG_replica/O
                         net (fo=3, routed)           0.146     1.440    d_i/ps/inst/FCLK_CLK0_repN
    BUFGCTRL_X0Y16       BUFG (Prop_bufg_I_O)         0.101     1.541 r  d_i/ps/inst/buffer_fclk_clk_0.FCLK_CLK_0_BUFG/O
                         net (fo=13548, routed)       1.767     3.308    d_i/acc/inst/lane1/core/coefficient_store_b/bank1/clk
    RAMB36_X3Y2          RAMB36E1                                     r  d_i/acc/inst/lane1/core/coefficient_store_b/bank1/memory_reg/CLKBWRCLK
  -------------------------------------------------------------------    -------------------
    RAMB36_X3Y2          RAMB36E1 (Prop_ramb36e1_CLKBWRCLK_DOBDO[11])
                                                      2.454     5.762 r  d_i/acc/inst/lane1/core/coefficient_store_b/bank1/memory_reg/DOBDO[11]
                         net (fo=4, routed)           1.545     7.308    d_i/acc/inst/lane1/core/coefficient_store_b/bank0/captured_b0_reg[31][11]
    SLICE_X82Y9          LUT6 (Prop_lut6_I3_O)        0.124     7.432 r  d_i/acc/inst/lane1/core/coefficient_store_b/bank0/captured_b2[11]_i_2__0/O
                         net (fo=1, routed)           0.319     7.751    d_i/acc/inst/lane1/core/coefficient_store_b/bank3/captured_b2_reg[11]
    SLICE_X80Y8          LUT6 (Prop_lut6_I3_O)        0.124     7.875 r  d_i/acc/inst/lane1/core/coefficient_store_b/bank3/captured_b2[11]_i_1__0/O
                         net (fo=8, routed)           0.797     8.672    d_i/acc/inst/lane1/core/coefficient_store_b/bank3/memory_reg_44
    SLICE_X73Y8          LUT4 (Prop_lut4_I1_O)        0.124     8.796 r  d_i/acc/inst/lane1/core/coefficient_store_b/bank3/x[30]_i_45__1/O
                         net (fo=1, routed)           0.000     8.796    d_i/acc/inst/lane1/core/coefficient_store_b/bank3/x[30]_i_45__1_n_0
    SLICE_X73Y8          CARRY4 (Prop_carry4_S[1]_CO[3])
                                                      0.550     9.346 r  d_i/acc/inst/lane1/core/coefficient_store_b/bank3/x_reg[30]_i_29__1/CO[3]
                         net (fo=1, routed)           0.000     9.346    d_i/acc/inst/lane1/core/coefficient_store_b/bank3/x_reg[30]_i_29__1_n_0
    SLICE_X73Y9          CARRY4 (Prop_carry4_CI_CO[3])
                                                      0.114     9.460 r  d_i/acc/inst/lane1/core/coefficient_store_b/bank3/x_reg[30]_i_20__1/CO[3]
                         net (fo=1, routed)           0.000     9.460    d_i/acc/inst/lane1/core/coefficient_store_b/bank3/x_reg[30]_i_20__1_n_0
    SLICE_X73Y10         CARRY4 (Prop_carry4_CI_CO[3])
                                                      0.114     9.574 f  d_i/acc/inst/lane1/core/coefficient_store_b/bank3/x_reg[30]_i_18__1/CO[3]
                         net (fo=61, routed)          1.136    10.710    d_i/acc/inst/lane1/core/coefficient_store_b/bank3/butterfly_b1/input_difference_reduced1
    SLICE_X71Y7          LUT4 (Prop_lut4_I1_O)        0.124    10.834 r  d_i/acc/inst/lane1/core/coefficient_store_b/bank3/x[7]_i_4__9/O
                         net (fo=2, routed)           0.752    11.586    d_i/acc/inst/lane1/core/coefficient_store_b/bank3/x[7]_i_4__9_n_0
    SLICE_X70Y7          LUT5 (Prop_lut5_I0_O)        0.124    11.710 r  d_i/acc/inst/lane1/core/coefficient_store_b/bank3/x[7]_i_8__5/O
                         net (fo=1, routed)           0.000    11.710    d_i/acc/inst/lane1/core/coefficient_store_b/bank3/x[7]_i_8__5_n_0
    SLICE_X70Y7          CARRY4 (Prop_carry4_S[3]_CO[3])
                                                      0.401    12.111 r  d_i/acc/inst/lane1/core/coefficient_store_b/bank3/x_reg[7]_i_3__1/CO[3]
                         net (fo=1, routed)           0.000    12.111    d_i/acc/inst/lane1/core/coefficient_store_b/bank3/x_reg[7]_i_3__1_n_0
    SLICE_X70Y8          CARRY4 (Prop_carry4_CI_CO[3])
                                                      0.114    12.225 r  d_i/acc/inst/lane1/core/coefficient_store_b/bank3/x_reg[11]_i_3__1/CO[3]
                         net (fo=1, routed)           0.000    12.225    d_i/acc/inst/lane1/core/coefficient_store_b/bank3/x_reg[11]_i_3__1_n_0
    SLICE_X70Y9          CARRY4 (Prop_carry4_CI_CO[3])
                                                      0.114    12.339 r  d_i/acc/inst/lane1/core/coefficient_store_b/bank3/x_reg[15]_i_3__1/CO[3]
                         net (fo=1, routed)           0.000    12.339    d_i/acc/inst/lane1/core/coefficient_store_b/bank3/x_reg[15]_i_3__1_n_0
    SLICE_X70Y10         CARRY4 (Prop_carry4_CI_CO[3])
                                                      0.114    12.453 r  d_i/acc/inst/lane1/core/coefficient_store_b/bank3/x_reg[19]_i_3__1/CO[3]
                         net (fo=1, routed)           0.000    12.453    d_i/acc/inst/lane1/core/coefficient_store_b/bank3/x_reg[19]_i_3__1_n_0
    SLICE_X70Y11         CARRY4 (Prop_carry4_CI_CO[3])
                                                      0.114    12.567 r  d_i/acc/inst/lane1/core/coefficient_store_b/bank3/x_reg[23]_i_3__1/CO[3]
                         net (fo=1, routed)           0.000    12.567    d_i/acc/inst/lane1/core/coefficient_store_b/bank3/x_reg[23]_i_3__1_n_0
    SLICE_X70Y12         CARRY4 (Prop_carry4_CI_CO[3])
                                                      0.114    12.681 r  d_i/acc/inst/lane1/core/coefficient_store_b/bank3/x_reg[27]_i_3__1/CO[3]
                         net (fo=1, routed)           0.000    12.681    d_i/acc/inst/lane1/core/coefficient_store_b/bank3/x_reg[27]_i_3__1_n_0
    SLICE_X70Y13         CARRY4 (Prop_carry4_CI_O[2])
                                                      0.239    12.920 r  d_i/acc/inst/lane1/core/coefficient_store_b/bank3/x_reg[30]_i_3__1/O[2]
                         net (fo=1, routed)           0.581    13.501    d_i/acc/inst/lane1/core/butterfly_b1/multiplier/input_difference_reduced[30]
    SLICE_X72Y16         LUT5 (Prop_lut5_I1_O)        0.302    13.803 r  d_i/acc/inst/lane1/core/butterfly_b1/multiplier/x[30]_i_1__12/O
                         net (fo=1, routed)           0.000    13.803    d_i/acc/inst/lane1/core/butterfly_b1/multiplier/x[30]_i_1__12_n_0
    SLICE_X72Y16         FDRE                                         r  d_i/acc/inst/lane1/core/butterfly_b1/multiplier/x_reg[30]/D
  -------------------------------------------------------------------    -------------------

                         (clock clk_fpga_0 rise edge)
                                                     10.000    10.000 r  
    PS7_X0Y0             PS7                          0.000    10.000 r  d_i/ps/inst/PS7_i/FCLKCLK[0]
                         net (fo=1, routed)           1.088    11.088    d_i/ps/inst/FCLK_CLK_unbuffered[0]
    BUFGCTRL_X0Y17       BUFG (Prop_bufg_I_O)         0.091    11.179 r  d_i/ps/inst/buffer_fclk_clk_0.FCLK_CLK_0_BUFG_replica/O
                         net (fo=3, routed)           0.133    11.312    d_i/ps/inst/FCLK_CLK0_repN
    BUFGCTRL_X0Y16       BUFG (Prop_bufg_I_O)         0.091    11.403 r  d_i/ps/inst/buffer_fclk_clk_0.FCLK_CLK_0_BUFG/O
                         net (fo=13548, routed)       1.552    12.955    d_i/acc/inst/lane1/core/butterfly_b1/multiplier/clk
    SLICE_X72Y16         FDRE                                         r  d_i/acc/inst/lane1/core/butterfly_b1/multiplier/x_reg[30]/C
                         clock pessimism              0.253    13.208    
                         clock uncertainty           -0.154    13.054    
    SLICE_X72Y16         FDRE (Setup_fdre_C_D)        0.029    13.083    d_i/acc/inst/lane1/core/butterfly_b1/multiplier/x_reg[30]
  -------------------------------------------------------------------
                         required time                         13.083    
                         arrival time                         -13.803    
  -------------------------------------------------------------------
                         slack                                 -0.720    

Slack (VIOLATED) :        -0.719ns  (required time - arrival time)
  Source:                 d_i/acc/inst/lane0/core/coefficient_store_a/bank0/memory_reg/CLKBWRCLK
                            (rising edge-triggered cell RAMB36E1 clocked by clk_fpga_0  {rise@0.000ns fall@5.000ns period=10.000ns})
  Destination:            d_i/acc/inst/lane0/core/butterfly_a0/multiplier/x_reg[27]/D
                            (rising edge-triggered cell FDRE clocked by clk_fpga_0  {rise@0.000ns fall@5.000ns period=10.000ns})
  Path Group:             clk_fpga_0
  Path Type:              Setup (Max at Slow Process Corner)
  Requirement:            10.000ns  (clk_fpga_0 rise@10.000ns - clk_fpga_0 rise@0.000ns)
  Data Path Delay:        10.506ns  (logic 5.448ns (51.856%)  route 5.058ns (48.144%))
  Logic Levels:           15  (CARRY4=9 LUT4=2 LUT6=3 MUXF7=1)
  Clock Path Skew:        -0.171ns (DCD - SCD + CPR)
    Destination Clock Delay (DCD):    2.894ns = ( 12.894 - 10.000 ) 
    Source Clock Delay      (SCD):    3.318ns
    Clock Pessimism Removal (CPR):    0.253ns
  Clock Uncertainty:      0.154ns  ((TSJ^2 + TIJ^2)^1/2 + DJ) / 2 + PE
    Total System Jitter     (TSJ):    0.071ns
    Total Input Jitter      (TIJ):    0.300ns
    Discrete Jitter          (DJ):    0.000ns
    Phase Error              (PE):    0.000ns

    Location             Delay type                Incr(ns)  Path(ns)    Netlist Resource(s)
  -------------------------------------------------------------------    -------------------
                         (clock clk_fpga_0 rise edge)
                                                      0.000     0.000 r  
    PS7_X0Y0             PS7                          0.000     0.000 r  d_i/ps/inst/PS7_i/FCLKCLK[0]
                         net (fo=1, routed)           1.193     1.193    d_i/ps/inst/FCLK_CLK_unbuffered[0]
    BUFGCTRL_X0Y17       BUFG (Prop_bufg_I_O)         0.101     1.294 r  d_i/ps/inst/buffer_fclk_clk_0.FCLK_CLK_0_BUFG_replica/O
                         net (fo=3, routed)           0.146     1.440    d_i/ps/inst/FCLK_CLK0_repN
    BUFGCTRL_X0Y16       BUFG (Prop_bufg_I_O)         0.101     1.541 r  d_i/ps/inst/buffer_fclk_clk_0.FCLK_CLK_0_BUFG/O
                         net (fo=13548, routed)       1.777     3.318    d_i/acc/inst/lane0/core/coefficient_store_a/bank0/clk
    RAMB36_X1Y5          RAMB36E1                                     r  d_i/acc/inst/lane0/core/coefficient_store_a/bank0/memory_reg/CLKBWRCLK
  -------------------------------------------------------------------    -------------------
    RAMB36_X1Y5          RAMB36E1 (Prop_ramb36e1_CLKBWRCLK_DOBDO[0])
                                                      2.454     5.772 r  d_i/acc/inst/lane0/core/coefficient_store_a/bank0/memory_reg/DOBDO[0]
                         net (fo=4, routed)           1.212     6.985    d_i/acc/inst/lane0/core/coefficient_store_a/bank0/DOBDO[0]
    SLICE_X29Y26         LUT6 (Prop_lut6_I2_O)        0.124     7.109 r  d_i/acc/inst/lane0/core/coefficient_store_a/bank0/m_axis_tdata[0]_INST_0_i_1/O
                         net (fo=1, routed)           0.664     7.773    d_i/acc/inst/lane0/core/coefficient_store_a/bank3/a_register_reg[0]
    SLICE_X32Y28         LUT6 (Prop_lut6_I3_O)        0.124     7.897 r  d_i/acc/inst/lane0/core/coefficient_store_a/bank3/m_axis_tdata[0]_INST_0/O
                         net (fo=13, routed)          0.989     8.886    d_i/acc/inst/lane0/core/coefficient_store_a/bank3/DI[0]
    SLICE_X35Y30         LUT4 (Prop_lut4_I3_O)        0.124     9.010 r  d_i/acc/inst/lane0/core/coefficient_store_a/bank3/x[31]_i_58/O
                         net (fo=1, routed)           0.000     9.010    d_i/acc/inst/lane0/core/coefficient_store_a/bank3/x[31]_i_58_n_0
    SLICE_X35Y30         CARRY4 (Prop_carry4_S[0]_CO[3])
                                                      0.532     9.542 r  d_i/acc/inst/lane0/core/coefficient_store_a/bank3/x_reg[31]_i_42/CO[3]
                         net (fo=1, routed)           0.000     9.542    d_i/acc/inst/lane0/core/coefficient_store_a/bank3/x_reg[31]_i_42_n_0
    SLICE_X35Y31         CARRY4 (Prop_carry4_CI_CO[3])
                                                      0.114     9.656 r  d_i/acc/inst/lane0/core/coefficient_store_a/bank3/x_reg[31]_i_33__1/CO[3]
                         net (fo=1, routed)           0.000     9.656    d_i/acc/inst/lane0/core/coefficient_store_a/bank3/x_reg[31]_i_33__1_n_0
    SLICE_X35Y32         CARRY4 (Prop_carry4_CI_CO[3])
                                                      0.114     9.770 r  d_i/acc/inst/lane0/core/coefficient_store_a/bank3/x_reg[31]_i_24/CO[3]
                         net (fo=1, routed)           0.000     9.770    d_i/acc/inst/lane0/core/coefficient_store_a/bank3/x_reg[31]_i_24_n_0
    SLICE_X35Y33         CARRY4 (Prop_carry4_CI_CO[3])
                                                      0.114     9.884 f  d_i/acc/inst/lane0/core/coefficient_store_a/bank3/x_reg[31]_i_19/CO[3]
                         net (fo=61, routed)          1.113    10.997    d_i/acc/inst/lane0/core/coefficient_store_a/bank3/butterfly_a0/input_difference_reduced1
    SLICE_X34Y32         LUT4 (Prop_lut4_I0_O)        0.124    11.121 r  d_i/acc/inst/lane0/core/coefficient_store_a/bank3/x[11]_i_6/O
                         net (fo=1, routed)           0.621    11.742    d_i/acc/inst/lane0/core/coefficient_store_a/bank3/x[11]_i_6_n_0
    SLICE_X36Y32         CARRY4 (Prop_carry4_DI[2]_CO[3])
                                                      0.404    12.146 r  d_i/acc/inst/lane0/core/coefficient_store_a/bank3/x_reg[11]_i_4/CO[3]
                         net (fo=1, routed)           0.000    12.146    d_i/acc/inst/lane0/core/coefficient_store_a/bank3/x_reg[11]_i_4_n_0
    SLICE_X36Y33         CARRY4 (Prop_carry4_CI_CO[3])
                                                      0.117    12.263 r  d_i/acc/inst/lane0/core/coefficient_store_a/bank3/x_reg[15]_i_4/CO[3]
                         net (fo=1, routed)           0.000    12.263    d_i/acc/inst/lane0/core/coefficient_store_a/bank3/x_reg[15]_i_4_n_0
    SLICE_X36Y34         CARRY4 (Prop_carry4_CI_CO[3])
                                                      0.117    12.380 r  d_i/acc/inst/lane0/core/coefficient_store_a/bank3/x_reg[19]_i_4/CO[3]
                         net (fo=1, routed)           0.000    12.380    d_i/acc/inst/lane0/core/coefficient_store_a/bank3/x_reg[19]_i_4_n_0
    SLICE_X36Y35         CARRY4 (Prop_carry4_CI_CO[3])
                                                      0.117    12.497 r  d_i/acc/inst/lane0/core/coefficient_store_a/bank3/x_reg[23]_i_4/CO[3]
                         net (fo=1, routed)           0.000    12.497    d_i/acc/inst/lane0/core/coefficient_store_a/bank3/x_reg[23]_i_4_n_0
    SLICE_X36Y36         CARRY4 (Prop_carry4_CI_O[3])
                                                      0.315    12.812 r  d_i/acc/inst/lane0/core/coefficient_store_a/bank3/x_reg[27]_i_4/O[3]
                         net (fo=1, routed)           0.458    13.270    d_i/acc/inst/lane0/core/butterfly_a0/multiplier/input_difference_reduced[27]
    SLICE_X42Y37         LUT6 (Prop_lut6_I2_O)        0.307    13.577 r  d_i/acc/inst/lane0/core/butterfly_a0/multiplier/x[27]_i_3/O
                         net (fo=1, routed)           0.000    13.577    d_i/acc/inst/lane0/core/butterfly_a0/multiplier/x[27]_i_3_n_0
    SLICE_X42Y37         MUXF7 (Prop_muxf7_I1_O)      0.247    13.824 r  d_i/acc/inst/lane0/core/butterfly_a0/multiplier/x_reg[27]_i_1/O
                         net (fo=1, routed)           0.000    13.824    d_i/acc/inst/lane0/core/butterfly_a0/multiplier/x_reg[27]_i_1_n_0
    SLICE_X42Y37         FDRE                                         r  d_i/acc/inst/lane0/core/butterfly_a0/multiplier/x_reg[27]/D
  -------------------------------------------------------------------    -------------------

                         (clock clk_fpga_0 rise edge)
                                                     10.000    10.000 r  
    PS7_X0Y0             PS7                          0.000    10.000 r  d_i/ps/inst/PS7_i/FCLKCLK[0]
                         net (fo=1, routed)           1.088    11.088    d_i/ps/inst/FCLK_CLK_unbuffered[0]
    BUFGCTRL_X0Y17       BUFG (Prop_bufg_I_O)         0.091    11.179 r  d_i/ps/inst/buffer_fclk_clk_0.FCLK_CLK_0_BUFG_replica/O
                         net (fo=3, routed)           0.133    11.312    d_i/ps/inst/FCLK_CLK0_repN
    BUFGCTRL_X0Y16       BUFG (Prop_bufg_I_O)         0.091    11.403 r  d_i/ps/inst/buffer_fclk_clk_0.FCLK_CLK_0_BUFG/O
                         net (fo=13548, routed)       1.491    12.894    d_i/acc/inst/lane0/core/butterfly_a0/multiplier/clk
    SLICE_X42Y37         FDRE                                         r  d_i/acc/inst/lane0/core/butterfly_a0/multiplier/x_reg[27]/C
                         clock pessimism              0.253    13.147    
                         clock uncertainty           -0.154    12.993    
    SLICE_X42Y37         FDRE (Setup_fdre_C_D)        0.113    13.106    d_i/acc/inst/lane0/core/butterfly_a0/multiplier/x_reg[27]
  -------------------------------------------------------------------
                         required time                         13.106    
                         arrival time                         -13.824    
  -------------------------------------------------------------------
                         slack                                 -0.719    

Slack (VIOLATED) :        -0.717ns  (required time - arrival time)
  Source:                 d_i/acc/inst/lane1/core/coefficient_store_a/bank0/memory_reg/CLKBWRCLK
                            (rising edge-triggered cell RAMB36E1 clocked by clk_fpga_0  {rise@0.000ns fall@5.000ns period=10.000ns})
  Destination:            d_i/acc/inst/lane1/core/butterfly_a0/multiplier/x_reg[28]/D
                            (rising edge-triggered cell FDRE clocked by clk_fpga_0  {rise@0.000ns fall@5.000ns period=10.000ns})
  Path Group:             clk_fpga_0
  Path Type:              Setup (Max at Slow Process Corner)
  Requirement:            10.000ns  (clk_fpga_0 rise@10.000ns - clk_fpga_0 rise@0.000ns)
  Data Path Delay:        10.649ns  (logic 5.603ns (52.616%)  route 5.046ns (47.384%))
  Logic Levels:           16  (CARRY4=10 LUT4=2 LUT6=3 MUXF7=1)
  Clock Path Skew:        -0.027ns (DCD - SCD + CPR)
    Destination Clock Delay (DCD):    2.974ns = ( 12.974 - 10.000 ) 
    Source Clock Delay      (SCD):    3.253ns
    Clock Pessimism Removal (CPR):    0.253ns
  Clock Uncertainty:      0.154ns  ((TSJ^2 + TIJ^2)^1/2 + DJ) / 2 + PE
    Total System Jitter     (TSJ):    0.071ns
    Total Input Jitter      (TIJ):    0.300ns
    Discrete Jitter          (DJ):    0.000ns
    Phase Error              (PE):    0.000ns

    Location             Delay type                Incr(ns)  Path(ns)    Netlist Resource(s)
  -------------------------------------------------------------------    -------------------
                         (clock clk_fpga_0 rise edge)
                                                      0.000     0.000 r  
    PS7_X0Y0             PS7                          0.000     0.000 r  d_i/ps/inst/PS7_i/FCLKCLK[0]
                         net (fo=1, routed)           1.193     1.193    d_i/ps/inst/FCLK_CLK_unbuffered[0]
    BUFGCTRL_X0Y17       BUFG (Prop_bufg_I_O)         0.101     1.294 r  d_i/ps/inst/buffer_fclk_clk_0.FCLK_CLK_0_BUFG_replica/O
                         net (fo=3, routed)           0.146     1.440    d_i/ps/inst/FCLK_CLK0_repN
    BUFGCTRL_X0Y16       BUFG (Prop_bufg_I_O)         0.101     1.541 r  d_i/ps/inst/buffer_fclk_clk_0.FCLK_CLK_0_BUFG/O
                         net (fo=13548, routed)       1.712     3.253    d_i/acc/inst/lane1/core/coefficient_store_a/bank0/clk
    RAMB36_X2Y0          RAMB36E1                                     r  d_i/acc/inst/lane1/core/coefficient_store_a/bank0/memory_reg/CLKBWRCLK
  -------------------------------------------------------------------    -------------------
    RAMB36_X2Y0          RAMB36E1 (Prop_ramb36e1_CLKBWRCLK_DOBDO[1])
                                                      2.454     5.707 r  d_i/acc/inst/lane1/core/coefficient_store_a/bank0/memory_reg/DOBDO[1]
                         net (fo=4, routed)           1.202     6.909    d_i/acc/inst/lane1/core/coefficient_store_a/bank0/DOBDO[1]
    SLICE_X28Y5          LUT6 (Prop_lut6_I2_O)        0.124     7.033 r  d_i/acc/inst/lane1/core/coefficient_store_a/bank0/captured_a1[1]_i_2__0/O
                         net (fo=1, routed)           0.461     7.494    d_i/acc/inst/lane1/core/coefficient_store_a/bank2/captured_a1_reg[1]_0
    SLICE_X26Y4          LUT6 (Prop_lut6_I3_O)        0.124     7.618 r  d_i/acc/inst/lane1/core/coefficient_store_a/bank2/captured_a1[1]_i_1__0/O
                         net (fo=9, routed)           0.792     8.410    d_i/acc/inst/lane1/core/coefficient_store_a/bank3/x_reg[3]_i_4__1_0
    SLICE_X24Y4          LUT4 (Prop_lut4_I0_O)        0.124     8.534 r  d_i/acc/inst/lane1/core/coefficient_store_a/bank3/x[31]_i_58__1/O
                         net (fo=1, routed)           0.000     8.534    d_i/acc/inst/lane1/core/coefficient_store_a/bank3/x[31]_i_58__1_n_0
    SLICE_X24Y4          CARRY4 (Prop_carry4_S[0]_CO[3])
                                                      0.532     9.066 r  d_i/acc/inst/lane1/core/coefficient_store_a/bank3/x_reg[31]_i_42__1/CO[3]
                         net (fo=1, routed)           0.000     9.066    d_i/acc/inst/lane1/core/coefficient_store_a/bank3/x_reg[31]_i_42__1_n_0
    SLICE_X24Y5          CARRY4 (Prop_carry4_CI_CO[3])
                                                      0.114     9.180 r  d_i/acc/inst/lane1/core/coefficient_store_a/bank3/x_reg[31]_i_33__5/CO[3]
                         net (fo=1, routed)           0.000     9.180    d_i/acc/inst/lane1/core/coefficient_store_a/bank3/x_reg[31]_i_33__5_n_0
    SLICE_X24Y6          CARRY4 (Prop_carry4_CI_CO[3])
                                                      0.114     9.294 r  d_i/acc/inst/lane1/core/coefficient_store_a/bank3/x_reg[31]_i_24__1/CO[3]
                         net (fo=1, routed)           0.000     9.294    d_i/acc/inst/lane1/core/coefficient_store_a/bank3/x_reg[31]_i_24__1_n_0
    SLICE_X24Y7          CARRY4 (Prop_carry4_CI_CO[3])
                                                      0.114     9.408 f  d_i/acc/inst/lane1/core/coefficient_store_a/bank3/x_reg[31]_i_19__1/CO[3]
                         net (fo=61, routed)          1.431    10.839    d_i/acc/inst/lane1/core/coefficient_store_a/bank3/butterfly_a0/input_difference_reduced1
    SLICE_X23Y7          LUT4 (Prop_lut4_I0_O)        0.124    10.963 r  d_i/acc/inst/lane1/core/coefficient_store_a/bank3/x[11]_i_8__3/O
                         net (fo=1, routed)           0.568    11.531    d_i/acc/inst/lane1/core/coefficient_store_a/bank3/x[11]_i_8__3_n_0
    SLICE_X22Y7          CARRY4 (Prop_carry4_DI[0]_CO[3])
                                                      0.550    12.081 r  d_i/acc/inst/lane1/core/coefficient_store_a/bank3/x_reg[11]_i_4__1/CO[3]
                         net (fo=1, routed)           0.000    12.081    d_i/acc/inst/lane1/core/coefficient_store_a/bank3/x_reg[11]_i_4__1_n_0
    SLICE_X22Y8          CARRY4 (Prop_carry4_CI_CO[3])
                                                      0.117    12.198 r  d_i/acc/inst/lane1/core/coefficient_store_a/bank3/x_reg[15]_i_4__1/CO[3]
                         net (fo=1, routed)           0.000    12.198    d_i/acc/inst/lane1/core/coefficient_store_a/bank3/x_reg[15]_i_4__1_n_0
    SLICE_X22Y9          CARRY4 (Prop_carry4_CI_CO[3])
                                                      0.117    12.315 r  d_i/acc/inst/lane1/core/coefficient_store_a/bank3/x_reg[19]_i_4__1/CO[3]
                         net (fo=1, routed)           0.000    12.315    d_i/acc/inst/lane1/core/coefficient_store_a/bank3/x_reg[19]_i_4__1_n_0
    SLICE_X22Y10         CARRY4 (Prop_carry4_CI_CO[3])
                                                      0.117    12.432 r  d_i/acc/inst/lane1/core/coefficient_store_a/bank3/x_reg[23]_i_4__1/CO[3]
                         net (fo=1, routed)           0.000    12.432    d_i/acc/inst/lane1/core/coefficient_store_a/bank3/x_reg[23]_i_4__1_n_0
    SLICE_X22Y11         CARRY4 (Prop_carry4_CI_CO[3])
                                                      0.117    12.549 r  d_i/acc/inst/lane1/core/coefficient_store_a/bank3/x_reg[27]_i_4__1/CO[3]
                         net (fo=1, routed)           0.000    12.549    d_i/acc/inst/lane1/core/coefficient_store_a/bank3/x_reg[27]_i_4__1_n_0
    SLICE_X22Y12         CARRY4 (Prop_carry4_CI_O[0])
                                                      0.219    12.768 r  d_i/acc/inst/lane1/core/coefficient_store_a/bank3/x_reg[31]_i_7__5/O[0]
                         net (fo=1, routed)           0.592    13.360    d_i/acc/inst/lane1/core/butterfly_a0/multiplier/input_difference_reduced[28]
    SLICE_X22Y17         LUT6 (Prop_lut6_I2_O)        0.295    13.655 r  d_i/acc/inst/lane1/core/butterfly_a0/multiplier/x[28]_i_3__1/O
                         net (fo=1, routed)           0.000    13.655    d_i/acc/inst/lane1/core/butterfly_a0/multiplier/x[28]_i_3__1_n_0
    SLICE_X22Y17         MUXF7 (Prop_muxf7_I1_O)      0.247    13.902 r  d_i/acc/inst/lane1/core/butterfly_a0/multiplier/x_reg[28]_i_1__1/O
                         net (fo=1, routed)           0.000    13.902    d_i/acc/inst/lane1/core/butterfly_a0/multiplier/x_reg[28]_i_1__1_n_0
    SLICE_X22Y17         FDRE                                         r  d_i/acc/inst/lane1/core/butterfly_a0/multiplier/x_reg[28]/D
  -------------------------------------------------------------------    -------------------

                         (clock clk_fpga_0 rise edge)
                                                     10.000    10.000 r  
    PS7_X0Y0             PS7                          0.000    10.000 r  d_i/ps/inst/PS7_i/FCLKCLK[0]
                         net (fo=1, routed)           1.088    11.088    d_i/ps/inst/FCLK_CLK_unbuffered[0]
    BUFGCTRL_X0Y17       BUFG (Prop_bufg_I_O)         0.091    11.179 r  d_i/ps/inst/buffer_fclk_clk_0.FCLK_CLK_0_BUFG_replica/O
                         net (fo=3, routed)           0.133    11.312    d_i/ps/inst/FCLK_CLK0_repN
    BUFGCTRL_X0Y16       BUFG (Prop_bufg_I_O)         0.091    11.403 r  d_i/ps/inst/buffer_fclk_clk_0.FCLK_CLK_0_BUFG/O
                         net (fo=13548, routed)       1.570    12.974    d_i/acc/inst/lane1/core/butterfly_a0/multiplier/clk
    SLICE_X22Y17         FDRE                                         r  d_i/acc/inst/lane1/core/butterfly_a0/multiplier/x_reg[28]/C
                         clock pessimism              0.253    13.226    
                         clock uncertainty           -0.154    13.072    
    SLICE_X22Y17         FDRE (Setup_fdre_C_D)        0.113    13.185    d_i/acc/inst/lane1/core/butterfly_a0/multiplier/x_reg[28]
  -------------------------------------------------------------------
                         required time                         13.185    
                         arrival time                         -13.902    
  -------------------------------------------------------------------
                         slack                                 -0.717    

Slack (VIOLATED) :        -0.710ns  (required time - arrival time)
  Source:                 d_i/acc/inst/lane1/FSM_sequential_state_reg[1]/C
                            (rising edge-triggered cell FDRE clocked by clk_fpga_0  {rise@0.000ns fall@5.000ns period=10.000ns})
  Destination:            d_i/acc/inst/lane0/core/coefficient_store_b/bank0/memory_reg/ADDRBWRADDR[7]
                            (rising edge-triggered cell RAMB36E1 clocked by clk_fpga_0  {rise@0.000ns fall@5.000ns period=10.000ns})
  Path Group:             clk_fpga_0
  Path Type:              Setup (Max at Slow Process Corner)
  Requirement:            10.000ns  (clk_fpga_0 rise@10.000ns - clk_fpga_0 rise@0.000ns)
  Data Path Delay:        9.702ns  (logic 1.681ns (17.327%)  route 8.021ns (82.673%))
  Logic Levels:           8  (LUT2=2 LUT3=2 LUT5=1 LUT6=3)
  Clock Path Skew:        -0.288ns (DCD - SCD + CPR)
    Destination Clock Delay (DCD):    2.774ns = ( 12.774 - 10.000 ) 
    Source Clock Delay      (SCD):    3.177ns
    Clock Pessimism Removal (CPR):    0.115ns
  Clock Uncertainty:      0.154ns  ((TSJ^2 + TIJ^2)^1/2 + DJ) / 2 + PE
    Total System Jitter     (TSJ):    0.071ns
    Total Input Jitter      (TIJ):    0.300ns
    Discrete Jitter          (DJ):    0.000ns
    Phase Error              (PE):    0.000ns

    Location             Delay type                Incr(ns)  Path(ns)    Netlist Resource(s)
  -------------------------------------------------------------------    -------------------
                         (clock clk_fpga_0 rise edge)
                                                      0.000     0.000 r  
    PS7_X0Y0             PS7                          0.000     0.000 r  d_i/ps/inst/PS7_i/FCLKCLK[0]
                         net (fo=1, routed)           1.193     1.193    d_i/ps/inst/FCLK_CLK_unbuffered[0]
    BUFGCTRL_X0Y17       BUFG (Prop_bufg_I_O)         0.101     1.294 r  d_i/ps/inst/buffer_fclk_clk_0.FCLK_CLK_0_BUFG_replica/O
                         net (fo=3, routed)           0.146     1.440    d_i/ps/inst/FCLK_CLK0_repN
    BUFGCTRL_X0Y16       BUFG (Prop_bufg_I_O)         0.101     1.541 r  d_i/ps/inst/buffer_fclk_clk_0.FCLK_CLK_0_BUFG/O
                         net (fo=13548, routed)       1.636     3.177    d_i/acc/inst/lane1/clk
    SLICE_X52Y25         FDRE                                         r  d_i/acc/inst/lane1/FSM_sequential_state_reg[1]/C
  -------------------------------------------------------------------    -------------------
    SLICE_X52Y25         FDRE (Prop_fdre_C_Q)         0.456     3.633 r  d_i/acc/inst/lane1/FSM_sequential_state_reg[1]/Q
                         net (fo=50, routed)          0.937     4.570    d_i/acc/inst/lane1/core/coefficient_store_a/bank0/s_axis_tready[1]
    SLICE_X57Y24         LUT3 (Prop_lut3_I0_O)        0.124     4.694 r  d_i/acc/inst/lane1/core/coefficient_store_a/bank0/s_axis_tready_INST_0_i_1_rewire/O
                         net (fo=2, routed)           0.303     4.997    d_i/acc/inst/lane1/core/coefficient_store_a/bank0/lane1_s_ready
    SLICE_X59Y24         LUT3 (Prop_lut3_I2_O)        0.124     5.121 r  d_i/acc/inst/lane1/core/coefficient_store_a/bank0/modulus_register[31]_i_4_rewire/O
                         net (fo=7, routed)           0.627     5.749    d_i/acc/inst/lane0/core/coefficient_store_b/bank0/lane0_s_valid
    SLICE_X62Y26         LUT5 (Prop_lut5_I0_O)        0.124     5.873 r  d_i/acc/inst/lane0/core/coefficient_store_b/bank0/memory_reg_i_61__6/O
                         net (fo=55, routed)          0.627     6.499    d_i/acc/inst/lane0/core/coefficient_store_b/bank0/FSM_sequential_state_reg[2]
    SLICE_X69Y27         LUT2 (Prop_lut2_I1_O)        0.124     6.623 f  d_i/acc/inst/lane0/core/coefficient_store_b/bank0/memory_reg_i_457/O
                         net (fo=40, routed)          0.879     7.502    d_i/acc/inst/lane0/core/schedule/memory_reg_i_98__2_0
    SLICE_X57Y29         LUT6 (Prop_lut6_I3_O)        0.124     7.626 r  d_i/acc/inst/lane0/core/schedule/memory_reg_i_326/O
                         net (fo=5, routed)           1.103     8.729    d_i/acc/inst/lane0/core/schedule/memory_reg_i_326_n_0
    SLICE_X57Y29         LUT6 (Prop_lut6_I1_O)        0.124     8.853 r  d_i/acc/inst/lane0/core/schedule/bank_read_owner0_q[1]_i_3/O
                         net (fo=50, routed)          0.965     9.818    d_i/acc/inst/lane0/core/schedule/coefficient_store_b/logical_bank_return0_in[1]
    SLICE_X59Y32         LUT2 (Prop_lut2_I0_O)        0.149     9.967 r  d_i/acc/inst/lane0/core/schedule/memory_reg_i_95__1/O
                         net (fo=10, routed)          1.458    11.426    d_i/acc/inst/lane0/core/schedule/memory_reg_i_95__1_n_0
    SLICE_X66Y32         LUT6 (Prop_lut6_I2_O)        0.332    11.758 r  d_i/acc/inst/lane0/core/schedule/memory_reg_i_20__2/O
                         net (fo=1, routed)           1.121    12.879    d_i/acc/inst/lane0/core/coefficient_store_b/bank0/ADDRBWRADDR[2]
    RAMB36_X3Y8          RAMB36E1                                     r  d_i/acc/inst/lane0/core/coefficient_store_b/bank0/memory_reg/ADDRBWRADDR[7]
  -------------------------------------------------------------------    -------------------

                         (clock clk_fpga_0 rise edge)
                                                     10.000    10.000 r  
    PS7_X0Y0             PS7                          0.000    10.000 r  d_i/ps/inst/PS7_i/FCLKCLK[0]
                         net (fo=1, routed)           1.088    11.088    d_i/ps/inst/FCLK_CLK_unbuffered[0]
    BUFGCTRL_X0Y17       BUFG (Prop_bufg_I_O)         0.091    11.179 r  d_i/ps/inst/buffer_fclk_clk_0.FCLK_CLK_0_BUFG_replica/O
                         net (fo=3, routed)           1.595    12.774    d_i/acc/inst/lane0/core/coefficient_store_b/bank0/FCLK_CLK0_repN_alias
    RAMB36_X3Y8          RAMB36E1                                     r  d_i/acc/inst/lane0/core/coefficient_store_b/bank0/memory_reg/CLKBWRCLK
                         clock pessimism              0.115    12.889    
                         clock uncertainty           -0.154    12.735    
    RAMB36_X3Y8          RAMB36E1 (Setup_ramb36e1_CLKBWRCLK_ADDRBWRADDR[7])
                                                     -0.566    12.169    d_i/acc/inst/lane0/core/coefficient_store_b/bank0/memory_reg
  -------------------------------------------------------------------
                         required time                         12.169    
                         arrival time                         -12.879    
  -------------------------------------------------------------------
                         slack                                 -0.710    

Slack (VIOLATED) :        -0.703ns  (required time - arrival time)
  Source:                 d_i/acc/inst/lane1/core/coefficient_store_a/bank1/memory_reg/CLKBWRCLK
                            (rising edge-triggered cell RAMB36E1 clocked by clk_fpga_0  {rise@0.000ns fall@5.000ns period=10.000ns})
  Destination:            d_i/acc/inst/lane1/core/butterfly_a1/multiplier/x_reg[30]/D
                            (rising edge-triggered cell FDRE clocked by clk_fpga_0  {rise@0.000ns fall@5.000ns period=10.000ns})
  Path Group:             clk_fpga_0
  Path Type:              Setup (Max at Slow Process Corner)
  Requirement:            10.000ns  (clk_fpga_0 rise@10.000ns - clk_fpga_0 rise@0.000ns)
  Data Path Delay:        10.555ns  (logic 5.472ns (51.845%)  route 5.083ns (48.155%))
  Logic Levels:           17  (CARRY4=11 LUT4=2 LUT6=3 MUXF7=1)
  Clock Path Skew:        -0.107ns (DCD - SCD + CPR)
    Destination Clock Delay (DCD):    2.892ns = ( 12.892 - 10.000 ) 
    Source Clock Delay      (SCD):    3.252ns
    Clock Pessimism Removal (CPR):    0.253ns
  Clock Uncertainty:      0.154ns  ((TSJ^2 + TIJ^2)^1/2 + DJ) / 2 + PE
    Total System Jitter     (TSJ):    0.071ns
    Total Input Jitter      (TIJ):    0.300ns
    Discrete Jitter          (DJ):    0.000ns
    Phase Error              (PE):    0.000ns

    Location             Delay type                Incr(ns)  Path(ns)    Netlist Resource(s)
  -------------------------------------------------------------------    -------------------
                         (clock clk_fpga_0 rise edge)
                                                      0.000     0.000 r  
    PS7_X0Y0             PS7                          0.000     0.000 r  d_i/ps/inst/PS7_i/FCLKCLK[0]
                         net (fo=1, routed)           1.193     1.193    d_i/ps/inst/FCLK_CLK_unbuffered[0]
    BUFGCTRL_X0Y17       BUFG (Prop_bufg_I_O)         0.101     1.294 r  d_i/ps/inst/buffer_fclk_clk_0.FCLK_CLK_0_BUFG_replica/O
                         net (fo=3, routed)           0.146     1.440    d_i/ps/inst/FCLK_CLK0_repN
    BUFGCTRL_X0Y16       BUFG (Prop_bufg_I_O)         0.101     1.541 r  d_i/ps/inst/buffer_fclk_clk_0.FCLK_CLK_0_BUFG/O
                         net (fo=13548, routed)       1.711     3.252    d_i/acc/inst/lane1/core/coefficient_store_a/bank1/clk
    RAMB36_X2Y1          RAMB36E1                                     r  d_i/acc/inst/lane1/core/coefficient_store_a/bank1/memory_reg/CLKBWRCLK
  -------------------------------------------------------------------    -------------------
    RAMB36_X2Y1          RAMB36E1 (Prop_ramb36e1_CLKBWRCLK_DOBDO[15])
                                                      2.454     5.706 r  d_i/acc/inst/lane1/core/coefficient_store_a/bank1/memory_reg/DOBDO[15]
                         net (fo=4, routed)           1.419     7.125    d_i/acc/inst/lane1/core/coefficient_store_a/bank0/a_register_reg[31][15]
    SLICE_X37Y7          LUT6 (Prop_lut6_I3_O)        0.124     7.249 r  d_i/acc/inst/lane1/core/coefficient_store_a/bank0/a_register[15]_i_2__0/O
                         net (fo=1, routed)           0.433     7.682    d_i/acc/inst/lane1/core/coefficient_store_a/bank2/a_register_reg[15]
    SLICE_X35Y7          LUT6 (Prop_lut6_I2_O)        0.124     7.806 r  d_i/acc/inst/lane1/core/coefficient_store_a/bank2/a_register[15]_i_1__0/O
                         net (fo=10, routed)          0.859     8.666    d_i/acc/inst/lane1/core/coefficient_store_a/bank3/x_reg[19]_i_4__2_0
    SLICE_X33Y8          LUT4 (Prop_lut4_I1_O)        0.124     8.790 r  d_i/acc/inst/lane1/core/coefficient_store_a/bank3/x[31]_i_47__2/O
                         net (fo=1, routed)           0.000     8.790    d_i/acc/inst/lane1/core/coefficient_store_a/bank3/x[31]_i_47__2_n_0
    SLICE_X33Y8          CARRY4 (Prop_carry4_S[3]_CO[3])
                                                      0.401     9.191 r  d_i/acc/inst/lane1/core/coefficient_store_a/bank3/x_reg[31]_i_33__6/CO[3]
                         net (fo=1, routed)           0.000     9.191    d_i/acc/inst/lane1/core/coefficient_store_a/bank3/x_reg[31]_i_33__6_n_0
    SLICE_X33Y9          CARRY4 (Prop_carry4_CI_CO[3])
                                                      0.114     9.305 r  d_i/acc/inst/lane1/core/coefficient_store_a/bank3/x_reg[31]_i_24__2/CO[3]
                         net (fo=1, routed)           0.000     9.305    d_i/acc/inst/lane1/core/coefficient_store_a/bank3/x_reg[31]_i_24__2_n_0
    SLICE_X33Y10         CARRY4 (Prop_carry4_CI_CO[3])
                                                      0.114     9.419 f  d_i/acc/inst/lane1/core/coefficient_store_a/bank3/x_reg[31]_i_19__2/CO[3]
                         net (fo=61, routed)          1.162    10.580    d_i/acc/inst/lane1/core/coefficient_store_a/bank3/x[31]_i_32__2_0[0]
    SLICE_X37Y6          LUT4 (Prop_lut4_I0_O)        0.124    10.704 r  d_i/acc/inst/lane1/core/coefficient_store_a/bank3/x[3]_i_6__4/O
                         net (fo=1, routed)           0.640    11.344    d_i/acc/inst/lane1/core/coefficient_store_a/bank3/x[3]_i_6__4_n_0
    SLICE_X34Y6          CARRY4 (Prop_carry4_DI[2]_CO[3])
                                                      0.404    11.748 r  d_i/acc/inst/lane1/core/coefficient_store_a/bank3/x_reg[3]_i_4__2/CO[3]
                         net (fo=1, routed)           0.000    11.748    d_i/acc/inst/lane1/core/coefficient_store_a/bank3/x_reg[3]_i_4__2_n_0
    SLICE_X34Y7          CARRY4 (Prop_carry4_CI_CO[3])
                                                      0.117    11.865 r  d_i/acc/inst/lane1/core/coefficient_store_a/bank3/x_reg[7]_i_4__2/CO[3]
                         net (fo=1, routed)           0.000    11.865    d_i/acc/inst/lane1/core/coefficient_store_a/bank3/x_reg[7]_i_4__2_n_0
    SLICE_X34Y8          CARRY4 (Prop_carry4_CI_CO[3])
                                                      0.117    11.982 r  d_i/acc/inst/lane1/core/coefficient_store_a/bank3/x_reg[11]_i_4__2/CO[3]
                         net (fo=1, routed)           0.000    11.982    d_i/acc/inst/lane1/core/coefficient_store_a/bank3/x_reg[11]_i_4__2_n_0
    SLICE_X34Y9          CARRY4 (Prop_carry4_CI_CO[3])
                                                      0.117    12.099 r  d_i/acc/inst/lane1/core/coefficient_store_a/bank3/x_reg[15]_i_4__2/CO[3]
                         net (fo=1, routed)           0.000    12.099    d_i/acc/inst/lane1/core/coefficient_store_a/bank3/x_reg[15]_i_4__2_n_0
    SLICE_X34Y10         CARRY4 (Prop_carry4_CI_CO[3])
                                                      0.117    12.216 r  d_i/acc/inst/lane1/core/coefficient_store_a/bank3/x_reg[19]_i_4__2/CO[3]
                         net (fo=1, routed)           0.000    12.216    d_i/acc/inst/lane1/core/coefficient_store_a/bank3/x_reg[19]_i_4__2_n_0
    SLICE_X34Y11         CARRY4 (Prop_carry4_CI_CO[3])
                                                      0.117    12.333 r  d_i/acc/inst/lane1/core/coefficient_store_a/bank3/x_reg[23]_i_4__2/CO[3]
                         net (fo=1, routed)           0.000    12.333    d_i/acc/inst/lane1/core/coefficient_store_a/bank3/x_reg[23]_i_4__2_n_0
    SLICE_X34Y12         CARRY4 (Prop_carry4_CI_CO[3])
                                                      0.117    12.450 r  d_i/acc/inst/lane1/core/coefficient_store_a/bank3/x_reg[27]_i_4__2/CO[3]
                         net (fo=1, routed)           0.000    12.450    d_i/acc/inst/lane1/core/coefficient_store_a/bank3/x_reg[27]_i_4__2_n_0
    SLICE_X34Y13         CARRY4 (Prop_carry4_CI_O[2])
                                                      0.239    12.689 r  d_i/acc/inst/lane1/core/coefficient_store_a/bank3/x_reg[31]_i_7__6/O[2]
                         net (fo=1, routed)           0.570    13.259    d_i/acc/inst/lane1/core/butterfly_a1/multiplier/input_difference_reduced[30]
    SLICE_X34Y16         LUT6 (Prop_lut6_I2_O)        0.301    13.560 r  d_i/acc/inst/lane1/core/butterfly_a1/multiplier/x[30]_i_3__6/O
                         net (fo=1, routed)           0.000    13.560    d_i/acc/inst/lane1/core/butterfly_a1/multiplier/x[30]_i_3__6_n_0
    SLICE_X34Y16         MUXF7 (Prop_muxf7_I1_O)      0.247    13.807 r  d_i/acc/inst/lane1/core/butterfly_a1/multiplier/x_reg[30]_i_1__2/O
                         net (fo=1, routed)           0.000    13.807    d_i/acc/inst/lane1/core/butterfly_a1/multiplier/x_reg[30]_i_1__2_n_0
    SLICE_X34Y16         FDRE                                         r  d_i/acc/inst/lane1/core/butterfly_a1/multiplier/x_reg[30]/D
  -------------------------------------------------------------------    -------------------

                         (clock clk_fpga_0 rise edge)
                                                     10.000    10.000 r  
    PS7_X0Y0             PS7                          0.000    10.000 r  d_i/ps/inst/PS7_i/FCLKCLK[0]
                         net (fo=1, routed)           1.088    11.088    d_i/ps/inst/FCLK_CLK_unbuffered[0]
    BUFGCTRL_X0Y17       BUFG (Prop_bufg_I_O)         0.091    11.179 r  d_i/ps/inst/buffer_fclk_clk_0.FCLK_CLK_0_BUFG_replica/O
                         net (fo=3, routed)           0.133    11.312    d_i/ps/inst/FCLK_CLK0_repN
    BUFGCTRL_X0Y16       BUFG (Prop_bufg_I_O)         0.091    11.403 r  d_i/ps/inst/buffer_fclk_clk_0.FCLK_CLK_0_BUFG/O
                         net (fo=13548, routed)       1.489    12.892    d_i/acc/inst/lane1/core/butterfly_a1/multiplier/clk
    SLICE_X34Y16         FDRE                                         r  d_i/acc/inst/lane1/core/butterfly_a1/multiplier/x_reg[30]/C
                         clock pessimism              0.253    13.145    
                         clock uncertainty           -0.154    12.991    
    SLICE_X34Y16         FDRE (Setup_fdre_C_D)        0.113    13.104    d_i/acc/inst/lane1/core/butterfly_a1/multiplier/x_reg[30]
  -------------------------------------------------------------------
                         required time                         13.104    
                         arrival time                         -13.807    
  -------------------------------------------------------------------
                         slack                                 -0.703    

Slack (VIOLATED) :        -0.693ns  (required time - arrival time)
  Source:                 d_i/acc/inst/lane1/core/coefficient_store_b/bank1/memory_reg/CLKBWRCLK
                            (rising edge-triggered cell RAMB36E1 clocked by clk_fpga_0  {rise@0.000ns fall@5.000ns period=10.000ns})
  Destination:            d_i/acc/inst/lane1/core/butterfly_b0/multiplier/x_reg[21]/D
                            (rising edge-triggered cell FDRE clocked by clk_fpga_0  {rise@0.000ns fall@5.000ns period=10.000ns})
  Path Group:             clk_fpga_0
  Path Type:              Setup (Max at Slow Process Corner)
  Requirement:            10.000ns  (clk_fpga_0 rise@10.000ns - clk_fpga_0 rise@0.000ns)
  Data Path Delay:        10.462ns  (logic 5.039ns (48.167%)  route 5.423ns (51.833%))
  Logic Levels:           11  (CARRY4=5 LUT4=2 LUT5=2 LUT6=2)
  Clock Path Skew:        -0.106ns (DCD - SCD + CPR)
    Destination Clock Delay (DCD):    2.949ns = ( 12.950 - 10.000 ) 
    Source Clock Delay      (SCD):    3.308ns
    Clock Pessimism Removal (CPR):    0.253ns
  Clock Uncertainty:      0.154ns  ((TSJ^2 + TIJ^2)^1/2 + DJ) / 2 + PE
    Total System Jitter     (TSJ):    0.071ns
    Total Input Jitter      (TIJ):    0.300ns
    Discrete Jitter          (DJ):    0.000ns
    Phase Error              (PE):    0.000ns

    Location             Delay type                Incr(ns)  Path(ns)    Netlist Resource(s)
  -------------------------------------------------------------------    -------------------
                         (clock clk_fpga_0 rise edge)
                                                      0.000     0.000 r  
    PS7_X0Y0             PS7                          0.000     0.000 r  d_i/ps/inst/PS7_i/FCLKCLK[0]
                         net (fo=1, routed)           1.193     1.193    d_i/ps/inst/FCLK_CLK_unbuffered[0]
    BUFGCTRL_X0Y17       BUFG (Prop_bufg_I_O)         0.101     1.294 r  d_i/ps/inst/buffer_fclk_clk_0.FCLK_CLK_0_BUFG_replica/O
                         net (fo=3, routed)           0.146     1.440    d_i/ps/inst/FCLK_CLK0_repN
    BUFGCTRL_X0Y16       BUFG (Prop_bufg_I_O)         0.101     1.541 r  d_i/ps/inst/buffer_fclk_clk_0.FCLK_CLK_0_BUFG/O
                         net (fo=13548, routed)       1.767     3.308    d_i/acc/inst/lane1/core/coefficient_store_b/bank1/clk
    RAMB36_X3Y2          RAMB36E1                                     r  d_i/acc/inst/lane1/core/coefficient_store_b/bank1/memory_reg/CLKBWRCLK
  -------------------------------------------------------------------    -------------------
    RAMB36_X3Y2          RAMB36E1 (Prop_ramb36e1_CLKBWRCLK_DOBDO[27])
                                                      2.454     5.762 r  d_i/acc/inst/lane1/core/coefficient_store_b/bank1/memory_reg/DOBDO[27]
                         net (fo=4, routed)           1.523     7.286    d_i/acc/inst/lane1/core/coefficient_store_b/bank0/captured_b0_reg[31][27]
    SLICE_X80Y19         LUT6 (Prop_lut6_I3_O)        0.124     7.410 r  d_i/acc/inst/lane1/core/coefficient_store_b/bank0/captured_b0[27]_i_2__0/O
                         net (fo=1, routed)           0.420     7.830    d_i/acc/inst/lane1/core/coefficient_store_b/bank3/captured_b0_reg[27]
    SLICE_X80Y18         LUT6 (Prop_lut6_I3_O)        0.124     7.954 r  d_i/acc/inst/lane1/core/coefficient_store_b/bank3/captured_b0[27]_i_1__0/O
                         net (fo=8, routed)           1.246     9.199    d_i/acc/inst/lane1/core/coefficient_store_b/bank3/memory_reg_18[3]
    SLICE_X72Y12         LUT4 (Prop_lut4_I1_O)        0.124     9.323 r  d_i/acc/inst/lane1/core/coefficient_store_b/bank3/x[30]_i_27__2/O
                         net (fo=1, routed)           0.000     9.323    d_i/acc/inst/lane1/core/coefficient_store_b/bank3/x[30]_i_27__2_n_0
    SLICE_X72Y12         CARRY4 (Prop_carry4_S[1]_CO[3])
                                                      0.550     9.873 f  d_i/acc/inst/lane1/core/coefficient_store_b/bank3/x_reg[30]_i_18__2/CO[3]
                         net (fo=61, routed)          1.171    11.044    d_i/acc/inst/lane1/core/coefficient_store_b/bank3/butterfly_b0/input_difference_reduced1
    SLICE_X72Y14         LUT4 (Prop_lut4_I1_O)        0.124    11.168 r  d_i/acc/inst/lane1/core/coefficient_store_b/bank3/x[11]_i_6__6/O
                         net (fo=2, routed)           0.480    11.648    d_i/acc/inst/lane1/core/coefficient_store_b/bank3/x[11]_i_6__6_n_0
    SLICE_X71Y14         LUT5 (Prop_lut5_I0_O)        0.124    11.772 r  d_i/acc/inst/lane1/core/coefficient_store_b/bank3/x[11]_i_10__6/O
                         net (fo=1, routed)           0.000    11.772    d_i/acc/inst/lane1/core/coefficient_store_b/bank3/x[11]_i_10__6_n_0
    SLICE_X71Y14         CARRY4 (Prop_carry4_S[1]_CO[3])
                                                      0.550    12.322 r  d_i/acc/inst/lane1/core/coefficient_store_b/bank3/x_reg[11]_i_3__2/CO[3]
                         net (fo=1, routed)           0.000    12.322    d_i/acc/inst/lane1/core/coefficient_store_b/bank3/x_reg[11]_i_3__2_n_0
    SLICE_X71Y15         CARRY4 (Prop_carry4_CI_CO[3])
                                                      0.114    12.436 r  d_i/acc/inst/lane1/core/coefficient_store_b/bank3/x_reg[15]_i_3__2/CO[3]
                         net (fo=1, routed)           0.000    12.436    d_i/acc/inst/lane1/core/coefficient_store_b/bank3/x_reg[15]_i_3__2_n_0
    SLICE_X71Y16         CARRY4 (Prop_carry4_CI_CO[3])
                                                      0.114    12.550 r  d_i/acc/inst/lane1/core/coefficient_store_b/bank3/x_reg[19]_i_3__2/CO[3]
                         net (fo=1, routed)           0.000    12.550    d_i/acc/inst/lane1/core/coefficient_store_b/bank3/x_reg[19]_i_3__2_n_0
    SLICE_X71Y17         CARRY4 (Prop_carry4_CI_O[1])
                                                      0.334    12.884 r  d_i/acc/inst/lane1/core/coefficient_store_b/bank3/x_reg[23]_i_3__2/O[1]
                         net (fo=1, routed)           0.583    13.467    d_i/acc/inst/lane1/core/butterfly_b0/multiplier/input_difference_reduced[21]
    SLICE_X71Y21         LUT5 (Prop_lut5_I1_O)        0.303    13.770 r  d_i/acc/inst/lane1/core/butterfly_b0/multiplier/x[21]_i_1__13/O
                         net (fo=1, routed)           0.000    13.770    d_i/acc/inst/lane1/core/butterfly_b0/multiplier/x[21]_i_1__13_n_0
    SLICE_X71Y21         FDRE                                         r  d_i/acc/inst/lane1/core/butterfly_b0/multiplier/x_reg[21]/D
  -------------------------------------------------------------------    -------------------

                         (clock clk_fpga_0 rise edge)
                                                     10.000    10.000 r  
    PS7_X0Y0             PS7                          0.000    10.000 r  d_i/ps/inst/PS7_i/FCLKCLK[0]
                         net (fo=1, routed)           1.088    11.088    d_i/ps/inst/FCLK_CLK_unbuffered[0]
    BUFGCTRL_X0Y17       BUFG (Prop_bufg_I_O)         0.091    11.179 r  d_i/ps/inst/buffer_fclk_clk_0.FCLK_CLK_0_BUFG_replica/O
                         net (fo=3, routed)           0.133    11.312    d_i/ps/inst/FCLK_CLK0_repN
    BUFGCTRL_X0Y16       BUFG (Prop_bufg_I_O)         0.091    11.403 r  d_i/ps/inst/buffer_fclk_clk_0.FCLK_CLK_0_BUFG/O
                         net (fo=13548, routed)       1.546    12.950    d_i/acc/inst/lane1/core/butterfly_b0/multiplier/clk
    SLICE_X71Y21         FDRE                                         r  d_i/acc/inst/lane1/core/butterfly_b0/multiplier/x_reg[21]/C
                         clock pessimism              0.253    13.202    
                         clock uncertainty           -0.154    13.048    
    SLICE_X71Y21         FDRE (Setup_fdre_C_D)        0.029    13.077    d_i/acc/inst/lane1/core/butterfly_b0/multiplier/x_reg[21]
  -------------------------------------------------------------------
                         required time                         13.077    
                         arrival time                         -13.770    
  -------------------------------------------------------------------
                         slack                                 -0.693    

Slack (VIOLATED) :        -0.689ns  (required time - arrival time)
  Source:                 d_i/acc/inst/lane1/core/coefficient_store_a/bank0/memory_reg/CLKBWRCLK
                            (rising edge-triggered cell RAMB36E1 clocked by clk_fpga_0  {rise@0.000ns fall@5.000ns period=10.000ns})
  Destination:            d_i/acc/inst/lane1/core/butterfly_a0/multiplier/x_reg[30]/D
                            (rising edge-triggered cell FDRE clocked by clk_fpga_0  {rise@0.000ns fall@5.000ns period=10.000ns})
  Path Group:             clk_fpga_0
  Path Type:              Setup (Max at Slow Process Corner)
  Requirement:            10.000ns  (clk_fpga_0 rise@10.000ns - clk_fpga_0 rise@0.000ns)
  Data Path Delay:        10.572ns  (logic 5.627ns (53.226%)  route 4.945ns (46.774%))
  Logic Levels:           16  (CARRY4=10 LUT4=2 LUT6=3 MUXF7=1)
  Clock Path Skew:        -0.027ns (DCD - SCD + CPR)
    Destination Clock Delay (DCD):    2.974ns = ( 12.974 - 10.000 ) 
    Source Clock Delay      (SCD):    3.253ns
    Clock Pessimism Removal (CPR):    0.253ns
  Clock Uncertainty:      0.154ns  ((TSJ^2 + TIJ^2)^1/2 + DJ) / 2 + PE
    Total System Jitter     (TSJ):    0.071ns
    Total Input Jitter      (TIJ):    0.300ns
    Discrete Jitter          (DJ):    0.000ns
    Phase Error              (PE):    0.000ns

    Location             Delay type                Incr(ns)  Path(ns)    Netlist Resource(s)
  -------------------------------------------------------------------    -------------------
                         (clock clk_fpga_0 rise edge)
                                                      0.000     0.000 r  
    PS7_X0Y0             PS7                          0.000     0.000 r  d_i/ps/inst/PS7_i/FCLKCLK[0]
                         net (fo=1, routed)           1.193     1.193    d_i/ps/inst/FCLK_CLK_unbuffered[0]
    BUFGCTRL_X0Y17       BUFG (Prop_bufg_I_O)         0.101     1.294 r  d_i/ps/inst/buffer_fclk_clk_0.FCLK_CLK_0_BUFG_replica/O
                         net (fo=3, routed)           0.146     1.440    d_i/ps/inst/FCLK_CLK0_repN
    BUFGCTRL_X0Y16       BUFG (Prop_bufg_I_O)         0.101     1.541 r  d_i/ps/inst/buffer_fclk_clk_0.FCLK_CLK_0_BUFG/O
                         net (fo=13548, routed)       1.712     3.253    d_i/acc/inst/lane1/core/coefficient_store_a/bank0/clk
    RAMB36_X2Y0          RAMB36E1                                     r  d_i/acc/inst/lane1/core/coefficient_store_a/bank0/memory_reg/CLKBWRCLK
  -------------------------------------------------------------------    -------------------
    RAMB36_X2Y0          RAMB36E1 (Prop_ramb36e1_CLKBWRCLK_DOBDO[1])
                                                      2.454     5.707 r  d_i/acc/inst/lane1/core/coefficient_store_a/bank0/memory_reg/DOBDO[1]
                         net (fo=4, routed)           1.202     6.909    d_i/acc/inst/lane1/core/coefficient_store_a/bank0/DOBDO[1]
    SLICE_X28Y5          LUT6 (Prop_lut6_I2_O)        0.124     7.033 r  d_i/acc/inst/lane1/core/coefficient_store_a/bank0/captured_a1[1]_i_2__0/O
                         net (fo=1, routed)           0.461     7.494    d_i/acc/inst/lane1/core/coefficient_store_a/bank2/captured_a1_reg[1]_0
    SLICE_X26Y4          LUT6 (Prop_lut6_I3_O)        0.124     7.618 r  d_i/acc/inst/lane1/core/coefficient_store_a/bank2/captured_a1[1]_i_1__0/O
                         net (fo=9, routed)           0.792     8.410    d_i/acc/inst/lane1/core/coefficient_store_a/bank3/x_reg[3]_i_4__1_0
    SLICE_X24Y4          LUT4 (Prop_lut4_I0_O)        0.124     8.534 r  d_i/acc/inst/lane1/core/coefficient_store_a/bank3/x[31]_i_58__1/O
                         net (fo=1, routed)           0.000     8.534    d_i/acc/inst/lane1/core/coefficient_store_a/bank3/x[31]_i_58__1_n_0
    SLICE_X24Y4          CARRY4 (Prop_carry4_S[0]_CO[3])
                                                      0.532     9.066 r  d_i/acc/inst/lane1/core/coefficient_store_a/bank3/x_reg[31]_i_42__1/CO[3]
                         net (fo=1, routed)           0.000     9.066    d_i/acc/inst/lane1/core/coefficient_store_a/bank3/x_reg[31]_i_42__1_n_0
    SLICE_X24Y5          CARRY4 (Prop_carry4_CI_CO[3])
                                                      0.114     9.180 r  d_i/acc/inst/lane1/core/coefficient_store_a/bank3/x_reg[31]_i_33__5/CO[3]
                         net (fo=1, routed)           0.000     9.180    d_i/acc/inst/lane1/core/coefficient_store_a/bank3/x_reg[31]_i_33__5_n_0
    SLICE_X24Y6          CARRY4 (Prop_carry4_CI_CO[3])
                                                      0.114     9.294 r  d_i/acc/inst/lane1/core/coefficient_store_a/bank3/x_reg[31]_i_24__1/CO[3]
                         net (fo=1, routed)           0.000     9.294    d_i/acc/inst/lane1/core/coefficient_store_a/bank3/x_reg[31]_i_24__1_n_0
    SLICE_X24Y7          CARRY4 (Prop_carry4_CI_CO[3])
                                                      0.114     9.408 f  d_i/acc/inst/lane1/core/coefficient_store_a/bank3/x_reg[31]_i_19__1/CO[3]
                         net (fo=61, routed)          1.431    10.839    d_i/acc/inst/lane1/core/coefficient_store_a/bank3/butterfly_a0/input_difference_reduced1
    SLICE_X23Y7          LUT4 (Prop_lut4_I0_O)        0.124    10.963 r  d_i/acc/inst/lane1/core/coefficient_store_a/bank3/x[11]_i_8__3/O
                         net (fo=1, routed)           0.568    11.531    d_i/acc/inst/lane1/core/coefficient_store_a/bank3/x[11]_i_8__3_n_0
    SLICE_X22Y7          CARRY4 (Prop_carry4_DI[0]_CO[3])
                                                      0.550    12.081 r  d_i/acc/inst/lane1/core/coefficient_store_a/bank3/x_reg[11]_i_4__1/CO[3]
                         net (fo=1, routed)           0.000    12.081    d_i/acc/inst/lane1/core/coefficient_store_a/bank3/x_reg[11]_i_4__1_n_0
    SLICE_X22Y8          CARRY4 (Prop_carry4_CI_CO[3])
                                                      0.117    12.198 r  d_i/acc/inst/lane1/core/coefficient_store_a/bank3/x_reg[15]_i_4__1/CO[3]
                         net (fo=1, routed)           0.000    12.198    d_i/acc/inst/lane1/core/coefficient_store_a/bank3/x_reg[15]_i_4__1_n_0
    SLICE_X22Y9          CARRY4 (Prop_carry4_CI_CO[3])
                                                      0.117    12.315 r  d_i/acc/inst/lane1/core/coefficient_store_a/bank3/x_reg[19]_i_4__1/CO[3]
                         net (fo=1, routed)           0.000    12.315    d_i/acc/inst/lane1/core/coefficient_store_a/bank3/x_reg[19]_i_4__1_n_0
    SLICE_X22Y10         CARRY4 (Prop_carry4_CI_CO[3])
                                                      0.117    12.432 r  d_i/acc/inst/lane1/core/coefficient_store_a/bank3/x_reg[23]_i_4__1/CO[3]
                         net (fo=1, routed)           0.000    12.432    d_i/acc/inst/lane1/core/coefficient_store_a/bank3/x_reg[23]_i_4__1_n_0
    SLICE_X22Y11         CARRY4 (Prop_carry4_CI_CO[3])
                                                      0.117    12.549 r  d_i/acc/inst/lane1/core/coefficient_store_a/bank3/x_reg[27]_i_4__1/CO[3]
                         net (fo=1, routed)           0.000    12.549    d_i/acc/inst/lane1/core/coefficient_store_a/bank3/x_reg[27]_i_4__1_n_0
    SLICE_X22Y12         CARRY4 (Prop_carry4_CI_O[2])
                                                      0.239    12.788 r  d_i/acc/inst/lane1/core/coefficient_store_a/bank3/x_reg[31]_i_7__5/O[2]
                         net (fo=1, routed)           0.491    13.279    d_i/acc/inst/lane1/core/butterfly_a0/multiplier/input_difference_reduced[30]
    SLICE_X23Y17         LUT6 (Prop_lut6_I2_O)        0.301    13.580 r  d_i/acc/inst/lane1/core/butterfly_a0/multiplier/x[30]_i_3__5/O
                         net (fo=1, routed)           0.000    13.580    d_i/acc/inst/lane1/core/butterfly_a0/multiplier/x[30]_i_3__5_n_0
    SLICE_X23Y17         MUXF7 (Prop_muxf7_I1_O)      0.245    13.825 r  d_i/acc/inst/lane1/core/butterfly_a0/multiplier/x_reg[30]_i_1__1/O
                         net (fo=1, routed)           0.000    13.825    d_i/acc/inst/lane1/core/butterfly_a0/multiplier/x_reg[30]_i_1__1_n_0
    SLICE_X23Y17         FDRE                                         r  d_i/acc/inst/lane1/core/butterfly_a0/multiplier/x_reg[30]/D
  -------------------------------------------------------------------    -------------------

                         (clock clk_fpga_0 rise edge)
                                                     10.000    10.000 r  
    PS7_X0Y0             PS7                          0.000    10.000 r  d_i/ps/inst/PS7_i/FCLKCLK[0]
                         net (fo=1, routed)           1.088    11.088    d_i/ps/inst/FCLK_CLK_unbuffered[0]
    BUFGCTRL_X0Y17       BUFG (Prop_bufg_I_O)         0.091    11.179 r  d_i/ps/inst/buffer_fclk_clk_0.FCLK_CLK_0_BUFG_replica/O
                         net (fo=3, routed)           0.133    11.312    d_i/ps/inst/FCLK_CLK0_repN
    BUFGCTRL_X0Y16       BUFG (Prop_bufg_I_O)         0.091    11.403 r  d_i/ps/inst/buffer_fclk_clk_0.FCLK_CLK_0_BUFG/O
                         net (fo=13548, routed)       1.570    12.974    d_i/acc/inst/lane1/core/butterfly_a0/multiplier/clk
    SLICE_X23Y17         FDRE                                         r  d_i/acc/inst/lane1/core/butterfly_a0/multiplier/x_reg[30]/C
                         clock pessimism              0.253    13.226    
                         clock uncertainty           -0.154    13.072    
    SLICE_X23Y17         FDRE (Setup_fdre_C_D)        0.064    13.136    d_i/acc/inst/lane1/core/butterfly_a0/multiplier/x_reg[30]
  -------------------------------------------------------------------
                         required time                         13.136    
                         arrival time                         -13.825    
  -------------------------------------------------------------------
                         slack                                 -0.689    

Slack (VIOLATED) :        -0.689ns  (required time - arrival time)
  Source:                 d_i/acc/inst/lane1/core/coefficient_store_b/bank1/memory_reg/CLKBWRCLK
                            (rising edge-triggered cell RAMB36E1 clocked by clk_fpga_0  {rise@0.000ns fall@5.000ns period=10.000ns})
  Destination:            d_i/acc/inst/lane1/core/butterfly_b1/multiplier/x_reg[29]/D
                            (rising edge-triggered cell FDRE clocked by clk_fpga_0  {rise@0.000ns fall@5.000ns period=10.000ns})
  Path Group:             clk_fpga_0
  Path Type:              Setup (Max at Slow Process Corner)
  Requirement:            10.000ns  (clk_fpga_0 rise@10.000ns - clk_fpga_0 rise@0.000ns)
  Data Path Delay:        10.466ns  (logic 5.460ns (52.171%)  route 5.006ns (47.829%))
  Logic Levels:           16  (CARRY4=10 LUT4=2 LUT5=2 LUT6=2)
  Clock Path Skew:        -0.098ns (DCD - SCD + CPR)
    Destination Clock Delay (DCD):    2.957ns = ( 12.958 - 10.000 ) 
    Source Clock Delay      (SCD):    3.308ns
    Clock Pessimism Removal (CPR):    0.253ns
  Clock Uncertainty:      0.154ns  ((TSJ^2 + TIJ^2)^1/2 + DJ) / 2 + PE
    Total System Jitter     (TSJ):    0.071ns
    Total Input Jitter      (TIJ):    0.300ns
    Discrete Jitter          (DJ):    0.000ns
    Phase Error              (PE):    0.000ns

    Location             Delay type                Incr(ns)  Path(ns)    Netlist Resource(s)
  -------------------------------------------------------------------    -------------------
                         (clock clk_fpga_0 rise edge)
                                                      0.000     0.000 r  
    PS7_X0Y0             PS7                          0.000     0.000 r  d_i/ps/inst/PS7_i/FCLKCLK[0]
                         net (fo=1, routed)           1.193     1.193    d_i/ps/inst/FCLK_CLK_unbuffered[0]
    BUFGCTRL_X0Y17       BUFG (Prop_bufg_I_O)         0.101     1.294 r  d_i/ps/inst/buffer_fclk_clk_0.FCLK_CLK_0_BUFG_replica/O
                         net (fo=3, routed)           0.146     1.440    d_i/ps/inst/FCLK_CLK0_repN
    BUFGCTRL_X0Y16       BUFG (Prop_bufg_I_O)         0.101     1.541 r  d_i/ps/inst/buffer_fclk_clk_0.FCLK_CLK_0_BUFG/O
                         net (fo=13548, routed)       1.767     3.308    d_i/acc/inst/lane1/core/coefficient_store_b/bank1/clk
    RAMB36_X3Y2          RAMB36E1                                     r  d_i/acc/inst/lane1/core/coefficient_store_b/bank1/memory_reg/CLKBWRCLK
  -------------------------------------------------------------------    -------------------
    RAMB36_X3Y2          RAMB36E1 (Prop_ramb36e1_CLKBWRCLK_DOBDO[11])
                                                      2.454     5.762 r  d_i/acc/inst/lane1/core/coefficient_store_b/bank1/memory_reg/DOBDO[11]
                         net (fo=4, routed)           1.545     7.308    d_i/acc/inst/lane1/core/coefficient_store_b/bank0/captured_b0_reg[31][11]
    SLICE_X82Y9          LUT6 (Prop_lut6_I3_O)        0.124     7.432 r  d_i/acc/inst/lane1/core/coefficient_store_b/bank0/captured_b2[11]_i_2__0/O
                         net (fo=1, routed)           0.319     7.751    d_i/acc/inst/lane1/core/coefficient_store_b/bank3/captured_b2_reg[11]
    SLICE_X80Y8          LUT6 (Prop_lut6_I3_O)        0.124     7.875 r  d_i/acc/inst/lane1/core/coefficient_store_b/bank3/captured_b2[11]_i_1__0/O
                         net (fo=8, routed)           0.797     8.672    d_i/acc/inst/lane1/core/coefficient_store_b/bank3/memory_reg_44
    SLICE_X73Y8          LUT4 (Prop_lut4_I1_O)        0.124     8.796 r  d_i/acc/inst/lane1/core/coefficient_store_b/bank3/x[30]_i_45__1/O
                         net (fo=1, routed)           0.000     8.796    d_i/acc/inst/lane1/core/coefficient_store_b/bank3/x[30]_i_45__1_n_0
    SLICE_X73Y8          CARRY4 (Prop_carry4_S[1]_CO[3])
                                                      0.550     9.346 r  d_i/acc/inst/lane1/core/coefficient_store_b/bank3/x_reg[30]_i_29__1/CO[3]
                         net (fo=1, routed)           0.000     9.346    d_i/acc/inst/lane1/core/coefficient_store_b/bank3/x_reg[30]_i_29__1_n_0
    SLICE_X73Y9          CARRY4 (Prop_carry4_CI_CO[3])
                                                      0.114     9.460 r  d_i/acc/inst/lane1/core/coefficient_store_b/bank3/x_reg[30]_i_20__1/CO[3]
                         net (fo=1, routed)           0.000     9.460    d_i/acc/inst/lane1/core/coefficient_store_b/bank3/x_reg[30]_i_20__1_n_0
    SLICE_X73Y10         CARRY4 (Prop_carry4_CI_CO[3])
                                                      0.114     9.574 f  d_i/acc/inst/lane1/core/coefficient_store_b/bank3/x_reg[30]_i_18__1/CO[3]
                         net (fo=61, routed)          1.136    10.710    d_i/acc/inst/lane1/core/coefficient_store_b/bank3/butterfly_b1/input_difference_reduced1
    SLICE_X71Y7          LUT4 (Prop_lut4_I1_O)        0.124    10.834 r  d_i/acc/inst/lane1/core/coefficient_store_b/bank3/x[7]_i_4__9/O
                         net (fo=2, routed)           0.752    11.586    d_i/acc/inst/lane1/core/coefficient_store_b/bank3/x[7]_i_4__9_n_0
    SLICE_X70Y7          LUT5 (Prop_lut5_I0_O)        0.124    11.710 r  d_i/acc/inst/lane1/core/coefficient_store_b/bank3/x[7]_i_8__5/O
                         net (fo=1, routed)           0.000    11.710    d_i/acc/inst/lane1/core/coefficient_store_b/bank3/x[7]_i_8__5_n_0
    SLICE_X70Y7          CARRY4 (Prop_carry4_S[3]_CO[3])
                                                      0.401    12.111 r  d_i/acc/inst/lane1/core/coefficient_store_b/bank3/x_reg[7]_i_3__1/CO[3]
                         net (fo=1, routed)           0.000    12.111    d_i/acc/inst/lane1/core/coefficient_store_b/bank3/x_reg[7]_i_3__1_n_0
    SLICE_X70Y8          CARRY4 (Prop_carry4_CI_CO[3])
                                                      0.114    12.225 r  d_i/acc/inst/lane1/core/coefficient_store_b/bank3/x_reg[11]_i_3__1/CO[3]
                         net (fo=1, routed)           0.000    12.225    d_i/acc/inst/lane1/core/coefficient_store_b/bank3/x_reg[11]_i_3__1_n_0
    SLICE_X70Y9          CARRY4 (Prop_carry4_CI_CO[3])
                                                      0.114    12.339 r  d_i/acc/inst/lane1/core/coefficient_store_b/bank3/x_reg[15]_i_3__1/CO[3]
                         net (fo=1, routed)           0.000    12.339    d_i/acc/inst/lane1/core/coefficient_store_b/bank3/x_reg[15]_i_3__1_n_0
    SLICE_X70Y10         CARRY4 (Prop_carry4_CI_CO[3])
                                                      0.114    12.453 r  d_i/acc/inst/lane1/core/coefficient_store_b/bank3/x_reg[19]_i_3__1/CO[3]
                         net (fo=1, routed)           0.000    12.453    d_i/acc/inst/lane1/core/coefficient_store_b/bank3/x_reg[19]_i_3__1_n_0
    SLICE_X70Y11         CARRY4 (Prop_carry4_CI_CO[3])
                                                      0.114    12.567 r  d_i/acc/inst/lane1/core/coefficient_store_b/bank3/x_reg[23]_i_3__1/CO[3]
                         net (fo=1, routed)           0.000    12.567    d_i/acc/inst/lane1/core/coefficient_store_b/bank3/x_reg[23]_i_3__1_n_0
    SLICE_X70Y12         CARRY4 (Prop_carry4_CI_CO[3])
                                                      0.114    12.681 r  d_i/acc/inst/lane1/core/coefficient_store_b/bank3/x_reg[27]_i_3__1/CO[3]
                         net (fo=1, routed)           0.000    12.681    d_i/acc/inst/lane1/core/coefficient_store_b/bank3/x_reg[27]_i_3__1_n_0
    SLICE_X70Y13         CARRY4 (Prop_carry4_CI_O[1])
                                                      0.334    13.015 r  d_i/acc/inst/lane1/core/coefficient_store_b/bank3/x_reg[30]_i_3__1/O[1]
                         net (fo=1, routed)           0.456    13.471    d_i/acc/inst/lane1/core/butterfly_b1/multiplier/input_difference_reduced[29]
    SLICE_X72Y14         LUT5 (Prop_lut5_I1_O)        0.303    13.774 r  d_i/acc/inst/lane1/core/butterfly_b1/multiplier/x[29]_i_1__12/O
                         net (fo=1, routed)           0.000    13.774    d_i/acc/inst/lane1/core/butterfly_b1/multiplier/x[29]_i_1__12_n_0
    SLICE_X72Y14         FDRE                                         r  d_i/acc/inst/lane1/core/butterfly_b1/multiplier/x_reg[29]/D
  -------------------------------------------------------------------    -------------------

                         (clock clk_fpga_0 rise edge)
                                                     10.000    10.000 r  
    PS7_X0Y0             PS7                          0.000    10.000 r  d_i/ps/inst/PS7_i/FCLKCLK[0]
                         net (fo=1, routed)           1.088    11.088    d_i/ps/inst/FCLK_CLK_unbuffered[0]
    BUFGCTRL_X0Y17       BUFG (Prop_bufg_I_O)         0.091    11.179 r  d_i/ps/inst/buffer_fclk_clk_0.FCLK_CLK_0_BUFG_replica/O
                         net (fo=3, routed)           0.133    11.312    d_i/ps/inst/FCLK_CLK0_repN
    BUFGCTRL_X0Y16       BUFG (Prop_bufg_I_O)         0.091    11.403 r  d_i/ps/inst/buffer_fclk_clk_0.FCLK_CLK_0_BUFG/O
                         net (fo=13548, routed)       1.554    12.958    d_i/acc/inst/lane1/core/butterfly_b1/multiplier/clk
    SLICE_X72Y14         FDRE                                         r  d_i/acc/inst/lane1/core/butterfly_b1/multiplier/x_reg[29]/C
                         clock pessimism              0.253    13.210    
                         clock uncertainty           -0.154    13.056    
    SLICE_X72Y14         FDRE (Setup_fdre_C_D)        0.029    13.085    d_i/acc/inst/lane1/core/butterfly_b1/multiplier/x_reg[29]
  -------------------------------------------------------------------
                         required time                         13.085    
                         arrival time                         -13.774    
  -------------------------------------------------------------------
                         slack                                 -0.689    

Slack (VIOLATED) :        -0.689ns  (required time - arrival time)
  Source:                 d_i/acc/inst/lane0/core/coefficient_store_a/bank0/memory_reg/CLKBWRCLK
                            (rising edge-triggered cell RAMB36E1 clocked by clk_fpga_0  {rise@0.000ns fall@5.000ns period=10.000ns})
  Destination:            d_i/acc/inst/lane0/core/butterfly_a1/multiplier/x_reg[19]/D
                            (rising edge-triggered cell FDRE clocked by clk_fpga_0  {rise@0.000ns fall@5.000ns period=10.000ns})
  Path Group:             clk_fpga_0
  Path Type:              Setup (Max at Slow Process Corner)
  Requirement:            10.000ns  (clk_fpga_0 rise@10.000ns - clk_fpga_0 rise@0.000ns)
  Data Path Delay:        10.507ns  (logic 5.318ns (50.614%)  route 5.189ns (49.386%))
  Logic Levels:           13  (CARRY4=7 LUT4=2 LUT6=3 MUXF7=1)
  Clock Path Skew:        -0.091ns (DCD - SCD + CPR)
    Destination Clock Delay (DCD):    2.974ns = ( 12.974 - 10.000 ) 
    Source Clock Delay      (SCD):    3.318ns
    Clock Pessimism Removal (CPR):    0.253ns
  Clock Uncertainty:      0.154ns  ((TSJ^2 + TIJ^2)^1/2 + DJ) / 2 + PE
    Total System Jitter     (TSJ):    0.071ns
    Total Input Jitter      (TIJ):    0.300ns
    Discrete Jitter          (DJ):    0.000ns
    Phase Error              (PE):    0.000ns

    Location             Delay type                Incr(ns)  Path(ns)    Netlist Resource(s)
  -------------------------------------------------------------------    -------------------
                         (clock clk_fpga_0 rise edge)
                                                      0.000     0.000 r  
    PS7_X0Y0             PS7                          0.000     0.000 r  d_i/ps/inst/PS7_i/FCLKCLK[0]
                         net (fo=1, routed)           1.193     1.193    d_i/ps/inst/FCLK_CLK_unbuffered[0]
    BUFGCTRL_X0Y17       BUFG (Prop_bufg_I_O)         0.101     1.294 r  d_i/ps/inst/buffer_fclk_clk_0.FCLK_CLK_0_BUFG_replica/O
                         net (fo=3, routed)           0.146     1.440    d_i/ps/inst/FCLK_CLK0_repN
    BUFGCTRL_X0Y16       BUFG (Prop_bufg_I_O)         0.101     1.541 r  d_i/ps/inst/buffer_fclk_clk_0.FCLK_CLK_0_BUFG/O
                         net (fo=13548, routed)       1.777     3.318    d_i/acc/inst/lane0/core/coefficient_store_a/bank0/clk
    RAMB36_X1Y5          RAMB36E1                                     r  d_i/acc/inst/lane0/core/coefficient_store_a/bank0/memory_reg/CLKBWRCLK
  -------------------------------------------------------------------    -------------------
    RAMB36_X1Y5          RAMB36E1 (Prop_ramb36e1_CLKBWRCLK_DOBDO[10])
                                                      2.454     5.772 f  d_i/acc/inst/lane0/core/coefficient_store_a/bank0/memory_reg/DOBDO[10]
                         net (fo=4, routed)           0.662     6.434    d_i/acc/inst/lane0/core/coefficient_store_a/bank0/DOBDO[8]
    SLICE_X23Y27         LUT6 (Prop_lut6_I5_O)        0.124     6.558 r  d_i/acc/inst/lane0/core/coefficient_store_a/bank0/a_register[10]_i_2_comp_1/O
                         net (fo=1, routed)           0.665     7.223    d_i/acc/inst/lane0/core/coefficient_store_a/bank3/a_register_reg[10]_0
    SLICE_X23Y27         LUT6 (Prop_lut6_I3_O)        0.124     7.347 r  d_i/acc/inst/lane0/core/coefficient_store_a/bank3/a_register[10]_i_1_comp/O
                         net (fo=10, routed)          1.181     8.529    d_i/acc/inst/lane0/core/coefficient_store_a/bank3/memory_reg_46
    SLICE_X23Y33         LUT4 (Prop_lut4_I3_O)        0.124     8.653 r  d_i/acc/inst/lane0/core/coefficient_store_a/bank3/x[31]_i_49__0/O
                         net (fo=1, routed)           0.000     8.653    d_i/acc/inst/lane0/core/coefficient_store_a/bank3/x[31]_i_49__0_n_0
    SLICE_X23Y33         CARRY4 (Prop_carry4_S[1]_CO[3])
                                                      0.550     9.203 r  d_i/acc/inst/lane0/core/coefficient_store_a/bank3/x_reg[31]_i_33__2/CO[3]
                         net (fo=1, routed)           0.000     9.203    d_i/acc/inst/lane0/core/coefficient_store_a/bank3/x_reg[31]_i_33__2_n_0
    SLICE_X23Y34         CARRY4 (Prop_carry4_CI_CO[3])
                                                      0.114     9.317 r  d_i/acc/inst/lane0/core/coefficient_store_a/bank3/x_reg[31]_i_24__0/CO[3]
                         net (fo=1, routed)           0.000     9.317    d_i/acc/inst/lane0/core/coefficient_store_a/bank3/x_reg[31]_i_24__0_n_0
    SLICE_X23Y35         CARRY4 (Prop_carry4_CI_CO[3])
                                                      0.114     9.431 f  d_i/acc/inst/lane0/core/coefficient_store_a/bank3/x_reg[31]_i_19__0/CO[3]
                         net (fo=61, routed)          1.210    10.641    d_i/acc/inst/lane0/core/coefficient_store_a/bank3/x[31]_i_32__0_0[0]
    SLICE_X28Y41         LUT4 (Prop_lut4_I0_O)        0.124    10.765 r  d_i/acc/inst/lane0/core/coefficient_store_a/bank3/x[7]_i_8__0/O
                         net (fo=1, routed)           0.731    11.496    d_i/acc/inst/lane0/core/coefficient_store_a/bank3/x[7]_i_8__0_n_0
    SLICE_X28Y33         CARRY4 (Prop_carry4_DI[0]_CO[3])
                                                      0.526    12.022 r  d_i/acc/inst/lane0/core/coefficient_store_a/bank3/x_reg[7]_i_4__0/CO[3]
                         net (fo=1, routed)           0.000    12.022    d_i/acc/inst/lane0/core/coefficient_store_a/bank3/x_reg[7]_i_4__0_n_0
    SLICE_X28Y34         CARRY4 (Prop_carry4_CI_CO[3])
                                                      0.114    12.136 r  d_i/acc/inst/lane0/core/coefficient_store_a/bank3/x_reg[11]_i_4__0/CO[3]
                         net (fo=1, routed)           0.000    12.136    d_i/acc/inst/lane0/core/coefficient_store_a/bank3/x_reg[11]_i_4__0_n_0
    SLICE_X28Y35         CARRY4 (Prop_carry4_CI_CO[3])
                                                      0.114    12.250 r  d_i/acc/inst/lane0/core/coefficient_store_a/bank3/x_reg[15]_i_4__0/CO[3]
                         net (fo=1, routed)           0.000    12.250    d_i/acc/inst/lane0/core/coefficient_store_a/bank3/x_reg[15]_i_4__0_n_0
    SLICE_X28Y36         CARRY4 (Prop_carry4_CI_O[3])
                                                      0.313    12.563 r  d_i/acc/inst/lane0/core/coefficient_store_a/bank3/x_reg[19]_i_4__0/O[3]
                         net (fo=1, routed)           0.739    13.302    d_i/acc/inst/lane0/core/butterfly_a1/multiplier/input_difference_reduced[19]
    SLICE_X31Y43         LUT6 (Prop_lut6_I2_O)        0.306    13.608 r  d_i/acc/inst/lane0/core/butterfly_a1/multiplier/x[19]_i_3__0/O
                         net (fo=1, routed)           0.000    13.608    d_i/acc/inst/lane0/core/butterfly_a1/multiplier/x[19]_i_3__0_n_0
    SLICE_X31Y43         MUXF7 (Prop_muxf7_I1_O)      0.217    13.825 r  d_i/acc/inst/lane0/core/butterfly_a1/multiplier/x_reg[19]_i_1__0/O
                         net (fo=1, routed)           0.000    13.825    d_i/acc/inst/lane0/core/butterfly_a1/multiplier/x_reg[19]_i_1__0_n_0
    SLICE_X31Y43         FDRE                                         r  d_i/acc/inst/lane0/core/butterfly_a1/multiplier/x_reg[19]/D
  -------------------------------------------------------------------    -------------------

                         (clock clk_fpga_0 rise edge)
                                                     10.000    10.000 r  
    PS7_X0Y0             PS7                          0.000    10.000 r  d_i/ps/inst/PS7_i/FCLKCLK[0]
                         net (fo=1, routed)           1.088    11.088    d_i/ps/inst/FCLK_CLK_unbuffered[0]
    BUFGCTRL_X0Y17       BUFG (Prop_bufg_I_O)         0.091    11.179 r  d_i/ps/inst/buffer_fclk_clk_0.FCLK_CLK_0_BUFG_replica/O
                         net (fo=3, routed)           0.133    11.312    d_i/ps/inst/FCLK_CLK0_repN
    BUFGCTRL_X0Y16       BUFG (Prop_bufg_I_O)         0.091    11.403 r  d_i/ps/inst/buffer_fclk_clk_0.FCLK_CLK_0_BUFG/O
                         net (fo=13548, routed)       1.571    12.974    d_i/acc/inst/lane0/core/butterfly_a1/multiplier/clk
    SLICE_X31Y43         FDRE                                         r  d_i/acc/inst/lane0/core/butterfly_a1/multiplier/x_reg[19]/C
                         clock pessimism              0.253    13.227    
                         clock uncertainty           -0.154    13.073    
    SLICE_X31Y43         FDRE (Setup_fdre_C_D)        0.064    13.137    d_i/acc/inst/lane0/core/butterfly_a1/multiplier/x_reg[19]
  -------------------------------------------------------------------
                         required time                         13.137    
                         arrival time                         -13.825    
  -------------------------------------------------------------------
                         slack                                 -0.689    

Slack (VIOLATED) :        -0.685ns  (required time - arrival time)
  Source:                 d_i/acc/inst/lane1/core/coefficient_store_a/bank0/memory_reg/CLKBWRCLK
                            (rising edge-triggered cell RAMB36E1 clocked by clk_fpga_0  {rise@0.000ns fall@5.000ns period=10.000ns})
  Destination:            d_i/acc/inst/lane1/core/butterfly_a0/multiplier/x_reg[26]/D
                            (rising edge-triggered cell FDRE clocked by clk_fpga_0  {rise@0.000ns fall@5.000ns period=10.000ns})
  Path Group:             clk_fpga_0
  Path Type:              Setup (Max at Slow Process Corner)
  Requirement:            10.000ns  (clk_fpga_0 rise@10.000ns - clk_fpga_0 rise@0.000ns)
  Data Path Delay:        10.617ns  (logic 5.512ns (51.917%)  route 5.105ns (48.083%))
  Logic Levels:           15  (CARRY4=9 LUT4=2 LUT6=3 MUXF7=1)
  Clock Path Skew:        -0.026ns (DCD - SCD + CPR)
    Destination Clock Delay (DCD):    2.974ns = ( 12.974 - 10.000 ) 
    Source Clock Delay      (SCD):    3.253ns
    Clock Pessimism Removal (CPR):    0.253ns
  Clock Uncertainty:      0.154ns  ((TSJ^2 + TIJ^2)^1/2 + DJ) / 2 + PE
    Total System Jitter     (TSJ):    0.071ns
    Total Input Jitter      (TIJ):    0.300ns
    Discrete Jitter          (DJ):    0.000ns
    Phase Error              (PE):    0.000ns

    Location             Delay type                Incr(ns)  Path(ns)    Netlist Resource(s)
  -------------------------------------------------------------------    -------------------
                         (clock clk_fpga_0 rise edge)
                                                      0.000     0.000 r  
    PS7_X0Y0             PS7                          0.000     0.000 r  d_i/ps/inst/PS7_i/FCLKCLK[0]
                         net (fo=1, routed)           1.193     1.193    d_i/ps/inst/FCLK_CLK_unbuffered[0]
    BUFGCTRL_X0Y17       BUFG (Prop_bufg_I_O)         0.101     1.294 r  d_i/ps/inst/buffer_fclk_clk_0.FCLK_CLK_0_BUFG_replica/O
                         net (fo=3, routed)           0.146     1.440    d_i/ps/inst/FCLK_CLK0_repN
    BUFGCTRL_X0Y16       BUFG (Prop_bufg_I_O)         0.101     1.541 r  d_i/ps/inst/buffer_fclk_clk_0.FCLK_CLK_0_BUFG/O
                         net (fo=13548, routed)       1.712     3.253    d_i/acc/inst/lane1/core/coefficient_store_a/bank0/clk
    RAMB36_X2Y0          RAMB36E1                                     r  d_i/acc/inst/lane1/core/coefficient_store_a/bank0/memory_reg/CLKBWRCLK
  -------------------------------------------------------------------    -------------------
    RAMB36_X2Y0          RAMB36E1 (Prop_ramb36e1_CLKBWRCLK_DOBDO[1])
                                                      2.454     5.707 r  d_i/acc/inst/lane1/core/coefficient_store_a/bank0/memory_reg/DOBDO[1]
                         net (fo=4, routed)           1.202     6.909    d_i/acc/inst/lane1/core/coefficient_store_a/bank0/DOBDO[1]
    SLICE_X28Y5          LUT6 (Prop_lut6_I2_O)        0.124     7.033 r  d_i/acc/inst/lane1/core/coefficient_store_a/bank0/captured_a1[1]_i_2__0/O
                         net (fo=1, routed)           0.461     7.494    d_i/acc/inst/lane1/core/coefficient_store_a/bank2/captured_a1_reg[1]_0
    SLICE_X26Y4          LUT6 (Prop_lut6_I3_O)        0.124     7.618 r  d_i/acc/inst/lane1/core/coefficient_store_a/bank2/captured_a1[1]_i_1__0/O
                         net (fo=9, routed)           0.792     8.410    d_i/acc/inst/lane1/core/coefficient_store_a/bank3/x_reg[3]_i_4__1_0
    SLICE_X24Y4          LUT4 (Prop_lut4_I0_O)        0.124     8.534 r  d_i/acc/inst/lane1/core/coefficient_store_a/bank3/x[31]_i_58__1/O
                         net (fo=1, routed)           0.000     8.534    d_i/acc/inst/lane1/core/coefficient_store_a/bank3/x[31]_i_58__1_n_0
    SLICE_X24Y4          CARRY4 (Prop_carry4_S[0]_CO[3])
                                                      0.532     9.066 r  d_i/acc/inst/lane1/core/coefficient_store_a/bank3/x_reg[31]_i_42__1/CO[3]
                         net (fo=1, routed)           0.000     9.066    d_i/acc/inst/lane1/core/coefficient_store_a/bank3/x_reg[31]_i_42__1_n_0
    SLICE_X24Y5          CARRY4 (Prop_carry4_CI_CO[3])
                                                      0.114     9.180 r  d_i/acc/inst/lane1/core/coefficient_store_a/bank3/x_reg[31]_i_33__5/CO[3]
                         net (fo=1, routed)           0.000     9.180    d_i/acc/inst/lane1/core/coefficient_store_a/bank3/x_reg[31]_i_33__5_n_0
    SLICE_X24Y6          CARRY4 (Prop_carry4_CI_CO[3])
                                                      0.114     9.294 r  d_i/acc/inst/lane1/core/coefficient_store_a/bank3/x_reg[31]_i_24__1/CO[3]
                         net (fo=1, routed)           0.000     9.294    d_i/acc/inst/lane1/core/coefficient_store_a/bank3/x_reg[31]_i_24__1_n_0
    SLICE_X24Y7          CARRY4 (Prop_carry4_CI_CO[3])
                                                      0.114     9.408 f  d_i/acc/inst/lane1/core/coefficient_store_a/bank3/x_reg[31]_i_19__1/CO[3]
                         net (fo=61, routed)          1.431    10.839    d_i/acc/inst/lane1/core/coefficient_store_a/bank3/butterfly_a0/input_difference_reduced1
    SLICE_X23Y7          LUT4 (Prop_lut4_I0_O)        0.124    10.963 r  d_i/acc/inst/lane1/core/coefficient_store_a/bank3/x[11]_i_8__3/O
                         net (fo=1, routed)           0.568    11.531    d_i/acc/inst/lane1/core/coefficient_store_a/bank3/x[11]_i_8__3_n_0
    SLICE_X22Y7          CARRY4 (Prop_carry4_DI[0]_CO[3])
                                                      0.550    12.081 r  d_i/acc/inst/lane1/core/coefficient_store_a/bank3/x_reg[11]_i_4__1/CO[3]
                         net (fo=1, routed)           0.000    12.081    d_i/acc/inst/lane1/core/coefficient_store_a/bank3/x_reg[11]_i_4__1_n_0
    SLICE_X22Y8          CARRY4 (Prop_carry4_CI_CO[3])
                                                      0.117    12.198 r  d_i/acc/inst/lane1/core/coefficient_store_a/bank3/x_reg[15]_i_4__1/CO[3]
                         net (fo=1, routed)           0.000    12.198    d_i/acc/inst/lane1/core/coefficient_store_a/bank3/x_reg[15]_i_4__1_n_0
    SLICE_X22Y9          CARRY4 (Prop_carry4_CI_CO[3])
                                                      0.117    12.315 r  d_i/acc/inst/lane1/core/coefficient_store_a/bank3/x_reg[19]_i_4__1/CO[3]
                         net (fo=1, routed)           0.000    12.315    d_i/acc/inst/lane1/core/coefficient_store_a/bank3/x_reg[19]_i_4__1_n_0
    SLICE_X22Y10         CARRY4 (Prop_carry4_CI_CO[3])
                                                      0.117    12.432 r  d_i/acc/inst/lane1/core/coefficient_store_a/bank3/x_reg[23]_i_4__1/CO[3]
                         net (fo=1, routed)           0.000    12.432    d_i/acc/inst/lane1/core/coefficient_store_a/bank3/x_reg[23]_i_4__1_n_0
    SLICE_X22Y11         CARRY4 (Prop_carry4_CI_O[2])
                                                      0.239    12.671 r  d_i/acc/inst/lane1/core/coefficient_store_a/bank3/x_reg[27]_i_4__1/O[2]
                         net (fo=1, routed)           0.651    13.323    d_i/acc/inst/lane1/core/butterfly_a0/multiplier/input_difference_reduced[26]
    SLICE_X22Y16         LUT6 (Prop_lut6_I2_O)        0.301    13.624 r  d_i/acc/inst/lane1/core/butterfly_a0/multiplier/x[26]_i_3__5/O
                         net (fo=1, routed)           0.000    13.624    d_i/acc/inst/lane1/core/butterfly_a0/multiplier/x[26]_i_3__5_n_0
    SLICE_X22Y16         MUXF7 (Prop_muxf7_I1_O)      0.247    13.871 r  d_i/acc/inst/lane1/core/butterfly_a0/multiplier/x_reg[26]_i_1__1/O
                         net (fo=1, routed)           0.000    13.871    d_i/acc/inst/lane1/core/butterfly_a0/multiplier/x_reg[26]_i_1__1_n_0
    SLICE_X22Y16         FDRE                                         r  d_i/acc/inst/lane1/core/butterfly_a0/multiplier/x_reg[26]/D
  -------------------------------------------------------------------    -------------------

                         (clock clk_fpga_0 rise edge)
                                                     10.000    10.000 r  
    PS7_X0Y0             PS7                          0.000    10.000 r  d_i/ps/inst/PS7_i/FCLKCLK[0]
                         net (fo=1, routed)           1.088    11.088    d_i/ps/inst/FCLK_CLK_unbuffered[0]
    BUFGCTRL_X0Y17       BUFG (Prop_bufg_I_O)         0.091    11.179 r  d_i/ps/inst/buffer_fclk_clk_0.FCLK_CLK_0_BUFG_replica/O
                         net (fo=3, routed)           0.133    11.312    d_i/ps/inst/FCLK_CLK0_repN
    BUFGCTRL_X0Y16       BUFG (Prop_bufg_I_O)         0.091    11.403 r  d_i/ps/inst/buffer_fclk_clk_0.FCLK_CLK_0_BUFG/O
                         net (fo=13548, routed)       1.571    12.974    d_i/acc/inst/lane1/core/butterfly_a0/multiplier/clk
    SLICE_X22Y16         FDRE                                         r  d_i/acc/inst/lane1/core/butterfly_a0/multiplier/x_reg[26]/C
                         clock pessimism              0.253    13.227    
                         clock uncertainty           -0.154    13.073    
    SLICE_X22Y16         FDRE (Setup_fdre_C_D)        0.113    13.186    d_i/acc/inst/lane1/core/butterfly_a0/multiplier/x_reg[26]
  -------------------------------------------------------------------
                         required time                         13.186    
                         arrival time                         -13.871    
  -------------------------------------------------------------------
                         slack                                 -0.685    

Slack (VIOLATED) :        -0.676ns  (required time - arrival time)
  Source:                 d_i/acc/inst/lane0/core/coefficient_store_a/bank0/memory_reg/CLKBWRCLK
                            (rising edge-triggered cell RAMB36E1 clocked by clk_fpga_0  {rise@0.000ns fall@5.000ns period=10.000ns})
  Destination:            d_i/acc/inst/lane0/core/butterfly_a0/multiplier/x_reg[19]/D
                            (rising edge-triggered cell FDRE clocked by clk_fpga_0  {rise@0.000ns fall@5.000ns period=10.000ns})
  Path Group:             clk_fpga_0
  Path Type:              Setup (Max at Slow Process Corner)
  Requirement:            10.000ns  (clk_fpga_0 rise@10.000ns - clk_fpga_0 rise@0.000ns)
  Data Path Delay:        10.414ns  (logic 5.184ns (49.779%)  route 5.230ns (50.221%))
  Logic Levels:           13  (CARRY4=7 LUT4=2 LUT6=3 MUXF7=1)
  Clock Path Skew:        -0.171ns (DCD - SCD + CPR)
    Destination Clock Delay (DCD):    2.894ns = ( 12.894 - 10.000 ) 
    Source Clock Delay      (SCD):    3.318ns
    Clock Pessimism Removal (CPR):    0.253ns
  Clock Uncertainty:      0.154ns  ((TSJ^2 + TIJ^2)^1/2 + DJ) / 2 + PE
    Total System Jitter     (TSJ):    0.071ns
    Total Input Jitter      (TIJ):    0.300ns
    Discrete Jitter          (DJ):    0.000ns
    Phase Error              (PE):    0.000ns

    Location             Delay type                Incr(ns)  Path(ns)    Netlist Resource(s)
  -------------------------------------------------------------------    -------------------
                         (clock clk_fpga_0 rise edge)
                                                      0.000     0.000 r  
    PS7_X0Y0             PS7                          0.000     0.000 r  d_i/ps/inst/PS7_i/FCLKCLK[0]
                         net (fo=1, routed)           1.193     1.193    d_i/ps/inst/FCLK_CLK_unbuffered[0]
    BUFGCTRL_X0Y17       BUFG (Prop_bufg_I_O)         0.101     1.294 r  d_i/ps/inst/buffer_fclk_clk_0.FCLK_CLK_0_BUFG_replica/O
                         net (fo=3, routed)           0.146     1.440    d_i/ps/inst/FCLK_CLK0_repN
    BUFGCTRL_X0Y16       BUFG (Prop_bufg_I_O)         0.101     1.541 r  d_i/ps/inst/buffer_fclk_clk_0.FCLK_CLK_0_BUFG/O
                         net (fo=13548, routed)       1.777     3.318    d_i/acc/inst/lane0/core/coefficient_store_a/bank0/clk
    RAMB36_X1Y5          RAMB36E1                                     r  d_i/acc/inst/lane0/core/coefficient_store_a/bank0/memory_reg/CLKBWRCLK
  -------------------------------------------------------------------    -------------------
    RAMB36_X1Y5          RAMB36E1 (Prop_ramb36e1_CLKBWRCLK_DOBDO[0])
                                                      2.454     5.772 r  d_i/acc/inst/lane0/core/coefficient_store_a/bank0/memory_reg/DOBDO[0]
                         net (fo=4, routed)           1.212     6.985    d_i/acc/inst/lane0/core/coefficient_store_a/bank0/DOBDO[0]
    SLICE_X29Y26         LUT6 (Prop_lut6_I2_O)        0.124     7.109 r  d_i/acc/inst/lane0/core/coefficient_store_a/bank0/m_axis_tdata[0]_INST_0_i_1/O
                         net (fo=1, routed)           0.664     7.773    d_i/acc/inst/lane0/core/coefficient_store_a/bank3/a_register_reg[0]
    SLICE_X32Y28         LUT6 (Prop_lut6_I3_O)        0.124     7.897 r  d_i/acc/inst/lane0/core/coefficient_store_a/bank3/m_axis_tdata[0]_INST_0/O
                         net (fo=13, routed)          0.989     8.886    d_i/acc/inst/lane0/core/coefficient_store_a/bank3/DI[0]
    SLICE_X35Y30         LUT4 (Prop_lut4_I3_O)        0.124     9.010 r  d_i/acc/inst/lane0/core/coefficient_store_a/bank3/x[31]_i_58/O
                         net (fo=1, routed)           0.000     9.010    d_i/acc/inst/lane0/core/coefficient_store_a/bank3/x[31]_i_58_n_0
    SLICE_X35Y30         CARRY4 (Prop_carry4_S[0]_CO[3])
                                                      0.532     9.542 r  d_i/acc/inst/lane0/core/coefficient_store_a/bank3/x_reg[31]_i_42/CO[3]
                         net (fo=1, routed)           0.000     9.542    d_i/acc/inst/lane0/core/coefficient_store_a/bank3/x_reg[31]_i_42_n_0
    SLICE_X35Y31         CARRY4 (Prop_carry4_CI_CO[3])
                                                      0.114     9.656 r  d_i/acc/inst/lane0/core/coefficient_store_a/bank3/x_reg[31]_i_33__1/CO[3]
                         net (fo=1, routed)           0.000     9.656    d_i/acc/inst/lane0/core/coefficient_store_a/bank3/x_reg[31]_i_33__1_n_0
    SLICE_X35Y32         CARRY4 (Prop_carry4_CI_CO[3])
                                                      0.114     9.770 r  d_i/acc/inst/lane0/core/coefficient_store_a/bank3/x_reg[31]_i_24/CO[3]
                         net (fo=1, routed)           0.000     9.770    d_i/acc/inst/lane0/core/coefficient_store_a/bank3/x_reg[31]_i_24_n_0
    SLICE_X35Y33         CARRY4 (Prop_carry4_CI_CO[3])
                                                      0.114     9.884 f  d_i/acc/inst/lane0/core/coefficient_store_a/bank3/x_reg[31]_i_19/CO[3]
                         net (fo=61, routed)          1.113    10.997    d_i/acc/inst/lane0/core/coefficient_store_a/bank3/butterfly_a0/input_difference_reduced1
    SLICE_X34Y32         LUT4 (Prop_lut4_I0_O)        0.124    11.121 r  d_i/acc/inst/lane0/core/coefficient_store_a/bank3/x[11]_i_6/O
                         net (fo=1, routed)           0.621    11.742    d_i/acc/inst/lane0/core/coefficient_store_a/bank3/x[11]_i_6_n_0
    SLICE_X36Y32         CARRY4 (Prop_carry4_DI[2]_CO[3])
                                                      0.404    12.146 r  d_i/acc/inst/lane0/core/coefficient_store_a/bank3/x_reg[11]_i_4/CO[3]
                         net (fo=1, routed)           0.000    12.146    d_i/acc/inst/lane0/core/coefficient_store_a/bank3/x_reg[11]_i_4_n_0
    SLICE_X36Y33         CARRY4 (Prop_carry4_CI_CO[3])
                                                      0.117    12.263 r  d_i/acc/inst/lane0/core/coefficient_store_a/bank3/x_reg[15]_i_4/CO[3]
                         net (fo=1, routed)           0.000    12.263    d_i/acc/inst/lane0/core/coefficient_store_a/bank3/x_reg[15]_i_4_n_0
    SLICE_X36Y34         CARRY4 (Prop_carry4_CI_O[3])
                                                      0.315    12.578 r  d_i/acc/inst/lane0/core/coefficient_store_a/bank3/x_reg[19]_i_4/O[3]
                         net (fo=1, routed)           0.630    13.209    d_i/acc/inst/lane0/core/butterfly_a0/multiplier/input_difference_reduced[19]
    SLICE_X41Y37         LUT6 (Prop_lut6_I2_O)        0.307    13.516 r  d_i/acc/inst/lane0/core/butterfly_a0/multiplier/x[19]_i_3/O
                         net (fo=1, routed)           0.000    13.516    d_i/acc/inst/lane0/core/butterfly_a0/multiplier/x[19]_i_3_n_0
    SLICE_X41Y37         MUXF7 (Prop_muxf7_I1_O)      0.217    13.733 r  d_i/acc/inst/lane0/core/butterfly_a0/multiplier/x_reg[19]_i_1/O
                         net (fo=1, routed)           0.000    13.733    d_i/acc/inst/lane0/core/butterfly_a0/multiplier/x_reg[19]_i_1_n_0
    SLICE_X41Y37         FDRE                                         r  d_i/acc/inst/lane0/core/butterfly_a0/multiplier/x_reg[19]/D
  -------------------------------------------------------------------    -------------------

                         (clock clk_fpga_0 rise edge)
                                                     10.000    10.000 r  
    PS7_X0Y0             PS7                          0.000    10.000 r  d_i/ps/inst/PS7_i/FCLKCLK[0]
                         net (fo=1, routed)           1.088    11.088    d_i/ps/inst/FCLK_CLK_unbuffered[0]
    BUFGCTRL_X0Y17       BUFG (Prop_bufg_I_O)         0.091    11.179 r  d_i/ps/inst/buffer_fclk_clk_0.FCLK_CLK_0_BUFG_replica/O
                         net (fo=3, routed)           0.133    11.312    d_i/ps/inst/FCLK_CLK0_repN
    BUFGCTRL_X0Y16       BUFG (Prop_bufg_I_O)         0.091    11.403 r  d_i/ps/inst/buffer_fclk_clk_0.FCLK_CLK_0_BUFG/O
                         net (fo=13548, routed)       1.491    12.894    d_i/acc/inst/lane0/core/butterfly_a0/multiplier/clk
    SLICE_X41Y37         FDRE                                         r  d_i/acc/inst/lane0/core/butterfly_a0/multiplier/x_reg[19]/C
                         clock pessimism              0.253    13.147    
                         clock uncertainty           -0.154    12.993    
    SLICE_X41Y37         FDRE (Setup_fdre_C_D)        0.064    13.057    d_i/acc/inst/lane0/core/butterfly_a0/multiplier/x_reg[19]
  -------------------------------------------------------------------
                         required time                         13.057    
                         arrival time                         -13.733    
  -------------------------------------------------------------------
                         slack                                 -0.676    

Slack (VIOLATED) :        -0.674ns  (required time - arrival time)
  Source:                 d_i/acc/inst/lane0/core/coefficient_store_a/bank0/memory_reg/CLKBWRCLK
                            (rising edge-triggered cell RAMB36E1 clocked by clk_fpga_0  {rise@0.000ns fall@5.000ns period=10.000ns})
  Destination:            d_i/acc/inst/lane0/core/butterfly_a1/multiplier/x_reg[25]/D
                            (rising edge-triggered cell FDRE clocked by clk_fpga_0  {rise@0.000ns fall@5.000ns period=10.000ns})
  Path Group:             clk_fpga_0
  Path Type:              Setup (Max at Slow Process Corner)
  Requirement:            10.000ns  (clk_fpga_0 rise@10.000ns - clk_fpga_0 rise@0.000ns)
  Data Path Delay:        10.490ns  (logic 5.592ns (53.307%)  route 4.898ns (46.693%))
  Logic Levels:           15  (CARRY4=9 LUT4=2 LUT6=3 MUXF7=1)
  Clock Path Skew:        -0.093ns (DCD - SCD + CPR)
    Destination Clock Delay (DCD):    2.973ns = ( 12.972 - 10.000 ) 
    Source Clock Delay      (SCD):    3.318ns
    Clock Pessimism Removal (CPR):    0.253ns
  Clock Uncertainty:      0.154ns  ((TSJ^2 + TIJ^2)^1/2 + DJ) / 2 + PE
    Total System Jitter     (TSJ):    0.071ns
    Total Input Jitter      (TIJ):    0.300ns
    Discrete Jitter          (DJ):    0.000ns
    Phase Error              (PE):    0.000ns

    Location             Delay type                Incr(ns)  Path(ns)    Netlist Resource(s)
  -------------------------------------------------------------------    -------------------
                         (clock clk_fpga_0 rise edge)
                                                      0.000     0.000 r  
    PS7_X0Y0             PS7                          0.000     0.000 r  d_i/ps/inst/PS7_i/FCLKCLK[0]
                         net (fo=1, routed)           1.193     1.193    d_i/ps/inst/FCLK_CLK_unbuffered[0]
    BUFGCTRL_X0Y17       BUFG (Prop_bufg_I_O)         0.101     1.294 r  d_i/ps/inst/buffer_fclk_clk_0.FCLK_CLK_0_BUFG_replica/O
                         net (fo=3, routed)           0.146     1.440    d_i/ps/inst/FCLK_CLK0_repN
    BUFGCTRL_X0Y16       BUFG (Prop_bufg_I_O)         0.101     1.541 r  d_i/ps/inst/buffer_fclk_clk_0.FCLK_CLK_0_BUFG/O
                         net (fo=13548, routed)       1.777     3.318    d_i/acc/inst/lane0/core/coefficient_store_a/bank0/clk
    RAMB36_X1Y5          RAMB36E1                                     r  d_i/acc/inst/lane0/core/coefficient_store_a/bank0/memory_reg/CLKBWRCLK
  -------------------------------------------------------------------    -------------------
    RAMB36_X1Y5          RAMB36E1 (Prop_ramb36e1_CLKBWRCLK_DOBDO[10])
                                                      2.454     5.772 f  d_i/acc/inst/lane0/core/coefficient_store_a/bank0/memory_reg/DOBDO[10]
                         net (fo=4, routed)           0.662     6.434    d_i/acc/inst/lane0/core/coefficient_store_a/bank0/DOBDO[8]
    SLICE_X23Y27         LUT6 (Prop_lut6_I5_O)        0.124     6.558 r  d_i/acc/inst/lane0/core/coefficient_store_a/bank0/a_register[10]_i_2_comp_1/O
                         net (fo=1, routed)           0.665     7.223    d_i/acc/inst/lane0/core/coefficient_store_a/bank3/a_register_reg[10]_0
    SLICE_X23Y27         LUT6 (Prop_lut6_I3_O)        0.124     7.347 r  d_i/acc/inst/lane0/core/coefficient_store_a/bank3/a_register[10]_i_1_comp/O
                         net (fo=10, routed)          1.181     8.529    d_i/acc/inst/lane0/core/coefficient_store_a/bank3/memory_reg_46
    SLICE_X23Y33         LUT4 (Prop_lut4_I3_O)        0.124     8.653 r  d_i/acc/inst/lane0/core/coefficient_store_a/bank3/x[31]_i_49__0/O
                         net (fo=1, routed)           0.000     8.653    d_i/acc/inst/lane0/core/coefficient_store_a/bank3/x[31]_i_49__0_n_0
    SLICE_X23Y33         CARRY4 (Prop_carry4_S[1]_CO[3])
                                                      0.550     9.203 r  d_i/acc/inst/lane0/core/coefficient_store_a/bank3/x_reg[31]_i_33__2/CO[3]
                         net (fo=1, routed)           0.000     9.203    d_i/acc/inst/lane0/core/coefficient_store_a/bank3/x_reg[31]_i_33__2_n_0
    SLICE_X23Y34         CARRY4 (Prop_carry4_CI_CO[3])
                                                      0.114     9.317 r  d_i/acc/inst/lane0/core/coefficient_store_a/bank3/x_reg[31]_i_24__0/CO[3]
                         net (fo=1, routed)           0.000     9.317    d_i/acc/inst/lane0/core/coefficient_store_a/bank3/x_reg[31]_i_24__0_n_0
    SLICE_X23Y35         CARRY4 (Prop_carry4_CI_CO[3])
                                                      0.114     9.431 f  d_i/acc/inst/lane0/core/coefficient_store_a/bank3/x_reg[31]_i_19__0/CO[3]
                         net (fo=61, routed)          1.210    10.641    d_i/acc/inst/lane0/core/coefficient_store_a/bank3/x[31]_i_32__0_0[0]
    SLICE_X28Y41         LUT4 (Prop_lut4_I0_O)        0.124    10.765 r  d_i/acc/inst/lane0/core/coefficient_store_a/bank3/x[7]_i_8__0/O
                         net (fo=1, routed)           0.731    11.496    d_i/acc/inst/lane0/core/coefficient_store_a/bank3/x[7]_i_8__0_n_0
    SLICE_X28Y33         CARRY4 (Prop_carry4_DI[0]_CO[3])
                                                      0.526    12.022 r  d_i/acc/inst/lane0/core/coefficient_store_a/bank3/x_reg[7]_i_4__0/CO[3]
                         net (fo=1, routed)           0.000    12.022    d_i/acc/inst/lane0/core/coefficient_store_a/bank3/x_reg[7]_i_4__0_n_0
    SLICE_X28Y34         CARRY4 (Prop_carry4_CI_CO[3])
                                                      0.114    12.136 r  d_i/acc/inst/lane0/core/coefficient_store_a/bank3/x_reg[11]_i_4__0/CO[3]
                         net (fo=1, routed)           0.000    12.136    d_i/acc/inst/lane0/core/coefficient_store_a/bank3/x_reg[11]_i_4__0_n_0
    SLICE_X28Y35         CARRY4 (Prop_carry4_CI_CO[3])
                                                      0.114    12.250 r  d_i/acc/inst/lane0/core/coefficient_store_a/bank3/x_reg[15]_i_4__0/CO[3]
                         net (fo=1, routed)           0.000    12.250    d_i/acc/inst/lane0/core/coefficient_store_a/bank3/x_reg[15]_i_4__0_n_0
    SLICE_X28Y36         CARRY4 (Prop_carry4_CI_CO[3])
                                                      0.114    12.364 r  d_i/acc/inst/lane0/core/coefficient_store_a/bank3/x_reg[19]_i_4__0/CO[3]
                         net (fo=1, routed)           0.000    12.364    d_i/acc/inst/lane0/core/coefficient_store_a/bank3/x_reg[19]_i_4__0_n_0
    SLICE_X28Y37         CARRY4 (Prop_carry4_CI_CO[3])
                                                      0.114    12.478 r  d_i/acc/inst/lane0/core/coefficient_store_a/bank3/x_reg[23]_i_4__0/CO[3]
                         net (fo=1, routed)           0.000    12.478    d_i/acc/inst/lane0/core/coefficient_store_a/bank3/x_reg[23]_i_4__0_n_0
    SLICE_X28Y38         CARRY4 (Prop_carry4_CI_O[1])
                                                      0.334    12.812 r  d_i/acc/inst/lane0/core/coefficient_store_a/bank3/x_reg[27]_i_4__0/O[1]
                         net (fo=1, routed)           0.449    13.261    d_i/acc/inst/lane0/core/butterfly_a1/multiplier/input_difference_reduced[25]
    SLICE_X28Y40         LUT6 (Prop_lut6_I2_O)        0.303    13.564 r  d_i/acc/inst/lane0/core/butterfly_a1/multiplier/x[25]_i_3__0/O
                         net (fo=1, routed)           0.000    13.564    d_i/acc/inst/lane0/core/butterfly_a1/multiplier/x[25]_i_3__0_n_0
    SLICE_X28Y40         MUXF7 (Prop_muxf7_I1_O)      0.245    13.809 r  d_i/acc/inst/lane0/core/butterfly_a1/multiplier/x_reg[25]_i_1__0/O
                         net (fo=1, routed)           0.000    13.809    d_i/acc/inst/lane0/core/butterfly_a1/multiplier/x_reg[25]_i_1__0_n_0
    SLICE_X28Y40         FDRE                                         r  d_i/acc/inst/lane0/core/butterfly_a1/multiplier/x_reg[25]/D
  -------------------------------------------------------------------    -------------------

                         (clock clk_fpga_0 rise edge)
                                                     10.000    10.000 r  
    PS7_X0Y0             PS7                          0.000    10.000 r  d_i/ps/inst/PS7_i/FCLKCLK[0]
                         net (fo=1, routed)           1.088    11.088    d_i/ps/inst/FCLK_CLK_unbuffered[0]
    BUFGCTRL_X0Y17       BUFG (Prop_bufg_I_O)         0.091    11.179 r  d_i/ps/inst/buffer_fclk_clk_0.FCLK_CLK_0_BUFG_replica/O
                         net (fo=3, routed)           0.133    11.312    d_i/ps/inst/FCLK_CLK0_repN
    BUFGCTRL_X0Y16       BUFG (Prop_bufg_I_O)         0.091    11.403 r  d_i/ps/inst/buffer_fclk_clk_0.FCLK_CLK_0_BUFG/O
                         net (fo=13548, routed)       1.569    12.972    d_i/acc/inst/lane0/core/butterfly_a1/multiplier/clk
    SLICE_X28Y40         FDRE                                         r  d_i/acc/inst/lane0/core/butterfly_a1/multiplier/x_reg[25]/C
                         clock pessimism              0.253    13.225    
                         clock uncertainty           -0.154    13.071    
    SLICE_X28Y40         FDRE (Setup_fdre_C_D)        0.064    13.135    d_i/acc/inst/lane0/core/butterfly_a1/multiplier/x_reg[25]
  -------------------------------------------------------------------
                         required time                         13.135    
                         arrival time                         -13.809    
  -------------------------------------------------------------------
                         slack                                 -0.674    

Slack (VIOLATED) :        -0.671ns  (required time - arrival time)
  Source:                 d_i/acc/inst/lane0/core/coefficient_store_a/bank0/memory_reg/CLKBWRCLK
                            (rising edge-triggered cell RAMB36E1 clocked by clk_fpga_0  {rise@0.000ns fall@5.000ns period=10.000ns})
  Destination:            d_i/acc/inst/lane0/core/butterfly_a0/multiplier/x_reg[26]/D
                            (rising edge-triggered cell FDRE clocked by clk_fpga_0  {rise@0.000ns fall@5.000ns period=10.000ns})
  Path Group:             clk_fpga_0
  Path Type:              Setup (Max at Slow Process Corner)
  Requirement:            10.000ns  (clk_fpga_0 rise@10.000ns - clk_fpga_0 rise@0.000ns)
  Data Path Delay:        10.409ns  (logic 5.364ns (51.530%)  route 5.045ns (48.470%))
  Logic Levels:           15  (CARRY4=9 LUT4=2 LUT6=3 MUXF7=1)
  Clock Path Skew:        -0.171ns (DCD - SCD + CPR)
    Destination Clock Delay (DCD):    2.894ns = ( 12.894 - 10.000 ) 
    Source Clock Delay      (SCD):    3.318ns
    Clock Pessimism Removal (CPR):    0.253ns
  Clock Uncertainty:      0.154ns  ((TSJ^2 + TIJ^2)^1/2 + DJ) / 2 + PE
    Total System Jitter     (TSJ):    0.071ns
    Total Input Jitter      (TIJ):    0.300ns
    Discrete Jitter          (DJ):    0.000ns
    Phase Error              (PE):    0.000ns

    Location             Delay type                Incr(ns)  Path(ns)    Netlist Resource(s)
  -------------------------------------------------------------------    -------------------
                         (clock clk_fpga_0 rise edge)
                                                      0.000     0.000 r  
    PS7_X0Y0             PS7                          0.000     0.000 r  d_i/ps/inst/PS7_i/FCLKCLK[0]
                         net (fo=1, routed)           1.193     1.193    d_i/ps/inst/FCLK_CLK_unbuffered[0]
    BUFGCTRL_X0Y17       BUFG (Prop_bufg_I_O)         0.101     1.294 r  d_i/ps/inst/buffer_fclk_clk_0.FCLK_CLK_0_BUFG_replica/O
                         net (fo=3, routed)           0.146     1.440    d_i/ps/inst/FCLK_CLK0_repN
    BUFGCTRL_X0Y16       BUFG (Prop_bufg_I_O)         0.101     1.541 r  d_i/ps/inst/buffer_fclk_clk_0.FCLK_CLK_0_BUFG/O
                         net (fo=13548, routed)       1.777     3.318    d_i/acc/inst/lane0/core/coefficient_store_a/bank0/clk
    RAMB36_X1Y5          RAMB36E1                                     r  d_i/acc/inst/lane0/core/coefficient_store_a/bank0/memory_reg/CLKBWRCLK
  -------------------------------------------------------------------    -------------------
    RAMB36_X1Y5          RAMB36E1 (Prop_ramb36e1_CLKBWRCLK_DOBDO[0])
                                                      2.454     5.772 r  d_i/acc/inst/lane0/core/coefficient_store_a/bank0/memory_reg/DOBDO[0]
                         net (fo=4, routed)           1.212     6.985    d_i/acc/inst/lane0/core/coefficient_store_a/bank0/DOBDO[0]
    SLICE_X29Y26         LUT6 (Prop_lut6_I2_O)        0.124     7.109 r  d_i/acc/inst/lane0/core/coefficient_store_a/bank0/m_axis_tdata[0]_INST_0_i_1/O
                         net (fo=1, routed)           0.664     7.773    d_i/acc/inst/lane0/core/coefficient_store_a/bank3/a_register_reg[0]
    SLICE_X32Y28         LUT6 (Prop_lut6_I3_O)        0.124     7.897 r  d_i/acc/inst/lane0/core/coefficient_store_a/bank3/m_axis_tdata[0]_INST_0/O
                         net (fo=13, routed)          0.989     8.886    d_i/acc/inst/lane0/core/coefficient_store_a/bank3/DI[0]
    SLICE_X35Y30         LUT4 (Prop_lut4_I3_O)        0.124     9.010 r  d_i/acc/inst/lane0/core/coefficient_store_a/bank3/x[31]_i_58/O
                         net (fo=1, routed)           0.000     9.010    d_i/acc/inst/lane0/core/coefficient_store_a/bank3/x[31]_i_58_n_0
    SLICE_X35Y30         CARRY4 (Prop_carry4_S[0]_CO[3])
                                                      0.532     9.542 r  d_i/acc/inst/lane0/core/coefficient_store_a/bank3/x_reg[31]_i_42/CO[3]
                         net (fo=1, routed)           0.000     9.542    d_i/acc/inst/lane0/core/coefficient_store_a/bank3/x_reg[31]_i_42_n_0
    SLICE_X35Y31         CARRY4 (Prop_carry4_CI_CO[3])
                                                      0.114     9.656 r  d_i/acc/inst/lane0/core/coefficient_store_a/bank3/x_reg[31]_i_33__1/CO[3]
                         net (fo=1, routed)           0.000     9.656    d_i/acc/inst/lane0/core/coefficient_store_a/bank3/x_reg[31]_i_33__1_n_0
    SLICE_X35Y32         CARRY4 (Prop_carry4_CI_CO[3])
                                                      0.114     9.770 r  d_i/acc/inst/lane0/core/coefficient_store_a/bank3/x_reg[31]_i_24/CO[3]
                         net (fo=1, routed)           0.000     9.770    d_i/acc/inst/lane0/core/coefficient_store_a/bank3/x_reg[31]_i_24_n_0
    SLICE_X35Y33         CARRY4 (Prop_carry4_CI_CO[3])
                                                      0.114     9.884 f  d_i/acc/inst/lane0/core/coefficient_store_a/bank3/x_reg[31]_i_19/CO[3]
                         net (fo=61, routed)          1.113    10.997    d_i/acc/inst/lane0/core/coefficient_store_a/bank3/butterfly_a0/input_difference_reduced1
    SLICE_X34Y32         LUT4 (Prop_lut4_I0_O)        0.124    11.121 r  d_i/acc/inst/lane0/core/coefficient_store_a/bank3/x[11]_i_6/O
                         net (fo=1, routed)           0.621    11.742    d_i/acc/inst/lane0/core/coefficient_store_a/bank3/x[11]_i_6_n_0
    SLICE_X36Y32         CARRY4 (Prop_carry4_DI[2]_CO[3])
                                                      0.404    12.146 r  d_i/acc/inst/lane0/core/coefficient_store_a/bank3/x_reg[11]_i_4/CO[3]
                         net (fo=1, routed)           0.000    12.146    d_i/acc/inst/lane0/core/coefficient_store_a/bank3/x_reg[11]_i_4_n_0
    SLICE_X36Y33         CARRY4 (Prop_carry4_CI_CO[3])
                                                      0.117    12.263 r  d_i/acc/inst/lane0/core/coefficient_store_a/bank3/x_reg[15]_i_4/CO[3]
                         net (fo=1, routed)           0.000    12.263    d_i/acc/inst/lane0/core/coefficient_store_a/bank3/x_reg[15]_i_4_n_0
    SLICE_X36Y34         CARRY4 (Prop_carry4_CI_CO[3])
                                                      0.117    12.380 r  d_i/acc/inst/lane0/core/coefficient_store_a/bank3/x_reg[19]_i_4/CO[3]
                         net (fo=1, routed)           0.000    12.380    d_i/acc/inst/lane0/core/coefficient_store_a/bank3/x_reg[19]_i_4_n_0
    SLICE_X36Y35         CARRY4 (Prop_carry4_CI_CO[3])
                                                      0.117    12.497 r  d_i/acc/inst/lane0/core/coefficient_store_a/bank3/x_reg[23]_i_4/CO[3]
                         net (fo=1, routed)           0.000    12.497    d_i/acc/inst/lane0/core/coefficient_store_a/bank3/x_reg[23]_i_4_n_0
    SLICE_X36Y36         CARRY4 (Prop_carry4_CI_O[2])
                                                      0.239    12.736 r  d_i/acc/inst/lane0/core/coefficient_store_a/bank3/x_reg[27]_i_4/O[2]
                         net (fo=1, routed)           0.446    13.182    d_i/acc/inst/lane0/core/butterfly_a0/multiplier/input_difference_reduced[26]
    SLICE_X41Y37         LUT6 (Prop_lut6_I2_O)        0.301    13.483 r  d_i/acc/inst/lane0/core/butterfly_a0/multiplier/x[26]_i_3/O
                         net (fo=1, routed)           0.000    13.483    d_i/acc/inst/lane0/core/butterfly_a0/multiplier/x[26]_i_3_n_0
    SLICE_X41Y37         MUXF7 (Prop_muxf7_I1_O)      0.245    13.728 r  d_i/acc/inst/lane0/core/butterfly_a0/multiplier/x_reg[26]_i_1/O
                         net (fo=1, routed)           0.000    13.728    d_i/acc/inst/lane0/core/butterfly_a0/multiplier/x_reg[26]_i_1_n_0
    SLICE_X41Y37         FDRE                                         r  d_i/acc/inst/lane0/core/butterfly_a0/multiplier/x_reg[26]/D
  -------------------------------------------------------------------    -------------------

                         (clock clk_fpga_0 rise edge)
                                                     10.000    10.000 r  
    PS7_X0Y0             PS7                          0.000    10.000 r  d_i/ps/inst/PS7_i/FCLKCLK[0]
                         net (fo=1, routed)           1.088    11.088    d_i/ps/inst/FCLK_CLK_unbuffered[0]
    BUFGCTRL_X0Y17       BUFG (Prop_bufg_I_O)         0.091    11.179 r  d_i/ps/inst/buffer_fclk_clk_0.FCLK_CLK_0_BUFG_replica/O
                         net (fo=3, routed)           0.133    11.312    d_i/ps/inst/FCLK_CLK0_repN
    BUFGCTRL_X0Y16       BUFG (Prop_bufg_I_O)         0.091    11.403 r  d_i/ps/inst/buffer_fclk_clk_0.FCLK_CLK_0_BUFG/O
                         net (fo=13548, routed)       1.491    12.894    d_i/acc/inst/lane0/core/butterfly_a0/multiplier/clk
    SLICE_X41Y37         FDRE                                         r  d_i/acc/inst/lane0/core/butterfly_a0/multiplier/x_reg[26]/C
                         clock pessimism              0.253    13.147    
                         clock uncertainty           -0.154    12.993    
    SLICE_X41Y37         FDRE (Setup_fdre_C_D)        0.064    13.057    d_i/acc/inst/lane0/core/butterfly_a0/multiplier/x_reg[26]
  -------------------------------------------------------------------
                         required time                         13.057    
                         arrival time                         -13.728    
  -------------------------------------------------------------------
                         slack                                 -0.671    

Slack (VIOLATED) :        -0.668ns  (required time - arrival time)
  Source:                 d_i/acc/inst/lane1/core/coefficient_store_a/bank1/memory_reg/CLKBWRCLK
                            (rising edge-triggered cell RAMB36E1 clocked by clk_fpga_0  {rise@0.000ns fall@5.000ns period=10.000ns})
  Destination:            d_i/acc/inst/lane1/core/butterfly_a1/multiplier/x_reg[29]/D
                            (rising edge-triggered cell FDRE clocked by clk_fpga_0  {rise@0.000ns fall@5.000ns period=10.000ns})
  Path Group:             clk_fpga_0
  Path Type:              Setup (Max at Slow Process Corner)
  Requirement:            10.000ns  (clk_fpga_0 rise@10.000ns - clk_fpga_0 rise@0.000ns)
  Data Path Delay:        10.521ns  (logic 5.561ns (52.858%)  route 4.960ns (47.142%))
  Logic Levels:           17  (CARRY4=11 LUT4=2 LUT6=3 MUXF7=1)
  Clock Path Skew:        -0.106ns (DCD - SCD + CPR)
    Destination Clock Delay (DCD):    2.894ns = ( 12.894 - 10.000 ) 
    Source Clock Delay      (SCD):    3.252ns
    Clock Pessimism Removal (CPR):    0.253ns
  Clock Uncertainty:      0.154ns  ((TSJ^2 + TIJ^2)^1/2 + DJ) / 2 + PE
    Total System Jitter     (TSJ):    0.071ns
    Total Input Jitter      (TIJ):    0.300ns
    Discrete Jitter          (DJ):    0.000ns
    Phase Error              (PE):    0.000ns

    Location             Delay type                Incr(ns)  Path(ns)    Netlist Resource(s)
  -------------------------------------------------------------------    -------------------
                         (clock clk_fpga_0 rise edge)
                                                      0.000     0.000 r  
    PS7_X0Y0             PS7                          0.000     0.000 r  d_i/ps/inst/PS7_i/FCLKCLK[0]
                         net (fo=1, routed)           1.193     1.193    d_i/ps/inst/FCLK_CLK_unbuffered[0]
    BUFGCTRL_X0Y17       BUFG (Prop_bufg_I_O)         0.101     1.294 r  d_i/ps/inst/buffer_fclk_clk_0.FCLK_CLK_0_BUFG_replica/O
                         net (fo=3, routed)           0.146     1.440    d_i/ps/inst/FCLK_CLK0_repN
    BUFGCTRL_X0Y16       BUFG (Prop_bufg_I_O)         0.101     1.541 r  d_i/ps/inst/buffer_fclk_clk_0.FCLK_CLK_0_BUFG/O
                         net (fo=13548, routed)       1.711     3.252    d_i/acc/inst/lane1/core/coefficient_store_a/bank1/clk
    RAMB36_X2Y1          RAMB36E1                                     r  d_i/acc/inst/lane1/core/coefficient_store_a/bank1/memory_reg/CLKBWRCLK
  -------------------------------------------------------------------    -------------------
    RAMB36_X2Y1          RAMB36E1 (Prop_ramb36e1_CLKBWRCLK_DOBDO[15])
                                                      2.454     5.706 r  d_i/acc/inst/lane1/core/coefficient_store_a/bank1/memory_reg/DOBDO[15]
                         net (fo=4, routed)           1.419     7.125    d_i/acc/inst/lane1/core/coefficient_store_a/bank0/a_register_reg[31][15]
    SLICE_X37Y7          LUT6 (Prop_lut6_I3_O)        0.124     7.249 r  d_i/acc/inst/lane1/core/coefficient_store_a/bank0/a_register[15]_i_2__0/O
                         net (fo=1, routed)           0.433     7.682    d_i/acc/inst/lane1/core/coefficient_store_a/bank2/a_register_reg[15]
    SLICE_X35Y7          LUT6 (Prop_lut6_I2_O)        0.124     7.806 r  d_i/acc/inst/lane1/core/coefficient_store_a/bank2/a_register[15]_i_1__0/O
                         net (fo=10, routed)          0.859     8.666    d_i/acc/inst/lane1/core/coefficient_store_a/bank3/x_reg[19]_i_4__2_0
    SLICE_X33Y8          LUT4 (Prop_lut4_I1_O)        0.124     8.790 r  d_i/acc/inst/lane1/core/coefficient_store_a/bank3/x[31]_i_47__2/O
                         net (fo=1, routed)           0.000     8.790    d_i/acc/inst/lane1/core/coefficient_store_a/bank3/x[31]_i_47__2_n_0
    SLICE_X33Y8          CARRY4 (Prop_carry4_S[3]_CO[3])
                                                      0.401     9.191 r  d_i/acc/inst/lane1/core/coefficient_store_a/bank3/x_reg[31]_i_33__6/CO[3]
                         net (fo=1, routed)           0.000     9.191    d_i/acc/inst/lane1/core/coefficient_store_a/bank3/x_reg[31]_i_33__6_n_0
    SLICE_X33Y9          CARRY4 (Prop_carry4_CI_CO[3])
                                                      0.114     9.305 r  d_i/acc/inst/lane1/core/coefficient_store_a/bank3/x_reg[31]_i_24__2/CO[3]
                         net (fo=1, routed)           0.000     9.305    d_i/acc/inst/lane1/core/coefficient_store_a/bank3/x_reg[31]_i_24__2_n_0
    SLICE_X33Y10         CARRY4 (Prop_carry4_CI_CO[3])
                                                      0.114     9.419 f  d_i/acc/inst/lane1/core/coefficient_store_a/bank3/x_reg[31]_i_19__2/CO[3]
                         net (fo=61, routed)          1.162    10.580    d_i/acc/inst/lane1/core/coefficient_store_a/bank3/x[31]_i_32__2_0[0]
    SLICE_X37Y6          LUT4 (Prop_lut4_I0_O)        0.124    10.704 r  d_i/acc/inst/lane1/core/coefficient_store_a/bank3/x[3]_i_6__4/O
                         net (fo=1, routed)           0.640    11.344    d_i/acc/inst/lane1/core/coefficient_store_a/bank3/x[3]_i_6__4_n_0
    SLICE_X34Y6          CARRY4 (Prop_carry4_DI[2]_CO[3])
                                                      0.404    11.748 r  d_i/acc/inst/lane1/core/coefficient_store_a/bank3/x_reg[3]_i_4__2/CO[3]
                         net (fo=1, routed)           0.000    11.748    d_i/acc/inst/lane1/core/coefficient_store_a/bank3/x_reg[3]_i_4__2_n_0
    SLICE_X34Y7          CARRY4 (Prop_carry4_CI_CO[3])
                                                      0.117    11.865 r  d_i/acc/inst/lane1/core/coefficient_store_a/bank3/x_reg[7]_i_4__2/CO[3]
                         net (fo=1, routed)           0.000    11.865    d_i/acc/inst/lane1/core/coefficient_store_a/bank3/x_reg[7]_i_4__2_n_0
    SLICE_X34Y8          CARRY4 (Prop_carry4_CI_CO[3])
                                                      0.117    11.982 r  d_i/acc/inst/lane1/core/coefficient_store_a/bank3/x_reg[11]_i_4__2/CO[3]
                         net (fo=1, routed)           0.000    11.982    d_i/acc/inst/lane1/core/coefficient_store_a/bank3/x_reg[11]_i_4__2_n_0
    SLICE_X34Y9          CARRY4 (Prop_carry4_CI_CO[3])
                                                      0.117    12.099 r  d_i/acc/inst/lane1/core/coefficient_store_a/bank3/x_reg[15]_i_4__2/CO[3]
                         net (fo=1, routed)           0.000    12.099    d_i/acc/inst/lane1/core/coefficient_store_a/bank3/x_reg[15]_i_4__2_n_0
    SLICE_X34Y10         CARRY4 (Prop_carry4_CI_CO[3])
                                                      0.117    12.216 r  d_i/acc/inst/lane1/core/coefficient_store_a/bank3/x_reg[19]_i_4__2/CO[3]
                         net (fo=1, routed)           0.000    12.216    d_i/acc/inst/lane1/core/coefficient_store_a/bank3/x_reg[19]_i_4__2_n_0
    SLICE_X34Y11         CARRY4 (Prop_carry4_CI_CO[3])
                                                      0.117    12.333 r  d_i/acc/inst/lane1/core/coefficient_store_a/bank3/x_reg[23]_i_4__2/CO[3]
                         net (fo=1, routed)           0.000    12.333    d_i/acc/inst/lane1/core/coefficient_store_a/bank3/x_reg[23]_i_4__2_n_0
    SLICE_X34Y12         CARRY4 (Prop_carry4_CI_CO[3])
                                                      0.117    12.450 r  d_i/acc/inst/lane1/core/coefficient_store_a/bank3/x_reg[27]_i_4__2/CO[3]
                         net (fo=1, routed)           0.000    12.450    d_i/acc/inst/lane1/core/coefficient_store_a/bank3/x_reg[27]_i_4__2_n_0
    SLICE_X34Y13         CARRY4 (Prop_carry4_CI_O[1])
                                                      0.323    12.773 r  d_i/acc/inst/lane1/core/coefficient_store_a/bank3/x_reg[31]_i_7__6/O[1]
                         net (fo=1, routed)           0.447    13.220    d_i/acc/inst/lane1/core/butterfly_a1/multiplier/input_difference_reduced[29]
    SLICE_X34Y15         LUT6 (Prop_lut6_I2_O)        0.306    13.526 r  d_i/acc/inst/lane1/core/butterfly_a1/multiplier/x[29]_i_3__6/O
                         net (fo=1, routed)           0.000    13.526    d_i/acc/inst/lane1/core/butterfly_a1/multiplier/x[29]_i_3__6_n_0
    SLICE_X34Y15         MUXF7 (Prop_muxf7_I1_O)      0.247    13.773 r  d_i/acc/inst/lane1/core/butterfly_a1/multiplier/x_reg[29]_i_1__2/O
                         net (fo=1, routed)           0.000    13.773    d_i/acc/inst/lane1/core/butterfly_a1/multiplier/x_reg[29]_i_1__2_n_0
    SLICE_X34Y15         FDRE                                         r  d_i/acc/inst/lane1/core/butterfly_a1/multiplier/x_reg[29]/D
  -------------------------------------------------------------------    -------------------

                         (clock clk_fpga_0 rise edge)
                                                     10.000    10.000 r  
    PS7_X0Y0             PS7                          0.000    10.000 r  d_i/ps/inst/PS7_i/FCLKCLK[0]
                         net (fo=1, routed)           1.088    11.088    d_i/ps/inst/FCLK_CLK_unbuffered[0]
    BUFGCTRL_X0Y17       BUFG (Prop_bufg_I_O)         0.091    11.179 r  d_i/ps/inst/buffer_fclk_clk_0.FCLK_CLK_0_BUFG_replica/O
                         net (fo=3, routed)           0.133    11.312    d_i/ps/inst/FCLK_CLK0_repN
    BUFGCTRL_X0Y16       BUFG (Prop_bufg_I_O)         0.091    11.403 r  d_i/ps/inst/buffer_fclk_clk_0.FCLK_CLK_0_BUFG/O
                         net (fo=13548, routed)       1.490    12.894    d_i/acc/inst/lane1/core/butterfly_a1/multiplier/clk
    SLICE_X34Y15         FDRE                                         r  d_i/acc/inst/lane1/core/butterfly_a1/multiplier/x_reg[29]/C
                         clock pessimism              0.253    13.146    
                         clock uncertainty           -0.154    12.992    
    SLICE_X34Y15         FDRE (Setup_fdre_C_D)        0.113    13.105    d_i/acc/inst/lane1/core/butterfly_a1/multiplier/x_reg[29]
  -------------------------------------------------------------------
                         required time                         13.105    
                         arrival time                         -13.773    
  -------------------------------------------------------------------
                         slack                                 -0.668    

Slack (VIOLATED) :        -0.668ns  (required time - arrival time)
  Source:                 d_i/acc/inst/lane0/core/coefficient_store_a/bank0/memory_reg/CLKBWRCLK
                            (rising edge-triggered cell RAMB36E1 clocked by clk_fpga_0  {rise@0.000ns fall@5.000ns period=10.000ns})
  Destination:            d_i/acc/inst/lane0/core/butterfly_a1/multiplier/x_reg[21]/D
                            (rising edge-triggered cell FDRE clocked by clk_fpga_0  {rise@0.000ns fall@5.000ns period=10.000ns})
  Path Group:             clk_fpga_0
  Path Type:              Setup (Max at Slow Process Corner)
  Requirement:            10.000ns  (clk_fpga_0 rise@10.000ns - clk_fpga_0 rise@0.000ns)
  Data Path Delay:        10.486ns  (logic 5.478ns (52.244%)  route 5.008ns (47.756%))
  Logic Levels:           14  (CARRY4=8 LUT4=2 LUT6=3 MUXF7=1)
  Clock Path Skew:        -0.092ns (DCD - SCD + CPR)
    Destination Clock Delay (DCD):    2.974ns = ( 12.974 - 10.000 ) 
    Source Clock Delay      (SCD):    3.318ns
    Clock Pessimism Removal (CPR):    0.253ns
  Clock Uncertainty:      0.154ns  ((TSJ^2 + TIJ^2)^1/2 + DJ) / 2 + PE
    Total System Jitter     (TSJ):    0.071ns
    Total Input Jitter      (TIJ):    0.300ns
    Discrete Jitter          (DJ):    0.000ns
    Phase Error              (PE):    0.000ns

    Location             Delay type                Incr(ns)  Path(ns)    Netlist Resource(s)
  -------------------------------------------------------------------    -------------------
                         (clock clk_fpga_0 rise edge)
                                                      0.000     0.000 r  
    PS7_X0Y0             PS7                          0.000     0.000 r  d_i/ps/inst/PS7_i/FCLKCLK[0]
                         net (fo=1, routed)           1.193     1.193    d_i/ps/inst/FCLK_CLK_unbuffered[0]
    BUFGCTRL_X0Y17       BUFG (Prop_bufg_I_O)         0.101     1.294 r  d_i/ps/inst/buffer_fclk_clk_0.FCLK_CLK_0_BUFG_replica/O
                         net (fo=3, routed)           0.146     1.440    d_i/ps/inst/FCLK_CLK0_repN
    BUFGCTRL_X0Y16       BUFG (Prop_bufg_I_O)         0.101     1.541 r  d_i/ps/inst/buffer_fclk_clk_0.FCLK_CLK_0_BUFG/O
                         net (fo=13548, routed)       1.777     3.318    d_i/acc/inst/lane0/core/coefficient_store_a/bank0/clk
    RAMB36_X1Y5          RAMB36E1                                     r  d_i/acc/inst/lane0/core/coefficient_store_a/bank0/memory_reg/CLKBWRCLK
  -------------------------------------------------------------------    -------------------
    RAMB36_X1Y5          RAMB36E1 (Prop_ramb36e1_CLKBWRCLK_DOBDO[10])
                                                      2.454     5.772 f  d_i/acc/inst/lane0/core/coefficient_store_a/bank0/memory_reg/DOBDO[10]
                         net (fo=4, routed)           0.662     6.434    d_i/acc/inst/lane0/core/coefficient_store_a/bank0/DOBDO[8]
    SLICE_X23Y27         LUT6 (Prop_lut6_I5_O)        0.124     6.558 r  d_i/acc/inst/lane0/core/coefficient_store_a/bank0/a_register[10]_i_2_comp_1/O
                         net (fo=1, routed)           0.665     7.223    d_i/acc/inst/lane0/core/coefficient_store_a/bank3/a_register_reg[10]_0
    SLICE_X23Y27         LUT6 (Prop_lut6_I3_O)        0.124     7.347 r  d_i/acc/inst/lane0/core/coefficient_store_a/bank3/a_register[10]_i_1_comp/O
                         net (fo=10, routed)          1.181     8.529    d_i/acc/inst/lane0/core/coefficient_store_a/bank3/memory_reg_46
    SLICE_X23Y33         LUT4 (Prop_lut4_I3_O)        0.124     8.653 r  d_i/acc/inst/lane0/core/coefficient_store_a/bank3/x[31]_i_49__0/O
                         net (fo=1, routed)           0.000     8.653    d_i/acc/inst/lane0/core/coefficient_store_a/bank3/x[31]_i_49__0_n_0
    SLICE_X23Y33         CARRY4 (Prop_carry4_S[1]_CO[3])
                                                      0.550     9.203 r  d_i/acc/inst/lane0/core/coefficient_store_a/bank3/x_reg[31]_i_33__2/CO[3]
                         net (fo=1, routed)           0.000     9.203    d_i/acc/inst/lane0/core/coefficient_store_a/bank3/x_reg[31]_i_33__2_n_0
    SLICE_X23Y34         CARRY4 (Prop_carry4_CI_CO[3])
                                                      0.114     9.317 r  d_i/acc/inst/lane0/core/coefficient_store_a/bank3/x_reg[31]_i_24__0/CO[3]
                         net (fo=1, routed)           0.000     9.317    d_i/acc/inst/lane0/core/coefficient_store_a/bank3/x_reg[31]_i_24__0_n_0
    SLICE_X23Y35         CARRY4 (Prop_carry4_CI_CO[3])
                                                      0.114     9.431 f  d_i/acc/inst/lane0/core/coefficient_store_a/bank3/x_reg[31]_i_19__0/CO[3]
                         net (fo=61, routed)          1.210    10.641    d_i/acc/inst/lane0/core/coefficient_store_a/bank3/x[31]_i_32__0_0[0]
    SLICE_X28Y41         LUT4 (Prop_lut4_I0_O)        0.124    10.765 r  d_i/acc/inst/lane0/core/coefficient_store_a/bank3/x[7]_i_8__0/O
                         net (fo=1, routed)           0.731    11.496    d_i/acc/inst/lane0/core/coefficient_store_a/bank3/x[7]_i_8__0_n_0
    SLICE_X28Y33         CARRY4 (Prop_carry4_DI[0]_CO[3])
                                                      0.526    12.022 r  d_i/acc/inst/lane0/core/coefficient_store_a/bank3/x_reg[7]_i_4__0/CO[3]
                         net (fo=1, routed)           0.000    12.022    d_i/acc/inst/lane0/core/coefficient_store_a/bank3/x_reg[7]_i_4__0_n_0
    SLICE_X28Y34         CARRY4 (Prop_carry4_CI_CO[3])
                                                      0.114    12.136 r  d_i/acc/inst/lane0/core/coefficient_store_a/bank3/x_reg[11]_i_4__0/CO[3]
                         net (fo=1, routed)           0.000    12.136    d_i/acc/inst/lane0/core/coefficient_store_a/bank3/x_reg[11]_i_4__0_n_0
    SLICE_X28Y35         CARRY4 (Prop_carry4_CI_CO[3])
                                                      0.114    12.250 r  d_i/acc/inst/lane0/core/coefficient_store_a/bank3/x_reg[15]_i_4__0/CO[3]
                         net (fo=1, routed)           0.000    12.250    d_i/acc/inst/lane0/core/coefficient_store_a/bank3/x_reg[15]_i_4__0_n_0
    SLICE_X28Y36         CARRY4 (Prop_carry4_CI_CO[3])
                                                      0.114    12.364 r  d_i/acc/inst/lane0/core/coefficient_store_a/bank3/x_reg[19]_i_4__0/CO[3]
                         net (fo=1, routed)           0.000    12.364    d_i/acc/inst/lane0/core/coefficient_store_a/bank3/x_reg[19]_i_4__0_n_0
    SLICE_X28Y37         CARRY4 (Prop_carry4_CI_O[1])
                                                      0.334    12.698 r  d_i/acc/inst/lane0/core/coefficient_store_a/bank3/x_reg[23]_i_4__0/O[1]
                         net (fo=1, routed)           0.558    13.256    d_i/acc/inst/lane0/core/butterfly_a1/multiplier/input_difference_reduced[21]
    SLICE_X29Y41         LUT6 (Prop_lut6_I2_O)        0.303    13.559 r  d_i/acc/inst/lane0/core/butterfly_a1/multiplier/x[21]_i_3__0/O
                         net (fo=1, routed)           0.000    13.559    d_i/acc/inst/lane0/core/butterfly_a1/multiplier/x[21]_i_3__0_n_0
    SLICE_X29Y41         MUXF7 (Prop_muxf7_I1_O)      0.245    13.804 r  d_i/acc/inst/lane0/core/butterfly_a1/multiplier/x_reg[21]_i_1__0/O
                         net (fo=1, routed)           0.000    13.804    d_i/acc/inst/lane0/core/butterfly_a1/multiplier/x_reg[21]_i_1__0_n_0
    SLICE_X29Y41         FDRE                                         r  d_i/acc/inst/lane0/core/butterfly_a1/multiplier/x_reg[21]/D
  -------------------------------------------------------------------    -------------------

                         (clock clk_fpga_0 rise edge)
                                                     10.000    10.000 r  
    PS7_X0Y0             PS7                          0.000    10.000 r  d_i/ps/inst/PS7_i/FCLKCLK[0]
                         net (fo=1, routed)           1.088    11.088    d_i/ps/inst/FCLK_CLK_unbuffered[0]
    BUFGCTRL_X0Y17       BUFG (Prop_bufg_I_O)         0.091    11.179 r  d_i/ps/inst/buffer_fclk_clk_0.FCLK_CLK_0_BUFG_replica/O
                         net (fo=3, routed)           0.133    11.312    d_i/ps/inst/FCLK_CLK0_repN
    BUFGCTRL_X0Y16       BUFG (Prop_bufg_I_O)         0.091    11.403 r  d_i/ps/inst/buffer_fclk_clk_0.FCLK_CLK_0_BUFG/O
                         net (fo=13548, routed)       1.570    12.974    d_i/acc/inst/lane0/core/butterfly_a1/multiplier/clk
    SLICE_X29Y41         FDRE                                         r  d_i/acc/inst/lane0/core/butterfly_a1/multiplier/x_reg[21]/C
                         clock pessimism              0.253    13.226    
                         clock uncertainty           -0.154    13.072    
    SLICE_X29Y41         FDRE (Setup_fdre_C_D)        0.064    13.136    d_i/acc/inst/lane0/core/butterfly_a1/multiplier/x_reg[21]
  -------------------------------------------------------------------
                         required time                         13.136    
                         arrival time                         -13.804    
  -------------------------------------------------------------------
                         slack                                 -0.668    

Slack (VIOLATED) :        -0.668ns  (required time - arrival time)
  Source:                 d_i/acc/inst/lane1/core/coefficient_store_b/bank1/memory_reg/CLKBWRCLK
                            (rising edge-triggered cell RAMB36E1 clocked by clk_fpga_0  {rise@0.000ns fall@5.000ns period=10.000ns})
  Destination:            d_i/acc/inst/lane1/core/butterfly_b0/multiplier/x_reg[25]/D
                            (rising edge-triggered cell FDRE clocked by clk_fpga_0  {rise@0.000ns fall@5.000ns period=10.000ns})
  Path Group:             clk_fpga_0
  Path Type:              Setup (Max at Slow Process Corner)
  Requirement:            10.000ns  (clk_fpga_0 rise@10.000ns - clk_fpga_0 rise@0.000ns)
  Data Path Delay:        10.438ns  (logic 5.153ns (49.365%)  route 5.285ns (50.635%))
  Logic Levels:           12  (CARRY4=6 LUT4=2 LUT5=2 LUT6=2)
  Clock Path Skew:        -0.104ns (DCD - SCD + CPR)
    Destination Clock Delay (DCD):    2.951ns = ( 12.951 - 10.000 ) 
    Source Clock Delay      (SCD):    3.308ns
    Clock Pessimism Removal (CPR):    0.253ns
  Clock Uncertainty:      0.154ns  ((TSJ^2 + TIJ^2)^1/2 + DJ) / 2 + PE
    Total System Jitter     (TSJ):    0.071ns
    Total Input Jitter      (TIJ):    0.300ns
    Discrete Jitter          (DJ):    0.000ns
    Phase Error              (PE):    0.000ns

    Location             Delay type                Incr(ns)  Path(ns)    Netlist Resource(s)
  -------------------------------------------------------------------    -------------------
                         (clock clk_fpga_0 rise edge)
                                                      0.000     0.000 r  
    PS7_X0Y0             PS7                          0.000     0.000 r  d_i/ps/inst/PS7_i/FCLKCLK[0]
                         net (fo=1, routed)           1.193     1.193    d_i/ps/inst/FCLK_CLK_unbuffered[0]
    BUFGCTRL_X0Y17       BUFG (Prop_bufg_I_O)         0.101     1.294 r  d_i/ps/inst/buffer_fclk_clk_0.FCLK_CLK_0_BUFG_replica/O
                         net (fo=3, routed)           0.146     1.440    d_i/ps/inst/FCLK_CLK0_repN
    BUFGCTRL_X0Y16       BUFG (Prop_bufg_I_O)         0.101     1.541 r  d_i/ps/inst/buffer_fclk_clk_0.FCLK_CLK_0_BUFG/O
                         net (fo=13548, routed)       1.767     3.308    d_i/acc/inst/lane1/core/coefficient_store_b/bank1/clk
    RAMB36_X3Y2          RAMB36E1                                     r  d_i/acc/inst/lane1/core/coefficient_store_b/bank1/memory_reg/CLKBWRCLK
  -------------------------------------------------------------------    -------------------
    RAMB36_X3Y2          RAMB36E1 (Prop_ramb36e1_CLKBWRCLK_DOBDO[27])
                                                      2.454     5.762 r  d_i/acc/inst/lane1/core/coefficient_store_b/bank1/memory_reg/DOBDO[27]
                         net (fo=4, routed)           1.523     7.286    d_i/acc/inst/lane1/core/coefficient_store_b/bank0/captured_b0_reg[31][27]
    SLICE_X80Y19         LUT6 (Prop_lut6_I3_O)        0.124     7.410 r  d_i/acc/inst/lane1/core/coefficient_store_b/bank0/captured_b0[27]_i_2__0/O
                         net (fo=1, routed)           0.420     7.830    d_i/acc/inst/lane1/core/coefficient_store_b/bank3/captured_b0_reg[27]
    SLICE_X80Y18         LUT6 (Prop_lut6_I3_O)        0.124     7.954 r  d_i/acc/inst/lane1/core/coefficient_store_b/bank3/captured_b0[27]_i_1__0/O
                         net (fo=8, routed)           1.246     9.199    d_i/acc/inst/lane1/core/coefficient_store_b/bank3/memory_reg_18[3]
    SLICE_X72Y12         LUT4 (Prop_lut4_I1_O)        0.124     9.323 r  d_i/acc/inst/lane1/core/coefficient_store_b/bank3/x[30]_i_27__2/O
                         net (fo=1, routed)           0.000     9.323    d_i/acc/inst/lane1/core/coefficient_store_b/bank3/x[30]_i_27__2_n_0
    SLICE_X72Y12         CARRY4 (Prop_carry4_S[1]_CO[3])
                                                      0.550     9.873 f  d_i/acc/inst/lane1/core/coefficient_store_b/bank3/x_reg[30]_i_18__2/CO[3]
                         net (fo=61, routed)          1.171    11.044    d_i/acc/inst/lane1/core/coefficient_store_b/bank3/butterfly_b0/input_difference_reduced1
    SLICE_X72Y14         LUT4 (Prop_lut4_I1_O)        0.124    11.168 r  d_i/acc/inst/lane1/core/coefficient_store_b/bank3/x[11]_i_6__6/O
                         net (fo=2, routed)           0.480    11.648    d_i/acc/inst/lane1/core/coefficient_store_b/bank3/x[11]_i_6__6_n_0
    SLICE_X71Y14         LUT5 (Prop_lut5_I0_O)        0.124    11.772 r  d_i/acc/inst/lane1/core/coefficient_store_b/bank3/x[11]_i_10__6/O
                         net (fo=1, routed)           0.000    11.772    d_i/acc/inst/lane1/core/coefficient_store_b/bank3/x[11]_i_10__6_n_0
    SLICE_X71Y14         CARRY4 (Prop_carry4_S[1]_CO[3])
                                                      0.550    12.322 r  d_i/acc/inst/lane1/core/coefficient_store_b/bank3/x_reg[11]_i_3__2/CO[3]
                         net (fo=1, routed)           0.000    12.322    d_i/acc/inst/lane1/core/coefficient_store_b/bank3/x_reg[11]_i_3__2_n_0
    SLICE_X71Y15         CARRY4 (Prop_carry4_CI_CO[3])
                                                      0.114    12.436 r  d_i/acc/inst/lane1/core/coefficient_store_b/bank3/x_reg[15]_i_3__2/CO[3]
                         net (fo=1, routed)           0.000    12.436    d_i/acc/inst/lane1/core/coefficient_store_b/bank3/x_reg[15]_i_3__2_n_0
    SLICE_X71Y16         CARRY4 (Prop_carry4_CI_CO[3])
                                                      0.114    12.550 r  d_i/acc/inst/lane1/core/coefficient_store_b/bank3/x_reg[19]_i_3__2/CO[3]
                         net (fo=1, routed)           0.000    12.550    d_i/acc/inst/lane1/core/coefficient_store_b/bank3/x_reg[19]_i_3__2_n_0
    SLICE_X71Y17         CARRY4 (Prop_carry4_CI_CO[3])
                                                      0.114    12.664 r  d_i/acc/inst/lane1/core/coefficient_store_b/bank3/x_reg[23]_i_3__2/CO[3]
                         net (fo=1, routed)           0.000    12.664    d_i/acc/inst/lane1/core/coefficient_store_b/bank3/x_reg[23]_i_3__2_n_0
    SLICE_X71Y18         CARRY4 (Prop_carry4_CI_O[1])
                                                      0.334    12.998 r  d_i/acc/inst/lane1/core/coefficient_store_b/bank3/x_reg[27]_i_3__2/O[1]
                         net (fo=1, routed)           0.446    13.444    d_i/acc/inst/lane1/core/butterfly_b0/multiplier/input_difference_reduced[25]
    SLICE_X73Y20         LUT5 (Prop_lut5_I1_O)        0.303    13.747 r  d_i/acc/inst/lane1/core/butterfly_b0/multiplier/x[25]_i_1__13/O
                         net (fo=1, routed)           0.000    13.747    d_i/acc/inst/lane1/core/butterfly_b0/multiplier/x[25]_i_1__13_n_0
    SLICE_X73Y20         FDRE                                         r  d_i/acc/inst/lane1/core/butterfly_b0/multiplier/x_reg[25]/D
  -------------------------------------------------------------------    -------------------

                         (clock clk_fpga_0 rise edge)
                                                     10.000    10.000 r  
    PS7_X0Y0             PS7                          0.000    10.000 r  d_i/ps/inst/PS7_i/FCLKCLK[0]
                         net (fo=1, routed)           1.088    11.088    d_i/ps/inst/FCLK_CLK_unbuffered[0]
    BUFGCTRL_X0Y17       BUFG (Prop_bufg_I_O)         0.091    11.179 r  d_i/ps/inst/buffer_fclk_clk_0.FCLK_CLK_0_BUFG_replica/O
                         net (fo=3, routed)           0.133    11.312    d_i/ps/inst/FCLK_CLK0_repN
    BUFGCTRL_X0Y16       BUFG (Prop_bufg_I_O)         0.091    11.403 r  d_i/ps/inst/buffer_fclk_clk_0.FCLK_CLK_0_BUFG/O
                         net (fo=13548, routed)       1.548    12.951    d_i/acc/inst/lane1/core/butterfly_b0/multiplier/clk
    SLICE_X73Y20         FDRE                                         r  d_i/acc/inst/lane1/core/butterfly_b0/multiplier/x_reg[25]/C
                         clock pessimism              0.253    13.204    
                         clock uncertainty           -0.154    13.050    
    SLICE_X73Y20         FDRE (Setup_fdre_C_D)        0.029    13.079    d_i/acc/inst/lane1/core/butterfly_b0/multiplier/x_reg[25]
  -------------------------------------------------------------------
                         required time                         13.079    
                         arrival time                         -13.747    
  -------------------------------------------------------------------
                         slack                                 -0.668    

Slack (VIOLATED) :        -0.665ns  (required time - arrival time)
  Source:                 d_i/acc/inst/lane0/core/coefficient_store_b/bank1/memory_reg/CLKBWRCLK
                            (rising edge-triggered cell RAMB36E1 clocked by clk_fpga_0  {rise@0.000ns fall@5.000ns period=10.000ns})
  Destination:            d_i/acc/inst/lane0/core/butterfly_b0/multiplier/x_reg[31]/D
                            (rising edge-triggered cell FDRE clocked by clk_fpga_0  {rise@0.000ns fall@5.000ns period=10.000ns})
  Path Group:             clk_fpga_0
  Path Type:              Setup (Max at Slow Process Corner)
  Requirement:            10.000ns  (clk_fpga_0 rise@10.000ns - clk_fpga_0 rise@0.000ns)
  Data Path Delay:        10.447ns  (logic 5.646ns (54.046%)  route 4.801ns (45.954%))
  Logic Levels:           18  (CARRY4=12 LUT4=2 LUT6=4)
  Clock Path Skew:        -0.095ns (DCD - SCD + CPR)
    Destination Clock Delay (DCD):    2.959ns = ( 12.958 - 10.000 ) 
    Source Clock Delay      (SCD):    3.306ns
    Clock Pessimism Removal (CPR):    0.253ns
  Clock Uncertainty:      0.154ns  ((TSJ^2 + TIJ^2)^1/2 + DJ) / 2 + PE
    Total System Jitter     (TSJ):    0.071ns
    Total Input Jitter      (TIJ):    0.300ns
    Discrete Jitter          (DJ):    0.000ns
    Phase Error              (PE):    0.000ns

    Location             Delay type                Incr(ns)  Path(ns)    Netlist Resource(s)
  -------------------------------------------------------------------    -------------------
                         (clock clk_fpga_0 rise edge)
                                                      0.000     0.000 r  
    PS7_X0Y0             PS7                          0.000     0.000 r  d_i/ps/inst/PS7_i/FCLKCLK[0]
                         net (fo=1, routed)           1.193     1.193    d_i/ps/inst/FCLK_CLK_unbuffered[0]
    BUFGCTRL_X0Y17       BUFG (Prop_bufg_I_O)         0.101     1.294 r  d_i/ps/inst/buffer_fclk_clk_0.FCLK_CLK_0_BUFG_replica/O
                         net (fo=3, routed)           0.146     1.440    d_i/ps/inst/FCLK_CLK0_repN
    BUFGCTRL_X0Y16       BUFG (Prop_bufg_I_O)         0.101     1.541 r  d_i/ps/inst/buffer_fclk_clk_0.FCLK_CLK_0_BUFG/O
                         net (fo=13548, routed)       1.765     3.306    d_i/acc/inst/lane0/core/coefficient_store_b/bank1/clk
    RAMB36_X3Y7          RAMB36E1                                     r  d_i/acc/inst/lane0/core/coefficient_store_b/bank1/memory_reg/CLKBWRCLK
  -------------------------------------------------------------------    -------------------
    RAMB36_X3Y7          RAMB36E1 (Prop_ramb36e1_CLKBWRCLK_DOBDO[3])
                                                      2.454     5.760 r  d_i/acc/inst/lane0/core/coefficient_store_b/bank1/memory_reg/DOBDO[3]
                         net (fo=4, routed)           1.079     6.840    d_i/acc/inst/lane0/core/coefficient_store_b/bank0/captured_b0_reg[31][3]
    SLICE_X56Y43         LUT6 (Prop_lut6_I3_O)        0.124     6.964 r  d_i/acc/inst/lane0/core/coefficient_store_b/bank0/captured_b1[3]_i_2/O
                         net (fo=1, routed)           0.639     7.602    d_i/acc/inst/lane0/core/coefficient_store_b/bank2/captured_b1_reg[3]
    SLICE_X57Y34         LUT6 (Prop_lut6_I3_O)        0.124     7.726 r  d_i/acc/inst/lane0/core/coefficient_store_b/bank2/captured_b1[3]_i_1/O
                         net (fo=7, routed)           0.842     8.568    d_i/acc/inst/lane0/core/coefficient_store_b/bank3/x_reg[7]_i_3__0_0
    SLICE_X58Y34         LUT4 (Prop_lut4_I0_O)        0.124     8.692 r  d_i/acc/inst/lane0/core/coefficient_store_b/bank3/x[30]_i_53__0/O
                         net (fo=1, routed)           0.000     8.692    d_i/acc/inst/lane0/core/coefficient_store_b/bank3/x[30]_i_53__0_n_0
    SLICE_X58Y34         CARRY4 (Prop_carry4_S[1]_CO[3])
                                                      0.533     9.225 r  d_i/acc/inst/lane0/core/coefficient_store_b/bank3/x_reg[30]_i_38__0/CO[3]
                         net (fo=1, routed)           0.000     9.225    d_i/acc/inst/lane0/core/coefficient_store_b/bank3/x_reg[30]_i_38__0_n_0
    SLICE_X58Y35         CARRY4 (Prop_carry4_CI_CO[3])
                                                      0.117     9.342 r  d_i/acc/inst/lane0/core/coefficient_store_b/bank3/x_reg[30]_i_29__0/CO[3]
                         net (fo=1, routed)           0.000     9.342    d_i/acc/inst/lane0/core/coefficient_store_b/bank3/x_reg[30]_i_29__0_n_0
    SLICE_X58Y36         CARRY4 (Prop_carry4_CI_CO[3])
                                                      0.117     9.459 r  d_i/acc/inst/lane0/core/coefficient_store_b/bank3/x_reg[30]_i_20__0/CO[3]
                         net (fo=1, routed)           0.000     9.459    d_i/acc/inst/lane0/core/coefficient_store_b/bank3/x_reg[30]_i_20__0_n_0
    SLICE_X58Y37         CARRY4 (Prop_carry4_CI_CO[3])
                                                      0.117     9.576 f  d_i/acc/inst/lane0/core/coefficient_store_b/bank3/x_reg[30]_i_18__0/CO[3]
                         net (fo=61, routed)          0.980    10.556    d_i/acc/inst/lane0/core/coefficient_store_b/bank3/butterfly_b0/input_difference_reduced1
    SLICE_X60Y32         LUT4 (Prop_lut4_I1_O)        0.124    10.680 r  d_i/acc/inst/lane0/core/coefficient_store_b/bank3/x[3]_i_4__4/O
                         net (fo=2, routed)           0.672    11.351    d_i/acc/inst/lane0/core/coefficient_store_b/bank3/x[3]_i_4__4_n_0
    SLICE_X60Y33         CARRY4 (Prop_carry4_DI[3]_CO[3])
                                                      0.385    11.736 r  d_i/acc/inst/lane0/core/coefficient_store_b/bank3/x_reg[3]_i_3__0/CO[3]
                         net (fo=1, routed)           0.000    11.736    d_i/acc/inst/lane0/core/coefficient_store_b/bank3/x_reg[3]_i_3__0_n_0
    SLICE_X60Y34         CARRY4 (Prop_carry4_CI_CO[3])
                                                      0.114    11.850 r  d_i/acc/inst/lane0/core/coefficient_store_b/bank3/x_reg[7]_i_3__0/CO[3]
                         net (fo=1, routed)           0.000    11.850    d_i/acc/inst/lane0/core/coefficient_store_b/bank3/x_reg[7]_i_3__0_n_0
    SLICE_X60Y35         CARRY4 (Prop_carry4_CI_CO[3])
                                                      0.114    11.964 r  d_i/acc/inst/lane0/core/coefficient_store_b/bank3/x_reg[11]_i_3__0/CO[3]
                         net (fo=1, routed)           0.000    11.964    d_i/acc/inst/lane0/core/coefficient_store_b/bank3/x_reg[11]_i_3__0_n_0
    SLICE_X60Y36         CARRY4 (Prop_carry4_CI_CO[3])
                                                      0.114    12.078 r  d_i/acc/inst/lane0/core/coefficient_store_b/bank3/x_reg[15]_i_3__0/CO[3]
                         net (fo=1, routed)           0.000    12.078    d_i/acc/inst/lane0/core/coefficient_store_b/bank3/x_reg[15]_i_3__0_n_0
    SLICE_X60Y37         CARRY4 (Prop_carry4_CI_CO[3])
                                                      0.114    12.192 r  d_i/acc/inst/lane0/core/coefficient_store_b/bank3/x_reg[19]_i_3__0/CO[3]
                         net (fo=1, routed)           0.000    12.192    d_i/acc/inst/lane0/core/coefficient_store_b/bank3/x_reg[19]_i_3__0_n_0
    SLICE_X60Y38         CARRY4 (Prop_carry4_CI_CO[3])
                                                      0.114    12.306 r  d_i/acc/inst/lane0/core/coefficient_store_b/bank3/x_reg[23]_i_3__0/CO[3]
                         net (fo=1, routed)           0.000    12.306    d_i/acc/inst/lane0/core/coefficient_store_b/bank3/x_reg[23]_i_3__0_n_0
    SLICE_X60Y39         CARRY4 (Prop_carry4_CI_CO[3])
                                                      0.114    12.420 r  d_i/acc/inst/lane0/core/coefficient_store_b/bank3/x_reg[27]_i_3__0/CO[3]
                         net (fo=1, routed)           0.000    12.420    d_i/acc/inst/lane0/core/coefficient_store_b/bank3/x_reg[27]_i_3__0_n_0
    SLICE_X60Y40         CARRY4 (Prop_carry4_CI_O[3])
                                                      0.313    12.733 r  d_i/acc/inst/lane0/core/coefficient_store_b/bank3/x_reg[30]_i_3__0/O[3]
                         net (fo=1, routed)           0.306    13.040    d_i/acc/inst/lane0/core/butterfly_b0/multiplier/input_difference_reduced[31]
    SLICE_X60Y41         LUT6 (Prop_lut6_I5_O)        0.306    13.346 r  d_i/acc/inst/lane0/core/butterfly_b0/multiplier/x[31]_i_5__2/O
                         net (fo=1, routed)           0.283    13.629    d_i/acc/inst/lane0/core/butterfly_b0/multiplier/x[31]_i_5__2_n_0
    SLICE_X63Y41         LUT6 (Prop_lut6_I5_O)        0.124    13.753 r  d_i/acc/inst/lane0/core/butterfly_b0/multiplier/x[31]_i_2__3/O
                         net (fo=1, routed)           0.000    13.753    d_i/acc/inst/lane0/core/butterfly_b0/multiplier/x[31]_i_2__3_n_0
    SLICE_X63Y41         FDRE                                         r  d_i/acc/inst/lane0/core/butterfly_b0/multiplier/x_reg[31]/D
  -------------------------------------------------------------------    -------------------

                         (clock clk_fpga_0 rise edge)
                                                     10.000    10.000 r  
    PS7_X0Y0             PS7                          0.000    10.000 r  d_i/ps/inst/PS7_i/FCLKCLK[0]
                         net (fo=1, routed)           1.088    11.088    d_i/ps/inst/FCLK_CLK_unbuffered[0]
    BUFGCTRL_X0Y17       BUFG (Prop_bufg_I_O)         0.091    11.179 r  d_i/ps/inst/buffer_fclk_clk_0.FCLK_CLK_0_BUFG_replica/O
                         net (fo=3, routed)           0.133    11.312    d_i/ps/inst/FCLK_CLK0_repN
    BUFGCTRL_X0Y16       BUFG (Prop_bufg_I_O)         0.091    11.403 r  d_i/ps/inst/buffer_fclk_clk_0.FCLK_CLK_0_BUFG/O
                         net (fo=13548, routed)       1.555    12.958    d_i/acc/inst/lane0/core/butterfly_b0/multiplier/clk
    SLICE_X63Y41         FDRE                                         r  d_i/acc/inst/lane0/core/butterfly_b0/multiplier/x_reg[31]/C
                         clock pessimism              0.253    13.211    
                         clock uncertainty           -0.154    13.057    
    SLICE_X63Y41         FDRE (Setup_fdre_C_D)        0.031    13.088    d_i/acc/inst/lane0/core/butterfly_b0/multiplier/x_reg[31]
  -------------------------------------------------------------------
                         required time                         13.088    
                         arrival time                         -13.753    
  -------------------------------------------------------------------
                         slack                                 -0.665    

Slack (VIOLATED) :        -0.658ns  (required time - arrival time)
  Source:                 d_i/acc/inst/lane1/core/coefficient_store_b/bank1/memory_reg/CLKBWRCLK
                            (rising edge-triggered cell RAMB36E1 clocked by clk_fpga_0  {rise@0.000ns fall@5.000ns period=10.000ns})
  Destination:            d_i/acc/inst/lane1/core/butterfly_b1/multiplier/x_reg[26]/D
                            (rising edge-triggered cell FDRE clocked by clk_fpga_0  {rise@0.000ns fall@5.000ns period=10.000ns})
  Path Group:             clk_fpga_0
  Path Type:              Setup (Max at Slow Process Corner)
  Requirement:            10.000ns  (clk_fpga_0 rise@10.000ns - clk_fpga_0 rise@0.000ns)
  Data Path Delay:        10.433ns  (logic 5.250ns (50.321%)  route 5.183ns (49.679%))
  Logic Levels:           15  (CARRY4=9 LUT4=2 LUT5=2 LUT6=2)
  Clock Path Skew:        -0.099ns (DCD - SCD + CPR)
    Destination Clock Delay (DCD):    2.956ns = ( 12.957 - 10.000 ) 
    Source Clock Delay      (SCD):    3.308ns
    Clock Pessimism Removal (CPR):    0.253ns
  Clock Uncertainty:      0.154ns  ((TSJ^2 + TIJ^2)^1/2 + DJ) / 2 + PE
    Total System Jitter     (TSJ):    0.071ns
    Total Input Jitter      (TIJ):    0.300ns
    Discrete Jitter          (DJ):    0.000ns
    Phase Error              (PE):    0.000ns

    Location             Delay type                Incr(ns)  Path(ns)    Netlist Resource(s)
  -------------------------------------------------------------------    -------------------
                         (clock clk_fpga_0 rise edge)
                                                      0.000     0.000 r  
    PS7_X0Y0             PS7                          0.000     0.000 r  d_i/ps/inst/PS7_i/FCLKCLK[0]
                         net (fo=1, routed)           1.193     1.193    d_i/ps/inst/FCLK_CLK_unbuffered[0]
    BUFGCTRL_X0Y17       BUFG (Prop_bufg_I_O)         0.101     1.294 r  d_i/ps/inst/buffer_fclk_clk_0.FCLK_CLK_0_BUFG_replica/O
                         net (fo=3, routed)           0.146     1.440    d_i/ps/inst/FCLK_CLK0_repN
    BUFGCTRL_X0Y16       BUFG (Prop_bufg_I_O)         0.101     1.541 r  d_i/ps/inst/buffer_fclk_clk_0.FCLK_CLK_0_BUFG/O
                         net (fo=13548, routed)       1.767     3.308    d_i/acc/inst/lane1/core/coefficient_store_b/bank1/clk
    RAMB36_X3Y2          RAMB36E1                                     r  d_i/acc/inst/lane1/core/coefficient_store_b/bank1/memory_reg/CLKBWRCLK
  -------------------------------------------------------------------    -------------------
    RAMB36_X3Y2          RAMB36E1 (Prop_ramb36e1_CLKBWRCLK_DOBDO[11])
                                                      2.454     5.762 r  d_i/acc/inst/lane1/core/coefficient_store_b/bank1/memory_reg/DOBDO[11]
                         net (fo=4, routed)           1.545     7.308    d_i/acc/inst/lane1/core/coefficient_store_b/bank0/captured_b0_reg[31][11]
    SLICE_X82Y9          LUT6 (Prop_lut6_I3_O)        0.124     7.432 r  d_i/acc/inst/lane1/core/coefficient_store_b/bank0/captured_b2[11]_i_2__0/O
                         net (fo=1, routed)           0.319     7.751    d_i/acc/inst/lane1/core/coefficient_store_b/bank3/captured_b2_reg[11]
    SLICE_X80Y8          LUT6 (Prop_lut6_I3_O)        0.124     7.875 r  d_i/acc/inst/lane1/core/coefficient_store_b/bank3/captured_b2[11]_i_1__0/O
                         net (fo=8, routed)           0.797     8.672    d_i/acc/inst/lane1/core/coefficient_store_b/bank3/memory_reg_44
    SLICE_X73Y8          LUT4 (Prop_lut4_I1_O)        0.124     8.796 r  d_i/acc/inst/lane1/core/coefficient_store_b/bank3/x[30]_i_45__1/O
                         net (fo=1, routed)           0.000     8.796    d_i/acc/inst/lane1/core/coefficient_store_b/bank3/x[30]_i_45__1_n_0
    SLICE_X73Y8          CARRY4 (Prop_carry4_S[1]_CO[3])
                                                      0.550     9.346 r  d_i/acc/inst/lane1/core/coefficient_store_b/bank3/x_reg[30]_i_29__1/CO[3]
                         net (fo=1, routed)           0.000     9.346    d_i/acc/inst/lane1/core/coefficient_store_b/bank3/x_reg[30]_i_29__1_n_0
    SLICE_X73Y9          CARRY4 (Prop_carry4_CI_CO[3])
                                                      0.114     9.460 r  d_i/acc/inst/lane1/core/coefficient_store_b/bank3/x_reg[30]_i_20__1/CO[3]
                         net (fo=1, routed)           0.000     9.460    d_i/acc/inst/lane1/core/coefficient_store_b/bank3/x_reg[30]_i_20__1_n_0
    SLICE_X73Y10         CARRY4 (Prop_carry4_CI_CO[3])
                                                      0.114     9.574 f  d_i/acc/inst/lane1/core/coefficient_store_b/bank3/x_reg[30]_i_18__1/CO[3]
                         net (fo=61, routed)          1.136    10.710    d_i/acc/inst/lane1/core/coefficient_store_b/bank3/butterfly_b1/input_difference_reduced1
    SLICE_X71Y7          LUT4 (Prop_lut4_I1_O)        0.124    10.834 r  d_i/acc/inst/lane1/core/coefficient_store_b/bank3/x[7]_i_4__9/O
                         net (fo=2, routed)           0.752    11.586    d_i/acc/inst/lane1/core/coefficient_store_b/bank3/x[7]_i_4__9_n_0
    SLICE_X70Y7          LUT5 (Prop_lut5_I0_O)        0.124    11.710 r  d_i/acc/inst/lane1/core/coefficient_store_b/bank3/x[7]_i_8__5/O
                         net (fo=1, routed)           0.000    11.710    d_i/acc/inst/lane1/core/coefficient_store_b/bank3/x[7]_i_8__5_n_0
    SLICE_X70Y7          CARRY4 (Prop_carry4_S[3]_CO[3])
                                                      0.401    12.111 r  d_i/acc/inst/lane1/core/coefficient_store_b/bank3/x_reg[7]_i_3__1/CO[3]
                         net (fo=1, routed)           0.000    12.111    d_i/acc/inst/lane1/core/coefficient_store_b/bank3/x_reg[7]_i_3__1_n_0
    SLICE_X70Y8          CARRY4 (Prop_carry4_CI_CO[3])
                                                      0.114    12.225 r  d_i/acc/inst/lane1/core/coefficient_store_b/bank3/x_reg[11]_i_3__1/CO[3]
                         net (fo=1, routed)           0.000    12.225    d_i/acc/inst/lane1/core/coefficient_store_b/bank3/x_reg[11]_i_3__1_n_0
    SLICE_X70Y9          CARRY4 (Prop_carry4_CI_CO[3])
                                                      0.114    12.339 r  d_i/acc/inst/lane1/core/coefficient_store_b/bank3/x_reg[15]_i_3__1/CO[3]
                         net (fo=1, routed)           0.000    12.339    d_i/acc/inst/lane1/core/coefficient_store_b/bank3/x_reg[15]_i_3__1_n_0
    SLICE_X70Y10         CARRY4 (Prop_carry4_CI_CO[3])
                                                      0.114    12.453 r  d_i/acc/inst/lane1/core/coefficient_store_b/bank3/x_reg[19]_i_3__1/CO[3]
                         net (fo=1, routed)           0.000    12.453    d_i/acc/inst/lane1/core/coefficient_store_b/bank3/x_reg[19]_i_3__1_n_0
    SLICE_X70Y11         CARRY4 (Prop_carry4_CI_CO[3])
                                                      0.114    12.567 r  d_i/acc/inst/lane1/core/coefficient_store_b/bank3/x_reg[23]_i_3__1/CO[3]
                         net (fo=1, routed)           0.000    12.567    d_i/acc/inst/lane1/core/coefficient_store_b/bank3/x_reg[23]_i_3__1_n_0
    SLICE_X70Y12         CARRY4 (Prop_carry4_CI_O[2])
                                                      0.239    12.806 r  d_i/acc/inst/lane1/core/coefficient_store_b/bank3/x_reg[27]_i_3__1/O[2]
                         net (fo=1, routed)           0.633    13.440    d_i/acc/inst/lane1/core/butterfly_b1/multiplier/input_difference_reduced[26]
    SLICE_X72Y15         LUT5 (Prop_lut5_I1_O)        0.302    13.742 r  d_i/acc/inst/lane1/core/butterfly_b1/multiplier/x[26]_i_1__12/O
                         net (fo=1, routed)           0.000    13.742    d_i/acc/inst/lane1/core/butterfly_b1/multiplier/x[26]_i_1__12_n_0
    SLICE_X72Y15         FDRE                                         r  d_i/acc/inst/lane1/core/butterfly_b1/multiplier/x_reg[26]/D
  -------------------------------------------------------------------    -------------------

                         (clock clk_fpga_0 rise edge)
                                                     10.000    10.000 r  
    PS7_X0Y0             PS7                          0.000    10.000 r  d_i/ps/inst/PS7_i/FCLKCLK[0]
                         net (fo=1, routed)           1.088    11.088    d_i/ps/inst/FCLK_CLK_unbuffered[0]
    BUFGCTRL_X0Y17       BUFG (Prop_bufg_I_O)         0.091    11.179 r  d_i/ps/inst/buffer_fclk_clk_0.FCLK_CLK_0_BUFG_replica/O
                         net (fo=3, routed)           0.133    11.312    d_i/ps/inst/FCLK_CLK0_repN
    BUFGCTRL_X0Y16       BUFG (Prop_bufg_I_O)         0.091    11.403 r  d_i/ps/inst/buffer_fclk_clk_0.FCLK_CLK_0_BUFG/O
                         net (fo=13548, routed)       1.553    12.957    d_i/acc/inst/lane1/core/butterfly_b1/multiplier/clk
    SLICE_X72Y15         FDRE                                         r  d_i/acc/inst/lane1/core/butterfly_b1/multiplier/x_reg[26]/C
                         clock pessimism              0.253    13.209    
                         clock uncertainty           -0.154    13.055    
    SLICE_X72Y15         FDRE (Setup_fdre_C_D)        0.029    13.084    d_i/acc/inst/lane1/core/butterfly_b1/multiplier/x_reg[26]
  -------------------------------------------------------------------
                         required time                         13.084    
                         arrival time                         -13.742    
  -------------------------------------------------------------------
                         slack                                 -0.658    

Slack (VIOLATED) :        -0.646ns  (required time - arrival time)
  Source:                 d_i/acc/inst/lane0/FSM_sequential_state_reg[0]/C
                            (rising edge-triggered cell FDSE clocked by clk_fpga_0  {rise@0.000ns fall@5.000ns period=10.000ns})
  Destination:            d_i/acc/inst/lane1/core/coefficient_store_b/bank0/memory_reg/ADDRBWRADDR[9]
                            (rising edge-triggered cell RAMB36E1 clocked by clk_fpga_0  {rise@0.000ns fall@5.000ns period=10.000ns})
  Path Group:             clk_fpga_0
  Path Type:              Setup (Max at Slow Process Corner)
  Requirement:            10.000ns  (clk_fpga_0 rise@10.000ns - clk_fpga_0 rise@0.000ns)
  Data Path Delay:        9.628ns  (logic 1.560ns (16.203%)  route 8.068ns (83.797%))
  Logic Levels:           7  (LUT2=2 LUT5=2 LUT6=3)
  Clock Path Skew:        -0.298ns (DCD - SCD + CPR)
    Destination Clock Delay (DCD):    2.841ns = ( 12.841 - 10.000 ) 
    Source Clock Delay      (SCD):    3.254ns
    Clock Pessimism Removal (CPR):    0.115ns
  Clock Uncertainty:      0.154ns  ((TSJ^2 + TIJ^2)^1/2 + DJ) / 2 + PE
    Total System Jitter     (TSJ):    0.071ns
    Total Input Jitter      (TIJ):    0.300ns
    Discrete Jitter          (DJ):    0.000ns
    Phase Error              (PE):    0.000ns

    Location             Delay type                Incr(ns)  Path(ns)    Netlist Resource(s)
  -------------------------------------------------------------------    -------------------
                         (clock clk_fpga_0 rise edge)
                                                      0.000     0.000 r  
    PS7_X0Y0             PS7                          0.000     0.000 r  d_i/ps/inst/PS7_i/FCLKCLK[0]
                         net (fo=1, routed)           1.193     1.193    d_i/ps/inst/FCLK_CLK_unbuffered[0]
    BUFGCTRL_X0Y17       BUFG (Prop_bufg_I_O)         0.101     1.294 r  d_i/ps/inst/buffer_fclk_clk_0.FCLK_CLK_0_BUFG_replica/O
                         net (fo=3, routed)           0.146     1.440    d_i/ps/inst/FCLK_CLK0_repN
    BUFGCTRL_X0Y16       BUFG (Prop_bufg_I_O)         0.101     1.541 r  d_i/ps/inst/buffer_fclk_clk_0.FCLK_CLK_0_BUFG/O
                         net (fo=13548, routed)       1.713     3.254    d_i/acc/inst/lane0/clk
    SLICE_X70Y25         FDSE                                         r  d_i/acc/inst/lane0/FSM_sequential_state_reg[0]/C
  -------------------------------------------------------------------    -------------------
    SLICE_X70Y25         FDSE (Prop_fdse_C_Q)         0.456     3.710 r  d_i/acc/inst/lane0/FSM_sequential_state_reg[0]/Q
                         net (fo=44, routed)          1.226     4.936    d_i/acc/inst/lane0/core/twist_memory/FSM_sequential_state_reg[0][0]
    SLICE_X52Y24         LUT5 (Prop_lut5_I3_O)        0.124     5.060 r  d_i/acc/inst/lane0/core/twist_memory/FSM_sequential_state[3]_i_5__0/O
                         net (fo=11, routed)          0.780     5.840    d_i/acc/inst/lane1/core/coefficient_store_b/bank0/lane1_s_valid
    SLICE_X62Y20         LUT5 (Prop_lut5_I4_O)        0.124     5.964 r  d_i/acc/inst/lane1/core/coefficient_store_b/bank0/memory_reg_i_61__14/O
                         net (fo=57, routed)          1.180     7.144    d_i/acc/inst/lane1/core/coefficient_store_b/bank0/FSM_sequential_state_reg[0]
    SLICE_X67Y4          LUT2 (Prop_lut2_I1_O)        0.124     7.268 f  d_i/acc/inst/lane1/core/coefficient_store_b/bank0/memory_reg_i_457__0/O
                         net (fo=17, routed)          0.544     7.812    d_i/acc/inst/lane1/core/schedule/memory_reg_i_98__10_0
    SLICE_X68Y6          LUT6 (Prop_lut6_I3_O)        0.124     7.936 r  d_i/acc/inst/lane1/core/schedule/memory_reg_i_302__1/O
                         net (fo=5, routed)           0.818     8.754    d_i/acc/inst/lane1/core/schedule/memory_reg_i_302__1_n_0
    SLICE_X69Y5          LUT6 (Prop_lut6_I3_O)        0.124     8.878 r  d_i/acc/inst/lane1/core/schedule/bank_read_owner0_q[1]_i_3__1/O
                         net (fo=50, routed)          0.885     9.763    d_i/acc/inst/lane1/core/schedule/coefficient_store_b/logical_bank_return0_in[1]
    SLICE_X73Y3          LUT2 (Prop_lut2_I0_O)        0.152     9.915 r  d_i/acc/inst/lane1/core/schedule/memory_reg_i_95__9/O
                         net (fo=10, routed)          1.567    11.483    d_i/acc/inst/lane1/core/schedule/memory_reg_i_95__9_n_0
    SLICE_X76Y18         LUT6 (Prop_lut6_I2_O)        0.332    11.815 r  d_i/acc/inst/lane1/core/schedule/memory_reg_i_18__10/O
                         net (fo=1, routed)           1.067    12.882    d_i/acc/inst/lane1/core/coefficient_store_b/bank0/ADDRBWRADDR[4]
    RAMB36_X4Y2          RAMB36E1                                     r  d_i/acc/inst/lane1/core/coefficient_store_b/bank0/memory_reg/ADDRBWRADDR[9]
  -------------------------------------------------------------------    -------------------

                         (clock clk_fpga_0 rise edge)
                                                     10.000    10.000 r  
    PS7_X0Y0             PS7                          0.000    10.000 r  d_i/ps/inst/PS7_i/FCLKCLK[0]
                         net (fo=1, routed)           1.088    11.088    d_i/ps/inst/FCLK_CLK_unbuffered[0]
    BUFGCTRL_X0Y17       BUFG (Prop_bufg_I_O)         0.091    11.179 r  d_i/ps/inst/buffer_fclk_clk_0.FCLK_CLK_0_BUFG_replica/O
                         net (fo=3, routed)           1.662    12.841    d_i/acc/inst/lane1/core/coefficient_store_b/bank0/FCLK_CLK0_repN_alias
    RAMB36_X4Y2          RAMB36E1                                     r  d_i/acc/inst/lane1/core/coefficient_store_b/bank0/memory_reg/CLKBWRCLK
                         clock pessimism              0.115    12.956    
                         clock uncertainty           -0.154    12.802    
    RAMB36_X4Y2          RAMB36E1 (Setup_ramb36e1_CLKBWRCLK_ADDRBWRADDR[9])
                                                     -0.566    12.236    d_i/acc/inst/lane1/core/coefficient_store_b/bank0/memory_reg
  -------------------------------------------------------------------
                         required time                         12.236    
                         arrival time                         -12.882    
  -------------------------------------------------------------------
                         slack                                 -0.646    

Slack (VIOLATED) :        -0.639ns  (required time - arrival time)
  Source:                 d_i/acc/inst/lane1/core/coefficient_store_b/bank1/memory_reg/CLKBWRCLK
                            (rising edge-triggered cell RAMB36E1 clocked by clk_fpga_0  {rise@0.000ns fall@5.000ns period=10.000ns})
  Destination:            d_i/acc/inst/lane1/core/butterfly_b0/multiplier/x_reg[29]/D
                            (rising edge-triggered cell FDRE clocked by clk_fpga_0  {rise@0.000ns fall@5.000ns period=10.000ns})
  Path Group:             clk_fpga_0
  Path Type:              Setup (Max at Slow Process Corner)
  Requirement:            10.000ns  (clk_fpga_0 rise@10.000ns - clk_fpga_0 rise@0.000ns)
  Data Path Delay:        10.409ns  (logic 5.267ns (50.599%)  route 5.142ns (49.401%))
  Logic Levels:           13  (CARRY4=7 LUT4=2 LUT5=2 LUT6=2)
  Clock Path Skew:        -0.104ns (DCD - SCD + CPR)
    Destination Clock Delay (DCD):    2.951ns = ( 12.951 - 10.000 ) 
    Source Clock Delay      (SCD):    3.308ns
    Clock Pessimism Removal (CPR):    0.253ns
  Clock Uncertainty:      0.154ns  ((TSJ^2 + TIJ^2)^1/2 + DJ) / 2 + PE
    Total System Jitter     (TSJ):    0.071ns
    Total Input Jitter      (TIJ):    0.300ns
    Discrete Jitter          (DJ):    0.000ns
    Phase Error              (PE):    0.000ns

    Location             Delay type                Incr(ns)  Path(ns)    Netlist Resource(s)
  -------------------------------------------------------------------    -------------------
                         (clock clk_fpga_0 rise edge)
                                                      0.000     0.000 r  
    PS7_X0Y0             PS7                          0.000     0.000 r  d_i/ps/inst/PS7_i/FCLKCLK[0]
                         net (fo=1, routed)           1.193     1.193    d_i/ps/inst/FCLK_CLK_unbuffered[0]
    BUFGCTRL_X0Y17       BUFG (Prop_bufg_I_O)         0.101     1.294 r  d_i/ps/inst/buffer_fclk_clk_0.FCLK_CLK_0_BUFG_replica/O
                         net (fo=3, routed)           0.146     1.440    d_i/ps/inst/FCLK_CLK0_repN
    BUFGCTRL_X0Y16       BUFG (Prop_bufg_I_O)         0.101     1.541 r  d_i/ps/inst/buffer_fclk_clk_0.FCLK_CLK_0_BUFG/O
                         net (fo=13548, routed)       1.767     3.308    d_i/acc/inst/lane1/core/coefficient_store_b/bank1/clk
    RAMB36_X3Y2          RAMB36E1                                     r  d_i/acc/inst/lane1/core/coefficient_store_b/bank1/memory_reg/CLKBWRCLK
  -------------------------------------------------------------------    -------------------
    RAMB36_X3Y2          RAMB36E1 (Prop_ramb36e1_CLKBWRCLK_DOBDO[27])
                                                      2.454     5.762 r  d_i/acc/inst/lane1/core/coefficient_store_b/bank1/memory_reg/DOBDO[27]
                         net (fo=4, routed)           1.523     7.286    d_i/acc/inst/lane1/core/coefficient_store_b/bank0/captured_b0_reg[31][27]
    SLICE_X80Y19         LUT6 (Prop_lut6_I3_O)        0.124     7.410 r  d_i/acc/inst/lane1/core/coefficient_store_b/bank0/captured_b0[27]_i_2__0/O
                         net (fo=1, routed)           0.420     7.830    d_i/acc/inst/lane1/core/coefficient_store_b/bank3/captured_b0_reg[27]
    SLICE_X80Y18         LUT6 (Prop_lut6_I3_O)        0.124     7.954 r  d_i/acc/inst/lane1/core/coefficient_store_b/bank3/captured_b0[27]_i_1__0/O
                         net (fo=8, routed)           1.246     9.199    d_i/acc/inst/lane1/core/coefficient_store_b/bank3/memory_reg_18[3]
    SLICE_X72Y12         LUT4 (Prop_lut4_I1_O)        0.124     9.323 r  d_i/acc/inst/lane1/core/coefficient_store_b/bank3/x[30]_i_27__2/O
                         net (fo=1, routed)           0.000     9.323    d_i/acc/inst/lane1/core/coefficient_store_b/bank3/x[30]_i_27__2_n_0
    SLICE_X72Y12         CARRY4 (Prop_carry4_S[1]_CO[3])
                                                      0.550     9.873 f  d_i/acc/inst/lane1/core/coefficient_store_b/bank3/x_reg[30]_i_18__2/CO[3]
                         net (fo=61, routed)          1.171    11.044    d_i/acc/inst/lane1/core/coefficient_store_b/bank3/butterfly_b0/input_difference_reduced1
    SLICE_X72Y14         LUT4 (Prop_lut4_I1_O)        0.124    11.168 r  d_i/acc/inst/lane1/core/coefficient_store_b/bank3/x[11]_i_6__6/O
                         net (fo=2, routed)           0.480    11.648    d_i/acc/inst/lane1/core/coefficient_store_b/bank3/x[11]_i_6__6_n_0
    SLICE_X71Y14         LUT5 (Prop_lut5_I0_O)        0.124    11.772 r  d_i/acc/inst/lane1/core/coefficient_store_b/bank3/x[11]_i_10__6/O
                         net (fo=1, routed)           0.000    11.772    d_i/acc/inst/lane1/core/coefficient_store_b/bank3/x[11]_i_10__6_n_0
    SLICE_X71Y14         CARRY4 (Prop_carry4_S[1]_CO[3])
                                                      0.550    12.322 r  d_i/acc/inst/lane1/core/coefficient_store_b/bank3/x_reg[11]_i_3__2/CO[3]
                         net (fo=1, routed)           0.000    12.322    d_i/acc/inst/lane1/core/coefficient_store_b/bank3/x_reg[11]_i_3__2_n_0
    SLICE_X71Y15         CARRY4 (Prop_carry4_CI_CO[3])
                                                      0.114    12.436 r  d_i/acc/inst/lane1/core/coefficient_store_b/bank3/x_reg[15]_i_3__2/CO[3]
                         net (fo=1, routed)           0.000    12.436    d_i/acc/inst/lane1/core/coefficient_store_b/bank3/x_reg[15]_i_3__2_n_0
    SLICE_X71Y16         CARRY4 (Prop_carry4_CI_CO[3])
                                                      0.114    12.550 r  d_i/acc/inst/lane1/core/coefficient_store_b/bank3/x_reg[19]_i_3__2/CO[3]
                         net (fo=1, routed)           0.000    12.550    d_i/acc/inst/lane1/core/coefficient_store_b/bank3/x_reg[19]_i_3__2_n_0
    SLICE_X71Y17         CARRY4 (Prop_carry4_CI_CO[3])
                                                      0.114    12.664 r  d_i/acc/inst/lane1/core/coefficient_store_b/bank3/x_reg[23]_i_3__2/CO[3]
                         net (fo=1, routed)           0.000    12.664    d_i/acc/inst/lane1/core/coefficient_store_b/bank3/x_reg[23]_i_3__2_n_0
    SLICE_X71Y18         CARRY4 (Prop_carry4_CI_CO[3])
                                                      0.114    12.778 r  d_i/acc/inst/lane1/core/coefficient_store_b/bank3/x_reg[27]_i_3__2/CO[3]
                         net (fo=1, routed)           0.000    12.778    d_i/acc/inst/lane1/core/coefficient_store_b/bank3/x_reg[27]_i_3__2_n_0
    SLICE_X71Y19         CARRY4 (Prop_carry4_CI_O[1])
                                                      0.334    13.112 r  d_i/acc/inst/lane1/core/coefficient_store_b/bank3/x_reg[30]_i_3__2/O[1]
                         net (fo=1, routed)           0.303    13.415    d_i/acc/inst/lane1/core/butterfly_b0/multiplier/input_difference_reduced[29]
    SLICE_X73Y19         LUT5 (Prop_lut5_I1_O)        0.303    13.718 r  d_i/acc/inst/lane1/core/butterfly_b0/multiplier/x[29]_i_1__13/O
                         net (fo=1, routed)           0.000    13.718    d_i/acc/inst/lane1/core/butterfly_b0/multiplier/x[29]_i_1__13_n_0
    SLICE_X73Y19         FDRE                                         r  d_i/acc/inst/lane1/core/butterfly_b0/multiplier/x_reg[29]/D
  -------------------------------------------------------------------    -------------------

                         (clock clk_fpga_0 rise edge)
                                                     10.000    10.000 r  
    PS7_X0Y0             PS7                          0.000    10.000 r  d_i/ps/inst/PS7_i/FCLKCLK[0]
                         net (fo=1, routed)           1.088    11.088    d_i/ps/inst/FCLK_CLK_unbuffered[0]
    BUFGCTRL_X0Y17       BUFG (Prop_bufg_I_O)         0.091    11.179 r  d_i/ps/inst/buffer_fclk_clk_0.FCLK_CLK_0_BUFG_replica/O
                         net (fo=3, routed)           0.133    11.312    d_i/ps/inst/FCLK_CLK0_repN
    BUFGCTRL_X0Y16       BUFG (Prop_bufg_I_O)         0.091    11.403 r  d_i/ps/inst/buffer_fclk_clk_0.FCLK_CLK_0_BUFG/O
                         net (fo=13548, routed)       1.548    12.951    d_i/acc/inst/lane1/core/butterfly_b0/multiplier/clk
    SLICE_X73Y19         FDRE                                         r  d_i/acc/inst/lane1/core/butterfly_b0/multiplier/x_reg[29]/C
                         clock pessimism              0.253    13.204    
                         clock uncertainty           -0.154    13.050    
    SLICE_X73Y19         FDRE (Setup_fdre_C_D)        0.029    13.079    d_i/acc/inst/lane1/core/butterfly_b0/multiplier/x_reg[29]
  -------------------------------------------------------------------
                         required time                         13.079    
                         arrival time                         -13.718    
  -------------------------------------------------------------------
                         slack                                 -0.639    

Slack (VIOLATED) :        -0.635ns  (required time - arrival time)
  Source:                 d_i/acc/inst/lane1/core/coefficient_store_a/bank1/memory_reg/CLKBWRCLK
                            (rising edge-triggered cell RAMB36E1 clocked by clk_fpga_0  {rise@0.000ns fall@5.000ns period=10.000ns})
  Destination:            d_i/acc/inst/lane1/core/butterfly_a1/multiplier/x_reg[26]/D
                            (rising edge-triggered cell FDRE clocked by clk_fpga_0  {rise@0.000ns fall@5.000ns period=10.000ns})
  Path Group:             clk_fpga_0
  Path Type:              Setup (Max at Slow Process Corner)
  Requirement:            10.000ns  (clk_fpga_0 rise@10.000ns - clk_fpga_0 rise@0.000ns)
  Data Path Delay:        10.438ns  (logic 5.353ns (51.281%)  route 5.085ns (48.719%))
  Logic Levels:           16  (CARRY4=10 LUT4=2 LUT6=3 MUXF7=1)
  Clock Path Skew:        -0.106ns (DCD - SCD + CPR)
    Destination Clock Delay (DCD):    2.894ns = ( 12.894 - 10.000 ) 
    Source Clock Delay      (SCD):    3.252ns
    Clock Pessimism Removal (CPR):    0.253ns
  Clock Uncertainty:      0.154ns  ((TSJ^2 + TIJ^2)^1/2 + DJ) / 2 + PE
    Total System Jitter     (TSJ):    0.071ns
    Total Input Jitter      (TIJ):    0.300ns
    Discrete Jitter          (DJ):    0.000ns
    Phase Error              (PE):    0.000ns

    Location             Delay type                Incr(ns)  Path(ns)    Netlist Resource(s)
  -------------------------------------------------------------------    -------------------
                         (clock clk_fpga_0 rise edge)
                                                      0.000     0.000 r  
    PS7_X0Y0             PS7                          0.000     0.000 r  d_i/ps/inst/PS7_i/FCLKCLK[0]
                         net (fo=1, routed)           1.193     1.193    d_i/ps/inst/FCLK_CLK_unbuffered[0]
    BUFGCTRL_X0Y17       BUFG (Prop_bufg_I_O)         0.101     1.294 r  d_i/ps/inst/buffer_fclk_clk_0.FCLK_CLK_0_BUFG_replica/O
                         net (fo=3, routed)           0.146     1.440    d_i/ps/inst/FCLK_CLK0_repN
    BUFGCTRL_X0Y16       BUFG (Prop_bufg_I_O)         0.101     1.541 r  d_i/ps/inst/buffer_fclk_clk_0.FCLK_CLK_0_BUFG/O
                         net (fo=13548, routed)       1.711     3.252    d_i/acc/inst/lane1/core/coefficient_store_a/bank1/clk
    RAMB36_X2Y1          RAMB36E1                                     r  d_i/acc/inst/lane1/core/coefficient_store_a/bank1/memory_reg/CLKBWRCLK
  -------------------------------------------------------------------    -------------------
    RAMB36_X2Y1          RAMB36E1 (Prop_ramb36e1_CLKBWRCLK_DOBDO[15])
                                                      2.454     5.706 r  d_i/acc/inst/lane1/core/coefficient_store_a/bank1/memory_reg/DOBDO[15]
                         net (fo=4, routed)           1.419     7.125    d_i/acc/inst/lane1/core/coefficient_store_a/bank0/a_register_reg[31][15]
    SLICE_X37Y7          LUT6 (Prop_lut6_I3_O)        0.124     7.249 r  d_i/acc/inst/lane1/core/coefficient_store_a/bank0/a_register[15]_i_2__0/O
                         net (fo=1, routed)           0.433     7.682    d_i/acc/inst/lane1/core/coefficient_store_a/bank2/a_register_reg[15]
    SLICE_X35Y7          LUT6 (Prop_lut6_I2_O)        0.124     7.806 r  d_i/acc/inst/lane1/core/coefficient_store_a/bank2/a_register[15]_i_1__0/O
                         net (fo=10, routed)          0.859     8.666    d_i/acc/inst/lane1/core/coefficient_store_a/bank3/x_reg[19]_i_4__2_0
    SLICE_X33Y8          LUT4 (Prop_lut4_I1_O)        0.124     8.790 r  d_i/acc/inst/lane1/core/coefficient_store_a/bank3/x[31]_i_47__2/O
                         net (fo=1, routed)           0.000     8.790    d_i/acc/inst/lane1/core/coefficient_store_a/bank3/x[31]_i_47__2_n_0
    SLICE_X33Y8          CARRY4 (Prop_carry4_S[3]_CO[3])
                                                      0.401     9.191 r  d_i/acc/inst/lane1/core/coefficient_store_a/bank3/x_reg[31]_i_33__6/CO[3]
                         net (fo=1, routed)           0.000     9.191    d_i/acc/inst/lane1/core/coefficient_store_a/bank3/x_reg[31]_i_33__6_n_0
    SLICE_X33Y9          CARRY4 (Prop_carry4_CI_CO[3])
                                                      0.114     9.305 r  d_i/acc/inst/lane1/core/coefficient_store_a/bank3/x_reg[31]_i_24__2/CO[3]
                         net (fo=1, routed)           0.000     9.305    d_i/acc/inst/lane1/core/coefficient_store_a/bank3/x_reg[31]_i_24__2_n_0
    SLICE_X33Y10         CARRY4 (Prop_carry4_CI_CO[3])
                                                      0.114     9.419 f  d_i/acc/inst/lane1/core/coefficient_store_a/bank3/x_reg[31]_i_19__2/CO[3]
                         net (fo=61, routed)          1.162    10.580    d_i/acc/inst/lane1/core/coefficient_store_a/bank3/x[31]_i_32__2_0[0]
    SLICE_X37Y6          LUT4 (Prop_lut4_I0_O)        0.124    10.704 r  d_i/acc/inst/lane1/core/coefficient_store_a/bank3/x[3]_i_6__4/O
                         net (fo=1, routed)           0.640    11.344    d_i/acc/inst/lane1/core/coefficient_store_a/bank3/x[3]_i_6__4_n_0
    SLICE_X34Y6          CARRY4 (Prop_carry4_DI[2]_CO[3])
                                                      0.404    11.748 r  d_i/acc/inst/lane1/core/coefficient_store_a/bank3/x_reg[3]_i_4__2/CO[3]
                         net (fo=1, routed)           0.000    11.748    d_i/acc/inst/lane1/core/coefficient_store_a/bank3/x_reg[3]_i_4__2_n_0
    SLICE_X34Y7          CARRY4 (Prop_carry4_CI_CO[3])
                                                      0.117    11.865 r  d_i/acc/inst/lane1/core/coefficient_store_a/bank3/x_reg[7]_i_4__2/CO[3]
                         net (fo=1, routed)           0.000    11.865    d_i/acc/inst/lane1/core/coefficient_store_a/bank3/x_reg[7]_i_4__2_n_0
    SLICE_X34Y8          CARRY4 (Prop_carry4_CI_CO[3])
                                                      0.117    11.982 r  d_i/acc/inst/lane1/core/coefficient_store_a/bank3/x_reg[11]_i_4__2/CO[3]
                         net (fo=1, routed)           0.000    11.982    d_i/acc/inst/lane1/core/coefficient_store_a/bank3/x_reg[11]_i_4__2_n_0
    SLICE_X34Y9          CARRY4 (Prop_carry4_CI_CO[3])
                                                      0.117    12.099 r  d_i/acc/inst/lane1/core/coefficient_store_a/bank3/x_reg[15]_i_4__2/CO[3]
                         net (fo=1, routed)           0.000    12.099    d_i/acc/inst/lane1/core/coefficient_store_a/bank3/x_reg[15]_i_4__2_n_0
    SLICE_X34Y10         CARRY4 (Prop_carry4_CI_CO[3])
                                                      0.117    12.216 r  d_i/acc/inst/lane1/core/coefficient_store_a/bank3/x_reg[19]_i_4__2/CO[3]
                         net (fo=1, routed)           0.000    12.216    d_i/acc/inst/lane1/core/coefficient_store_a/bank3/x_reg[19]_i_4__2_n_0
    SLICE_X34Y11         CARRY4 (Prop_carry4_CI_CO[3])
                                                      0.117    12.333 r  d_i/acc/inst/lane1/core/coefficient_store_a/bank3/x_reg[23]_i_4__2/CO[3]
                         net (fo=1, routed)           0.000    12.333    d_i/acc/inst/lane1/core/coefficient_store_a/bank3/x_reg[23]_i_4__2_n_0
    SLICE_X34Y12         CARRY4 (Prop_carry4_CI_O[2])
                                                      0.239    12.572 r  d_i/acc/inst/lane1/core/coefficient_store_a/bank3/x_reg[27]_i_4__2/O[2]
                         net (fo=1, routed)           0.573    13.145    d_i/acc/inst/lane1/core/butterfly_a1/multiplier/input_difference_reduced[26]
    SLICE_X35Y15         LUT6 (Prop_lut6_I2_O)        0.301    13.446 r  d_i/acc/inst/lane1/core/butterfly_a1/multiplier/x[26]_i_3__6/O
                         net (fo=1, routed)           0.000    13.446    d_i/acc/inst/lane1/core/butterfly_a1/multiplier/x[26]_i_3__6_n_0
    SLICE_X35Y15         MUXF7 (Prop_muxf7_I1_O)      0.245    13.691 r  d_i/acc/inst/lane1/core/butterfly_a1/multiplier/x_reg[26]_i_1__2/O
                         net (fo=1, routed)           0.000    13.691    d_i/acc/inst/lane1/core/butterfly_a1/multiplier/x_reg[26]_i_1__2_n_0
    SLICE_X35Y15         FDRE                                         r  d_i/acc/inst/lane1/core/butterfly_a1/multiplier/x_reg[26]/D
  -------------------------------------------------------------------    -------------------

                         (clock clk_fpga_0 rise edge)
                                                     10.000    10.000 r  
    PS7_X0Y0             PS7                          0.000    10.000 r  d_i/ps/inst/PS7_i/FCLKCLK[0]
                         net (fo=1, routed)           1.088    11.088    d_i/ps/inst/FCLK_CLK_unbuffered[0]
    BUFGCTRL_X0Y17       BUFG (Prop_bufg_I_O)         0.091    11.179 r  d_i/ps/inst/buffer_fclk_clk_0.FCLK_CLK_0_BUFG_replica/O
                         net (fo=3, routed)           0.133    11.312    d_i/ps/inst/FCLK_CLK0_repN
    BUFGCTRL_X0Y16       BUFG (Prop_bufg_I_O)         0.091    11.403 r  d_i/ps/inst/buffer_fclk_clk_0.FCLK_CLK_0_BUFG/O
                         net (fo=13548, routed)       1.490    12.894    d_i/acc/inst/lane1/core/butterfly_a1/multiplier/clk
    SLICE_X35Y15         FDRE                                         r  d_i/acc/inst/lane1/core/butterfly_a1/multiplier/x_reg[26]/C
                         clock pessimism              0.253    13.146    
                         clock uncertainty           -0.154    12.992    
    SLICE_X35Y15         FDRE (Setup_fdre_C_D)        0.064    13.056    d_i/acc/inst/lane1/core/butterfly_a1/multiplier/x_reg[26]
  -------------------------------------------------------------------
                         required time                         13.056    
                         arrival time                         -13.691    
  -------------------------------------------------------------------
                         slack                                 -0.635    

Slack (VIOLATED) :        -0.629ns  (required time - arrival time)
  Source:                 d_i/acc/inst/lane0/core/coefficient_store_a/bank0/memory_reg/CLKBWRCLK
                            (rising edge-triggered cell RAMB36E1 clocked by clk_fpga_0  {rise@0.000ns fall@5.000ns period=10.000ns})
  Destination:            d_i/acc/inst/lane0/core/butterfly_a1/multiplier/x_reg[17]/D
                            (rising edge-triggered cell FDRE clocked by clk_fpga_0  {rise@0.000ns fall@5.000ns period=10.000ns})
  Path Group:             clk_fpga_0
  Path Type:              Setup (Max at Slow Process Corner)
  Requirement:            10.000ns  (clk_fpga_0 rise@10.000ns - clk_fpga_0 rise@0.000ns)
  Data Path Delay:        10.447ns  (logic 5.336ns (51.078%)  route 5.111ns (48.922%))
  Logic Levels:           13  (CARRY4=7 LUT4=2 LUT6=3 MUXF7=1)
  Clock Path Skew:        -0.092ns (DCD - SCD + CPR)
    Destination Clock Delay (DCD):    2.974ns = ( 12.974 - 10.000 ) 
    Source Clock Delay      (SCD):    3.318ns
    Clock Pessimism Removal (CPR):    0.253ns
  Clock Uncertainty:      0.154ns  ((TSJ^2 + TIJ^2)^1/2 + DJ) / 2 + PE
    Total System Jitter     (TSJ):    0.071ns
    Total Input Jitter      (TIJ):    0.300ns
    Discrete Jitter          (DJ):    0.000ns
    Phase Error              (PE):    0.000ns

    Location             Delay type                Incr(ns)  Path(ns)    Netlist Resource(s)
  -------------------------------------------------------------------    -------------------
                         (clock clk_fpga_0 rise edge)
                                                      0.000     0.000 r  
    PS7_X0Y0             PS7                          0.000     0.000 r  d_i/ps/inst/PS7_i/FCLKCLK[0]
                         net (fo=1, routed)           1.193     1.193    d_i/ps/inst/FCLK_CLK_unbuffered[0]
    BUFGCTRL_X0Y17       BUFG (Prop_bufg_I_O)         0.101     1.294 r  d_i/ps/inst/buffer_fclk_clk_0.FCLK_CLK_0_BUFG_replica/O
                         net (fo=3, routed)           0.146     1.440    d_i/ps/inst/FCLK_CLK0_repN
    BUFGCTRL_X0Y16       BUFG (Prop_bufg_I_O)         0.101     1.541 r  d_i/ps/inst/buffer_fclk_clk_0.FCLK_CLK_0_BUFG/O
                         net (fo=13548, routed)       1.777     3.318    d_i/acc/inst/lane0/core/coefficient_store_a/bank0/clk
    RAMB36_X1Y5          RAMB36E1                                     r  d_i/acc/inst/lane0/core/coefficient_store_a/bank0/memory_reg/CLKBWRCLK
  -------------------------------------------------------------------    -------------------
    RAMB36_X1Y5          RAMB36E1 (Prop_ramb36e1_CLKBWRCLK_DOBDO[10])
                                                      2.454     5.772 f  d_i/acc/inst/lane0/core/coefficient_store_a/bank0/memory_reg/DOBDO[10]
                         net (fo=4, routed)           0.662     6.434    d_i/acc/inst/lane0/core/coefficient_store_a/bank0/DOBDO[8]
    SLICE_X23Y27         LUT6 (Prop_lut6_I5_O)        0.124     6.558 r  d_i/acc/inst/lane0/core/coefficient_store_a/bank0/a_register[10]_i_2_comp_1/O
                         net (fo=1, routed)           0.665     7.223    d_i/acc/inst/lane0/core/coefficient_store_a/bank3/a_register_reg[10]_0
    SLICE_X23Y27         LUT6 (Prop_lut6_I3_O)        0.124     7.347 r  d_i/acc/inst/lane0/core/coefficient_store_a/bank3/a_register[10]_i_1_comp/O
                         net (fo=10, routed)          1.181     8.529    d_i/acc/inst/lane0/core/coefficient_store_a/bank3/memory_reg_46
    SLICE_X23Y33         LUT4 (Prop_lut4_I3_O)        0.124     8.653 r  d_i/acc/inst/lane0/core/coefficient_store_a/bank3/x[31]_i_49__0/O
                         net (fo=1, routed)           0.000     8.653    d_i/acc/inst/lane0/core/coefficient_store_a/bank3/x[31]_i_49__0_n_0
    SLICE_X23Y33         CARRY4 (Prop_carry4_S[1]_CO[3])
                                                      0.550     9.203 r  d_i/acc/inst/lane0/core/coefficient_store_a/bank3/x_reg[31]_i_33__2/CO[3]
                         net (fo=1, routed)           0.000     9.203    d_i/acc/inst/lane0/core/coefficient_store_a/bank3/x_reg[31]_i_33__2_n_0
    SLICE_X23Y34         CARRY4 (Prop_carry4_CI_CO[3])
                                                      0.114     9.317 r  d_i/acc/inst/lane0/core/coefficient_store_a/bank3/x_reg[31]_i_24__0/CO[3]
                         net (fo=1, routed)           0.000     9.317    d_i/acc/inst/lane0/core/coefficient_store_a/bank3/x_reg[31]_i_24__0_n_0
    SLICE_X23Y35         CARRY4 (Prop_carry4_CI_CO[3])
                                                      0.114     9.431 f  d_i/acc/inst/lane0/core/coefficient_store_a/bank3/x_reg[31]_i_19__0/CO[3]
                         net (fo=61, routed)          1.210    10.641    d_i/acc/inst/lane0/core/coefficient_store_a/bank3/x[31]_i_32__0_0[0]
    SLICE_X28Y41         LUT4 (Prop_lut4_I0_O)        0.124    10.765 r  d_i/acc/inst/lane0/core/coefficient_store_a/bank3/x[7]_i_8__0/O
                         net (fo=1, routed)           0.731    11.496    d_i/acc/inst/lane0/core/coefficient_store_a/bank3/x[7]_i_8__0_n_0
    SLICE_X28Y33         CARRY4 (Prop_carry4_DI[0]_CO[3])
                                                      0.526    12.022 r  d_i/acc/inst/lane0/core/coefficient_store_a/bank3/x_reg[7]_i_4__0/CO[3]
                         net (fo=1, routed)           0.000    12.022    d_i/acc/inst/lane0/core/coefficient_store_a/bank3/x_reg[7]_i_4__0_n_0
    SLICE_X28Y34         CARRY4 (Prop_carry4_CI_CO[3])
                                                      0.114    12.136 r  d_i/acc/inst/lane0/core/coefficient_store_a/bank3/x_reg[11]_i_4__0/CO[3]
                         net (fo=1, routed)           0.000    12.136    d_i/acc/inst/lane0/core/coefficient_store_a/bank3/x_reg[11]_i_4__0_n_0
    SLICE_X28Y35         CARRY4 (Prop_carry4_CI_CO[3])
                                                      0.114    12.250 r  d_i/acc/inst/lane0/core/coefficient_store_a/bank3/x_reg[15]_i_4__0/CO[3]
                         net (fo=1, routed)           0.000    12.250    d_i/acc/inst/lane0/core/coefficient_store_a/bank3/x_reg[15]_i_4__0_n_0
    SLICE_X28Y36         CARRY4 (Prop_carry4_CI_O[1])
                                                      0.334    12.584 r  d_i/acc/inst/lane0/core/coefficient_store_a/bank3/x_reg[19]_i_4__0/O[1]
                         net (fo=1, routed)           0.661    13.245    d_i/acc/inst/lane0/core/butterfly_a1/multiplier/input_difference_reduced[17]
    SLICE_X29Y42         LUT6 (Prop_lut6_I2_O)        0.303    13.548 r  d_i/acc/inst/lane0/core/butterfly_a1/multiplier/x[17]_i_3__0/O
                         net (fo=1, routed)           0.000    13.548    d_i/acc/inst/lane0/core/butterfly_a1/multiplier/x[17]_i_3__0_n_0
    SLICE_X29Y42         MUXF7 (Prop_muxf7_I1_O)      0.217    13.765 r  d_i/acc/inst/lane0/core/butterfly_a1/multiplier/x_reg[17]_i_1__0/O
                         net (fo=1, routed)           0.000    13.765    d_i/acc/inst/lane0/core/butterfly_a1/multiplier/x_reg[17]_i_1__0_n_0
    SLICE_X29Y42         FDRE                                         r  d_i/acc/inst/lane0/core/butterfly_a1/multiplier/x_reg[17]/D
  -------------------------------------------------------------------    -------------------

                         (clock clk_fpga_0 rise edge)
                                                     10.000    10.000 r  
    PS7_X0Y0             PS7                          0.000    10.000 r  d_i/ps/inst/PS7_i/FCLKCLK[0]
                         net (fo=1, routed)           1.088    11.088    d_i/ps/inst/FCLK_CLK_unbuffered[0]
    BUFGCTRL_X0Y17       BUFG (Prop_bufg_I_O)         0.091    11.179 r  d_i/ps/inst/buffer_fclk_clk_0.FCLK_CLK_0_BUFG_replica/O
                         net (fo=3, routed)           0.133    11.312    d_i/ps/inst/FCLK_CLK0_repN
    BUFGCTRL_X0Y16       BUFG (Prop_bufg_I_O)         0.091    11.403 r  d_i/ps/inst/buffer_fclk_clk_0.FCLK_CLK_0_BUFG/O
                         net (fo=13548, routed)       1.570    12.974    d_i/acc/inst/lane0/core/butterfly_a1/multiplier/clk
    SLICE_X29Y42         FDRE                                         r  d_i/acc/inst/lane0/core/butterfly_a1/multiplier/x_reg[17]/C
                         clock pessimism              0.253    13.226    
                         clock uncertainty           -0.154    13.072    
    SLICE_X29Y42         FDRE (Setup_fdre_C_D)        0.064    13.136    d_i/acc/inst/lane0/core/butterfly_a1/multiplier/x_reg[17]
  -------------------------------------------------------------------
                         required time                         13.136    
                         arrival time                         -13.765    
  -------------------------------------------------------------------
                         slack                                 -0.629    

Slack (VIOLATED) :        -0.628ns  (required time - arrival time)
  Source:                 d_i/acc/inst/lane1/core/coefficient_store_a/bank0/memory_reg/CLKBWRCLK
                            (rising edge-triggered cell RAMB36E1 clocked by clk_fpga_0  {rise@0.000ns fall@5.000ns period=10.000ns})
  Destination:            d_i/acc/inst/lane1/core/butterfly_a0/multiplier/x_reg[23]/D
                            (rising edge-triggered cell FDRE clocked by clk_fpga_0  {rise@0.000ns fall@5.000ns period=10.000ns})
  Path Group:             clk_fpga_0
  Path Type:              Setup (Max at Slow Process Corner)
  Requirement:            10.000ns  (clk_fpga_0 rise@10.000ns - clk_fpga_0 rise@0.000ns)
  Data Path Delay:        10.515ns  (logic 5.475ns (52.070%)  route 5.040ns (47.930%))
  Logic Levels:           14  (CARRY4=8 LUT4=2 LUT6=3 MUXF7=1)
  Clock Path Skew:        -0.023ns (DCD - SCD + CPR)
    Destination Clock Delay (DCD):    2.977ns = ( 12.977 - 10.000 ) 
    Source Clock Delay      (SCD):    3.253ns
    Clock Pessimism Removal (CPR):    0.253ns
  Clock Uncertainty:      0.154ns  ((TSJ^2 + TIJ^2)^1/2 + DJ) / 2 + PE
    Total System Jitter     (TSJ):    0.071ns
    Total Input Jitter      (TIJ):    0.300ns
    Discrete Jitter          (DJ):    0.000ns
    Phase Error              (PE):    0.000ns

    Location             Delay type                Incr(ns)  Path(ns)    Netlist Resource(s)
  -------------------------------------------------------------------    -------------------
                         (clock clk_fpga_0 rise edge)
                                                      0.000     0.000 r  
    PS7_X0Y0             PS7                          0.000     0.000 r  d_i/ps/inst/PS7_i/FCLKCLK[0]
                         net (fo=1, routed)           1.193     1.193    d_i/ps/inst/FCLK_CLK_unbuffered[0]
    BUFGCTRL_X0Y17       BUFG (Prop_bufg_I_O)         0.101     1.294 r  d_i/ps/inst/buffer_fclk_clk_0.FCLK_CLK_0_BUFG_replica/O
                         net (fo=3, routed)           0.146     1.440    d_i/ps/inst/FCLK_CLK0_repN
    BUFGCTRL_X0Y16       BUFG (Prop_bufg_I_O)         0.101     1.541 r  d_i/ps/inst/buffer_fclk_clk_0.FCLK_CLK_0_BUFG/O
                         net (fo=13548, routed)       1.712     3.253    d_i/acc/inst/lane1/core/coefficient_store_a/bank0/clk
    RAMB36_X2Y0          RAMB36E1                                     r  d_i/acc/inst/lane1/core/coefficient_store_a/bank0/memory_reg/CLKBWRCLK
  -------------------------------------------------------------------    -------------------
    RAMB36_X2Y0          RAMB36E1 (Prop_ramb36e1_CLKBWRCLK_DOBDO[1])
                                                      2.454     5.707 r  d_i/acc/inst/lane1/core/coefficient_store_a/bank0/memory_reg/DOBDO[1]
                         net (fo=4, routed)           1.202     6.909    d_i/acc/inst/lane1/core/coefficient_store_a/bank0/DOBDO[1]
    SLICE_X28Y5          LUT6 (Prop_lut6_I2_O)        0.124     7.033 r  d_i/acc/inst/lane1/core/coefficient_store_a/bank0/captured_a1[1]_i_2__0/O
                         net (fo=1, routed)           0.461     7.494    d_i/acc/inst/lane1/core/coefficient_store_a/bank2/captured_a1_reg[1]_0
    SLICE_X26Y4          LUT6 (Prop_lut6_I3_O)        0.124     7.618 r  d_i/acc/inst/lane1/core/coefficient_store_a/bank2/captured_a1[1]_i_1__0/O
                         net (fo=9, routed)           0.792     8.410    d_i/acc/inst/lane1/core/coefficient_store_a/bank3/x_reg[3]_i_4__1_0
    SLICE_X24Y4          LUT4 (Prop_lut4_I0_O)        0.124     8.534 r  d_i/acc/inst/lane1/core/coefficient_store_a/bank3/x[31]_i_58__1/O
                         net (fo=1, routed)           0.000     8.534    d_i/acc/inst/lane1/core/coefficient_store_a/bank3/x[31]_i_58__1_n_0
    SLICE_X24Y4          CARRY4 (Prop_carry4_S[0]_CO[3])
                                                      0.532     9.066 r  d_i/acc/inst/lane1/core/coefficient_store_a/bank3/x_reg[31]_i_42__1/CO[3]
                         net (fo=1, routed)           0.000     9.066    d_i/acc/inst/lane1/core/coefficient_store_a/bank3/x_reg[31]_i_42__1_n_0
    SLICE_X24Y5          CARRY4 (Prop_carry4_CI_CO[3])
                                                      0.114     9.180 r  d_i/acc/inst/lane1/core/coefficient_store_a/bank3/x_reg[31]_i_33__5/CO[3]
                         net (fo=1, routed)           0.000     9.180    d_i/acc/inst/lane1/core/coefficient_store_a/bank3/x_reg[31]_i_33__5_n_0
    SLICE_X24Y6          CARRY4 (Prop_carry4_CI_CO[3])
                                                      0.114     9.294 r  d_i/acc/inst/lane1/core/coefficient_store_a/bank3/x_reg[31]_i_24__1/CO[3]
                         net (fo=1, routed)           0.000     9.294    d_i/acc/inst/lane1/core/coefficient_store_a/bank3/x_reg[31]_i_24__1_n_0
    SLICE_X24Y7          CARRY4 (Prop_carry4_CI_CO[3])
                                                      0.114     9.408 f  d_i/acc/inst/lane1/core/coefficient_store_a/bank3/x_reg[31]_i_19__1/CO[3]
                         net (fo=61, routed)          1.431    10.839    d_i/acc/inst/lane1/core/coefficient_store_a/bank3/butterfly_a0/input_difference_reduced1
    SLICE_X23Y7          LUT4 (Prop_lut4_I0_O)        0.124    10.963 r  d_i/acc/inst/lane1/core/coefficient_store_a/bank3/x[11]_i_8__3/O
                         net (fo=1, routed)           0.568    11.531    d_i/acc/inst/lane1/core/coefficient_store_a/bank3/x[11]_i_8__3_n_0
    SLICE_X22Y7          CARRY4 (Prop_carry4_DI[0]_CO[3])
                                                      0.550    12.081 r  d_i/acc/inst/lane1/core/coefficient_store_a/bank3/x_reg[11]_i_4__1/CO[3]
                         net (fo=1, routed)           0.000    12.081    d_i/acc/inst/lane1/core/coefficient_store_a/bank3/x_reg[11]_i_4__1_n_0
    SLICE_X22Y8          CARRY4 (Prop_carry4_CI_CO[3])
                                                      0.117    12.198 r  d_i/acc/inst/lane1/core/coefficient_store_a/bank3/x_reg[15]_i_4__1/CO[3]
                         net (fo=1, routed)           0.000    12.198    d_i/acc/inst/lane1/core/coefficient_store_a/bank3/x_reg[15]_i_4__1_n_0
    SLICE_X22Y9          CARRY4 (Prop_carry4_CI_CO[3])
                                                      0.117    12.315 r  d_i/acc/inst/lane1/core/coefficient_store_a/bank3/x_reg[19]_i_4__1/CO[3]
                         net (fo=1, routed)           0.000    12.315    d_i/acc/inst/lane1/core/coefficient_store_a/bank3/x_reg[19]_i_4__1_n_0
    SLICE_X22Y10         CARRY4 (Prop_carry4_CI_O[3])
                                                      0.315    12.630 r  d_i/acc/inst/lane1/core/coefficient_store_a/bank3/x_reg[23]_i_4__1/O[3]
                         net (fo=1, routed)           0.586    13.216    d_i/acc/inst/lane1/core/butterfly_a0/multiplier/input_difference_reduced[23]
    SLICE_X21Y14         LUT6 (Prop_lut6_I2_O)        0.307    13.523 r  d_i/acc/inst/lane1/core/butterfly_a0/multiplier/x[23]_i_3__5/O
                         net (fo=1, routed)           0.000    13.523    d_i/acc/inst/lane1/core/butterfly_a0/multiplier/x[23]_i_3__5_n_0
    SLICE_X21Y14         MUXF7 (Prop_muxf7_I1_O)      0.245    13.768 r  d_i/acc/inst/lane1/core/butterfly_a0/multiplier/x_reg[23]_i_1__1/O
                         net (fo=1, routed)           0.000    13.768    d_i/acc/inst/lane1/core/butterfly_a0/multiplier/x_reg[23]_i_1__1_n_0
    SLICE_X21Y14         FDRE                                         r  d_i/acc/inst/lane1/core/butterfly_a0/multiplier/x_reg[23]/D
  -------------------------------------------------------------------    -------------------

                         (clock clk_fpga_0 rise edge)
                                                     10.000    10.000 r  
    PS7_X0Y0             PS7                          0.000    10.000 r  d_i/ps/inst/PS7_i/FCLKCLK[0]
                         net (fo=1, routed)           1.088    11.088    d_i/ps/inst/FCLK_CLK_unbuffered[0]
    BUFGCTRL_X0Y17       BUFG (Prop_bufg_I_O)         0.091    11.179 r  d_i/ps/inst/buffer_fclk_clk_0.FCLK_CLK_0_BUFG_replica/O
                         net (fo=3, routed)           0.133    11.312    d_i/ps/inst/FCLK_CLK0_repN
    BUFGCTRL_X0Y16       BUFG (Prop_bufg_I_O)         0.091    11.403 r  d_i/ps/inst/buffer_fclk_clk_0.FCLK_CLK_0_BUFG/O
                         net (fo=13548, routed)       1.574    12.977    d_i/acc/inst/lane1/core/butterfly_a0/multiplier/clk
    SLICE_X21Y14         FDRE                                         r  d_i/acc/inst/lane1/core/butterfly_a0/multiplier/x_reg[23]/C
                         clock pessimism              0.253    13.230    
                         clock uncertainty           -0.154    13.076    
    SLICE_X21Y14         FDRE (Setup_fdre_C_D)        0.064    13.140    d_i/acc/inst/lane1/core/butterfly_a0/multiplier/x_reg[23]
  -------------------------------------------------------------------
                         required time                         13.140    
                         arrival time                         -13.768    
  -------------------------------------------------------------------
                         slack                                 -0.628    

Slack (VIOLATED) :        -0.628ns  (required time - arrival time)
  Source:                 d_i/acc/inst/lane0/core/coefficient_store_a/bank0/memory_reg/CLKBWRCLK
                            (rising edge-triggered cell RAMB36E1 clocked by clk_fpga_0  {rise@0.000ns fall@5.000ns period=10.000ns})
  Destination:            d_i/acc/inst/lane0/core/butterfly_a0/multiplier/x_reg[22]/D
                            (rising edge-triggered cell FDRE clocked by clk_fpga_0  {rise@0.000ns fall@5.000ns period=10.000ns})
  Path Group:             clk_fpga_0
  Path Type:              Setup (Max at Slow Process Corner)
  Requirement:            10.000ns  (clk_fpga_0 rise@10.000ns - clk_fpga_0 rise@0.000ns)
  Data Path Delay:        10.368ns  (logic 5.219ns (50.340%)  route 5.149ns (49.660%))
  Logic Levels:           14  (CARRY4=8 LUT4=2 LUT6=3 MUXF7=1)
  Clock Path Skew:        -0.170ns (DCD - SCD + CPR)
    Destination Clock Delay (DCD):    2.895ns = ( 12.896 - 10.000 ) 
    Source Clock Delay      (SCD):    3.318ns
    Clock Pessimism Removal (CPR):    0.253ns
  Clock Uncertainty:      0.154ns  ((TSJ^2 + TIJ^2)^1/2 + DJ) / 2 + PE
    Total System Jitter     (TSJ):    0.071ns
    Total Input Jitter      (TIJ):    0.300ns
    Discrete Jitter          (DJ):    0.000ns
    Phase Error              (PE):    0.000ns

    Location             Delay type                Incr(ns)  Path(ns)    Netlist Resource(s)
  -------------------------------------------------------------------    -------------------
                         (clock clk_fpga_0 rise edge)
                                                      0.000     0.000 r  
    PS7_X0Y0             PS7                          0.000     0.000 r  d_i/ps/inst/PS7_i/FCLKCLK[0]
                         net (fo=1, routed)           1.193     1.193    d_i/ps/inst/FCLK_CLK_unbuffered[0]
    BUFGCTRL_X0Y17       BUFG (Prop_bufg_I_O)         0.101     1.294 r  d_i/ps/inst/buffer_fclk_clk_0.FCLK_CLK_0_BUFG_replica/O
                         net (fo=3, routed)           0.146     1.440    d_i/ps/inst/FCLK_CLK0_repN
    BUFGCTRL_X0Y16       BUFG (Prop_bufg_I_O)         0.101     1.541 r  d_i/ps/inst/buffer_fclk_clk_0.FCLK_CLK_0_BUFG/O
                         net (fo=13548, routed)       1.777     3.318    d_i/acc/inst/lane0/core/coefficient_store_a/bank0/clk
    RAMB36_X1Y5          RAMB36E1                                     r  d_i/acc/inst/lane0/core/coefficient_store_a/bank0/memory_reg/CLKBWRCLK
  -------------------------------------------------------------------    -------------------
    RAMB36_X1Y5          RAMB36E1 (Prop_ramb36e1_CLKBWRCLK_DOBDO[0])
                                                      2.454     5.772 r  d_i/acc/inst/lane0/core/coefficient_store_a/bank0/memory_reg/DOBDO[0]
                         net (fo=4, routed)           1.212     6.985    d_i/acc/inst/lane0/core/coefficient_store_a/bank0/DOBDO[0]
    SLICE_X29Y26         LUT6 (Prop_lut6_I2_O)        0.124     7.109 r  d_i/acc/inst/lane0/core/coefficient_store_a/bank0/m_axis_tdata[0]_INST_0_i_1/O
                         net (fo=1, routed)           0.664     7.773    d_i/acc/inst/lane0/core/coefficient_store_a/bank3/a_register_reg[0]
    SLICE_X32Y28         LUT6 (Prop_lut6_I3_O)        0.124     7.897 r  d_i/acc/inst/lane0/core/coefficient_store_a/bank3/m_axis_tdata[0]_INST_0/O
                         net (fo=13, routed)          0.989     8.886    d_i/acc/inst/lane0/core/coefficient_store_a/bank3/DI[0]
    SLICE_X35Y30         LUT4 (Prop_lut4_I3_O)        0.124     9.010 r  d_i/acc/inst/lane0/core/coefficient_store_a/bank3/x[31]_i_58/O
                         net (fo=1, routed)           0.000     9.010    d_i/acc/inst/lane0/core/coefficient_store_a/bank3/x[31]_i_58_n_0
    SLICE_X35Y30         CARRY4 (Prop_carry4_S[0]_CO[3])
                                                      0.532     9.542 r  d_i/acc/inst/lane0/core/coefficient_store_a/bank3/x_reg[31]_i_42/CO[3]
                         net (fo=1, routed)           0.000     9.542    d_i/acc/inst/lane0/core/coefficient_store_a/bank3/x_reg[31]_i_42_n_0
    SLICE_X35Y31         CARRY4 (Prop_carry4_CI_CO[3])
                                                      0.114     9.656 r  d_i/acc/inst/lane0/core/coefficient_store_a/bank3/x_reg[31]_i_33__1/CO[3]
                         net (fo=1, routed)           0.000     9.656    d_i/acc/inst/lane0/core/coefficient_store_a/bank3/x_reg[31]_i_33__1_n_0
    SLICE_X35Y32         CARRY4 (Prop_carry4_CI_CO[3])
                                                      0.114     9.770 r  d_i/acc/inst/lane0/core/coefficient_store_a/bank3/x_reg[31]_i_24/CO[3]
                         net (fo=1, routed)           0.000     9.770    d_i/acc/inst/lane0/core/coefficient_store_a/bank3/x_reg[31]_i_24_n_0
    SLICE_X35Y33         CARRY4 (Prop_carry4_CI_CO[3])
                                                      0.114     9.884 f  d_i/acc/inst/lane0/core/coefficient_store_a/bank3/x_reg[31]_i_19/CO[3]
                         net (fo=61, routed)          1.113    10.997    d_i/acc/inst/lane0/core/coefficient_store_a/bank3/butterfly_a0/input_difference_reduced1
    SLICE_X34Y32         LUT4 (Prop_lut4_I0_O)        0.124    11.121 r  d_i/acc/inst/lane0/core/coefficient_store_a/bank3/x[11]_i_6/O
                         net (fo=1, routed)           0.621    11.742    d_i/acc/inst/lane0/core/coefficient_store_a/bank3/x[11]_i_6_n_0
    SLICE_X36Y32         CARRY4 (Prop_carry4_DI[2]_CO[3])
                                                      0.404    12.146 r  d_i/acc/inst/lane0/core/coefficient_store_a/bank3/x_reg[11]_i_4/CO[3]
                         net (fo=1, routed)           0.000    12.146    d_i/acc/inst/lane0/core/coefficient_store_a/bank3/x_reg[11]_i_4_n_0
    SLICE_X36Y33         CARRY4 (Prop_carry4_CI_CO[3])
                                                      0.117    12.263 r  d_i/acc/inst/lane0/core/coefficient_store_a/bank3/x_reg[15]_i_4/CO[3]
                         net (fo=1, routed)           0.000    12.263    d_i/acc/inst/lane0/core/coefficient_store_a/bank3/x_reg[15]_i_4_n_0
    SLICE_X36Y34         CARRY4 (Prop_carry4_CI_CO[3])
                                                      0.117    12.380 r  d_i/acc/inst/lane0/core/coefficient_store_a/bank3/x_reg[19]_i_4/CO[3]
                         net (fo=1, routed)           0.000    12.380    d_i/acc/inst/lane0/core/coefficient_store_a/bank3/x_reg[19]_i_4_n_0
    SLICE_X36Y35         CARRY4 (Prop_carry4_CI_O[2])
                                                      0.239    12.619 r  d_i/acc/inst/lane0/core/coefficient_store_a/bank3/x_reg[23]_i_4/O[2]
                         net (fo=1, routed)           0.549    13.168    d_i/acc/inst/lane0/core/butterfly_a0/multiplier/input_difference_reduced[22]
    SLICE_X37Y38         LUT6 (Prop_lut6_I2_O)        0.301    13.469 r  d_i/acc/inst/lane0/core/butterfly_a0/multiplier/x[22]_i_3/O
                         net (fo=1, routed)           0.000    13.469    d_i/acc/inst/lane0/core/butterfly_a0/multiplier/x[22]_i_3_n_0
    SLICE_X37Y38         MUXF7 (Prop_muxf7_I1_O)      0.217    13.686 r  d_i/acc/inst/lane0/core/butterfly_a0/multiplier/x_reg[22]_i_1/O
                         net (fo=1, routed)           0.000    13.686    d_i/acc/inst/lane0/core/butterfly_a0/multiplier/x_reg[22]_i_1_n_0
    SLICE_X37Y38         FDRE                                         r  d_i/acc/inst/lane0/core/butterfly_a0/multiplier/x_reg[22]/D
  -------------------------------------------------------------------    -------------------

                         (clock clk_fpga_0 rise edge)
                                                     10.000    10.000 r  
    PS7_X0Y0             PS7                          0.000    10.000 r  d_i/ps/inst/PS7_i/FCLKCLK[0]
                         net (fo=1, routed)           1.088    11.088    d_i/ps/inst/FCLK_CLK_unbuffered[0]
    BUFGCTRL_X0Y17       BUFG (Prop_bufg_I_O)         0.091    11.179 r  d_i/ps/inst/buffer_fclk_clk_0.FCLK_CLK_0_BUFG_replica/O
                         net (fo=3, routed)           0.133    11.312    d_i/ps/inst/FCLK_CLK0_repN
    BUFGCTRL_X0Y16       BUFG (Prop_bufg_I_O)         0.091    11.403 r  d_i/ps/inst/buffer_fclk_clk_0.FCLK_CLK_0_BUFG/O
                         net (fo=13548, routed)       1.492    12.896    d_i/acc/inst/lane0/core/butterfly_a0/multiplier/clk
    SLICE_X37Y38         FDRE                                         r  d_i/acc/inst/lane0/core/butterfly_a0/multiplier/x_reg[22]/C
                         clock pessimism              0.253    13.148    
                         clock uncertainty           -0.154    12.994    
    SLICE_X37Y38         FDRE (Setup_fdre_C_D)        0.064    13.058    d_i/acc/inst/lane0/core/butterfly_a0/multiplier/x_reg[22]
  -------------------------------------------------------------------
                         required time                         13.058    
                         arrival time                         -13.686    
  -------------------------------------------------------------------
                         slack                                 -0.628    

Slack (VIOLATED) :        -0.628ns  (required time - arrival time)
  Source:                 d_i/acc/inst/lane0/core/coefficient_store_b/bank1/memory_reg/CLKBWRCLK
                            (rising edge-triggered cell RAMB36E1 clocked by clk_fpga_0  {rise@0.000ns fall@5.000ns period=10.000ns})
  Destination:            d_i/acc/inst/lane0/core/butterfly_b1/multiplier/x_reg[25]/D
                            (rising edge-triggered cell FDRE clocked by clk_fpga_0  {rise@0.000ns fall@5.000ns period=10.000ns})
  Path Group:             clk_fpga_0
  Path Type:              Setup (Max at Slow Process Corner)
  Requirement:            10.000ns  (clk_fpga_0 rise@10.000ns - clk_fpga_0 rise@0.000ns)
  Data Path Delay:        10.332ns  (logic 5.292ns (51.217%)  route 5.040ns (48.783%))
  Logic Levels:           15  (CARRY4=10 LUT4=2 LUT5=1 LUT6=2)
  Clock Path Skew:        -0.170ns (DCD - SCD + CPR)
    Destination Clock Delay (DCD):    2.883ns = ( 12.883 - 10.000 ) 
    Source Clock Delay      (SCD):    3.306ns
    Clock Pessimism Removal (CPR):    0.253ns
  Clock Uncertainty:      0.154ns  ((TSJ^2 + TIJ^2)^1/2 + DJ) / 2 + PE
    Total System Jitter     (TSJ):    0.071ns
    Total Input Jitter      (TIJ):    0.300ns
    Discrete Jitter          (DJ):    0.000ns
    Phase Error              (PE):    0.000ns

    Location             Delay type                Incr(ns)  Path(ns)    Netlist Resource(s)
  -------------------------------------------------------------------    -------------------
                         (clock clk_fpga_0 rise edge)
                                                      0.000     0.000 r  
    PS7_X0Y0             PS7                          0.000     0.000 r  d_i/ps/inst/PS7_i/FCLKCLK[0]
                         net (fo=1, routed)           1.193     1.193    d_i/ps/inst/FCLK_CLK_unbuffered[0]
    BUFGCTRL_X0Y17       BUFG (Prop_bufg_I_O)         0.101     1.294 r  d_i/ps/inst/buffer_fclk_clk_0.FCLK_CLK_0_BUFG_replica/O
                         net (fo=3, routed)           0.146     1.440    d_i/ps/inst/FCLK_CLK0_repN
    BUFGCTRL_X0Y16       BUFG (Prop_bufg_I_O)         0.101     1.541 r  d_i/ps/inst/buffer_fclk_clk_0.FCLK_CLK_0_BUFG/O
                         net (fo=13548, routed)       1.765     3.306    d_i/acc/inst/lane0/core/coefficient_store_b/bank1/clk
    RAMB36_X3Y7          RAMB36E1                                     r  d_i/acc/inst/lane0/core/coefficient_store_b/bank1/memory_reg/CLKBWRCLK
  -------------------------------------------------------------------    -------------------
    RAMB36_X3Y7          RAMB36E1 (Prop_ramb36e1_CLKBWRCLK_DOBDO[0])
                                                      2.454     5.760 r  d_i/acc/inst/lane0/core/coefficient_store_b/bank1/memory_reg/DOBDO[0]
                         net (fo=4, routed)           1.390     7.151    d_i/acc/inst/lane0/core/coefficient_store_b/bank1/memory_reg_0[0]
    SLICE_X67Y33         LUT6 (Prop_lut6_I0_O)        0.124     7.275 r  d_i/acc/inst/lane0/core/coefficient_store_b/bank1/captured_b3[0]_i_2/O
                         net (fo=1, routed)           0.295     7.569    d_i/acc/inst/lane0/core/coefficient_store_b/bank3/captured_b3_reg[0]
    SLICE_X67Y32         LUT6 (Prop_lut6_I5_O)        0.124     7.693 r  d_i/acc/inst/lane0/core/coefficient_store_b/bank3/captured_b3[0]_i_1/O
                         net (fo=9, routed)           0.789     8.483    d_i/acc/inst/lane0/core/coefficient_store_b/bank3/memory_reg_27
    SLICE_X54Y32         LUT4 (Prop_lut4_I2_O)        0.124     8.607 r  d_i/acc/inst/lane0/core/coefficient_store_b/bank3/x[30]_i_54/O
                         net (fo=1, routed)           0.000     8.607    d_i/acc/inst/lane0/core/coefficient_store_b/bank3/x[30]_i_54_n_0
    SLICE_X54Y32         CARRY4 (Prop_carry4_S[0]_CO[3])
                                                      0.513     9.120 r  d_i/acc/inst/lane0/core/coefficient_store_b/bank3/x_reg[30]_i_38/CO[3]
                         net (fo=1, routed)           0.000     9.120    d_i/acc/inst/lane0/core/coefficient_store_b/bank3/x_reg[30]_i_38_n_0
    SLICE_X54Y33         CARRY4 (Prop_carry4_CI_CO[3])
                                                      0.117     9.237 r  d_i/acc/inst/lane0/core/coefficient_store_b/bank3/x_reg[30]_i_29/CO[3]
                         net (fo=1, routed)           0.000     9.237    d_i/acc/inst/lane0/core/coefficient_store_b/bank3/x_reg[30]_i_29_n_0
    SLICE_X54Y34         CARRY4 (Prop_carry4_CI_CO[3])
                                                      0.117     9.354 r  d_i/acc/inst/lane0/core/coefficient_store_b/bank3/x_reg[30]_i_20/CO[3]
                         net (fo=1, routed)           0.000     9.354    d_i/acc/inst/lane0/core/coefficient_store_b/bank3/x_reg[30]_i_20_n_0
    SLICE_X54Y35         CARRY4 (Prop_carry4_CI_CO[3])
                                                      0.117     9.471 f  d_i/acc/inst/lane0/core/coefficient_store_b/bank3/x_reg[30]_i_18/CO[3]
                         net (fo=61, routed)          1.201    10.672    d_i/acc/inst/lane0/core/coefficient_store_b/bank3/butterfly_b1/input_difference_reduced1
    SLICE_X53Y34         LUT4 (Prop_lut4_I1_O)        0.124    10.796 r  d_i/acc/inst/lane0/core/coefficient_store_b/bank3/x[7]_i_4__3/O
                         net (fo=2, routed)           0.846    11.642    d_i/acc/inst/lane0/core/coefficient_store_b/bank3/x[7]_i_4__3_n_0
    SLICE_X55Y34         CARRY4 (Prop_carry4_DI[3]_CO[3])
                                                      0.385    12.027 r  d_i/acc/inst/lane0/core/coefficient_store_b/bank3/x_reg[7]_i_3/CO[3]
                         net (fo=1, routed)           0.000    12.027    d_i/acc/inst/lane0/core/coefficient_store_b/bank3/x_reg[7]_i_3_n_0
    SLICE_X55Y35         CARRY4 (Prop_carry4_CI_CO[3])
                                                      0.114    12.141 r  d_i/acc/inst/lane0/core/coefficient_store_b/bank3/x_reg[11]_i_3/CO[3]
                         net (fo=1, routed)           0.000    12.141    d_i/acc/inst/lane0/core/coefficient_store_b/bank3/x_reg[11]_i_3_n_0
    SLICE_X55Y36         CARRY4 (Prop_carry4_CI_CO[3])
                                                      0.114    12.255 r  d_i/acc/inst/lane0/core/coefficient_store_b/bank3/x_reg[15]_i_3/CO[3]
                         net (fo=1, routed)           0.000    12.255    d_i/acc/inst/lane0/core/coefficient_store_b/bank3/x_reg[15]_i_3_n_0
    SLICE_X55Y37         CARRY4 (Prop_carry4_CI_CO[3])
                                                      0.114    12.369 r  d_i/acc/inst/lane0/core/coefficient_store_b/bank3/x_reg[19]_i_3/CO[3]
                         net (fo=1, routed)           0.000    12.369    d_i/acc/inst/lane0/core/coefficient_store_b/bank3/x_reg[19]_i_3_n_0
    SLICE_X55Y38         CARRY4 (Prop_carry4_CI_CO[3])
                                                      0.114    12.483 r  d_i/acc/inst/lane0/core/coefficient_store_b/bank3/x_reg[23]_i_3/CO[3]
                         net (fo=1, routed)           0.000    12.483    d_i/acc/inst/lane0/core/coefficient_store_b/bank3/x_reg[23]_i_3_n_0
    SLICE_X55Y39         CARRY4 (Prop_carry4_CI_O[1])
                                                      0.334    12.817 r  d_i/acc/inst/lane0/core/coefficient_store_b/bank3/x_reg[27]_i_3/O[1]
                         net (fo=1, routed)           0.519    13.336    d_i/acc/inst/lane0/core/butterfly_b1/multiplier/input_difference_reduced[25]
    SLICE_X53Y39         LUT5 (Prop_lut5_I1_O)        0.303    13.639 r  d_i/acc/inst/lane0/core/butterfly_b1/multiplier/x[25]_i_1__2/O
                         net (fo=1, routed)           0.000    13.639    d_i/acc/inst/lane0/core/butterfly_b1/multiplier/x[25]_i_1__2_n_0
    SLICE_X53Y39         FDRE                                         r  d_i/acc/inst/lane0/core/butterfly_b1/multiplier/x_reg[25]/D
  -------------------------------------------------------------------    -------------------

                         (clock clk_fpga_0 rise edge)
                                                     10.000    10.000 r  
    PS7_X0Y0             PS7                          0.000    10.000 r  d_i/ps/inst/PS7_i/FCLKCLK[0]
                         net (fo=1, routed)           1.088    11.088    d_i/ps/inst/FCLK_CLK_unbuffered[0]
    BUFGCTRL_X0Y17       BUFG (Prop_bufg_I_O)         0.091    11.179 r  d_i/ps/inst/buffer_fclk_clk_0.FCLK_CLK_0_BUFG_replica/O
                         net (fo=3, routed)           0.133    11.312    d_i/ps/inst/FCLK_CLK0_repN
    BUFGCTRL_X0Y16       BUFG (Prop_bufg_I_O)         0.091    11.403 r  d_i/ps/inst/buffer_fclk_clk_0.FCLK_CLK_0_BUFG/O
                         net (fo=13548, routed)       1.480    12.884    d_i/acc/inst/lane0/core/butterfly_b1/multiplier/clk
    SLICE_X53Y39         FDRE                                         r  d_i/acc/inst/lane0/core/butterfly_b1/multiplier/x_reg[25]/C
                         clock pessimism              0.253    13.136    
                         clock uncertainty           -0.154    12.982    
    SLICE_X53Y39         FDRE (Setup_fdre_C_D)        0.029    13.011    d_i/acc/inst/lane0/core/butterfly_b1/multiplier/x_reg[25]
  -------------------------------------------------------------------
                         required time                         13.011    
                         arrival time                         -13.639    
  -------------------------------------------------------------------
                         slack                                 -0.628    

Slack (VIOLATED) :        -0.626ns  (required time - arrival time)
  Source:                 d_i/acc/inst/lane0/core/coefficient_store_a/bank0/memory_reg/CLKBWRCLK
                            (rising edge-triggered cell RAMB36E1 clocked by clk_fpga_0  {rise@0.000ns fall@5.000ns period=10.000ns})
  Destination:            d_i/acc/inst/lane0/core/butterfly_a0/multiplier/x_reg[23]/D
                            (rising edge-triggered cell FDRE clocked by clk_fpga_0  {rise@0.000ns fall@5.000ns period=10.000ns})
  Path Group:             clk_fpga_0
  Path Type:              Setup (Max at Slow Process Corner)
  Requirement:            10.000ns  (clk_fpga_0 rise@10.000ns - clk_fpga_0 rise@0.000ns)
  Data Path Delay:        10.366ns  (logic 5.329ns (51.410%)  route 5.037ns (48.590%))
  Logic Levels:           14  (CARRY4=8 LUT4=2 LUT6=3 MUXF7=1)
  Clock Path Skew:        -0.170ns (DCD - SCD + CPR)
    Destination Clock Delay (DCD):    2.895ns = ( 12.896 - 10.000 ) 
    Source Clock Delay      (SCD):    3.318ns
    Clock Pessimism Removal (CPR):    0.253ns
  Clock Uncertainty:      0.154ns  ((TSJ^2 + TIJ^2)^1/2 + DJ) / 2 + PE
    Total System Jitter     (TSJ):    0.071ns
    Total Input Jitter      (TIJ):    0.300ns
    Discrete Jitter          (DJ):    0.000ns
    Phase Error              (PE):    0.000ns

    Location             Delay type                Incr(ns)  Path(ns)    Netlist Resource(s)
  -------------------------------------------------------------------    -------------------
                         (clock clk_fpga_0 rise edge)
                                                      0.000     0.000 r  
    PS7_X0Y0             PS7                          0.000     0.000 r  d_i/ps/inst/PS7_i/FCLKCLK[0]
                         net (fo=1, routed)           1.193     1.193    d_i/ps/inst/FCLK_CLK_unbuffered[0]
    BUFGCTRL_X0Y17       BUFG (Prop_bufg_I_O)         0.101     1.294 r  d_i/ps/inst/buffer_fclk_clk_0.FCLK_CLK_0_BUFG_replica/O
                         net (fo=3, routed)           0.146     1.440    d_i/ps/inst/FCLK_CLK0_repN
    BUFGCTRL_X0Y16       BUFG (Prop_bufg_I_O)         0.101     1.541 r  d_i/ps/inst/buffer_fclk_clk_0.FCLK_CLK_0_BUFG/O
                         net (fo=13548, routed)       1.777     3.318    d_i/acc/inst/lane0/core/coefficient_store_a/bank0/clk
    RAMB36_X1Y5          RAMB36E1                                     r  d_i/acc/inst/lane0/core/coefficient_store_a/bank0/memory_reg/CLKBWRCLK
  -------------------------------------------------------------------    -------------------
    RAMB36_X1Y5          RAMB36E1 (Prop_ramb36e1_CLKBWRCLK_DOBDO[0])
                                                      2.454     5.772 r  d_i/acc/inst/lane0/core/coefficient_store_a/bank0/memory_reg/DOBDO[0]
                         net (fo=4, routed)           1.212     6.985    d_i/acc/inst/lane0/core/coefficient_store_a/bank0/DOBDO[0]
    SLICE_X29Y26         LUT6 (Prop_lut6_I2_O)        0.124     7.109 r  d_i/acc/inst/lane0/core/coefficient_store_a/bank0/m_axis_tdata[0]_INST_0_i_1/O
                         net (fo=1, routed)           0.664     7.773    d_i/acc/inst/lane0/core/coefficient_store_a/bank3/a_register_reg[0]
    SLICE_X32Y28         LUT6 (Prop_lut6_I3_O)        0.124     7.897 r  d_i/acc/inst/lane0/core/coefficient_store_a/bank3/m_axis_tdata[0]_INST_0/O
                         net (fo=13, routed)          0.989     8.886    d_i/acc/inst/lane0/core/coefficient_store_a/bank3/DI[0]
    SLICE_X35Y30         LUT4 (Prop_lut4_I3_O)        0.124     9.010 r  d_i/acc/inst/lane0/core/coefficient_store_a/bank3/x[31]_i_58/O
                         net (fo=1, routed)           0.000     9.010    d_i/acc/inst/lane0/core/coefficient_store_a/bank3/x[31]_i_58_n_0
    SLICE_X35Y30         CARRY4 (Prop_carry4_S[0]_CO[3])
                                                      0.532     9.542 r  d_i/acc/inst/lane0/core/coefficient_store_a/bank3/x_reg[31]_i_42/CO[3]
                         net (fo=1, routed)           0.000     9.542    d_i/acc/inst/lane0/core/coefficient_store_a/bank3/x_reg[31]_i_42_n_0
    SLICE_X35Y31         CARRY4 (Prop_carry4_CI_CO[3])
                                                      0.114     9.656 r  d_i/acc/inst/lane0/core/coefficient_store_a/bank3/x_reg[31]_i_33__1/CO[3]
                         net (fo=1, routed)           0.000     9.656    d_i/acc/inst/lane0/core/coefficient_store_a/bank3/x_reg[31]_i_33__1_n_0
    SLICE_X35Y32         CARRY4 (Prop_carry4_CI_CO[3])
                                                      0.114     9.770 r  d_i/acc/inst/lane0/core/coefficient_store_a/bank3/x_reg[31]_i_24/CO[3]
                         net (fo=1, routed)           0.000     9.770    d_i/acc/inst/lane0/core/coefficient_store_a/bank3/x_reg[31]_i_24_n_0
    SLICE_X35Y33         CARRY4 (Prop_carry4_CI_CO[3])
                                                      0.114     9.884 f  d_i/acc/inst/lane0/core/coefficient_store_a/bank3/x_reg[31]_i_19/CO[3]
                         net (fo=61, routed)          1.113    10.997    d_i/acc/inst/lane0/core/coefficient_store_a/bank3/butterfly_a0/input_difference_reduced1
    SLICE_X34Y32         LUT4 (Prop_lut4_I0_O)        0.124    11.121 r  d_i/acc/inst/lane0/core/coefficient_store_a/bank3/x[11]_i_6/O
                         net (fo=1, routed)           0.621    11.742    d_i/acc/inst/lane0/core/coefficient_store_a/bank3/x[11]_i_6_n_0
    SLICE_X36Y32         CARRY4 (Prop_carry4_DI[2]_CO[3])
                                                      0.404    12.146 r  d_i/acc/inst/lane0/core/coefficient_store_a/bank3/x_reg[11]_i_4/CO[3]
                         net (fo=1, routed)           0.000    12.146    d_i/acc/inst/lane0/core/coefficient_store_a/bank3/x_reg[11]_i_4_n_0
    SLICE_X36Y33         CARRY4 (Prop_carry4_CI_CO[3])
                                                      0.117    12.263 r  d_i/acc/inst/lane0/core/coefficient_store_a/bank3/x_reg[15]_i_4/CO[3]
                         net (fo=1, routed)           0.000    12.263    d_i/acc/inst/lane0/core/coefficient_store_a/bank3/x_reg[15]_i_4_n_0
    SLICE_X36Y34         CARRY4 (Prop_carry4_CI_CO[3])
                                                      0.117    12.380 r  d_i/acc/inst/lane0/core/coefficient_store_a/bank3/x_reg[19]_i_4/CO[3]
                         net (fo=1, routed)           0.000    12.380    d_i/acc/inst/lane0/core/coefficient_store_a/bank3/x_reg[19]_i_4_n_0
    SLICE_X36Y35         CARRY4 (Prop_carry4_CI_O[3])
                                                      0.315    12.695 r  d_i/acc/inst/lane0/core/coefficient_store_a/bank3/x_reg[23]_i_4/O[3]
                         net (fo=1, routed)           0.437    13.132    d_i/acc/inst/lane0/core/butterfly_a0/multiplier/input_difference_reduced[23]
    SLICE_X37Y38         LUT6 (Prop_lut6_I2_O)        0.307    13.439 r  d_i/acc/inst/lane0/core/butterfly_a0/multiplier/x[23]_i_3/O
                         net (fo=1, routed)           0.000    13.439    d_i/acc/inst/lane0/core/butterfly_a0/multiplier/x[23]_i_3_n_0
    SLICE_X37Y38         MUXF7 (Prop_muxf7_I1_O)      0.245    13.684 r  d_i/acc/inst/lane0/core/butterfly_a0/multiplier/x_reg[23]_i_1/O
                         net (fo=1, routed)           0.000    13.684    d_i/acc/inst/lane0/core/butterfly_a0/multiplier/x_reg[23]_i_1_n_0
    SLICE_X37Y38         FDRE                                         r  d_i/acc/inst/lane0/core/butterfly_a0/multiplier/x_reg[23]/D
  -------------------------------------------------------------------    -------------------

                         (clock clk_fpga_0 rise edge)
                                                     10.000    10.000 r  
    PS7_X0Y0             PS7                          0.000    10.000 r  d_i/ps/inst/PS7_i/FCLKCLK[0]
                         net (fo=1, routed)           1.088    11.088    d_i/ps/inst/FCLK_CLK_unbuffered[0]
    BUFGCTRL_X0Y17       BUFG (Prop_bufg_I_O)         0.091    11.179 r  d_i/ps/inst/buffer_fclk_clk_0.FCLK_CLK_0_BUFG_replica/O
                         net (fo=3, routed)           0.133    11.312    d_i/ps/inst/FCLK_CLK0_repN
    BUFGCTRL_X0Y16       BUFG (Prop_bufg_I_O)         0.091    11.403 r  d_i/ps/inst/buffer_fclk_clk_0.FCLK_CLK_0_BUFG/O
                         net (fo=13548, routed)       1.492    12.896    d_i/acc/inst/lane0/core/butterfly_a0/multiplier/clk
    SLICE_X37Y38         FDRE                                         r  d_i/acc/inst/lane0/core/butterfly_a0/multiplier/x_reg[23]/C
                         clock pessimism              0.253    13.148    
                         clock uncertainty           -0.154    12.994    
    SLICE_X37Y38         FDRE (Setup_fdre_C_D)        0.064    13.058    d_i/acc/inst/lane0/core/butterfly_a0/multiplier/x_reg[23]
  -------------------------------------------------------------------
                         required time                         13.058    
                         arrival time                         -13.684    
  -------------------------------------------------------------------
                         slack                                 -0.626    

Slack (VIOLATED) :        -0.626ns  (required time - arrival time)
  Source:                 d_i/acc/inst/lane1/core/coefficient_store_a/bank0/memory_reg/CLKBWRCLK
                            (rising edge-triggered cell RAMB36E1 clocked by clk_fpga_0  {rise@0.000ns fall@5.000ns period=10.000ns})
  Destination:            d_i/acc/inst/lane1/core/butterfly_a0/multiplier/x_reg[24]/D
                            (rising edge-triggered cell FDRE clocked by clk_fpga_0  {rise@0.000ns fall@5.000ns period=10.000ns})
  Path Group:             clk_fpga_0
  Path Type:              Setup (Max at Slow Process Corner)
  Requirement:            10.000ns  (clk_fpga_0 rise@10.000ns - clk_fpga_0 rise@0.000ns)
  Data Path Delay:        10.557ns  (logic 5.453ns (51.652%)  route 5.104ns (48.348%))
  Logic Levels:           15  (CARRY4=9 LUT4=2 LUT6=3 MUXF7=1)
  Clock Path Skew:        -0.027ns (DCD - SCD + CPR)
    Destination Clock Delay (DCD):    2.974ns = ( 12.974 - 10.000 ) 
    Source Clock Delay      (SCD):    3.253ns
    Clock Pessimism Removal (CPR):    0.253ns
  Clock Uncertainty:      0.154ns  ((TSJ^2 + TIJ^2)^1/2 + DJ) / 2 + PE
    Total System Jitter     (TSJ):    0.071ns
    Total Input Jitter      (TIJ):    0.300ns
    Discrete Jitter          (DJ):    0.000ns
    Phase Error              (PE):    0.000ns

    Location             Delay type                Incr(ns)  Path(ns)    Netlist Resource(s)
  -------------------------------------------------------------------    -------------------
                         (clock clk_fpga_0 rise edge)
                                                      0.000     0.000 r  
    PS7_X0Y0             PS7                          0.000     0.000 r  d_i/ps/inst/PS7_i/FCLKCLK[0]
                         net (fo=1, routed)           1.193     1.193    d_i/ps/inst/FCLK_CLK_unbuffered[0]
    BUFGCTRL_X0Y17       BUFG (Prop_bufg_I_O)         0.101     1.294 r  d_i/ps/inst/buffer_fclk_clk_0.FCLK_CLK_0_BUFG_replica/O
                         net (fo=3, routed)           0.146     1.440    d_i/ps/inst/FCLK_CLK0_repN
    BUFGCTRL_X0Y16       BUFG (Prop_bufg_I_O)         0.101     1.541 r  d_i/ps/inst/buffer_fclk_clk_0.FCLK_CLK_0_BUFG/O
                         net (fo=13548, routed)       1.712     3.253    d_i/acc/inst/lane1/core/coefficient_store_a/bank0/clk
    RAMB36_X2Y0          RAMB36E1                                     r  d_i/acc/inst/lane1/core/coefficient_store_a/bank0/memory_reg/CLKBWRCLK
  -------------------------------------------------------------------    -------------------
    RAMB36_X2Y0          RAMB36E1 (Prop_ramb36e1_CLKBWRCLK_DOBDO[1])
                                                      2.454     5.707 r  d_i/acc/inst/lane1/core/coefficient_store_a/bank0/memory_reg/DOBDO[1]
                         net (fo=4, routed)           1.202     6.909    d_i/acc/inst/lane1/core/coefficient_store_a/bank0/DOBDO[1]
    SLICE_X28Y5          LUT6 (Prop_lut6_I2_O)        0.124     7.033 r  d_i/acc/inst/lane1/core/coefficient_store_a/bank0/captured_a1[1]_i_2__0/O
                         net (fo=1, routed)           0.461     7.494    d_i/acc/inst/lane1/core/coefficient_store_a/bank2/captured_a1_reg[1]_0
    SLICE_X26Y4          LUT6 (Prop_lut6_I3_O)        0.124     7.618 r  d_i/acc/inst/lane1/core/coefficient_store_a/bank2/captured_a1[1]_i_1__0/O
                         net (fo=9, routed)           0.792     8.410    d_i/acc/inst/lane1/core/coefficient_store_a/bank3/x_reg[3]_i_4__1_0
    SLICE_X24Y4          LUT4 (Prop_lut4_I0_O)        0.124     8.534 r  d_i/acc/inst/lane1/core/coefficient_store_a/bank3/x[31]_i_58__1/O
                         net (fo=1, routed)           0.000     8.534    d_i/acc/inst/lane1/core/coefficient_store_a/bank3/x[31]_i_58__1_n_0
    SLICE_X24Y4          CARRY4 (Prop_carry4_S[0]_CO[3])
                                                      0.532     9.066 r  d_i/acc/inst/lane1/core/coefficient_store_a/bank3/x_reg[31]_i_42__1/CO[3]
                         net (fo=1, routed)           0.000     9.066    d_i/acc/inst/lane1/core/coefficient_store_a/bank3/x_reg[31]_i_42__1_n_0
    SLICE_X24Y5          CARRY4 (Prop_carry4_CI_CO[3])
                                                      0.114     9.180 r  d_i/acc/inst/lane1/core/coefficient_store_a/bank3/x_reg[31]_i_33__5/CO[3]
                         net (fo=1, routed)           0.000     9.180    d_i/acc/inst/lane1/core/coefficient_store_a/bank3/x_reg[31]_i_33__5_n_0
    SLICE_X24Y6          CARRY4 (Prop_carry4_CI_CO[3])
                                                      0.114     9.294 r  d_i/acc/inst/lane1/core/coefficient_store_a/bank3/x_reg[31]_i_24__1/CO[3]
                         net (fo=1, routed)           0.000     9.294    d_i/acc/inst/lane1/core/coefficient_store_a/bank3/x_reg[31]_i_24__1_n_0
    SLICE_X24Y7          CARRY4 (Prop_carry4_CI_CO[3])
                                                      0.114     9.408 f  d_i/acc/inst/lane1/core/coefficient_store_a/bank3/x_reg[31]_i_19__1/CO[3]
                         net (fo=61, routed)          1.431    10.839    d_i/acc/inst/lane1/core/coefficient_store_a/bank3/butterfly_a0/input_difference_reduced1
    SLICE_X23Y7          LUT4 (Prop_lut4_I0_O)        0.124    10.963 r  d_i/acc/inst/lane1/core/coefficient_store_a/bank3/x[11]_i_8__3/O
                         net (fo=1, routed)           0.568    11.531    d_i/acc/inst/lane1/core/coefficient_store_a/bank3/x[11]_i_8__3_n_0
    SLICE_X22Y7          CARRY4 (Prop_carry4_DI[0]_CO[3])
                                                      0.550    12.081 r  d_i/acc/inst/lane1/core/coefficient_store_a/bank3/x_reg[11]_i_4__1/CO[3]
                         net (fo=1, routed)           0.000    12.081    d_i/acc/inst/lane1/core/coefficient_store_a/bank3/x_reg[11]_i_4__1_n_0
    SLICE_X22Y8          CARRY4 (Prop_carry4_CI_CO[3])
                                                      0.117    12.198 r  d_i/acc/inst/lane1/core/coefficient_store_a/bank3/x_reg[15]_i_4__1/CO[3]
                         net (fo=1, routed)           0.000    12.198    d_i/acc/inst/lane1/core/coefficient_store_a/bank3/x_reg[15]_i_4__1_n_0
    SLICE_X22Y9          CARRY4 (Prop_carry4_CI_CO[3])
                                                      0.117    12.315 r  d_i/acc/inst/lane1/core/coefficient_store_a/bank3/x_reg[19]_i_4__1/CO[3]
                         net (fo=1, routed)           0.000    12.315    d_i/acc/inst/lane1/core/coefficient_store_a/bank3/x_reg[19]_i_4__1_n_0
    SLICE_X22Y10         CARRY4 (Prop_carry4_CI_CO[3])
                                                      0.117    12.432 r  d_i/acc/inst/lane1/core/coefficient_store_a/bank3/x_reg[23]_i_4__1/CO[3]
                         net (fo=1, routed)           0.000    12.432    d_i/acc/inst/lane1/core/coefficient_store_a/bank3/x_reg[23]_i_4__1_n_0
    SLICE_X22Y11         CARRY4 (Prop_carry4_CI_O[0])
                                                      0.219    12.651 r  d_i/acc/inst/lane1/core/coefficient_store_a/bank3/x_reg[27]_i_4__1/O[0]
                         net (fo=1, routed)           0.650    13.302    d_i/acc/inst/lane1/core/butterfly_a0/multiplier/input_difference_reduced[24]
    SLICE_X22Y17         LUT6 (Prop_lut6_I2_O)        0.295    13.597 r  d_i/acc/inst/lane1/core/butterfly_a0/multiplier/x[24]_i_3__1/O
                         net (fo=1, routed)           0.000    13.597    d_i/acc/inst/lane1/core/butterfly_a0/multiplier/x[24]_i_3__1_n_0
    SLICE_X22Y17         MUXF7 (Prop_muxf7_I1_O)      0.214    13.811 r  d_i/acc/inst/lane1/core/butterfly_a0/multiplier/x_reg[24]_i_1__1/O
                         net (fo=1, routed)           0.000    13.811    d_i/acc/inst/lane1/core/butterfly_a0/multiplier/x_reg[24]_i_1__1_n_0
    SLICE_X22Y17         FDRE                                         r  d_i/acc/inst/lane1/core/butterfly_a0/multiplier/x_reg[24]/D
  -------------------------------------------------------------------    -------------------

                         (clock clk_fpga_0 rise edge)
                                                     10.000    10.000 r  
    PS7_X0Y0             PS7                          0.000    10.000 r  d_i/ps/inst/PS7_i/FCLKCLK[0]
                         net (fo=1, routed)           1.088    11.088    d_i/ps/inst/FCLK_CLK_unbuffered[0]
    BUFGCTRL_X0Y17       BUFG (Prop_bufg_I_O)         0.091    11.179 r  d_i/ps/inst/buffer_fclk_clk_0.FCLK_CLK_0_BUFG_replica/O
                         net (fo=3, routed)           0.133    11.312    d_i/ps/inst/FCLK_CLK0_repN
    BUFGCTRL_X0Y16       BUFG (Prop_bufg_I_O)         0.091    11.403 r  d_i/ps/inst/buffer_fclk_clk_0.FCLK_CLK_0_BUFG/O
                         net (fo=13548, routed)       1.570    12.974    d_i/acc/inst/lane1/core/butterfly_a0/multiplier/clk
    SLICE_X22Y17         FDRE                                         r  d_i/acc/inst/lane1/core/butterfly_a0/multiplier/x_reg[24]/C
                         clock pessimism              0.253    13.226    
                         clock uncertainty           -0.154    13.072    
    SLICE_X22Y17         FDRE (Setup_fdre_C_D)        0.113    13.185    d_i/acc/inst/lane1/core/butterfly_a0/multiplier/x_reg[24]
  -------------------------------------------------------------------
                         required time                         13.185    
                         arrival time                         -13.811    
  -------------------------------------------------------------------
                         slack                                 -0.626    

Slack (VIOLATED) :        -0.621ns  (required time - arrival time)
  Source:                 d_i/acc/inst/lane0/core/coefficient_store_a/bank0/memory_reg/CLKBWRCLK
                            (rising edge-triggered cell RAMB36E1 clocked by clk_fpga_0  {rise@0.000ns fall@5.000ns period=10.000ns})
  Destination:            d_i/acc/inst/lane0/core/butterfly_a1/multiplier/x_reg[30]/D
                            (rising edge-triggered cell FDRE clocked by clk_fpga_0  {rise@0.000ns fall@5.000ns period=10.000ns})
  Path Group:             clk_fpga_0
  Path Type:              Setup (Max at Slow Process Corner)
  Requirement:            10.000ns  (clk_fpga_0 rise@10.000ns - clk_fpga_0 rise@0.000ns)
  Data Path Delay:        10.438ns  (logic 5.582ns (53.475%)  route 4.856ns (46.525%))
  Logic Levels:           16  (CARRY4=10 LUT4=2 LUT6=3 MUXF7=1)
  Clock Path Skew:        -0.092ns (DCD - SCD + CPR)
    Destination Clock Delay (DCD):    2.974ns = ( 12.974 - 10.000 ) 
    Source Clock Delay      (SCD):    3.318ns
    Clock Pessimism Removal (CPR):    0.253ns
  Clock Uncertainty:      0.154ns  ((TSJ^2 + TIJ^2)^1/2 + DJ) / 2 + PE
    Total System Jitter     (TSJ):    0.071ns
    Total Input Jitter      (TIJ):    0.300ns
    Discrete Jitter          (DJ):    0.000ns
    Phase Error              (PE):    0.000ns

    Location             Delay type                Incr(ns)  Path(ns)    Netlist Resource(s)
  -------------------------------------------------------------------    -------------------
                         (clock clk_fpga_0 rise edge)
                                                      0.000     0.000 r  
    PS7_X0Y0             PS7                          0.000     0.000 r  d_i/ps/inst/PS7_i/FCLKCLK[0]
                         net (fo=1, routed)           1.193     1.193    d_i/ps/inst/FCLK_CLK_unbuffered[0]
    BUFGCTRL_X0Y17       BUFG (Prop_bufg_I_O)         0.101     1.294 r  d_i/ps/inst/buffer_fclk_clk_0.FCLK_CLK_0_BUFG_replica/O
                         net (fo=3, routed)           0.146     1.440    d_i/ps/inst/FCLK_CLK0_repN
    BUFGCTRL_X0Y16       BUFG (Prop_bufg_I_O)         0.101     1.541 r  d_i/ps/inst/buffer_fclk_clk_0.FCLK_CLK_0_BUFG/O
                         net (fo=13548, routed)       1.777     3.318    d_i/acc/inst/lane0/core/coefficient_store_a/bank0/clk
    RAMB36_X1Y5          RAMB36E1                                     r  d_i/acc/inst/lane0/core/coefficient_store_a/bank0/memory_reg/CLKBWRCLK
  -------------------------------------------------------------------    -------------------
    RAMB36_X1Y5          RAMB36E1 (Prop_ramb36e1_CLKBWRCLK_DOBDO[10])
                                                      2.454     5.772 f  d_i/acc/inst/lane0/core/coefficient_store_a/bank0/memory_reg/DOBDO[10]
                         net (fo=4, routed)           0.662     6.434    d_i/acc/inst/lane0/core/coefficient_store_a/bank0/DOBDO[8]
    SLICE_X23Y27         LUT6 (Prop_lut6_I5_O)        0.124     6.558 r  d_i/acc/inst/lane0/core/coefficient_store_a/bank0/a_register[10]_i_2_comp_1/O
                         net (fo=1, routed)           0.665     7.223    d_i/acc/inst/lane0/core/coefficient_store_a/bank3/a_register_reg[10]_0
    SLICE_X23Y27         LUT6 (Prop_lut6_I3_O)        0.124     7.347 r  d_i/acc/inst/lane0/core/coefficient_store_a/bank3/a_register[10]_i_1_comp/O
                         net (fo=10, routed)          1.181     8.529    d_i/acc/inst/lane0/core/coefficient_store_a/bank3/memory_reg_46
    SLICE_X23Y33         LUT4 (Prop_lut4_I3_O)        0.124     8.653 r  d_i/acc/inst/lane0/core/coefficient_store_a/bank3/x[31]_i_49__0/O
                         net (fo=1, routed)           0.000     8.653    d_i/acc/inst/lane0/core/coefficient_store_a/bank3/x[31]_i_49__0_n_0
    SLICE_X23Y33         CARRY4 (Prop_carry4_S[1]_CO[3])
                                                      0.550     9.203 r  d_i/acc/inst/lane0/core/coefficient_store_a/bank3/x_reg[31]_i_33__2/CO[3]
                         net (fo=1, routed)           0.000     9.203    d_i/acc/inst/lane0/core/coefficient_store_a/bank3/x_reg[31]_i_33__2_n_0
    SLICE_X23Y34         CARRY4 (Prop_carry4_CI_CO[3])
                                                      0.114     9.317 r  d_i/acc/inst/lane0/core/coefficient_store_a/bank3/x_reg[31]_i_24__0/CO[3]
                         net (fo=1, routed)           0.000     9.317    d_i/acc/inst/lane0/core/coefficient_store_a/bank3/x_reg[31]_i_24__0_n_0
    SLICE_X23Y35         CARRY4 (Prop_carry4_CI_CO[3])
                                                      0.114     9.431 f  d_i/acc/inst/lane0/core/coefficient_store_a/bank3/x_reg[31]_i_19__0/CO[3]
                         net (fo=61, routed)          1.210    10.641    d_i/acc/inst/lane0/core/coefficient_store_a/bank3/x[31]_i_32__0_0[0]
    SLICE_X28Y41         LUT4 (Prop_lut4_I0_O)        0.124    10.765 r  d_i/acc/inst/lane0/core/coefficient_store_a/bank3/x[7]_i_8__0/O
                         net (fo=1, routed)           0.731    11.496    d_i/acc/inst/lane0/core/coefficient_store_a/bank3/x[7]_i_8__0_n_0
    SLICE_X28Y33         CARRY4 (Prop_carry4_DI[0]_CO[3])
                                                      0.526    12.022 r  d_i/acc/inst/lane0/core/coefficient_store_a/bank3/x_reg[7]_i_4__0/CO[3]
                         net (fo=1, routed)           0.000    12.022    d_i/acc/inst/lane0/core/coefficient_store_a/bank3/x_reg[7]_i_4__0_n_0
    SLICE_X28Y34         CARRY4 (Prop_carry4_CI_CO[3])
                                                      0.114    12.136 r  d_i/acc/inst/lane0/core/coefficient_store_a/bank3/x_reg[11]_i_4__0/CO[3]
                         net (fo=1, routed)           0.000    12.136    d_i/acc/inst/lane0/core/coefficient_store_a/bank3/x_reg[11]_i_4__0_n_0
    SLICE_X28Y35         CARRY4 (Prop_carry4_CI_CO[3])
                                                      0.114    12.250 r  d_i/acc/inst/lane0/core/coefficient_store_a/bank3/x_reg[15]_i_4__0/CO[3]
                         net (fo=1, routed)           0.000    12.250    d_i/acc/inst/lane0/core/coefficient_store_a/bank3/x_reg[15]_i_4__0_n_0
    SLICE_X28Y36         CARRY4 (Prop_carry4_CI_CO[3])
                                                      0.114    12.364 r  d_i/acc/inst/lane0/core/coefficient_store_a/bank3/x_reg[19]_i_4__0/CO[3]
                         net (fo=1, routed)           0.000    12.364    d_i/acc/inst/lane0/core/coefficient_store_a/bank3/x_reg[19]_i_4__0_n_0
    SLICE_X28Y37         CARRY4 (Prop_carry4_CI_CO[3])
                                                      0.114    12.478 r  d_i/acc/inst/lane0/core/coefficient_store_a/bank3/x_reg[23]_i_4__0/CO[3]
                         net (fo=1, routed)           0.000    12.478    d_i/acc/inst/lane0/core/coefficient_store_a/bank3/x_reg[23]_i_4__0_n_0
    SLICE_X28Y38         CARRY4 (Prop_carry4_CI_CO[3])
                                                      0.114    12.592 r  d_i/acc/inst/lane0/core/coefficient_store_a/bank3/x_reg[27]_i_4__0/CO[3]
                         net (fo=1, routed)           0.000    12.592    d_i/acc/inst/lane0/core/coefficient_store_a/bank3/x_reg[27]_i_4__0_n_0
    SLICE_X28Y39         CARRY4 (Prop_carry4_CI_O[2])
                                                      0.239    12.831 r  d_i/acc/inst/lane0/core/coefficient_store_a/bank3/x_reg[31]_i_7__2/O[2]
                         net (fo=1, routed)           0.407    13.238    d_i/acc/inst/lane0/core/butterfly_a1/multiplier/input_difference_reduced[30]
    SLICE_X29Y41         LUT6 (Prop_lut6_I2_O)        0.302    13.540 r  d_i/acc/inst/lane0/core/butterfly_a1/multiplier/x[30]_i_3__0/O
                         net (fo=1, routed)           0.000    13.540    d_i/acc/inst/lane0/core/butterfly_a1/multiplier/x[30]_i_3__0_n_0
    SLICE_X29Y41         MUXF7 (Prop_muxf7_I1_O)      0.217    13.757 r  d_i/acc/inst/lane0/core/butterfly_a1/multiplier/x_reg[30]_i_1__0/O
                         net (fo=1, routed)           0.000    13.757    d_i/acc/inst/lane0/core/butterfly_a1/multiplier/x_reg[30]_i_1__0_n_0
    SLICE_X29Y41         FDRE                                         r  d_i/acc/inst/lane0/core/butterfly_a1/multiplier/x_reg[30]/D
  -------------------------------------------------------------------    -------------------

                         (clock clk_fpga_0 rise edge)
                                                     10.000    10.000 r  
    PS7_X0Y0             PS7                          0.000    10.000 r  d_i/ps/inst/PS7_i/FCLKCLK[0]
                         net (fo=1, routed)           1.088    11.088    d_i/ps/inst/FCLK_CLK_unbuffered[0]
    BUFGCTRL_X0Y17       BUFG (Prop_bufg_I_O)         0.091    11.179 r  d_i/ps/inst/buffer_fclk_clk_0.FCLK_CLK_0_BUFG_replica/O
                         net (fo=3, routed)           0.133    11.312    d_i/ps/inst/FCLK_CLK0_repN
    BUFGCTRL_X0Y16       BUFG (Prop_bufg_I_O)         0.091    11.403 r  d_i/ps/inst/buffer_fclk_clk_0.FCLK_CLK_0_BUFG/O
                         net (fo=13548, routed)       1.570    12.974    d_i/acc/inst/lane0/core/butterfly_a1/multiplier/clk
    SLICE_X29Y41         FDRE                                         r  d_i/acc/inst/lane0/core/butterfly_a1/multiplier/x_reg[30]/C
                         clock pessimism              0.253    13.226    
                         clock uncertainty           -0.154    13.072    
    SLICE_X29Y41         FDRE (Setup_fdre_C_D)        0.064    13.136    d_i/acc/inst/lane0/core/butterfly_a1/multiplier/x_reg[30]
  -------------------------------------------------------------------
                         required time                         13.136    
                         arrival time                         -13.757    
  -------------------------------------------------------------------
                         slack                                 -0.621    

Slack (VIOLATED) :        -0.620ns  (required time - arrival time)
  Source:                 d_i/acc/inst/lane1/core/coefficient_store_b/bank1/memory_reg/CLKBWRCLK
                            (rising edge-triggered cell RAMB36E1 clocked by clk_fpga_0  {rise@0.000ns fall@5.000ns period=10.000ns})
  Destination:            d_i/acc/inst/lane1/core/butterfly_b0/multiplier/x_reg[20]/D
                            (rising edge-triggered cell FDRE clocked by clk_fpga_0  {rise@0.000ns fall@5.000ns period=10.000ns})
  Path Group:             clk_fpga_0
  Path Type:              Setup (Max at Slow Process Corner)
  Requirement:            10.000ns  (clk_fpga_0 rise@10.000ns - clk_fpga_0 rise@0.000ns)
  Data Path Delay:        10.392ns  (logic 4.923ns (47.373%)  route 5.469ns (52.627%))
  Logic Levels:           11  (CARRY4=5 LUT4=2 LUT5=2 LUT6=2)
  Clock Path Skew:        -0.104ns (DCD - SCD + CPR)
    Destination Clock Delay (DCD):    2.951ns = ( 12.951 - 10.000 ) 
    Source Clock Delay      (SCD):    3.308ns
    Clock Pessimism Removal (CPR):    0.253ns
  Clock Uncertainty:      0.154ns  ((TSJ^2 + TIJ^2)^1/2 + DJ) / 2 + PE
    Total System Jitter     (TSJ):    0.071ns
    Total Input Jitter      (TIJ):    0.300ns
    Discrete Jitter          (DJ):    0.000ns
    Phase Error              (PE):    0.000ns

    Location             Delay type                Incr(ns)  Path(ns)    Netlist Resource(s)
  -------------------------------------------------------------------    -------------------
                         (clock clk_fpga_0 rise edge)
                                                      0.000     0.000 r  
    PS7_X0Y0             PS7                          0.000     0.000 r  d_i/ps/inst/PS7_i/FCLKCLK[0]
                         net (fo=1, routed)           1.193     1.193    d_i/ps/inst/FCLK_CLK_unbuffered[0]
    BUFGCTRL_X0Y17       BUFG (Prop_bufg_I_O)         0.101     1.294 r  d_i/ps/inst/buffer_fclk_clk_0.FCLK_CLK_0_BUFG_replica/O
                         net (fo=3, routed)           0.146     1.440    d_i/ps/inst/FCLK_CLK0_repN
    BUFGCTRL_X0Y16       BUFG (Prop_bufg_I_O)         0.101     1.541 r  d_i/ps/inst/buffer_fclk_clk_0.FCLK_CLK_0_BUFG/O
                         net (fo=13548, routed)       1.767     3.308    d_i/acc/inst/lane1/core/coefficient_store_b/bank1/clk
    RAMB36_X3Y2          RAMB36E1                                     r  d_i/acc/inst/lane1/core/coefficient_store_b/bank1/memory_reg/CLKBWRCLK
  -------------------------------------------------------------------    -------------------
    RAMB36_X3Y2          RAMB36E1 (Prop_ramb36e1_CLKBWRCLK_DOBDO[27])
                                                      2.454     5.762 r  d_i/acc/inst/lane1/core/coefficient_store_b/bank1/memory_reg/DOBDO[27]
                         net (fo=4, routed)           1.523     7.286    d_i/acc/inst/lane1/core/coefficient_store_b/bank0/captured_b0_reg[31][27]
    SLICE_X80Y19         LUT6 (Prop_lut6_I3_O)        0.124     7.410 r  d_i/acc/inst/lane1/core/coefficient_store_b/bank0/captured_b0[27]_i_2__0/O
                         net (fo=1, routed)           0.420     7.830    d_i/acc/inst/lane1/core/coefficient_store_b/bank3/captured_b0_reg[27]
    SLICE_X80Y18         LUT6 (Prop_lut6_I3_O)        0.124     7.954 r  d_i/acc/inst/lane1/core/coefficient_store_b/bank3/captured_b0[27]_i_1__0/O
                         net (fo=8, routed)           1.246     9.199    d_i/acc/inst/lane1/core/coefficient_store_b/bank3/memory_reg_18[3]
    SLICE_X72Y12         LUT4 (Prop_lut4_I1_O)        0.124     9.323 r  d_i/acc/inst/lane1/core/coefficient_store_b/bank3/x[30]_i_27__2/O
                         net (fo=1, routed)           0.000     9.323    d_i/acc/inst/lane1/core/coefficient_store_b/bank3/x[30]_i_27__2_n_0
    SLICE_X72Y12         CARRY4 (Prop_carry4_S[1]_CO[3])
                                                      0.550     9.873 f  d_i/acc/inst/lane1/core/coefficient_store_b/bank3/x_reg[30]_i_18__2/CO[3]
                         net (fo=61, routed)          1.171    11.044    d_i/acc/inst/lane1/core/coefficient_store_b/bank3/butterfly_b0/input_difference_reduced1
    SLICE_X72Y14         LUT4 (Prop_lut4_I1_O)        0.124    11.168 r  d_i/acc/inst/lane1/core/coefficient_store_b/bank3/x[11]_i_6__6/O
                         net (fo=2, routed)           0.480    11.648    d_i/acc/inst/lane1/core/coefficient_store_b/bank3/x[11]_i_6__6_n_0
    SLICE_X71Y14         LUT5 (Prop_lut5_I0_O)        0.124    11.772 r  d_i/acc/inst/lane1/core/coefficient_store_b/bank3/x[11]_i_10__6/O
                         net (fo=1, routed)           0.000    11.772    d_i/acc/inst/lane1/core/coefficient_store_b/bank3/x[11]_i_10__6_n_0
    SLICE_X71Y14         CARRY4 (Prop_carry4_S[1]_CO[3])
                                                      0.550    12.322 r  d_i/acc/inst/lane1/core/coefficient_store_b/bank3/x_reg[11]_i_3__2/CO[3]
                         net (fo=1, routed)           0.000    12.322    d_i/acc/inst/lane1/core/coefficient_store_b/bank3/x_reg[11]_i_3__2_n_0
    SLICE_X71Y15         CARRY4 (Prop_carry4_CI_CO[3])
                                                      0.114    12.436 r  d_i/acc/inst/lane1/core/coefficient_store_b/bank3/x_reg[15]_i_3__2/CO[3]
                         net (fo=1, routed)           0.000    12.436    d_i/acc/inst/lane1/core/coefficient_store_b/bank3/x_reg[15]_i_3__2_n_0
    SLICE_X71Y16         CARRY4 (Prop_carry4_CI_CO[3])
                                                      0.114    12.550 r  d_i/acc/inst/lane1/core/coefficient_store_b/bank3/x_reg[19]_i_3__2/CO[3]
                         net (fo=1, routed)           0.000    12.550    d_i/acc/inst/lane1/core/coefficient_store_b/bank3/x_reg[19]_i_3__2_n_0
    SLICE_X71Y17         CARRY4 (Prop_carry4_CI_O[0])
                                                      0.222    12.772 r  d_i/acc/inst/lane1/core/coefficient_store_b/bank3/x_reg[23]_i_3__2/O[0]
                         net (fo=1, routed)           0.629    13.401    d_i/acc/inst/lane1/core/butterfly_b0/multiplier/input_difference_reduced[20]
    SLICE_X72Y20         LUT5 (Prop_lut5_I1_O)        0.299    13.700 r  d_i/acc/inst/lane1/core/butterfly_b0/multiplier/x[20]_i_1__13/O
                         net (fo=1, routed)           0.000    13.700    d_i/acc/inst/lane1/core/butterfly_b0/multiplier/x[20]_i_1__13_n_0
    SLICE_X72Y20         FDRE                                         r  d_i/acc/inst/lane1/core/butterfly_b0/multiplier/x_reg[20]/D
  -------------------------------------------------------------------    -------------------

                         (clock clk_fpga_0 rise edge)
                                                     10.000    10.000 r  
    PS7_X0Y0             PS7                          0.000    10.000 r  d_i/ps/inst/PS7_i/FCLKCLK[0]
                         net (fo=1, routed)           1.088    11.088    d_i/ps/inst/FCLK_CLK_unbuffered[0]
    BUFGCTRL_X0Y17       BUFG (Prop_bufg_I_O)         0.091    11.179 r  d_i/ps/inst/buffer_fclk_clk_0.FCLK_CLK_0_BUFG_replica/O
                         net (fo=3, routed)           0.133    11.312    d_i/ps/inst/FCLK_CLK0_repN
    BUFGCTRL_X0Y16       BUFG (Prop_bufg_I_O)         0.091    11.403 r  d_i/ps/inst/buffer_fclk_clk_0.FCLK_CLK_0_BUFG/O
                         net (fo=13548, routed)       1.548    12.951    d_i/acc/inst/lane1/core/butterfly_b0/multiplier/clk
    SLICE_X72Y20         FDRE                                         r  d_i/acc/inst/lane1/core/butterfly_b0/multiplier/x_reg[20]/C
                         clock pessimism              0.253    13.204    
                         clock uncertainty           -0.154    13.050    
    SLICE_X72Y20         FDRE (Setup_fdre_C_D)        0.031    13.081    d_i/acc/inst/lane1/core/butterfly_b0/multiplier/x_reg[20]
  -------------------------------------------------------------------
                         required time                         13.081    
                         arrival time                         -13.700    
  -------------------------------------------------------------------
                         slack                                 -0.620    

Slack (VIOLATED) :        -0.601ns  (required time - arrival time)
  Source:                 d_i/acc/inst/lane0/core/coefficient_store_a/bank0/memory_reg/CLKBWRCLK
                            (rising edge-triggered cell RAMB36E1 clocked by clk_fpga_0  {rise@0.000ns fall@5.000ns period=10.000ns})
  Destination:            d_i/acc/inst/lane0/core/butterfly_a0/multiplier/x_reg[24]/D
                            (rising edge-triggered cell FDRE clocked by clk_fpga_0  {rise@0.000ns fall@5.000ns period=10.000ns})
  Path Group:             clk_fpga_0
  Path Type:              Setup (Max at Slow Process Corner)
  Requirement:            10.000ns  (clk_fpga_0 rise@10.000ns - clk_fpga_0 rise@0.000ns)
  Data Path Delay:        10.388ns  (logic 5.340ns (51.408%)  route 5.048ns (48.592%))
  Logic Levels:           15  (CARRY4=9 LUT4=2 LUT6=3 MUXF7=1)
  Clock Path Skew:        -0.172ns (DCD - SCD + CPR)
    Destination Clock Delay (DCD):    2.893ns = ( 12.893 - 10.000 ) 
    Source Clock Delay      (SCD):    3.318ns
    Clock Pessimism Removal (CPR):    0.253ns
  Clock Uncertainty:      0.154ns  ((TSJ^2 + TIJ^2)^1/2 + DJ) / 2 + PE
    Total System Jitter     (TSJ):    0.071ns
    Total Input Jitter      (TIJ):    0.300ns
    Discrete Jitter          (DJ):    0.000ns
    Phase Error              (PE):    0.000ns

    Location             Delay type                Incr(ns)  Path(ns)    Netlist Resource(s)
  -------------------------------------------------------------------    -------------------
                         (clock clk_fpga_0 rise edge)
                                                      0.000     0.000 r  
    PS7_X0Y0             PS7                          0.000     0.000 r  d_i/ps/inst/PS7_i/FCLKCLK[0]
                         net (fo=1, routed)           1.193     1.193    d_i/ps/inst/FCLK_CLK_unbuffered[0]
    BUFGCTRL_X0Y17       BUFG (Prop_bufg_I_O)         0.101     1.294 r  d_i/ps/inst/buffer_fclk_clk_0.FCLK_CLK_0_BUFG_replica/O
                         net (fo=3, routed)           0.146     1.440    d_i/ps/inst/FCLK_CLK0_repN
    BUFGCTRL_X0Y16       BUFG (Prop_bufg_I_O)         0.101     1.541 r  d_i/ps/inst/buffer_fclk_clk_0.FCLK_CLK_0_BUFG/O
                         net (fo=13548, routed)       1.777     3.318    d_i/acc/inst/lane0/core/coefficient_store_a/bank0/clk
    RAMB36_X1Y5          RAMB36E1                                     r  d_i/acc/inst/lane0/core/coefficient_store_a/bank0/memory_reg/CLKBWRCLK
  -------------------------------------------------------------------    -------------------
    RAMB36_X1Y5          RAMB36E1 (Prop_ramb36e1_CLKBWRCLK_DOBDO[0])
                                                      2.454     5.772 r  d_i/acc/inst/lane0/core/coefficient_store_a/bank0/memory_reg/DOBDO[0]
                         net (fo=4, routed)           1.212     6.985    d_i/acc/inst/lane0/core/coefficient_store_a/bank0/DOBDO[0]
    SLICE_X29Y26         LUT6 (Prop_lut6_I2_O)        0.124     7.109 r  d_i/acc/inst/lane0/core/coefficient_store_a/bank0/m_axis_tdata[0]_INST_0_i_1/O
                         net (fo=1, routed)           0.664     7.773    d_i/acc/inst/lane0/core/coefficient_store_a/bank3/a_register_reg[0]
    SLICE_X32Y28         LUT6 (Prop_lut6_I3_O)        0.124     7.897 r  d_i/acc/inst/lane0/core/coefficient_store_a/bank3/m_axis_tdata[0]_INST_0/O
                         net (fo=13, routed)          0.989     8.886    d_i/acc/inst/lane0/core/coefficient_store_a/bank3/DI[0]
    SLICE_X35Y30         LUT4 (Prop_lut4_I3_O)        0.124     9.010 r  d_i/acc/inst/lane0/core/coefficient_store_a/bank3/x[31]_i_58/O
                         net (fo=1, routed)           0.000     9.010    d_i/acc/inst/lane0/core/coefficient_store_a/bank3/x[31]_i_58_n_0
    SLICE_X35Y30         CARRY4 (Prop_carry4_S[0]_CO[3])
                                                      0.532     9.542 r  d_i/acc/inst/lane0/core/coefficient_store_a/bank3/x_reg[31]_i_42/CO[3]
                         net (fo=1, routed)           0.000     9.542    d_i/acc/inst/lane0/core/coefficient_store_a/bank3/x_reg[31]_i_42_n_0
    SLICE_X35Y31         CARRY4 (Prop_carry4_CI_CO[3])
                                                      0.114     9.656 r  d_i/acc/inst/lane0/core/coefficient_store_a/bank3/x_reg[31]_i_33__1/CO[3]
                         net (fo=1, routed)           0.000     9.656    d_i/acc/inst/lane0/core/coefficient_store_a/bank3/x_reg[31]_i_33__1_n_0
    SLICE_X35Y32         CARRY4 (Prop_carry4_CI_CO[3])
                                                      0.114     9.770 r  d_i/acc/inst/lane0/core/coefficient_store_a/bank3/x_reg[31]_i_24/CO[3]
                         net (fo=1, routed)           0.000     9.770    d_i/acc/inst/lane0/core/coefficient_store_a/bank3/x_reg[31]_i_24_n_0
    SLICE_X35Y33         CARRY4 (Prop_carry4_CI_CO[3])
                                                      0.114     9.884 f  d_i/acc/inst/lane0/core/coefficient_store_a/bank3/x_reg[31]_i_19/CO[3]
                         net (fo=61, routed)          1.113    10.997    d_i/acc/inst/lane0/core/coefficient_store_a/bank3/butterfly_a0/input_difference_reduced1
    SLICE_X34Y32         LUT4 (Prop_lut4_I0_O)        0.124    11.121 r  d_i/acc/inst/lane0/core/coefficient_store_a/bank3/x[11]_i_6/O
                         net (fo=1, routed)           0.621    11.742    d_i/acc/inst/lane0/core/coefficient_store_a/bank3/x[11]_i_6_n_0
    SLICE_X36Y32         CARRY4 (Prop_carry4_DI[2]_CO[3])
                                                      0.404    12.146 r  d_i/acc/inst/lane0/core/coefficient_store_a/bank3/x_reg[11]_i_4/CO[3]
                         net (fo=1, routed)           0.000    12.146    d_i/acc/inst/lane0/core/coefficient_store_a/bank3/x_reg[11]_i_4_n_0
    SLICE_X36Y33         CARRY4 (Prop_carry4_CI_CO[3])
                                                      0.117    12.263 r  d_i/acc/inst/lane0/core/coefficient_store_a/bank3/x_reg[15]_i_4/CO[3]
                         net (fo=1, routed)           0.000    12.263    d_i/acc/inst/lane0/core/coefficient_store_a/bank3/x_reg[15]_i_4_n_0
    SLICE_X36Y34         CARRY4 (Prop_carry4_CI_CO[3])
                                                      0.117    12.380 r  d_i/acc/inst/lane0/core/coefficient_store_a/bank3/x_reg[19]_i_4/CO[3]
                         net (fo=1, routed)           0.000    12.380    d_i/acc/inst/lane0/core/coefficient_store_a/bank3/x_reg[19]_i_4_n_0
    SLICE_X36Y35         CARRY4 (Prop_carry4_CI_CO[3])
                                                      0.117    12.497 r  d_i/acc/inst/lane0/core/coefficient_store_a/bank3/x_reg[23]_i_4/CO[3]
                         net (fo=1, routed)           0.000    12.497    d_i/acc/inst/lane0/core/coefficient_store_a/bank3/x_reg[23]_i_4_n_0
    SLICE_X36Y36         CARRY4 (Prop_carry4_CI_O[0])
                                                      0.219    12.716 r  d_i/acc/inst/lane0/core/coefficient_store_a/bank3/x_reg[27]_i_4/O[0]
                         net (fo=1, routed)           0.448    13.164    d_i/acc/inst/lane0/core/butterfly_a0/multiplier/input_difference_reduced[24]
    SLICE_X42Y36         LUT6 (Prop_lut6_I2_O)        0.295    13.459 r  d_i/acc/inst/lane0/core/butterfly_a0/multiplier/x[24]_i_3/O
                         net (fo=1, routed)           0.000    13.459    d_i/acc/inst/lane0/core/butterfly_a0/multiplier/x[24]_i_3_n_0
    SLICE_X42Y36         MUXF7 (Prop_muxf7_I1_O)      0.247    13.706 r  d_i/acc/inst/lane0/core/butterfly_a0/multiplier/x_reg[24]_i_1/O
                         net (fo=1, routed)           0.000    13.706    d_i/acc/inst/lane0/core/butterfly_a0/multiplier/x_reg[24]_i_1_n_0
    SLICE_X42Y36         FDRE                                         r  d_i/acc/inst/lane0/core/butterfly_a0/multiplier/x_reg[24]/D
  -------------------------------------------------------------------    -------------------

                         (clock clk_fpga_0 rise edge)
                                                     10.000    10.000 r  
    PS7_X0Y0             PS7                          0.000    10.000 r  d_i/ps/inst/PS7_i/FCLKCLK[0]
                         net (fo=1, routed)           1.088    11.088    d_i/ps/inst/FCLK_CLK_unbuffered[0]
    BUFGCTRL_X0Y17       BUFG (Prop_bufg_I_O)         0.091    11.179 r  d_i/ps/inst/buffer_fclk_clk_0.FCLK_CLK_0_BUFG_replica/O
                         net (fo=3, routed)           0.133    11.312    d_i/ps/inst/FCLK_CLK0_repN
    BUFGCTRL_X0Y16       BUFG (Prop_bufg_I_O)         0.091    11.403 r  d_i/ps/inst/buffer_fclk_clk_0.FCLK_CLK_0_BUFG/O
                         net (fo=13548, routed)       1.490    12.893    d_i/acc/inst/lane0/core/butterfly_a0/multiplier/clk
    SLICE_X42Y36         FDRE                                         r  d_i/acc/inst/lane0/core/butterfly_a0/multiplier/x_reg[24]/C
                         clock pessimism              0.253    13.146    
                         clock uncertainty           -0.154    12.992    
    SLICE_X42Y36         FDRE (Setup_fdre_C_D)        0.113    13.105    d_i/acc/inst/lane0/core/butterfly_a0/multiplier/x_reg[24]
  -------------------------------------------------------------------
                         required time                         13.105    
                         arrival time                         -13.706    
  -------------------------------------------------------------------
                         slack                                 -0.601    





Pulse Width Checks
--------------------------------------------------------------------------------------
Clock Name:         clk_fpga_0
Waveform(ns):       { 0.000 5.000 }
Period(ns):         10.000
Sources:            { d_i/ps/inst/PS7_i/FCLKCLK[0] }

Check Type        Corner  Lib Pin             Reference Pin  Required(ns)  Actual(ns)  Slack(ns)  Location      Pin
Min Period        n/a     RAMB36E1/CLKARDCLK  n/a            2.944         10.000      7.056      RAMB36_X1Y5   d_i/acc/inst/lane0/core/coefficient_store_a/bank0/memory_reg/CLKARDCLK
Min Period        n/a     RAMB36E1/CLKARDCLK  n/a            2.944         10.000      7.056      RAMB36_X1Y6   d_i/acc/inst/lane0/core/coefficient_store_a/bank1/memory_reg/CLKARDCLK
Min Period        n/a     RAMB36E1/CLKARDCLK  n/a            2.944         10.000      7.056      RAMB36_X2Y6   d_i/acc/inst/lane0/core/coefficient_store_a/bank2/memory_reg/CLKARDCLK
Min Period        n/a     RAMB36E1/CLKARDCLK  n/a            2.944         10.000      7.056      RAMB36_X2Y5   d_i/acc/inst/lane0/core/coefficient_store_a/bank3/memory_reg/CLKARDCLK
Min Period        n/a     RAMB36E1/CLKARDCLK  n/a            2.944         10.000      7.056      RAMB36_X3Y8   d_i/acc/inst/lane0/core/coefficient_store_b/bank0/memory_reg/CLKARDCLK
Min Period        n/a     RAMB36E1/CLKARDCLK  n/a            2.944         10.000      7.056      RAMB36_X3Y7   d_i/acc/inst/lane0/core/coefficient_store_b/bank1/memory_reg/CLKARDCLK
Min Period        n/a     RAMB36E1/CLKARDCLK  n/a            2.944         10.000      7.056      RAMB36_X3Y5   d_i/acc/inst/lane0/core/coefficient_store_b/bank2/memory_reg/CLKARDCLK
Min Period        n/a     RAMB36E1/CLKARDCLK  n/a            2.944         10.000      7.056      RAMB36_X3Y6   d_i/acc/inst/lane0/core/coefficient_store_b/bank3/memory_reg/CLKARDCLK
Min Period        n/a     RAMB36E1/CLKARDCLK  n/a            2.944         10.000      7.056      RAMB36_X2Y0   d_i/acc/inst/lane1/core/coefficient_store_a/bank0/memory_reg/CLKARDCLK
Min Period        n/a     RAMB36E1/CLKARDCLK  n/a            2.944         10.000      7.056      RAMB36_X2Y1   d_i/acc/inst/lane1/core/coefficient_store_a/bank1/memory_reg/CLKARDCLK
Min Period        n/a     RAMB36E1/CLKARDCLK  n/a            2.944         10.000      7.056      RAMB36_X1Y1   d_i/acc/inst/lane1/core/coefficient_store_a/bank2/memory_reg/CLKARDCLK
Min Period        n/a     RAMB36E1/CLKARDCLK  n/a            2.944         10.000      7.056      RAMB36_X2Y2   d_i/acc/inst/lane1/core/coefficient_store_a/bank3/memory_reg/CLKARDCLK
Min Period        n/a     RAMB36E1/CLKARDCLK  n/a            2.944         10.000      7.056      RAMB36_X4Y2   d_i/acc/inst/lane1/core/coefficient_store_b/bank0/memory_reg/CLKARDCLK
Min Period        n/a     RAMB36E1/CLKARDCLK  n/a            2.944         10.000      7.056      RAMB36_X3Y2   d_i/acc/inst/lane1/core/coefficient_store_b/bank1/memory_reg/CLKARDCLK
Min Period        n/a     RAMB36E1/CLKARDCLK  n/a            2.944         10.000      7.056      RAMB36_X4Y3   d_i/acc/inst/lane1/core/coefficient_store_b/bank2/memory_reg/CLKARDCLK
Min Period        n/a     RAMB36E1/CLKARDCLK  n/a            2.944         10.000      7.056      RAMB36_X4Y1   d_i/acc/inst/lane1/core/coefficient_store_b/bank3/memory_reg/CLKARDCLK
Min Period        n/a     RAMB36E1/CLKBWRCLK  n/a            2.576         10.000      7.424      RAMB36_X1Y5   d_i/acc/inst/lane0/core/coefficient_store_a/bank0/memory_reg/CLKBWRCLK
Min Period        n/a     RAMB36E1/CLKBWRCLK  n/a            2.576         10.000      7.424      RAMB36_X1Y6   d_i/acc/inst/lane0/core/coefficient_store_a/bank1/memory_reg/CLKBWRCLK
Min Period        n/a     RAMB36E1/CLKBWRCLK  n/a            2.576         10.000      7.424      RAMB36_X2Y6   d_i/acc/inst/lane0/core/coefficient_store_a/bank2/memory_reg/CLKBWRCLK
Min Period        n/a     RAMB36E1/CLKBWRCLK  n/a            2.576         10.000      7.424      RAMB36_X2Y5   d_i/acc/inst/lane0/core/coefficient_store_a/bank3/memory_reg/CLKBWRCLK
Min Period        n/a     RAMB36E1/CLKBWRCLK  n/a            2.576         10.000      7.424      RAMB36_X3Y8   d_i/acc/inst/lane0/core/coefficient_store_b/bank0/memory_reg/CLKBWRCLK
Min Period        n/a     RAMB36E1/CLKBWRCLK  n/a            2.576         10.000      7.424      RAMB36_X3Y7   d_i/acc/inst/lane0/core/coefficient_store_b/bank1/memory_reg/CLKBWRCLK
Min Period        n/a     RAMB36E1/CLKBWRCLK  n/a            2.576         10.000      7.424      RAMB36_X3Y5   d_i/acc/inst/lane0/core/coefficient_store_b/bank2/memory_reg/CLKBWRCLK
Min Period        n/a     RAMB36E1/CLKBWRCLK  n/a            2.576         10.000      7.424      RAMB36_X3Y6   d_i/acc/inst/lane0/core/coefficient_store_b/bank3/memory_reg/CLKBWRCLK
Min Period        n/a     RAMB36E1/CLKARDCLK  n/a            2.576         10.000      7.424      RAMB36_X4Y6   d_i/acc/inst/lane0/core/forward_twiddle_memory/profile_memory/xpm_memory_base_inst/gen_wr_a.gen_word_narrow.mem_reg_0/CLKARDCLK
Min Period        n/a     RAMB36E1/CLKBWRCLK  n/a            2.576         10.000      7.424      RAMB36_X4Y6   d_i/acc/inst/lane0/core/forward_twiddle_memory/profile_memory/xpm_memory_base_inst/gen_wr_a.gen_word_narrow.mem_reg_0/CLKBWRCLK
Min Period        n/a     RAMB36E1/CLKARDCLK  n/a            2.576         10.000      7.424      RAMB36_X5Y4   d_i/acc/inst/lane0/core/forward_twiddle_memory/profile_memory/xpm_memory_base_inst/gen_wr_a.gen_word_narrow.mem_reg_1/CLKARDCLK
Min Period        n/a     RAMB36E1/CLKBWRCLK  n/a            2.576         10.000      7.424      RAMB36_X5Y4   d_i/acc/inst/lane0/core/forward_twiddle_memory/profile_memory/xpm_memory_base_inst/gen_wr_a.gen_word_narrow.mem_reg_1/CLKBWRCLK
Min Period        n/a     RAMB36E1/CLKARDCLK  n/a            2.576         10.000      7.424      RAMB36_X5Y6   d_i/acc/inst/lane0/core/forward_twiddle_memory/profile_memory/xpm_memory_base_inst/gen_wr_a.gen_word_narrow.mem_reg_2/CLKARDCLK
Min Period        n/a     RAMB36E1/CLKBWRCLK  n/a            2.576         10.000      7.424      RAMB36_X5Y6   d_i/acc/inst/lane0/core/forward_twiddle_memory/profile_memory/xpm_memory_base_inst/gen_wr_a.gen_word_narrow.mem_reg_2/CLKBWRCLK
Min Period        n/a     RAMB36E1/CLKARDCLK  n/a            2.576         10.000      7.424      RAMB36_X4Y4   d_i/acc/inst/lane0/core/forward_twiddle_memory/profile_memory/xpm_memory_base_inst/gen_wr_a.gen_word_narrow.mem_reg_3/CLKARDCLK
Min Period        n/a     RAMB36E1/CLKBWRCLK  n/a            2.576         10.000      7.424      RAMB36_X4Y4   d_i/acc/inst/lane0/core/forward_twiddle_memory/profile_memory/xpm_memory_base_inst/gen_wr_a.gen_word_narrow.mem_reg_3/CLKBWRCLK
Min Period        n/a     RAMB36E1/CLKARDCLK  n/a            2.576         10.000      7.424      RAMB36_X5Y7   d_i/acc/inst/lane0/core/inverse_scale_memory/profile_memory/xpm_memory_base_inst/gen_wr_a.gen_word_narrow.mem_reg_0/CLKARDCLK
Min Period        n/a     RAMB36E1/CLKBWRCLK  n/a            2.576         10.000      7.424      RAMB36_X5Y7   d_i/acc/inst/lane0/core/inverse_scale_memory/profile_memory/xpm_memory_base_inst/gen_wr_a.gen_word_narrow.mem_reg_0/CLKBWRCLK
Min Period        n/a     RAMB36E1/CLKARDCLK  n/a            2.576         10.000      7.424      RAMB36_X5Y8   d_i/acc/inst/lane0/core/inverse_scale_memory/profile_memory/xpm_memory_base_inst/gen_wr_a.gen_word_narrow.mem_reg_1/CLKARDCLK
Min Period        n/a     RAMB36E1/CLKBWRCLK  n/a            2.576         10.000      7.424      RAMB36_X5Y8   d_i/acc/inst/lane0/core/inverse_scale_memory/profile_memory/xpm_memory_base_inst/gen_wr_a.gen_word_narrow.mem_reg_1/CLKBWRCLK
Min Period        n/a     RAMB36E1/CLKARDCLK  n/a            2.576         10.000      7.424      RAMB36_X5Y9   d_i/acc/inst/lane0/core/inverse_scale_memory/profile_memory/xpm_memory_base_inst/gen_wr_a.gen_word_narrow.mem_reg_2/CLKARDCLK
Min Period        n/a     RAMB36E1/CLKBWRCLK  n/a            2.576         10.000      7.424      RAMB36_X5Y9   d_i/acc/inst/lane0/core/inverse_scale_memory/profile_memory/xpm_memory_base_inst/gen_wr_a.gen_word_narrow.mem_reg_2/CLKBWRCLK
Min Period        n/a     RAMB36E1/CLKARDCLK  n/a            2.576         10.000      7.424      RAMB36_X5Y10  d_i/acc/inst/lane0/core/inverse_scale_memory/profile_memory/xpm_memory_base_inst/gen_wr_a.gen_word_narrow.mem_reg_3/CLKARDCLK
Min Period        n/a     RAMB36E1/CLKBWRCLK  n/a            2.576         10.000      7.424      RAMB36_X5Y10  d_i/acc/inst/lane0/core/inverse_scale_memory/profile_memory/xpm_memory_base_inst/gen_wr_a.gen_word_narrow.mem_reg_3/CLKBWRCLK
Min Period        n/a     RAMB36E1/CLKARDCLK  n/a            2.576         10.000      7.424      RAMB36_X4Y5   d_i/acc/inst/lane0/core/inverse_twiddle_memory/profile_memory/xpm_memory_base_inst/gen_wr_a.gen_word_narrow.mem_reg_0/CLKARDCLK
Min Period        n/a     RAMB36E1/CLKBWRCLK  n/a            2.576         10.000      7.424      RAMB36_X4Y5   d_i/acc/inst/lane0/core/inverse_twiddle_memory/profile_memory/xpm_memory_base_inst/gen_wr_a.gen_word_narrow.mem_reg_0/CLKBWRCLK
Min Period        n/a     RAMB36E1/CLKARDCLK  n/a            2.576         10.000      7.424      RAMB36_X5Y3   d_i/acc/inst/lane0/core/inverse_twiddle_memory/profile_memory/xpm_memory_base_inst/gen_wr_a.gen_word_narrow.mem_reg_1/CLKARDCLK
Min Period        n/a     RAMB36E1/CLKBWRCLK  n/a            2.576         10.000      7.424      RAMB36_X5Y3   d_i/acc/inst/lane0/core/inverse_twiddle_memory/profile_memory/xpm_memory_base_inst/gen_wr_a.gen_word_narrow.mem_reg_1/CLKBWRCLK
Min Period        n/a     RAMB36E1/CLKARDCLK  n/a            2.576         10.000      7.424      RAMB36_X5Y5   d_i/acc/inst/lane0/core/inverse_twiddle_memory/profile_memory/xpm_memory_base_inst/gen_wr_a.gen_word_narrow.mem_reg_2/CLKARDCLK
Min Period        n/a     RAMB36E1/CLKBWRCLK  n/a            2.576         10.000      7.424      RAMB36_X5Y5   d_i/acc/inst/lane0/core/inverse_twiddle_memory/profile_memory/xpm_memory_base_inst/gen_wr_a.gen_word_narrow.mem_reg_2/CLKBWRCLK
Min Period        n/a     RAMB36E1/CLKARDCLK  n/a            2.576         10.000      7.424      RAMB36_X5Y2   d_i/acc/inst/lane0/core/inverse_twiddle_memory/profile_memory/xpm_memory_base_inst/gen_wr_a.gen_word_narrow.mem_reg_3/CLKARDCLK
Min Period        n/a     RAMB36E1/CLKBWRCLK  n/a            2.576         10.000      7.424      RAMB36_X5Y2   d_i/acc/inst/lane0/core/inverse_twiddle_memory/profile_memory/xpm_memory_base_inst/gen_wr_a.gen_word_narrow.mem_reg_3/CLKBWRCLK
Min Period        n/a     RAMB36E1/CLKARDCLK  n/a            2.576         10.000      7.424      RAMB36_X4Y7   d_i/acc/inst/lane0/core/twist_memory/profile_memory/xpm_memory_base_inst/gen_wr_a.gen_word_narrow.mem_reg_0/CLKARDCLK
Min Period        n/a     RAMB36E1/CLKBWRCLK  n/a            2.576         10.000      7.424      RAMB36_X4Y7   d_i/acc/inst/lane0/core/twist_memory/profile_memory/xpm_memory_base_inst/gen_wr_a.gen_word_narrow.mem_reg_0/CLKBWRCLK
Low Pulse Width   Slow    RAMD32/CLK          n/a            1.250         5.000       3.750      SLICE_X46Y71  d_i/dma/U0/I_PRMRY_DATAMOVER/GEN_S2MM_FULL.I_S2MM_FULL_WRAPPER/GEN_ENABLE_INDET_BTT_SF.I_INDET_BTT/I_XD_FIFO/NON_BLK_MEM.I_SYNC_FIFOGEN_FIFO/xpm_fifo_instance.xpm_fifo_sync_inst/xpm_fifo_base_inst/gen_sdpram.xpm_memory_base_inst/gen_wr_a.gen_word_narrow.mem_reg_0_15_0_5/RAMA/CLK
Low Pulse Width   Fast    RAMD32/CLK          n/a            1.250         5.000       3.750      SLICE_X46Y71  d_i/dma/U0/I_PRMRY_DATAMOVER/GEN_S2MM_FULL.I_S2MM_FULL_WRAPPER/GEN_ENABLE_INDET_BTT_SF.I_INDET_BTT/I_XD_FIFO/NON_BLK_MEM.I_SYNC_FIFOGEN_FIFO/xpm_fifo_instance.xpm_fifo_sync_inst/xpm_fifo_base_inst/gen_sdpram.xpm_memory_base_inst/gen_wr_a.gen_word_narrow.mem_reg_0_15_0_5/RAMA/CLK
Low Pulse Width   Slow    RAMD32/CLK          n/a            1.250         5.000       3.750      SLICE_X46Y71  d_i/dma/U0/I_PRMRY_DATAMOVER/GEN_S2MM_FULL.I_S2MM_FULL_WRAPPER/GEN_ENABLE_INDET_BTT_SF.I_INDET_BTT/I_XD_FIFO/NON_BLK_MEM.I_SYNC_FIFOGEN_FIFO/xpm_fifo_instance.xpm_fifo_sync_inst/xpm_fifo_base_inst/gen_sdpram.xpm_memory_base_inst/gen_wr_a.gen_word_narrow.mem_reg_0_15_0_5/RAMA_D1/CLK
Low Pulse Width   Fast    RAMD32/CLK          n/a            1.250         5.000       3.750      SLICE_X46Y71  d_i/dma/U0/I_PRMRY_DATAMOVER/GEN_S2MM_FULL.I_S2MM_FULL_WRAPPER/GEN_ENABLE_INDET_BTT_SF.I_INDET_BTT/I_XD_FIFO/NON_BLK_MEM.I_SYNC_FIFOGEN_FIFO/xpm_fifo_instance.xpm_fifo_sync_inst/xpm_fifo_base_inst/gen_sdpram.xpm_memory_base_inst/gen_wr_a.gen_word_narrow.mem_reg_0_15_0_5/RAMA_D1/CLK
Low Pulse Width   Slow    RAMD32/CLK          n/a            1.250         5.000       3.750      SLICE_X46Y71  d_i/dma/U0/I_PRMRY_DATAMOVER/GEN_S2MM_FULL.I_S2MM_FULL_WRAPPER/GEN_ENABLE_INDET_BTT_SF.I_INDET_BTT/I_XD_FIFO/NON_BLK_MEM.I_SYNC_FIFOGEN_FIFO/xpm_fifo_instance.xpm_fifo_sync_inst/xpm_fifo_base_inst/gen_sdpram.xpm_memory_base_inst/gen_wr_a.gen_word_narrow.mem_reg_0_15_0_5/RAMB/CLK
Low Pulse Width   Fast    RAMD32/CLK          n/a            1.250         5.000       3.750      SLICE_X46Y71  d_i/dma/U0/I_PRMRY_DATAMOVER/GEN_S2MM_FULL.I_S2MM_FULL_WRAPPER/GEN_ENABLE_INDET_BTT_SF.I_INDET_BTT/I_XD_FIFO/NON_BLK_MEM.I_SYNC_FIFOGEN_FIFO/xpm_fifo_instance.xpm_fifo_sync_inst/xpm_fifo_base_inst/gen_sdpram.xpm_memory_base_inst/gen_wr_a.gen_word_narrow.mem_reg_0_15_0_5/RAMB/CLK
Low Pulse Width   Slow    RAMD32/CLK          n/a            1.250         5.000       3.750      SLICE_X46Y71  d_i/dma/U0/I_PRMRY_DATAMOVER/GEN_S2MM_FULL.I_S2MM_FULL_WRAPPER/GEN_ENABLE_INDET_BTT_SF.I_INDET_BTT/I_XD_FIFO/NON_BLK_MEM.I_SYNC_FIFOGEN_FIFO/xpm_fifo_instance.xpm_fifo_sync_inst/xpm_fifo_base_inst/gen_sdpram.xpm_memory_base_inst/gen_wr_a.gen_word_narrow.mem_reg_0_15_0_5/RAMB_D1/CLK
Low Pulse Width   Fast    RAMD32/CLK          n/a            1.250         5.000       3.750      SLICE_X46Y71  d_i/dma/U0/I_PRMRY_DATAMOVER/GEN_S2MM_FULL.I_S2MM_FULL_WRAPPER/GEN_ENABLE_INDET_BTT_SF.I_INDET_BTT/I_XD_FIFO/NON_BLK_MEM.I_SYNC_FIFOGEN_FIFO/xpm_fifo_instance.xpm_fifo_sync_inst/xpm_fifo_base_inst/gen_sdpram.xpm_memory_base_inst/gen_wr_a.gen_word_narrow.mem_reg_0_15_0_5/RAMB_D1/CLK
Low Pulse Width   Slow    RAMD32/CLK          n/a            1.250         5.000       3.750      SLICE_X46Y71  d_i/dma/U0/I_PRMRY_DATAMOVER/GEN_S2MM_FULL.I_S2MM_FULL_WRAPPER/GEN_ENABLE_INDET_BTT_SF.I_INDET_BTT/I_XD_FIFO/NON_BLK_MEM.I_SYNC_FIFOGEN_FIFO/xpm_fifo_instance.xpm_fifo_sync_inst/xpm_fifo_base_inst/gen_sdpram.xpm_memory_base_inst/gen_wr_a.gen_word_narrow.mem_reg_0_15_0_5/RAMC/CLK
Low Pulse Width   Fast    RAMD32/CLK          n/a            1.250         5.000       3.750      SLICE_X46Y71  d_i/dma/U0/I_PRMRY_DATAMOVER/GEN_S2MM_FULL.I_S2MM_FULL_WRAPPER/GEN_ENABLE_INDET_BTT_SF.I_INDET_BTT/I_XD_FIFO/NON_BLK_MEM.I_SYNC_FIFOGEN_FIFO/xpm_fifo_instance.xpm_fifo_sync_inst/xpm_fifo_base_inst/gen_sdpram.xpm_memory_base_inst/gen_wr_a.gen_word_narrow.mem_reg_0_15_0_5/RAMC/CLK
Low Pulse Width   Slow    RAMD32/CLK          n/a            1.250         5.000       3.750      SLICE_X46Y71  d_i/dma/U0/I_PRMRY_DATAMOVER/GEN_S2MM_FULL.I_S2MM_FULL_WRAPPER/GEN_ENABLE_INDET_BTT_SF.I_INDET_BTT/I_XD_FIFO/NON_BLK_MEM.I_SYNC_FIFOGEN_FIFO/xpm_fifo_instance.xpm_fifo_sync_inst/xpm_fifo_base_inst/gen_sdpram.xpm_memory_base_inst/gen_wr_a.gen_word_narrow.mem_reg_0_15_0_5/RAMC_D1/CLK
Low Pulse Width   Fast    RAMD32/CLK          n/a            1.250         5.000       3.750      SLICE_X46Y71  d_i/dma/U0/I_PRMRY_DATAMOVER/GEN_S2MM_FULL.I_S2MM_FULL_WRAPPER/GEN_ENABLE_INDET_BTT_SF.I_INDET_BTT/I_XD_FIFO/NON_BLK_MEM.I_SYNC_FIFOGEN_FIFO/xpm_fifo_instance.xpm_fifo_sync_inst/xpm_fifo_base_inst/gen_sdpram.xpm_memory_base_inst/gen_wr_a.gen_word_narrow.mem_reg_0_15_0_5/RAMC_D1/CLK
Low Pulse Width   Slow    RAMS32/CLK          n/a            1.250         5.000       3.750      SLICE_X46Y71  d_i/dma/U0/I_PRMRY_DATAMOVER/GEN_S2MM_FULL.I_S2MM_FULL_WRAPPER/GEN_ENABLE_INDET_BTT_SF.I_INDET_BTT/I_XD_FIFO/NON_BLK_MEM.I_SYNC_FIFOGEN_FIFO/xpm_fifo_instance.xpm_fifo_sync_inst/xpm_fifo_base_inst/gen_sdpram.xpm_memory_base_inst/gen_wr_a.gen_word_narrow.mem_reg_0_15_0_5/RAMD/CLK
Low Pulse Width   Fast    RAMS32/CLK          n/a            1.250         5.000       3.750      SLICE_X46Y71  d_i/dma/U0/I_PRMRY_DATAMOVER/GEN_S2MM_FULL.I_S2MM_FULL_WRAPPER/GEN_ENABLE_INDET_BTT_SF.I_INDET_BTT/I_XD_FIFO/NON_BLK_MEM.I_SYNC_FIFOGEN_FIFO/xpm_fifo_instance.xpm_fifo_sync_inst/xpm_fifo_base_inst/gen_sdpram.xpm_memory_base_inst/gen_wr_a.gen_word_narrow.mem_reg_0_15_0_5/RAMD/CLK
Low Pulse Width   Slow    RAMS32/CLK          n/a            1.250         5.000       3.750      SLICE_X46Y71  d_i/dma/U0/I_PRMRY_DATAMOVER/GEN_S2MM_FULL.I_S2MM_FULL_WRAPPER/GEN_ENABLE_INDET_BTT_SF.I_INDET_BTT/I_XD_FIFO/NON_BLK_MEM.I_SYNC_FIFOGEN_FIFO/xpm_fifo_instance.xpm_fifo_sync_inst/xpm_fifo_base_inst/gen_sdpram.xpm_memory_base_inst/gen_wr_a.gen_word_narrow.mem_reg_0_15_0_5/RAMD_D1/CLK
Low Pulse Width   Fast    RAMS32/CLK          n/a            1.250         5.000       3.750      SLICE_X46Y71  d_i/dma/U0/I_PRMRY_DATAMOVER/GEN_S2MM_FULL.I_S2MM_FULL_WRAPPER/GEN_ENABLE_INDET_BTT_SF.I_INDET_BTT/I_XD_FIFO/NON_BLK_MEM.I_SYNC_FIFOGEN_FIFO/xpm_fifo_instance.xpm_fifo_sync_inst/xpm_fifo_base_inst/gen_sdpram.xpm_memory_base_inst/gen_wr_a.gen_word_narrow.mem_reg_0_15_0_5/RAMD_D1/CLK
Low Pulse Width   Slow    RAMD32/CLK          n/a            1.250         5.000       3.750      SLICE_X46Y72  d_i/dma/U0/I_PRMRY_DATAMOVER/GEN_S2MM_FULL.I_S2MM_FULL_WRAPPER/GEN_ENABLE_INDET_BTT_SF.I_INDET_BTT/I_XD_FIFO/NON_BLK_MEM.I_SYNC_FIFOGEN_FIFO/xpm_fifo_instance.xpm_fifo_sync_inst/xpm_fifo_base_inst/gen_sdpram.xpm_memory_base_inst/gen_wr_a.gen_word_narrow.mem_reg_0_15_6_9/RAMA/CLK
Low Pulse Width   Fast    RAMD32/CLK          n/a            1.250         5.000       3.750      SLICE_X46Y72  d_i/dma/U0/I_PRMRY_DATAMOVER/GEN_S2MM_FULL.I_S2MM_FULL_WRAPPER/GEN_ENABLE_INDET_BTT_SF.I_INDET_BTT/I_XD_FIFO/NON_BLK_MEM.I_SYNC_FIFOGEN_FIFO/xpm_fifo_instance.xpm_fifo_sync_inst/xpm_fifo_base_inst/gen_sdpram.xpm_memory_base_inst/gen_wr_a.gen_word_narrow.mem_reg_0_15_6_9/RAMA/CLK
Low Pulse Width   Slow    RAMD32/CLK          n/a            1.250         5.000       3.750      SLICE_X46Y72  d_i/dma/U0/I_PRMRY_DATAMOVER/GEN_S2MM_FULL.I_S2MM_FULL_WRAPPER/GEN_ENABLE_INDET_BTT_SF.I_INDET_BTT/I_XD_FIFO/NON_BLK_MEM.I_SYNC_FIFOGEN_FIFO/xpm_fifo_instance.xpm_fifo_sync_inst/xpm_fifo_base_inst/gen_sdpram.xpm_memory_base_inst/gen_wr_a.gen_word_narrow.mem_reg_0_15_6_9/RAMA_D1/CLK
Low Pulse Width   Fast    RAMD32/CLK          n/a            1.250         5.000       3.750      SLICE_X46Y72  d_i/dma/U0/I_PRMRY_DATAMOVER/GEN_S2MM_FULL.I_S2MM_FULL_WRAPPER/GEN_ENABLE_INDET_BTT_SF.I_INDET_BTT/I_XD_FIFO/NON_BLK_MEM.I_SYNC_FIFOGEN_FIFO/xpm_fifo_instance.xpm_fifo_sync_inst/xpm_fifo_base_inst/gen_sdpram.xpm_memory_base_inst/gen_wr_a.gen_word_narrow.mem_reg_0_15_6_9/RAMA_D1/CLK
Low Pulse Width   Slow    RAMD32/CLK          n/a            1.250         5.000       3.750      SLICE_X46Y72  d_i/dma/U0/I_PRMRY_DATAMOVER/GEN_S2MM_FULL.I_S2MM_FULL_WRAPPER/GEN_ENABLE_INDET_BTT_SF.I_INDET_BTT/I_XD_FIFO/NON_BLK_MEM.I_SYNC_FIFOGEN_FIFO/xpm_fifo_instance.xpm_fifo_sync_inst/xpm_fifo_base_inst/gen_sdpram.xpm_memory_base_inst/gen_wr_a.gen_word_narrow.mem_reg_0_15_6_9/RAMB/CLK
Low Pulse Width   Fast    RAMD32/CLK          n/a            1.250         5.000       3.750      SLICE_X46Y72  d_i/dma/U0/I_PRMRY_DATAMOVER/GEN_S2MM_FULL.I_S2MM_FULL_WRAPPER/GEN_ENABLE_INDET_BTT_SF.I_INDET_BTT/I_XD_FIFO/NON_BLK_MEM.I_SYNC_FIFOGEN_FIFO/xpm_fifo_instance.xpm_fifo_sync_inst/xpm_fifo_base_inst/gen_sdpram.xpm_memory_base_inst/gen_wr_a.gen_word_narrow.mem_reg_0_15_6_9/RAMB/CLK
Low Pulse Width   Slow    RAMD32/CLK          n/a            1.250         5.000       3.750      SLICE_X46Y72  d_i/dma/U0/I_PRMRY_DATAMOVER/GEN_S2MM_FULL.I_S2MM_FULL_WRAPPER/GEN_ENABLE_INDET_BTT_SF.I_INDET_BTT/I_XD_FIFO/NON_BLK_MEM.I_SYNC_FIFOGEN_FIFO/xpm_fifo_instance.xpm_fifo_sync_inst/xpm_fifo_base_inst/gen_sdpram.xpm_memory_base_inst/gen_wr_a.gen_word_narrow.mem_reg_0_15_6_9/RAMB_D1/CLK
Low Pulse Width   Fast    RAMD32/CLK          n/a            1.250         5.000       3.750      SLICE_X46Y72  d_i/dma/U0/I_PRMRY_DATAMOVER/GEN_S2MM_FULL.I_S2MM_FULL_WRAPPER/GEN_ENABLE_INDET_BTT_SF.I_INDET_BTT/I_XD_FIFO/NON_BLK_MEM.I_SYNC_FIFOGEN_FIFO/xpm_fifo_instance.xpm_fifo_sync_inst/xpm_fifo_base_inst/gen_sdpram.xpm_memory_base_inst/gen_wr_a.gen_word_narrow.mem_reg_0_15_6_9/RAMB_D1/CLK
Low Pulse Width   Slow    RAMD32/CLK          n/a            1.250         5.000       3.750      SLICE_X46Y72  d_i/dma/U0/I_PRMRY_DATAMOVER/GEN_S2MM_FULL.I_S2MM_FULL_WRAPPER/GEN_ENABLE_INDET_BTT_SF.I_INDET_BTT/I_XD_FIFO/NON_BLK_MEM.I_SYNC_FIFOGEN_FIFO/xpm_fifo_instance.xpm_fifo_sync_inst/xpm_fifo_base_inst/gen_sdpram.xpm_memory_base_inst/gen_wr_a.gen_word_narrow.mem_reg_0_15_6_9/RAMC/CLK
Low Pulse Width   Fast    RAMD32/CLK          n/a            1.250         5.000       3.750      SLICE_X46Y72  d_i/dma/U0/I_PRMRY_DATAMOVER/GEN_S2MM_FULL.I_S2MM_FULL_WRAPPER/GEN_ENABLE_INDET_BTT_SF.I_INDET_BTT/I_XD_FIFO/NON_BLK_MEM.I_SYNC_FIFOGEN_FIFO/xpm_fifo_instance.xpm_fifo_sync_inst/xpm_fifo_base_inst/gen_sdpram.xpm_memory_base_inst/gen_wr_a.gen_word_narrow.mem_reg_0_15_6_9/RAMC/CLK
Low Pulse Width   Slow    RAMD32/CLK          n/a            1.250         5.000       3.750      SLICE_X46Y72  d_i/dma/U0/I_PRMRY_DATAMOVER/GEN_S2MM_FULL.I_S2MM_FULL_WRAPPER/GEN_ENABLE_INDET_BTT_SF.I_INDET_BTT/I_XD_FIFO/NON_BLK_MEM.I_SYNC_FIFOGEN_FIFO/xpm_fifo_instance.xpm_fifo_sync_inst/xpm_fifo_base_inst/gen_sdpram.xpm_memory_base_inst/gen_wr_a.gen_word_narrow.mem_reg_0_15_6_9/RAMC_D1/CLK
Low Pulse Width   Fast    RAMD32/CLK          n/a            1.250         5.000       3.750      SLICE_X46Y72  d_i/dma/U0/I_PRMRY_DATAMOVER/GEN_S2MM_FULL.I_S2MM_FULL_WRAPPER/GEN_ENABLE_INDET_BTT_SF.I_INDET_BTT/I_XD_FIFO/NON_BLK_MEM.I_SYNC_FIFOGEN_FIFO/xpm_fifo_instance.xpm_fifo_sync_inst/xpm_fifo_base_inst/gen_sdpram.xpm_memory_base_inst/gen_wr_a.gen_word_narrow.mem_reg_0_15_6_9/RAMC_D1/CLK
Low Pulse Width   Slow    RAMS32/CLK          n/a            1.250         5.000       3.750      SLICE_X46Y72  d_i/dma/U0/I_PRMRY_DATAMOVER/GEN_S2MM_FULL.I_S2MM_FULL_WRAPPER/GEN_ENABLE_INDET_BTT_SF.I_INDET_BTT/I_XD_FIFO/NON_BLK_MEM.I_SYNC_FIFOGEN_FIFO/xpm_fifo_instance.xpm_fifo_sync_inst/xpm_fifo_base_inst/gen_sdpram.xpm_memory_base_inst/gen_wr_a.gen_word_narrow.mem_reg_0_15_6_9/RAMD/CLK
Low Pulse Width   Fast    RAMS32/CLK          n/a            1.250         5.000       3.750      SLICE_X46Y72  d_i/dma/U0/I_PRMRY_DATAMOVER/GEN_S2MM_FULL.I_S2MM_FULL_WRAPPER/GEN_ENABLE_INDET_BTT_SF.I_INDET_BTT/I_XD_FIFO/NON_BLK_MEM.I_SYNC_FIFOGEN_FIFO/xpm_fifo_instance.xpm_fifo_sync_inst/xpm_fifo_base_inst/gen_sdpram.xpm_memory_base_inst/gen_wr_a.gen_word_narrow.mem_reg_0_15_6_9/RAMD/CLK
Low Pulse Width   Slow    RAMS32/CLK          n/a            1.250         5.000       3.750      SLICE_X46Y72  d_i/dma/U0/I_PRMRY_DATAMOVER/GEN_S2MM_FULL.I_S2MM_FULL_WRAPPER/GEN_ENABLE_INDET_BTT_SF.I_INDET_BTT/I_XD_FIFO/NON_BLK_MEM.I_SYNC_FIFOGEN_FIFO/xpm_fifo_instance.xpm_fifo_sync_inst/xpm_fifo_base_inst/gen_sdpram.xpm_memory_base_inst/gen_wr_a.gen_word_narrow.mem_reg_0_15_6_9/RAMD_D1/CLK
Low Pulse Width   Fast    RAMS32/CLK          n/a            1.250         5.000       3.750      SLICE_X46Y72  d_i/dma/U0/I_PRMRY_DATAMOVER/GEN_S2MM_FULL.I_S2MM_FULL_WRAPPER/GEN_ENABLE_INDET_BTT_SF.I_INDET_BTT/I_XD_FIFO/NON_BLK_MEM.I_SYNC_FIFOGEN_FIFO/xpm_fifo_instance.xpm_fifo_sync_inst/xpm_fifo_base_inst/gen_sdpram.xpm_memory_base_inst/gen_wr_a.gen_word_narrow.mem_reg_0_15_6_9/RAMD_D1/CLK
Low Pulse Width   Slow    RAMD32/CLK          n/a            1.250         5.000       3.750      SLICE_X14Y47  d_i/mem/inst/m00_nodes/m00_ar_node/inst/inst_mi_handler/gen_normal_area.inst_fifo_node_payld/gen_xpm_memory_fifo.inst_fifo/gen_mem_rep[0].inst_xpm_memory/xpm_memory_base_inst/gen_wr_a.gen_word_narrow.mem_reg_0_31_0_5/RAMA/CLK
Low Pulse Width   Fast    RAMD32/CLK          n/a            1.250         5.000       3.750      SLICE_X14Y47  d_i/mem/inst/m00_nodes/m00_ar_node/inst/inst_mi_handler/gen_normal_area.inst_fifo_node_payld/gen_xpm_memory_fifo.inst_fifo/gen_mem_rep[0].inst_xpm_memory/xpm_memory_base_inst/gen_wr_a.gen_word_narrow.mem_reg_0_31_0_5/RAMA/CLK
Low Pulse Width   Slow    RAMD32/CLK          n/a            1.250         5.000       3.750      SLICE_X14Y47  d_i/mem/inst/m00_nodes/m00_ar_node/inst/inst_mi_handler/gen_normal_area.inst_fifo_node_payld/gen_xpm_memory_fifo.inst_fifo/gen_mem_rep[0].inst_xpm_memory/xpm_memory_base_inst/gen_wr_a.gen_word_narrow.mem_reg_0_31_0_5/RAMA_D1/CLK
Low Pulse Width   Fast    RAMD32/CLK          n/a            1.250         5.000       3.750      SLICE_X14Y47  d_i/mem/inst/m00_nodes/m00_ar_node/inst/inst_mi_handler/gen_normal_area.inst_fifo_node_payld/gen_xpm_memory_fifo.inst_fifo/gen_mem_rep[0].inst_xpm_memory/xpm_memory_base_inst/gen_wr_a.gen_word_narrow.mem_reg_0_31_0_5/RAMA_D1/CLK
Low Pulse Width   Slow    RAMD32/CLK          n/a            1.250         5.000       3.750      SLICE_X14Y47  d_i/mem/inst/m00_nodes/m00_ar_node/inst/inst_mi_handler/gen_normal_area.inst_fifo_node_payld/gen_xpm_memory_fifo.inst_fifo/gen_mem_rep[0].inst_xpm_memory/xpm_memory_base_inst/gen_wr_a.gen_word_narrow.mem_reg_0_31_0_5/RAMB/CLK
Low Pulse Width   Fast    RAMD32/CLK          n/a            1.250         5.000       3.750      SLICE_X14Y47  d_i/mem/inst/m00_nodes/m00_ar_node/inst/inst_mi_handler/gen_normal_area.inst_fifo_node_payld/gen_xpm_memory_fifo.inst_fifo/gen_mem_rep[0].inst_xpm_memory/xpm_memory_base_inst/gen_wr_a.gen_word_narrow.mem_reg_0_31_0_5/RAMB/CLK
Low Pulse Width   Slow    RAMD32/CLK          n/a            1.250         5.000       3.750      SLICE_X14Y47  d_i/mem/inst/m00_nodes/m00_ar_node/inst/inst_mi_handler/gen_normal_area.inst_fifo_node_payld/gen_xpm_memory_fifo.inst_fifo/gen_mem_rep[0].inst_xpm_memory/xpm_memory_base_inst/gen_wr_a.gen_word_narrow.mem_reg_0_31_0_5/RAMB_D1/CLK
Low Pulse Width   Fast    RAMD32/CLK          n/a            1.250         5.000       3.750      SLICE_X14Y47  d_i/mem/inst/m00_nodes/m00_ar_node/inst/inst_mi_handler/gen_normal_area.inst_fifo_node_payld/gen_xpm_memory_fifo.inst_fifo/gen_mem_rep[0].inst_xpm_memory/xpm_memory_base_inst/gen_wr_a.gen_word_narrow.mem_reg_0_31_0_5/RAMB_D1/CLK
Low Pulse Width   Slow    RAMD32/CLK          n/a            1.250         5.000       3.750      SLICE_X14Y47  d_i/mem/inst/m00_nodes/m00_ar_node/inst/inst_mi_handler/gen_normal_area.inst_fifo_node_payld/gen_xpm_memory_fifo.inst_fifo/gen_mem_rep[0].inst_xpm_memory/xpm_memory_base_inst/gen_wr_a.gen_word_narrow.mem_reg_0_31_0_5/RAMC/CLK
Low Pulse Width   Fast    RAMD32/CLK          n/a            1.250         5.000       3.750      SLICE_X14Y47  d_i/mem/inst/m00_nodes/m00_ar_node/inst/inst_mi_handler/gen_normal_area.inst_fifo_node_payld/gen_xpm_memory_fifo.inst_fifo/gen_mem_rep[0].inst_xpm_memory/xpm_memory_base_inst/gen_wr_a.gen_word_narrow.mem_reg_0_31_0_5/RAMC/CLK
Low Pulse Width   Slow    RAMD32/CLK          n/a            1.250         5.000       3.750      SLICE_X14Y47  d_i/mem/inst/m00_nodes/m00_ar_node/inst/inst_mi_handler/gen_normal_area.inst_fifo_node_payld/gen_xpm_memory_fifo.inst_fifo/gen_mem_rep[0].inst_xpm_memory/xpm_memory_base_inst/gen_wr_a.gen_word_narrow.mem_reg_0_31_0_5/RAMC_D1/CLK
Low Pulse Width   Fast    RAMD32/CLK          n/a            1.250         5.000       3.750      SLICE_X14Y47  d_i/mem/inst/m00_nodes/m00_ar_node/inst/inst_mi_handler/gen_normal_area.inst_fifo_node_payld/gen_xpm_memory_fifo.inst_fifo/gen_mem_rep[0].inst_xpm_memory/xpm_memory_base_inst/gen_wr_a.gen_word_narrow.mem_reg_0_31_0_5/RAMC_D1/CLK
Low Pulse Width   Slow    RAMS32/CLK          n/a            1.250         5.000       3.750      SLICE_X14Y47  d_i/mem/inst/m00_nodes/m00_ar_node/inst/inst_mi_handler/gen_normal_area.inst_fifo_node_payld/gen_xpm_memory_fifo.inst_fifo/gen_mem_rep[0].inst_xpm_memory/xpm_memory_base_inst/gen_wr_a.gen_word_narrow.mem_reg_0_31_0_5/RAMD/CLK
Low Pulse Width   Fast    RAMS32/CLK          n/a            1.250         5.000       3.750      SLICE_X14Y47  d_i/mem/inst/m00_nodes/m00_ar_node/inst/inst_mi_handler/gen_normal_area.inst_fifo_node_payld/gen_xpm_memory_fifo.inst_fifo/gen_mem_rep[0].inst_xpm_memory/xpm_memory_base_inst/gen_wr_a.gen_word_narrow.mem_reg_0_31_0_5/RAMD/CLK
Low Pulse Width   Slow    RAMS32/CLK          n/a            1.250         5.000       3.750      SLICE_X14Y47  d_i/mem/inst/m00_nodes/m00_ar_node/inst/inst_mi_handler/gen_normal_area.inst_fifo_node_payld/gen_xpm_memory_fifo.inst_fifo/gen_mem_rep[0].inst_xpm_memory/xpm_memory_base_inst/gen_wr_a.gen_word_narrow.mem_reg_0_31_0_5/RAMD_D1/CLK
Low Pulse Width   Fast    RAMS32/CLK          n/a            1.250         5.000       3.750      SLICE_X14Y47  d_i/mem/inst/m00_nodes/m00_ar_node/inst/inst_mi_handler/gen_normal_area.inst_fifo_node_payld/gen_xpm_memory_fifo.inst_fifo/gen_mem_rep[0].inst_xpm_memory/xpm_memory_base_inst/gen_wr_a.gen_word_narrow.mem_reg_0_31_0_5/RAMD_D1/CLK
Low Pulse Width   Slow    RAMD32/CLK          n/a            1.250         5.000       3.750      SLICE_X22Y48  d_i/mem/inst/m00_nodes/m00_ar_node/inst/inst_mi_handler/gen_normal_area.inst_fifo_node_payld/gen_xpm_memory_fifo.inst_fifo/gen_mem_rep[0].inst_xpm_memory/xpm_memory_base_inst/gen_wr_a.gen_word_narrow.mem_reg_0_31_102_107/RAMA/CLK
Low Pulse Width   Fast    RAMD32/CLK          n/a            1.250         5.000       3.750      SLICE_X22Y48  d_i/mem/inst/m00_nodes/m00_ar_node/inst/inst_mi_handler/gen_normal_area.inst_fifo_node_payld/gen_xpm_memory_fifo.inst_fifo/gen_mem_rep[0].inst_xpm_memory/xpm_memory_base_inst/gen_wr_a.gen_word_narrow.mem_reg_0_31_102_107/RAMA/CLK
High Pulse Width  Slow    RAMD32/CLK          n/a            1.250         5.000       3.750      SLICE_X46Y71  d_i/dma/U0/I_PRMRY_DATAMOVER/GEN_S2MM_FULL.I_S2MM_FULL_WRAPPER/GEN_ENABLE_INDET_BTT_SF.I_INDET_BTT/I_XD_FIFO/NON_BLK_MEM.I_SYNC_FIFOGEN_FIFO/xpm_fifo_instance.xpm_fifo_sync_inst/xpm_fifo_base_inst/gen_sdpram.xpm_memory_base_inst/gen_wr_a.gen_word_narrow.mem_reg_0_15_0_5/RAMA/CLK
High Pulse Width  Fast    RAMD32/CLK          n/a            1.250         5.000       3.750      SLICE_X46Y71  d_i/dma/U0/I_PRMRY_DATAMOVER/GEN_S2MM_FULL.I_S2MM_FULL_WRAPPER/GEN_ENABLE_INDET_BTT_SF.I_INDET_BTT/I_XD_FIFO/NON_BLK_MEM.I_SYNC_FIFOGEN_FIFO/xpm_fifo_instance.xpm_fifo_sync_inst/xpm_fifo_base_inst/gen_sdpram.xpm_memory_base_inst/gen_wr_a.gen_word_narrow.mem_reg_0_15_0_5/RAMA/CLK
High Pulse Width  Slow    RAMD32/CLK          n/a            1.250         5.000       3.750      SLICE_X46Y71  d_i/dma/U0/I_PRMRY_DATAMOVER/GEN_S2MM_FULL.I_S2MM_FULL_WRAPPER/GEN_ENABLE_INDET_BTT_SF.I_INDET_BTT/I_XD_FIFO/NON_BLK_MEM.I_SYNC_FIFOGEN_FIFO/xpm_fifo_instance.xpm_fifo_sync_inst/xpm_fifo_base_inst/gen_sdpram.xpm_memory_base_inst/gen_wr_a.gen_word_narrow.mem_reg_0_15_0_5/RAMA_D1/CLK
High Pulse Width  Fast    RAMD32/CLK          n/a            1.250         5.000       3.750      SLICE_X46Y71  d_i/dma/U0/I_PRMRY_DATAMOVER/GEN_S2MM_FULL.I_S2MM_FULL_WRAPPER/GEN_ENABLE_INDET_BTT_SF.I_INDET_BTT/I_XD_FIFO/NON_BLK_MEM.I_SYNC_FIFOGEN_FIFO/xpm_fifo_instance.xpm_fifo_sync_inst/xpm_fifo_base_inst/gen_sdpram.xpm_memory_base_inst/gen_wr_a.gen_word_narrow.mem_reg_0_15_0_5/RAMA_D1/CLK
High Pulse Width  Slow    RAMD32/CLK          n/a            1.250         5.000       3.750      SLICE_X46Y71  d_i/dma/U0/I_PRMRY_DATAMOVER/GEN_S2MM_FULL.I_S2MM_FULL_WRAPPER/GEN_ENABLE_INDET_BTT_SF.I_INDET_BTT/I_XD_FIFO/NON_BLK_MEM.I_SYNC_FIFOGEN_FIFO/xpm_fifo_instance.xpm_fifo_sync_inst/xpm_fifo_base_inst/gen_sdpram.xpm_memory_base_inst/gen_wr_a.gen_word_narrow.mem_reg_0_15_0_5/RAMB/CLK
High Pulse Width  Fast    RAMD32/CLK          n/a            1.250         5.000       3.750      SLICE_X46Y71  d_i/dma/U0/I_PRMRY_DATAMOVER/GEN_S2MM_FULL.I_S2MM_FULL_WRAPPER/GEN_ENABLE_INDET_BTT_SF.I_INDET_BTT/I_XD_FIFO/NON_BLK_MEM.I_SYNC_FIFOGEN_FIFO/xpm_fifo_instance.xpm_fifo_sync_inst/xpm_fifo_base_inst/gen_sdpram.xpm_memory_base_inst/gen_wr_a.gen_word_narrow.mem_reg_0_15_0_5/RAMB/CLK
High Pulse Width  Slow    RAMD32/CLK          n/a            1.250         5.000       3.750      SLICE_X46Y71  d_i/dma/U0/I_PRMRY_DATAMOVER/GEN_S2MM_FULL.I_S2MM_FULL_WRAPPER/GEN_ENABLE_INDET_BTT_SF.I_INDET_BTT/I_XD_FIFO/NON_BLK_MEM.I_SYNC_FIFOGEN_FIFO/xpm_fifo_instance.xpm_fifo_sync_inst/xpm_fifo_base_inst/gen_sdpram.xpm_memory_base_inst/gen_wr_a.gen_word_narrow.mem_reg_0_15_0_5/RAMB_D1/CLK
High Pulse Width  Fast    RAMD32/CLK          n/a            1.250         5.000       3.750      SLICE_X46Y71  d_i/dma/U0/I_PRMRY_DATAMOVER/GEN_S2MM_FULL.I_S2MM_FULL_WRAPPER/GEN_ENABLE_INDET_BTT_SF.I_INDET_BTT/I_XD_FIFO/NON_BLK_MEM.I_SYNC_FIFOGEN_FIFO/xpm_fifo_instance.xpm_fifo_sync_inst/xpm_fifo_base_inst/gen_sdpram.xpm_memory_base_inst/gen_wr_a.gen_word_narrow.mem_reg_0_15_0_5/RAMB_D1/CLK
High Pulse Width  Slow    RAMD32/CLK          n/a            1.250         5.000       3.750      SLICE_X46Y71  d_i/dma/U0/I_PRMRY_DATAMOVER/GEN_S2MM_FULL.I_S2MM_FULL_WRAPPER/GEN_ENABLE_INDET_BTT_SF.I_INDET_BTT/I_XD_FIFO/NON_BLK_MEM.I_SYNC_FIFOGEN_FIFO/xpm_fifo_instance.xpm_fifo_sync_inst/xpm_fifo_base_inst/gen_sdpram.xpm_memory_base_inst/gen_wr_a.gen_word_narrow.mem_reg_0_15_0_5/RAMC/CLK
High Pulse Width  Fast    RAMD32/CLK          n/a            1.250         5.000       3.750      SLICE_X46Y71  d_i/dma/U0/I_PRMRY_DATAMOVER/GEN_S2MM_FULL.I_S2MM_FULL_WRAPPER/GEN_ENABLE_INDET_BTT_SF.I_INDET_BTT/I_XD_FIFO/NON_BLK_MEM.I_SYNC_FIFOGEN_FIFO/xpm_fifo_instance.xpm_fifo_sync_inst/xpm_fifo_base_inst/gen_sdpram.xpm_memory_base_inst/gen_wr_a.gen_word_narrow.mem_reg_0_15_0_5/RAMC/CLK
High Pulse Width  Slow    RAMD32/CLK          n/a            1.250         5.000       3.750      SLICE_X46Y71  d_i/dma/U0/I_PRMRY_DATAMOVER/GEN_S2MM_FULL.I_S2MM_FULL_WRAPPER/GEN_ENABLE_INDET_BTT_SF.I_INDET_BTT/I_XD_FIFO/NON_BLK_MEM.I_SYNC_FIFOGEN_FIFO/xpm_fifo_instance.xpm_fifo_sync_inst/xpm_fifo_base_inst/gen_sdpram.xpm_memory_base_inst/gen_wr_a.gen_word_narrow.mem_reg_0_15_0_5/RAMC_D1/CLK
High Pulse Width  Fast    RAMD32/CLK          n/a            1.250         5.000       3.750      SLICE_X46Y71  d_i/dma/U0/I_PRMRY_DATAMOVER/GEN_S2MM_FULL.I_S2MM_FULL_WRAPPER/GEN_ENABLE_INDET_BTT_SF.I_INDET_BTT/I_XD_FIFO/NON_BLK_MEM.I_SYNC_FIFOGEN_FIFO/xpm_fifo_instance.xpm_fifo_sync_inst/xpm_fifo_base_inst/gen_sdpram.xpm_memory_base_inst/gen_wr_a.gen_word_narrow.mem_reg_0_15_0_5/RAMC_D1/CLK
High Pulse Width  Slow    RAMS32/CLK          n/a            1.250         5.000       3.750      SLICE_X46Y71  d_i/dma/U0/I_PRMRY_DATAMOVER/GEN_S2MM_FULL.I_S2MM_FULL_WRAPPER/GEN_ENABLE_INDET_BTT_SF.I_INDET_BTT/I_XD_FIFO/NON_BLK_MEM.I_SYNC_FIFOGEN_FIFO/xpm_fifo_instance.xpm_fifo_sync_inst/xpm_fifo_base_inst/gen_sdpram.xpm_memory_base_inst/gen_wr_a.gen_word_narrow.mem_reg_0_15_0_5/RAMD/CLK
High Pulse Width  Fast    RAMS32/CLK          n/a            1.250         5.000       3.750      SLICE_X46Y71  d_i/dma/U0/I_PRMRY_DATAMOVER/GEN_S2MM_FULL.I_S2MM_FULL_WRAPPER/GEN_ENABLE_INDET_BTT_SF.I_INDET_BTT/I_XD_FIFO/NON_BLK_MEM.I_SYNC_FIFOGEN_FIFO/xpm_fifo_instance.xpm_fifo_sync_inst/xpm_fifo_base_inst/gen_sdpram.xpm_memory_base_inst/gen_wr_a.gen_word_narrow.mem_reg_0_15_0_5/RAMD/CLK
High Pulse Width  Slow    RAMS32/CLK          n/a            1.250         5.000       3.750      SLICE_X46Y71  d_i/dma/U0/I_PRMRY_DATAMOVER/GEN_S2MM_FULL.I_S2MM_FULL_WRAPPER/GEN_ENABLE_INDET_BTT_SF.I_INDET_BTT/I_XD_FIFO/NON_BLK_MEM.I_SYNC_FIFOGEN_FIFO/xpm_fifo_instance.xpm_fifo_sync_inst/xpm_fifo_base_inst/gen_sdpram.xpm_memory_base_inst/gen_wr_a.gen_word_narrow.mem_reg_0_15_0_5/RAMD_D1/CLK
High Pulse Width  Fast    RAMS32/CLK          n/a            1.250         5.000       3.750      SLICE_X46Y71  d_i/dma/U0/I_PRMRY_DATAMOVER/GEN_S2MM_FULL.I_S2MM_FULL_WRAPPER/GEN_ENABLE_INDET_BTT_SF.I_INDET_BTT/I_XD_FIFO/NON_BLK_MEM.I_SYNC_FIFOGEN_FIFO/xpm_fifo_instance.xpm_fifo_sync_inst/xpm_fifo_base_inst/gen_sdpram.xpm_memory_base_inst/gen_wr_a.gen_word_narrow.mem_reg_0_15_0_5/RAMD_D1/CLK
High Pulse Width  Slow    RAMD32/CLK          n/a            1.250         5.000       3.750      SLICE_X46Y72  d_i/dma/U0/I_PRMRY_DATAMOVER/GEN_S2MM_FULL.I_S2MM_FULL_WRAPPER/GEN_ENABLE_INDET_BTT_SF.I_INDET_BTT/I_XD_FIFO/NON_BLK_MEM.I_SYNC_FIFOGEN_FIFO/xpm_fifo_instance.xpm_fifo_sync_inst/xpm_fifo_base_inst/gen_sdpram.xpm_memory_base_inst/gen_wr_a.gen_word_narrow.mem_reg_0_15_6_9/RAMA/CLK
High Pulse Width  Fast    RAMD32/CLK          n/a            1.250         5.000       3.750      SLICE_X46Y72  d_i/dma/U0/I_PRMRY_DATAMOVER/GEN_S2MM_FULL.I_S2MM_FULL_WRAPPER/GEN_ENABLE_INDET_BTT_SF.I_INDET_BTT/I_XD_FIFO/NON_BLK_MEM.I_SYNC_FIFOGEN_FIFO/xpm_fifo_instance.xpm_fifo_sync_inst/xpm_fifo_base_inst/gen_sdpram.xpm_memory_base_inst/gen_wr_a.gen_word_narrow.mem_reg_0_15_6_9/RAMA/CLK
High Pulse Width  Slow    RAMD32/CLK          n/a            1.250         5.000       3.750      SLICE_X46Y72  d_i/dma/U0/I_PRMRY_DATAMOVER/GEN_S2MM_FULL.I_S2MM_FULL_WRAPPER/GEN_ENABLE_INDET_BTT_SF.I_INDET_BTT/I_XD_FIFO/NON_BLK_MEM.I_SYNC_FIFOGEN_FIFO/xpm_fifo_instance.xpm_fifo_sync_inst/xpm_fifo_base_inst/gen_sdpram.xpm_memory_base_inst/gen_wr_a.gen_word_narrow.mem_reg_0_15_6_9/RAMA_D1/CLK
High Pulse Width  Fast    RAMD32/CLK          n/a            1.250         5.000       3.750      SLICE_X46Y72  d_i/dma/U0/I_PRMRY_DATAMOVER/GEN_S2MM_FULL.I_S2MM_FULL_WRAPPER/GEN_ENABLE_INDET_BTT_SF.I_INDET_BTT/I_XD_FIFO/NON_BLK_MEM.I_SYNC_FIFOGEN_FIFO/xpm_fifo_instance.xpm_fifo_sync_inst/xpm_fifo_base_inst/gen_sdpram.xpm_memory_base_inst/gen_wr_a.gen_word_narrow.mem_reg_0_15_6_9/RAMA_D1/CLK
High Pulse Width  Slow    RAMD32/CLK          n/a            1.250         5.000       3.750      SLICE_X46Y72  d_i/dma/U0/I_PRMRY_DATAMOVER/GEN_S2MM_FULL.I_S2MM_FULL_WRAPPER/GEN_ENABLE_INDET_BTT_SF.I_INDET_BTT/I_XD_FIFO/NON_BLK_MEM.I_SYNC_FIFOGEN_FIFO/xpm_fifo_instance.xpm_fifo_sync_inst/xpm_fifo_base_inst/gen_sdpram.xpm_memory_base_inst/gen_wr_a.gen_word_narrow.mem_reg_0_15_6_9/RAMB/CLK
High Pulse Width  Fast    RAMD32/CLK          n/a            1.250         5.000       3.750      SLICE_X46Y72  d_i/dma/U0/I_PRMRY_DATAMOVER/GEN_S2MM_FULL.I_S2MM_FULL_WRAPPER/GEN_ENABLE_INDET_BTT_SF.I_INDET_BTT/I_XD_FIFO/NON_BLK_MEM.I_SYNC_FIFOGEN_FIFO/xpm_fifo_instance.xpm_fifo_sync_inst/xpm_fifo_base_inst/gen_sdpram.xpm_memory_base_inst/gen_wr_a.gen_word_narrow.mem_reg_0_15_6_9/RAMB/CLK
High Pulse Width  Slow    RAMD32/CLK          n/a            1.250         5.000       3.750      SLICE_X46Y72  d_i/dma/U0/I_PRMRY_DATAMOVER/GEN_S2MM_FULL.I_S2MM_FULL_WRAPPER/GEN_ENABLE_INDET_BTT_SF.I_INDET_BTT/I_XD_FIFO/NON_BLK_MEM.I_SYNC_FIFOGEN_FIFO/xpm_fifo_instance.xpm_fifo_sync_inst/xpm_fifo_base_inst/gen_sdpram.xpm_memory_base_inst/gen_wr_a.gen_word_narrow.mem_reg_0_15_6_9/RAMB_D1/CLK
High Pulse Width  Fast    RAMD32/CLK          n/a            1.250         5.000       3.750      SLICE_X46Y72  d_i/dma/U0/I_PRMRY_DATAMOVER/GEN_S2MM_FULL.I_S2MM_FULL_WRAPPER/GEN_ENABLE_INDET_BTT_SF.I_INDET_BTT/I_XD_FIFO/NON_BLK_MEM.I_SYNC_FIFOGEN_FIFO/xpm_fifo_instance.xpm_fifo_sync_inst/xpm_fifo_base_inst/gen_sdpram.xpm_memory_base_inst/gen_wr_a.gen_word_narrow.mem_reg_0_15_6_9/RAMB_D1/CLK
High Pulse Width  Slow    RAMD32/CLK          n/a            1.250         5.000       3.750      SLICE_X46Y72  d_i/dma/U0/I_PRMRY_DATAMOVER/GEN_S2MM_FULL.I_S2MM_FULL_WRAPPER/GEN_ENABLE_INDET_BTT_SF.I_INDET_BTT/I_XD_FIFO/NON_BLK_MEM.I_SYNC_FIFOGEN_FIFO/xpm_fifo_instance.xpm_fifo_sync_inst/xpm_fifo_base_inst/gen_sdpram.xpm_memory_base_inst/gen_wr_a.gen_word_narrow.mem_reg_0_15_6_9/RAMC/CLK
High Pulse Width  Fast    RAMD32/CLK          n/a            1.250         5.000       3.750      SLICE_X46Y72  d_i/dma/U0/I_PRMRY_DATAMOVER/GEN_S2MM_FULL.I_S2MM_FULL_WRAPPER/GEN_ENABLE_INDET_BTT_SF.I_INDET_BTT/I_XD_FIFO/NON_BLK_MEM.I_SYNC_FIFOGEN_FIFO/xpm_fifo_instance.xpm_fifo_sync_inst/xpm_fifo_base_inst/gen_sdpram.xpm_memory_base_inst/gen_wr_a.gen_word_narrow.mem_reg_0_15_6_9/RAMC/CLK
High Pulse Width  Slow    RAMD32/CLK          n/a            1.250         5.000       3.750      SLICE_X46Y72  d_i/dma/U0/I_PRMRY_DATAMOVER/GEN_S2MM_FULL.I_S2MM_FULL_WRAPPER/GEN_ENABLE_INDET_BTT_SF.I_INDET_BTT/I_XD_FIFO/NON_BLK_MEM.I_SYNC_FIFOGEN_FIFO/xpm_fifo_instance.xpm_fifo_sync_inst/xpm_fifo_base_inst/gen_sdpram.xpm_memory_base_inst/gen_wr_a.gen_word_narrow.mem_reg_0_15_6_9/RAMC_D1/CLK
High Pulse Width  Fast    RAMD32/CLK          n/a            1.250         5.000       3.750      SLICE_X46Y72  d_i/dma/U0/I_PRMRY_DATAMOVER/GEN_S2MM_FULL.I_S2MM_FULL_WRAPPER/GEN_ENABLE_INDET_BTT_SF.I_INDET_BTT/I_XD_FIFO/NON_BLK_MEM.I_SYNC_FIFOGEN_FIFO/xpm_fifo_instance.xpm_fifo_sync_inst/xpm_fifo_base_inst/gen_sdpram.xpm_memory_base_inst/gen_wr_a.gen_word_narrow.mem_reg_0_15_6_9/RAMC_D1/CLK
High Pulse Width  Slow    RAMS32/CLK          n/a            1.250         5.000       3.750      SLICE_X46Y72  d_i/dma/U0/I_PRMRY_DATAMOVER/GEN_S2MM_FULL.I_S2MM_FULL_WRAPPER/GEN_ENABLE_INDET_BTT_SF.I_INDET_BTT/I_XD_FIFO/NON_BLK_MEM.I_SYNC_FIFOGEN_FIFO/xpm_fifo_instance.xpm_fifo_sync_inst/xpm_fifo_base_inst/gen_sdpram.xpm_memory_base_inst/gen_wr_a.gen_word_narrow.mem_reg_0_15_6_9/RAMD/CLK
High Pulse Width  Fast    RAMS32/CLK          n/a            1.250         5.000       3.750      SLICE_X46Y72  d_i/dma/U0/I_PRMRY_DATAMOVER/GEN_S2MM_FULL.I_S2MM_FULL_WRAPPER/GEN_ENABLE_INDET_BTT_SF.I_INDET_BTT/I_XD_FIFO/NON_BLK_MEM.I_SYNC_FIFOGEN_FIFO/xpm_fifo_instance.xpm_fifo_sync_inst/xpm_fifo_base_inst/gen_sdpram.xpm_memory_base_inst/gen_wr_a.gen_word_narrow.mem_reg_0_15_6_9/RAMD/CLK
High Pulse Width  Slow    RAMS32/CLK          n/a            1.250         5.000       3.750      SLICE_X46Y72  d_i/dma/U0/I_PRMRY_DATAMOVER/GEN_S2MM_FULL.I_S2MM_FULL_WRAPPER/GEN_ENABLE_INDET_BTT_SF.I_INDET_BTT/I_XD_FIFO/NON_BLK_MEM.I_SYNC_FIFOGEN_FIFO/xpm_fifo_instance.xpm_fifo_sync_inst/xpm_fifo_base_inst/gen_sdpram.xpm_memory_base_inst/gen_wr_a.gen_word_narrow.mem_reg_0_15_6_9/RAMD_D1/CLK
High Pulse Width  Fast    RAMS32/CLK          n/a            1.250         5.000       3.750      SLICE_X46Y72  d_i/dma/U0/I_PRMRY_DATAMOVER/GEN_S2MM_FULL.I_S2MM_FULL_WRAPPER/GEN_ENABLE_INDET_BTT_SF.I_INDET_BTT/I_XD_FIFO/NON_BLK_MEM.I_SYNC_FIFOGEN_FIFO/xpm_fifo_instance.xpm_fifo_sync_inst/xpm_fifo_base_inst/gen_sdpram.xpm_memory_base_inst/gen_wr_a.gen_word_narrow.mem_reg_0_15_6_9/RAMD_D1/CLK
High Pulse Width  Slow    RAMD32/CLK          n/a            1.250         5.000       3.750      SLICE_X14Y47  d_i/mem/inst/m00_nodes/m00_ar_node/inst/inst_mi_handler/gen_normal_area.inst_fifo_node_payld/gen_xpm_memory_fifo.inst_fifo/gen_mem_rep[0].inst_xpm_memory/xpm_memory_base_inst/gen_wr_a.gen_word_narrow.mem_reg_0_31_0_5/RAMA/CLK
High Pulse Width  Fast    RAMD32/CLK          n/a            1.250         5.000       3.750      SLICE_X14Y47  d_i/mem/inst/m00_nodes/m00_ar_node/inst/inst_mi_handler/gen_normal_area.inst_fifo_node_payld/gen_xpm_memory_fifo.inst_fifo/gen_mem_rep[0].inst_xpm_memory/xpm_memory_base_inst/gen_wr_a.gen_word_narrow.mem_reg_0_31_0_5/RAMA/CLK
High Pulse Width  Slow    RAMD32/CLK          n/a            1.250         5.000       3.750      SLICE_X14Y47  d_i/mem/inst/m00_nodes/m00_ar_node/inst/inst_mi_handler/gen_normal_area.inst_fifo_node_payld/gen_xpm_memory_fifo.inst_fifo/gen_mem_rep[0].inst_xpm_memory/xpm_memory_base_inst/gen_wr_a.gen_word_narrow.mem_reg_0_31_0_5/RAMA_D1/CLK
High Pulse Width  Fast    RAMD32/CLK          n/a            1.250         5.000       3.750      SLICE_X14Y47  d_i/mem/inst/m00_nodes/m00_ar_node/inst/inst_mi_handler/gen_normal_area.inst_fifo_node_payld/gen_xpm_memory_fifo.inst_fifo/gen_mem_rep[0].inst_xpm_memory/xpm_memory_base_inst/gen_wr_a.gen_word_narrow.mem_reg_0_31_0_5/RAMA_D1/CLK
High Pulse Width  Slow    RAMD32/CLK          n/a            1.250         5.000       3.750      SLICE_X14Y47  d_i/mem/inst/m00_nodes/m00_ar_node/inst/inst_mi_handler/gen_normal_area.inst_fifo_node_payld/gen_xpm_memory_fifo.inst_fifo/gen_mem_rep[0].inst_xpm_memory/xpm_memory_base_inst/gen_wr_a.gen_word_narrow.mem_reg_0_31_0_5/RAMB/CLK
High Pulse Width  Fast    RAMD32/CLK          n/a            1.250         5.000       3.750      SLICE_X14Y47  d_i/mem/inst/m00_nodes/m00_ar_node/inst/inst_mi_handler/gen_normal_area.inst_fifo_node_payld/gen_xpm_memory_fifo.inst_fifo/gen_mem_rep[0].inst_xpm_memory/xpm_memory_base_inst/gen_wr_a.gen_word_narrow.mem_reg_0_31_0_5/RAMB/CLK
High Pulse Width  Slow    RAMD32/CLK          n/a            1.250         5.000       3.750      SLICE_X14Y47  d_i/mem/inst/m00_nodes/m00_ar_node/inst/inst_mi_handler/gen_normal_area.inst_fifo_node_payld/gen_xpm_memory_fifo.inst_fifo/gen_mem_rep[0].inst_xpm_memory/xpm_memory_base_inst/gen_wr_a.gen_word_narrow.mem_reg_0_31_0_5/RAMB_D1/CLK
High Pulse Width  Fast    RAMD32/CLK          n/a            1.250         5.000       3.750      SLICE_X14Y47  d_i/mem/inst/m00_nodes/m00_ar_node/inst/inst_mi_handler/gen_normal_area.inst_fifo_node_payld/gen_xpm_memory_fifo.inst_fifo/gen_mem_rep[0].inst_xpm_memory/xpm_memory_base_inst/gen_wr_a.gen_word_narrow.mem_reg_0_31_0_5/RAMB_D1/CLK
High Pulse Width  Slow    RAMD32/CLK          n/a            1.250         5.000       3.750      SLICE_X14Y47  d_i/mem/inst/m00_nodes/m00_ar_node/inst/inst_mi_handler/gen_normal_area.inst_fifo_node_payld/gen_xpm_memory_fifo.inst_fifo/gen_mem_rep[0].inst_xpm_memory/xpm_memory_base_inst/gen_wr_a.gen_word_narrow.mem_reg_0_31_0_5/RAMC/CLK
High Pulse Width  Fast    RAMD32/CLK          n/a            1.250         5.000       3.750      SLICE_X14Y47  d_i/mem/inst/m00_nodes/m00_ar_node/inst/inst_mi_handler/gen_normal_area.inst_fifo_node_payld/gen_xpm_memory_fifo.inst_fifo/gen_mem_rep[0].inst_xpm_memory/xpm_memory_base_inst/gen_wr_a.gen_word_narrow.mem_reg_0_31_0_5/RAMC/CLK
High Pulse Width  Slow    RAMD32/CLK          n/a            1.250         5.000       3.750      SLICE_X14Y47  d_i/mem/inst/m00_nodes/m00_ar_node/inst/inst_mi_handler/gen_normal_area.inst_fifo_node_payld/gen_xpm_memory_fifo.inst_fifo/gen_mem_rep[0].inst_xpm_memory/xpm_memory_base_inst/gen_wr_a.gen_word_narrow.mem_reg_0_31_0_5/RAMC_D1/CLK
High Pulse Width  Fast    RAMD32/CLK          n/a            1.250         5.000       3.750      SLICE_X14Y47  d_i/mem/inst/m00_nodes/m00_ar_node/inst/inst_mi_handler/gen_normal_area.inst_fifo_node_payld/gen_xpm_memory_fifo.inst_fifo/gen_mem_rep[0].inst_xpm_memory/xpm_memory_base_inst/gen_wr_a.gen_word_narrow.mem_reg_0_31_0_5/RAMC_D1/CLK
High Pulse Width  Slow    RAMS32/CLK          n/a            1.250         5.000       3.750      SLICE_X14Y47  d_i/mem/inst/m00_nodes/m00_ar_node/inst/inst_mi_handler/gen_normal_area.inst_fifo_node_payld/gen_xpm_memory_fifo.inst_fifo/gen_mem_rep[0].inst_xpm_memory/xpm_memory_base_inst/gen_wr_a.gen_word_narrow.mem_reg_0_31_0_5/RAMD/CLK
High Pulse Width  Fast    RAMS32/CLK          n/a            1.250         5.000       3.750      SLICE_X14Y47  d_i/mem/inst/m00_nodes/m00_ar_node/inst/inst_mi_handler/gen_normal_area.inst_fifo_node_payld/gen_xpm_memory_fifo.inst_fifo/gen_mem_rep[0].inst_xpm_memory/xpm_memory_base_inst/gen_wr_a.gen_word_narrow.mem_reg_0_31_0_5/RAMD/CLK
High Pulse Width  Slow    RAMS32/CLK          n/a            1.250         5.000       3.750      SLICE_X14Y47  d_i/mem/inst/m00_nodes/m00_ar_node/inst/inst_mi_handler/gen_normal_area.inst_fifo_node_payld/gen_xpm_memory_fifo.inst_fifo/gen_mem_rep[0].inst_xpm_memory/xpm_memory_base_inst/gen_wr_a.gen_word_narrow.mem_reg_0_31_0_5/RAMD_D1/CLK
High Pulse Width  Fast    RAMS32/CLK          n/a            1.250         5.000       3.750      SLICE_X14Y47  d_i/mem/inst/m00_nodes/m00_ar_node/inst/inst_mi_handler/gen_normal_area.inst_fifo_node_payld/gen_xpm_memory_fifo.inst_fifo/gen_mem_rep[0].inst_xpm_memory/xpm_memory_base_inst/gen_wr_a.gen_word_narrow.mem_reg_0_31_0_5/RAMD_D1/CLK
High Pulse Width  Slow    RAMD32/CLK          n/a            1.250         5.000       3.750      SLICE_X22Y48  d_i/mem/inst/m00_nodes/m00_ar_node/inst/inst_mi_handler/gen_normal_area.inst_fifo_node_payld/gen_xpm_memory_fifo.inst_fifo/gen_mem_rep[0].inst_xpm_memory/xpm_memory_base_inst/gen_wr_a.gen_word_narrow.mem_reg_0_31_102_107/RAMA/CLK
High Pulse Width  Fast    RAMD32/CLK          n/a            1.250         5.000       3.750      SLICE_X22Y48  d_i/mem/inst/m00_nodes/m00_ar_node/inst/inst_mi_handler/gen_normal_area.inst_fifo_node_payld/gen_xpm_memory_fifo.inst_fifo/gen_mem_rep[0].inst_xpm_memory/xpm_memory_base_inst/gen_wr_a.gen_word_narrow.mem_reg_0_31_102_107/RAMA/CLK



