Copyright 1986-2022 Xilinx, Inc. All Rights Reserved. Copyright 2022-2024 Advanced Micro Devices, Inc. All Rights Reserved.
---------------------------------------------------------------------------------------------------------------------------------------------
| Tool Version : Vivado v.2024.1 (win64) Build 5076996 Wed May 22 18:37:14 MDT 2024
| Date         : Sun Jul 19 01:08:32 2026
| Host         : DESKTOP-63734QH running 64-bit major release  (build 9200)
| Command      : report_timing_summary -file F:/repos/pynq_butterfly/reports/pynq_poly_mul256_dma/pynq_poly_mul256_dma_timing.rpt
| Design       : design_1_wrapper
| Device       : 7z020-clg400
| Speed File   : -1  PRODUCTION 1.12 2019-11-22
| Design State : Routed
---------------------------------------------------------------------------------------------------------------------------------------------

Timing Summary Report

------------------------------------------------------------------------------------------------
| Timer Settings
| --------------
------------------------------------------------------------------------------------------------

  Enable Multi Corner Analysis               :  Yes
  Enable Pessimism Removal                   :  Yes
  Pessimism Removal Resolution               :  Nearest Common Node
  Enable Input Delay Default Clock           :  No
  Enable Preset / Clear Arcs                 :  No
  Disable Flight Delays                      :  No
  Ignore I/O Paths                           :  No
  Timing Early Launch at Borrowing Latches   :  No
  Borrow Time for Max Delay Exceptions       :  Yes
  Merge Timing Exceptions                    :  Yes
  Inter-SLR Compensation                     :  Conservative

  Corner  Analyze    Analyze    
  Name    Max Paths  Min Paths  
  ------  ---------  ---------  
  Slow    Yes        Yes        
  Fast    Yes        Yes        


------------------------------------------------------------------------------------------------
| Report Methodology
| ------------------
------------------------------------------------------------------------------------------------

Rule       Severity          Description                                         Violations  
---------  ----------------  --------------------------------------------------  ----------  
TIMING-4   Critical Warning  Invalid primary clock redefinition on a clock tree  2           
TIMING-6   Critical Warning  No common primary clock between related clocks      4           
TIMING-7   Critical Warning  No common node between related clocks               4           
TIMING-27  Critical Warning  Invalid primary clock on hierarchical pin           2           
LUTAR-1    Warning           LUT drives async reset alert                        3           

Note: This report is based on the most recent report_methodology run and may not be up-to-date. Run report_methodology on the current design for the latest report.



check_timing report

Table of Contents
-----------------
1. checking no_clock (0)
2. checking constant_clock (0)
3. checking pulse_width_clock (0)
4. checking unconstrained_internal_endpoints (0)
5. checking no_input_delay (0)
6. checking no_output_delay (0)
7. checking multiple_clock (0)
8. checking generated_clocks (0)
9. checking loops (0)
10. checking partial_input_delay (0)
11. checking partial_output_delay (0)
12. checking latch_loops (0)

1. checking no_clock (0)
------------------------
 There are 0 register/latch pins with no clock.


2. checking constant_clock (0)
------------------------------
 There are 0 register/latch pins with constant_clock.


3. checking pulse_width_clock (0)
---------------------------------
 There are 0 register/latch pins which need pulse_width check


4. checking unconstrained_internal_endpoints (0)
------------------------------------------------
 There are 0 pins that are not constrained for maximum delay.

 There are 0 pins that are not constrained for maximum delay due to constant clock.


5. checking no_input_delay (0)
------------------------------
 There are 0 input ports with no input delay specified.

 There are 0 input ports with no input delay but user has a false path constraint.


6. checking no_output_delay (0)
-------------------------------
 There are 0 ports with no output delay specified.

 There are 0 ports with no output delay but user has a false path constraint

 There are 0 ports with no output delay but with a timing clock defined on it or propagating through it


7. checking multiple_clock (0)
------------------------------
 There are 0 register/latch pins with multiple clocks.


8. checking generated_clocks (0)
--------------------------------
 There are 0 generated clocks that are not connected to a clock source.


9. checking loops (0)
---------------------
 There are 0 combinational loops in the design.


10. checking partial_input_delay (0)
------------------------------------
 There are 0 input ports with partial input delay specified.


11. checking partial_output_delay (0)
-------------------------------------
 There are 0 ports with partial output delay specified.


12. checking latch_loops (0)
----------------------------
 There are 0 combinational latch loops in the design through latch input



------------------------------------------------------------------------------------------------
| Design Timing Summary
| ---------------------
------------------------------------------------------------------------------------------------

    WNS(ns)      TNS(ns)  TNS Failing Endpoints  TNS Total Endpoints      WHS(ns)      THS(ns)  THS Failing Endpoints  THS Total Endpoints     WPWS(ns)     TPWS(ns)  TPWS Failing Endpoints  TPWS Total Endpoints  
    -------      -------  ---------------------  -------------------      -------      -------  ---------------------  -------------------     --------     --------  ----------------------  --------------------  
      1.395        0.000                      0                30710        0.052        0.000                      0                30710        3.750        0.000                       0                 10603  


All user specified timing constraints are met.


------------------------------------------------------------------------------------------------
| Clock Summary
| -------------
------------------------------------------------------------------------------------------------

Clock       Waveform(ns)       Period(ns)      Frequency(MHz)
-----       ------------       ----------      --------------
S_AXI_ACLK  {0.000 5.000}      10.000          100.000         
aclk        {0.000 5.000}      10.000          100.000         
clk_fpga_0  {0.000 5.000}      10.000          100.000         


------------------------------------------------------------------------------------------------
| Intra Clock Table
| -----------------
------------------------------------------------------------------------------------------------

Clock             WNS(ns)      TNS(ns)  TNS Failing Endpoints  TNS Total Endpoints      WHS(ns)      THS(ns)  THS Failing Endpoints  THS Total Endpoints     WPWS(ns)     TPWS(ns)  TPWS Failing Endpoints  TPWS Total Endpoints  
-----             -------      -------  ---------------------  -------------------      -------      -------  ---------------------  -------------------     --------     --------  ----------------------  --------------------  
S_AXI_ACLK          2.717        0.000                      0                 3802        0.080        0.000                      0                 3802        4.500        0.000                       0                  1388  
aclk                2.461        0.000                      0                 3538        0.130        0.000                      0                 3538        4.500        0.000                       0                  1230  
clk_fpga_0          1.395        0.000                      0                21603        0.052        0.000                      0                21603        3.750        0.000                       0                  7985  


------------------------------------------------------------------------------------------------
| Inter Clock Table
| -----------------
------------------------------------------------------------------------------------------------

From Clock    To Clock          WNS(ns)      TNS(ns)  TNS Failing Endpoints  TNS Total Endpoints      WHS(ns)      THS(ns)  THS Failing Endpoints  THS Total Endpoints  
----------    --------          -------      -------  ---------------------  -------------------      -------      -------  ---------------------  -------------------  
clk_fpga_0    S_AXI_ACLK          1.665        0.000                      0                 1552        0.557        0.000                      0                 1552  
clk_fpga_0    aclk                1.505        0.000                      0                 1377        0.597        0.000                      0                 1377  
S_AXI_ACLK    clk_fpga_0          6.245        0.000                      0                   79        0.065        0.000                      0                   79  
aclk          clk_fpga_0          5.783        0.000                      0                  113        0.053        0.000                      0                  113  


------------------------------------------------------------------------------------------------
| Other Path Groups Table
| -----------------------
------------------------------------------------------------------------------------------------

Path Group         From Clock         To Clock               WNS(ns)      TNS(ns)  TNS Failing Endpoints  TNS Total Endpoints      WHS(ns)      THS(ns)  THS Failing Endpoints  THS Total Endpoints  
----------         ----------         --------               -------      -------  ---------------------  -------------------      -------      -------  ---------------------  -------------------  
**async_default**  clk_fpga_0         clk_fpga_0               6.686        0.000                      0                   96        0.566        0.000                      0                   96  


------------------------------------------------------------------------------------------------
| Timing Details
| --------------
------------------------------------------------------------------------------------------------


---------------------------------------------------------------------------------------------------
From Clock:  S_AXI_ACLK
  To Clock:  S_AXI_ACLK

Setup :            0  Failing Endpoints,  Worst Slack        2.717ns,  Total Violation        0.000ns
Hold  :            0  Failing Endpoints,  Worst Slack        0.080ns,  Total Violation        0.000ns
PW    :            0  Failing Endpoints,  Worst Slack        4.500ns,  Total Violation        0.000ns
---------------------------------------------------------------------------------------------------


Max Delay Paths
--------------------------------------------------------------------------------------
Slack (MET) :             2.717ns  (required time - arrival time)
  Source:                 design_1_i/poly_mul256_0/inst/polynomial_multiplier/forward_engine/preprocess_multiplier/modulus_reg[29]/C
                            (rising edge-triggered cell FDRE clocked by S_AXI_ACLK  {rise@0.000ns fall@5.000ns period=10.000ns})
  Destination:            design_1_i/poly_mul256_0/inst/polynomial_multiplier/forward_engine/preprocess_multiplier/x_reg[17]/D
                            (rising edge-triggered cell FDRE clocked by S_AXI_ACLK  {rise@0.000ns fall@5.000ns period=10.000ns})
  Path Group:             S_AXI_ACLK
  Path Type:              Setup (Max at Slow Process Corner)
  Requirement:            10.000ns  (S_AXI_ACLK rise@10.000ns - S_AXI_ACLK rise@0.000ns)
  Data Path Delay:        7.261ns  (logic 3.170ns (43.658%)  route 4.091ns (56.342%))
  Logic Levels:           9  (CARRY4=6 LUT2=1 LUT3=1 LUT6=1)
  Clock Path Skew:        -0.018ns (DCD - SCD + CPR)
    Destination Clock Delay (DCD):    1.461ns = ( 11.461 - 10.000 ) 
    Source Clock Delay      (SCD):    1.627ns
    Clock Pessimism Removal (CPR):    0.148ns
  Clock Uncertainty:      0.035ns  ((TSJ^2 + TIJ^2)^1/2 + DJ) / 2 + PE
    Total System Jitter     (TSJ):    0.071ns
    Total Input Jitter      (TIJ):    0.000ns
    Discrete Jitter          (DJ):    0.000ns
    Phase Error              (PE):    0.000ns

    Location             Delay type                Incr(ns)  Path(ns)    Netlist Resource(s)
  -------------------------------------------------------------------    -------------------
                         (clock S_AXI_ACLK rise edge)
                                                      0.000     0.000 r  
    BUFGCTRL_X0Y16       BUFG                         0.000     0.000 r  design_1_i/processing_system7_0/inst/buffer_fclk_clk_0.FCLK_CLK_0_BUFG/O
                         net (fo=10604, routed)       1.627     1.627    design_1_i/poly_mul256_0/inst/polynomial_multiplier/forward_engine/preprocess_multiplier/S_AXI_ACLK
    SLICE_X53Y69         FDRE                                         r  design_1_i/poly_mul256_0/inst/polynomial_multiplier/forward_engine/preprocess_multiplier/modulus_reg[29]/C
  -------------------------------------------------------------------    -------------------
    SLICE_X53Y69         FDRE (Prop_fdre_C_Q)         0.456     2.083 r  design_1_i/poly_mul256_0/inst/polynomial_multiplier/forward_engine/preprocess_multiplier/modulus_reg[29]/Q
                         net (fo=68, routed)          1.881     3.964    design_1_i/poly_mul256_0/inst/polynomial_multiplier/forward_engine/preprocess_multiplier/modulus[29]
    SLICE_X55Y66         LUT3 (Prop_lut3_I0_O)        0.124     4.088 r  design_1_i/poly_mul256_0/inst/polynomial_multiplier/forward_engine/preprocess_multiplier/reduced_double_ext1_carry__2_i_7/O
                         net (fo=1, routed)           0.000     4.088    design_1_i/poly_mul256_0/inst/polynomial_multiplier/forward_engine/preprocess_multiplier/reduced_double_ext1_carry__2_i_7_n_0
    SLICE_X55Y66         CARRY4 (Prop_carry4_S[1]_CO[3])
                                                      0.550     4.638 r  design_1_i/poly_mul256_0/inst/polynomial_multiplier/forward_engine/preprocess_multiplier/reduced_double_ext1_carry__2/CO[3]
                         net (fo=1, routed)           0.000     4.638    design_1_i/poly_mul256_0/inst/polynomial_multiplier/forward_engine/preprocess_multiplier/reduced_double_ext1_carry__2_n_0
    SLICE_X55Y67         CARRY4 (Prop_carry4_CI_CO[0])
                                                      0.271     4.909 r  design_1_i/poly_mul256_0/inst/polynomial_multiplier/forward_engine/preprocess_multiplier/reduced_double_ext1_carry__3/CO[0]
                         net (fo=33, routed)          1.415     6.324    design_1_i/poly_mul256_0/inst/polynomial_multiplier/forward_engine/preprocess_multiplier/reduced_double_ext1
    SLICE_X54Y62         LUT2 (Prop_lut2_I1_O)        0.373     6.697 r  design_1_i/poly_mul256_0/inst/polynomial_multiplier/forward_engine/preprocess_multiplier/reduced_double_ext0_carry__0_i_3/O
                         net (fo=1, routed)           0.000     6.697    design_1_i/poly_mul256_0/inst/polynomial_multiplier/forward_engine/preprocess_multiplier/reduced_double_ext0_carry__0_i_3_n_0
    SLICE_X54Y62         CARRY4 (Prop_carry4_S[1]_CO[3])
                                                      0.533     7.230 r  design_1_i/poly_mul256_0/inst/polynomial_multiplier/forward_engine/preprocess_multiplier/reduced_double_ext0_carry__0/CO[3]
                         net (fo=1, routed)           0.000     7.230    design_1_i/poly_mul256_0/inst/polynomial_multiplier/forward_engine/preprocess_multiplier/reduced_double_ext0_carry__0_n_0
    SLICE_X54Y63         CARRY4 (Prop_carry4_CI_CO[3])
                                                      0.117     7.347 r  design_1_i/poly_mul256_0/inst/polynomial_multiplier/forward_engine/preprocess_multiplier/reduced_double_ext0_carry__1/CO[3]
                         net (fo=1, routed)           0.000     7.347    design_1_i/poly_mul256_0/inst/polynomial_multiplier/forward_engine/preprocess_multiplier/reduced_double_ext0_carry__1_n_0
    SLICE_X54Y64         CARRY4 (Prop_carry4_CI_CO[3])
                                                      0.117     7.464 r  design_1_i/poly_mul256_0/inst/polynomial_multiplier/forward_engine/preprocess_multiplier/reduced_double_ext0_carry__2/CO[3]
                         net (fo=1, routed)           0.000     7.464    design_1_i/poly_mul256_0/inst/polynomial_multiplier/forward_engine/preprocess_multiplier/reduced_double_ext0_carry__2_n_0
    SLICE_X54Y65         CARRY4 (Prop_carry4_CI_O[1])
                                                      0.323     7.787 r  design_1_i/poly_mul256_0/inst/polynomial_multiplier/forward_engine/preprocess_multiplier/reduced_double_ext0_carry__3/O[1]
                         net (fo=1, routed)           0.795     8.582    design_1_i/poly_mul256_0/inst/polynomial_multiplier/forward_engine/preprocess_multiplier/reduced_double_ext[17]
    SLICE_X53Y63         LUT6 (Prop_lut6_I0_O)        0.306     8.888 r  design_1_i/poly_mul256_0/inst/polynomial_multiplier/forward_engine/preprocess_multiplier/x[17]_i_1/O
                         net (fo=1, routed)           0.000     8.888    design_1_i/poly_mul256_0/inst/polynomial_multiplier/forward_engine/preprocess_multiplier/p_1_in[17]
    SLICE_X53Y63         FDRE                                         r  design_1_i/poly_mul256_0/inst/polynomial_multiplier/forward_engine/preprocess_multiplier/x_reg[17]/D
  -------------------------------------------------------------------    -------------------

                         (clock S_AXI_ACLK rise edge)
                                                     10.000    10.000 r  
    BUFGCTRL_X0Y16       BUFG                         0.000    10.000 r  design_1_i/processing_system7_0/inst/buffer_fclk_clk_0.FCLK_CLK_0_BUFG/O
                         net (fo=10604, routed)       1.461    11.461    design_1_i/poly_mul256_0/inst/polynomial_multiplier/forward_engine/preprocess_multiplier/S_AXI_ACLK
    SLICE_X53Y63         FDRE                                         r  design_1_i/poly_mul256_0/inst/polynomial_multiplier/forward_engine/preprocess_multiplier/x_reg[17]/C
                         clock pessimism              0.148    11.609    
                         clock uncertainty           -0.035    11.574    
    SLICE_X53Y63         FDRE (Setup_fdre_C_D)        0.031    11.605    design_1_i/poly_mul256_0/inst/polynomial_multiplier/forward_engine/preprocess_multiplier/x_reg[17]
  -------------------------------------------------------------------
                         required time                         11.605    
                         arrival time                          -8.888    
  -------------------------------------------------------------------
                         slack                                  2.717    





Min Delay Paths
--------------------------------------------------------------------------------------
Slack (MET) :             0.080ns  (arrival time - required time)
  Source:                 design_1_i/poly_mul256_0/inst/polynomial_multiplier/FSM_onehot_state_reg[4]/C
                            (rising edge-triggered cell FDRE clocked by S_AXI_ACLK  {rise@0.000ns fall@5.000ns period=10.000ns})
  Destination:            design_1_i/poly_mul256_0/inst/polynomial_multiplier/FSM_onehot_state_reg[5]/D
                            (rising edge-triggered cell FDRE clocked by S_AXI_ACLK  {rise@0.000ns fall@5.000ns period=10.000ns})
  Path Group:             S_AXI_ACLK
  Path Type:              Hold (Min at Fast Process Corner)
  Requirement:            0.000ns  (S_AXI_ACLK rise@0.000ns - S_AXI_ACLK rise@0.000ns)
  Data Path Delay:        0.338ns  (logic 0.148ns (43.756%)  route 0.190ns (56.244%))
  Logic Levels:           0  
  Clock Path Skew:        0.259ns (DCD - SCD - CPR)
    Destination Clock Delay (DCD):    0.820ns
    Source Clock Delay      (SCD):    0.556ns
    Clock Pessimism Removal (CPR):    0.005ns

    Location             Delay type                Incr(ns)  Path(ns)    Netlist Resource(s)
  -------------------------------------------------------------------    -------------------
                         (clock S_AXI_ACLK rise edge)
                                                      0.000     0.000 r  
    BUFGCTRL_X0Y16       BUFG                         0.000     0.000 r  design_1_i/processing_system7_0/inst/buffer_fclk_clk_0.FCLK_CLK_0_BUFG/O
                         net (fo=10604, routed)       0.556     0.556    design_1_i/poly_mul256_0/inst/polynomial_multiplier/S_AXI_ACLK
    SLICE_X46Y56         FDRE                                         r  design_1_i/poly_mul256_0/inst/polynomial_multiplier/FSM_onehot_state_reg[4]/C
  -------------------------------------------------------------------    -------------------
    SLICE_X46Y56         FDRE (Prop_fdre_C_Q)         0.148     0.704 r  design_1_i/poly_mul256_0/inst/polynomial_multiplier/FSM_onehot_state_reg[4]/Q
                         net (fo=2, routed)           0.190     0.894    design_1_i/poly_mul256_0/inst/polynomial_multiplier/FSM_onehot_state_reg_n_0_[4]
    SLICE_X50Y56         FDRE                                         r  design_1_i/poly_mul256_0/inst/polynomial_multiplier/FSM_onehot_state_reg[5]/D
  -------------------------------------------------------------------    -------------------

                         (clock S_AXI_ACLK rise edge)
                                                      0.000     0.000 r  
    BUFGCTRL_X0Y16       BUFG                         0.000     0.000 r  design_1_i/processing_system7_0/inst/buffer_fclk_clk_0.FCLK_CLK_0_BUFG/O
                         net (fo=10604, routed)       0.820     0.820    design_1_i/poly_mul256_0/inst/polynomial_multiplier/S_AXI_ACLK
    SLICE_X50Y56         FDRE                                         r  design_1_i/poly_mul256_0/inst/polynomial_multiplier/FSM_onehot_state_reg[5]/C
                         clock pessimism             -0.005     0.815    
    SLICE_X50Y56         FDRE (Hold_fdre_C_D)        -0.001     0.814    design_1_i/poly_mul256_0/inst/polynomial_multiplier/FSM_onehot_state_reg[5]
  -------------------------------------------------------------------
                         required time                         -0.814    
                         arrival time                           0.894    
  -------------------------------------------------------------------
                         slack                                  0.080    





Pulse Width Checks
--------------------------------------------------------------------------------------
Clock Name:         S_AXI_ACLK
Waveform(ns):       { 0.000 5.000 }
Period(ns):         10.000
Sources:            { design_1_i/poly_mul256_0/inst/S_AXI_ACLK }

Check Type        Corner  Lib Pin             Reference Pin  Required(ns)  Actual(ns)  Slack(ns)  Location      Pin
Min Period        n/a     RAMB36E1/CLKARDCLK  n/a            2.944         10.000      7.056      RAMB36_X3Y13  design_1_i/poly_mul256_0/inst/polynomial_multiplier/forward_engine/cyclic_ntt/coefficient_memory/memory_reg/CLKARDCLK
Low Pulse Width   Slow    FDRE/C              n/a            0.500         5.000       4.500      SLICE_X44Y71  design_1_i/poly_mul256_0/inst/S_AXI_BRESP_reg[1]/C
High Pulse Width  Slow    FDRE/C              n/a            0.500         5.000       4.500      SLICE_X44Y71  design_1_i/poly_mul256_0/inst/S_AXI_BRESP_reg[1]/C



---------------------------------------------------------------------------------------------------
From Clock:  aclk
  To Clock:  aclk

Setup :            0  Failing Endpoints,  Worst Slack        2.461ns,  Total Violation        0.000ns
Hold  :            0  Failing Endpoints,  Worst Slack        0.130ns,  Total Violation        0.000ns
PW    :            0  Failing Endpoints,  Worst Slack        4.500ns,  Total Violation        0.000ns
---------------------------------------------------------------------------------------------------


Max Delay Paths
--------------------------------------------------------------------------------------
Slack (MET) :             2.461ns  (required time - arrival time)
  Source:                 design_1_i/poly_mul256_axis_0/inst/polynomial_multiplier/forward_engine/cyclic_ntt/butterfly/multiplier/modulus_reg[29]/C
                            (rising edge-triggered cell FDRE clocked by aclk  {rise@0.000ns fall@5.000ns period=10.000ns})
  Destination:            design_1_i/poly_mul256_axis_0/inst/polynomial_multiplier/forward_engine/cyclic_ntt/butterfly/multiplier/x_reg[29]/D
                            (rising edge-triggered cell FDRE clocked by aclk  {rise@0.000ns fall@5.000ns period=10.000ns})
  Path Group:             aclk
  Path Type:              Setup (Max at Slow Process Corner)
  Requirement:            10.000ns  (aclk rise@10.000ns - aclk rise@0.000ns)
  Data Path Delay:        7.397ns  (logic 3.451ns (46.653%)  route 3.946ns (53.347%))
  Logic Levels:           14  (CARRY4=12 LUT3=1 LUT6=1)
  Clock Path Skew:        -0.169ns (DCD - SCD + CPR)
    Destination Clock Delay (DCD):    1.465ns = ( 11.465 - 10.000 ) 
    Source Clock Delay      (SCD):    1.648ns
    Clock Pessimism Removal (CPR):    0.014ns
  Clock Uncertainty:      0.035ns  ((TSJ^2 + TIJ^2)^1/2 + DJ) / 2 + PE
    Total System Jitter     (TSJ):    0.071ns
    Total Input Jitter      (TIJ):    0.000ns
    Discrete Jitter          (DJ):    0.000ns
    Phase Error              (PE):    0.000ns

    Location             Delay type                Incr(ns)  Path(ns)    Netlist Resource(s)
  -------------------------------------------------------------------    -------------------
                         (clock aclk rise edge)       0.000     0.000 r  
    BUFGCTRL_X0Y16       BUFG                         0.000     0.000 r  design_1_i/processing_system7_0/inst/buffer_fclk_clk_0.FCLK_CLK_0_BUFG/O
                         net (fo=10604, routed)       1.648     1.648    design_1_i/poly_mul256_axis_0/inst/polynomial_multiplier/forward_engine/cyclic_ntt/butterfly/multiplier/aclk
    SLICE_X47Y25         FDRE                                         r  design_1_i/poly_mul256_axis_0/inst/polynomial_multiplier/forward_engine/cyclic_ntt/butterfly/multiplier/modulus_reg[29]/C
  -------------------------------------------------------------------    -------------------
    SLICE_X47Y25         FDRE (Prop_fdre_C_Q)         0.456     2.104 r  design_1_i/poly_mul256_axis_0/inst/polynomial_multiplier/forward_engine/cyclic_ntt/butterfly/multiplier/modulus_reg[29]/Q
                         net (fo=84, routed)          1.904     4.008    design_1_i/poly_mul256_axis_0/inst/polynomial_multiplier/forward_engine/cyclic_ntt/butterfly/multiplier/modulus[29]
    SLICE_X53Y21         LUT3 (Prop_lut3_I1_O)        0.124     4.132 r  design_1_i/poly_mul256_axis_0/inst/polynomial_multiplier/forward_engine/cyclic_ntt/butterfly/multiplier/reduced_double_ext1_carry__0_i_5__2/O
                         net (fo=1, routed)           0.000     4.132    design_1_i/poly_mul256_axis_0/inst/polynomial_multiplier/forward_engine/cyclic_ntt/butterfly/multiplier/reduced_double_ext1_carry__0_i_5__2_n_0
    SLICE_X53Y21         CARRY4 (Prop_carry4_S[3]_CO[3])
                                                      0.401     4.533 r  design_1_i/poly_mul256_axis_0/inst/polynomial_multiplier/forward_engine/cyclic_ntt/butterfly/multiplier/reduced_double_ext1_carry__0/CO[3]
                         net (fo=1, routed)           0.000     4.533    design_1_i/poly_mul256_axis_0/inst/polynomial_multiplier/forward_engine/cyclic_ntt/butterfly/multiplier/reduced_double_ext1_carry__0_n_0
    SLICE_X53Y22         CARRY4 (Prop_carry4_CI_CO[3])
                                                      0.114     4.647 r  design_1_i/poly_mul256_axis_0/inst/polynomial_multiplier/forward_engine/cyclic_ntt/butterfly/multiplier/reduced_double_ext1_carry__1/CO[3]
                         net (fo=1, routed)           0.000     4.647    design_1_i/poly_mul256_axis_0/inst/polynomial_multiplier/forward_engine/cyclic_ntt/butterfly/multiplier/reduced_double_ext1_carry__1_n_0
    SLICE_X53Y23         CARRY4 (Prop_carry4_CI_CO[3])
                                                      0.114     4.761 r  design_1_i/poly_mul256_axis_0/inst/polynomial_multiplier/forward_engine/cyclic_ntt/butterfly/multiplier/reduced_double_ext1_carry__2/CO[3]
                         net (fo=1, routed)           0.000     4.761    design_1_i/poly_mul256_axis_0/inst/polynomial_multiplier/forward_engine/cyclic_ntt/butterfly/multiplier/reduced_double_ext1_carry__2_n_0
    SLICE_X53Y24         CARRY4 (Prop_carry4_CI_CO[0])
                                                      0.271     5.032 r  design_1_i/poly_mul256_axis_0/inst/polynomial_multiplier/forward_engine/cyclic_ntt/butterfly/multiplier/reduced_double_ext1_carry__3/CO[0]
                         net (fo=49, routed)          0.830     5.862    design_1_i/poly_mul256_axis_0/inst/polynomial_multiplier/forward_engine/cyclic_ntt/butterfly/multiplier/reduced_double_ext1_carry__3_n_3
    SLICE_X47Y25         LUT6 (Prop_lut6_I0_O)        0.373     6.235 r  design_1_i/poly_mul256_axis_0/inst/polynomial_multiplier/forward_engine/cyclic_ntt/butterfly/multiplier/x[31]_i_3__0/O
                         net (fo=16, routed)          1.203     7.438    design_1_i/poly_mul256_axis_0/inst/polynomial_multiplier/forward_engine/cyclic_ntt/butterfly/multiplier/x[31]_i_3__0_n_0
    SLICE_X52Y18         CARRY4 (Prop_carry4_CYINIT_CO[3])
                                                      0.580     8.018 r  design_1_i/poly_mul256_axis_0/inst/polynomial_multiplier/forward_engine/cyclic_ntt/butterfly/multiplier/x_reg[3]_i_1/CO[3]
                         net (fo=1, routed)           0.000     8.018    design_1_i/poly_mul256_axis_0/inst/polynomial_multiplier/forward_engine/cyclic_ntt/butterfly/multiplier/x_reg[3]_i_1_n_0
    SLICE_X52Y19         CARRY4 (Prop_carry4_CI_CO[3])
                                                      0.114     8.132 r  design_1_i/poly_mul256_axis_0/inst/polynomial_multiplier/forward_engine/cyclic_ntt/butterfly/multiplier/x_reg[7]_i_1/CO[3]
                         net (fo=1, routed)           0.000     8.132    design_1_i/poly_mul256_axis_0/inst/polynomial_multiplier/forward_engine/cyclic_ntt/butterfly/multiplier/x_reg[7]_i_1_n_0
    SLICE_X52Y20         CARRY4 (Prop_carry4_CI_CO[3])
                                                      0.114     8.246 r  design_1_i/poly_mul256_axis_0/inst/polynomial_multiplier/forward_engine/cyclic_ntt/butterfly/multiplier/x_reg[11]_i_1/CO[3]
                         net (fo=1, routed)           0.000     8.246    design_1_i/poly_mul256_axis_0/inst/polynomial_multiplier/forward_engine/cyclic_ntt/butterfly/multiplier/x_reg[11]_i_1_n_0
    SLICE_X52Y21         CARRY4 (Prop_carry4_CI_CO[3])
                                                      0.114     8.360 r  design_1_i/poly_mul256_axis_0/inst/polynomial_multiplier/forward_engine/cyclic_ntt/butterfly/multiplier/x_reg[15]_i_1/CO[3]
                         net (fo=1, routed)           0.000     8.360    design_1_i/poly_mul256_axis_0/inst/polynomial_multiplier/forward_engine/cyclic_ntt/butterfly/multiplier/x_reg[15]_i_1_n_0
    SLICE_X52Y22         CARRY4 (Prop_carry4_CI_CO[3])
                                                      0.114     8.474 r  design_1_i/poly_mul256_axis_0/inst/polynomial_multiplier/forward_engine/cyclic_ntt/butterfly/multiplier/x_reg[19]_i_1/CO[3]
                         net (fo=1, routed)           0.000     8.474    design_1_i/poly_mul256_axis_0/inst/polynomial_multiplier/forward_engine/cyclic_ntt/butterfly/multiplier/x_reg[19]_i_1_n_0
    SLICE_X52Y23         CARRY4 (Prop_carry4_CI_CO[3])
                                                      0.114     8.588 r  design_1_i/poly_mul256_axis_0/inst/polynomial_multiplier/forward_engine/cyclic_ntt/butterfly/multiplier/x_reg[23]_i_1/CO[3]
                         net (fo=1, routed)           0.000     8.588    design_1_i/poly_mul256_axis_0/inst/polynomial_multiplier/forward_engine/cyclic_ntt/butterfly/multiplier/x_reg[23]_i_1_n_0
    SLICE_X52Y24         CARRY4 (Prop_carry4_CI_CO[3])
                                                      0.114     8.702 r  design_1_i/poly_mul256_axis_0/inst/polynomial_multiplier/forward_engine/cyclic_ntt/butterfly/multiplier/x_reg[27]_i_1/CO[3]
                         net (fo=1, routed)           0.009     8.711    design_1_i/poly_mul256_axis_0/inst/polynomial_multiplier/forward_engine/cyclic_ntt/butterfly/multiplier/x_reg[27]_i_1_n_0
    SLICE_X52Y25         CARRY4 (Prop_carry4_CI_O[1])
                                                      0.334     9.045 r  design_1_i/poly_mul256_axis_0/inst/polynomial_multiplier/forward_engine/cyclic_ntt/butterfly/multiplier/x_reg[31]_i_2/O[1]
                         net (fo=1, routed)           0.000     9.045    design_1_i/poly_mul256_axis_0/inst/polynomial_multiplier/forward_engine/cyclic_ntt/butterfly/multiplier/x_reg[31]_i_2_n_6
    SLICE_X52Y25         FDRE                                         r  design_1_i/poly_mul256_axis_0/inst/polynomial_multiplier/forward_engine/cyclic_ntt/butterfly/multiplier/x_reg[29]/D
  -------------------------------------------------------------------    -------------------

                         (clock aclk rise edge)      10.000    10.000 r  
    BUFGCTRL_X0Y16       BUFG                         0.000    10.000 r  design_1_i/processing_system7_0/inst/buffer_fclk_clk_0.FCLK_CLK_0_BUFG/O
                         net (fo=10604, routed)       1.465    11.465    design_1_i/poly_mul256_axis_0/inst/polynomial_multiplier/forward_engine/cyclic_ntt/butterfly/multiplier/aclk
    SLICE_X52Y25         FDRE                                         r  design_1_i/poly_mul256_axis_0/inst/polynomial_multiplier/forward_engine/cyclic_ntt/butterfly/multiplier/x_reg[29]/C
                         clock pessimism              0.014    11.479    
                         clock uncertainty           -0.035    11.444    
    SLICE_X52Y25         FDRE (Setup_fdre_C_D)        0.062    11.506    design_1_i/poly_mul256_axis_0/inst/polynomial_multiplier/forward_engine/cyclic_ntt/butterfly/multiplier/x_reg[29]
  -------------------------------------------------------------------
                         required time                         11.506    
                         arrival time                          -9.045    
  -------------------------------------------------------------------
                         slack                                  2.461    





Min Delay Paths
--------------------------------------------------------------------------------------
Slack (MET) :             0.130ns  (arrival time - required time)
  Source:                 design_1_i/poly_mul256_axis_0/inst/polynomial_multiplier/inverse_engine/inverse_cyclic_ntt/current_value_a_reg[11]/C
                            (rising edge-triggered cell FDRE clocked by aclk  {rise@0.000ns fall@5.000ns period=10.000ns})
  Destination:            design_1_i/poly_mul256_axis_0/inst/polynomial_multiplier/inverse_engine/inverse_cyclic_ntt/butterfly/a_hold_reg[11]/D
                            (rising edge-triggered cell FDRE clocked by aclk  {rise@0.000ns fall@5.000ns period=10.000ns})
  Path Group:             aclk
  Path Type:              Hold (Min at Fast Process Corner)
  Requirement:            0.000ns  (aclk rise@0.000ns - aclk rise@0.000ns)
  Data Path Delay:        0.228ns  (logic 0.141ns (61.814%)  route 0.087ns (38.186%))
  Logic Levels:           0  
  Clock Path Skew:        0.013ns (DCD - SCD - CPR)
    Destination Clock Delay (DCD):    0.856ns
    Source Clock Delay      (SCD):    0.589ns
    Clock Pessimism Removal (CPR):    0.254ns

    Location             Delay type                Incr(ns)  Path(ns)    Netlist Resource(s)
  -------------------------------------------------------------------    -------------------
                         (clock aclk rise edge)       0.000     0.000 r  
    BUFGCTRL_X0Y16       BUFG                         0.000     0.000 r  design_1_i/processing_system7_0/inst/buffer_fclk_clk_0.FCLK_CLK_0_BUFG/O
                         net (fo=10604, routed)       0.589     0.589    design_1_i/poly_mul256_axis_0/inst/polynomial_multiplier/inverse_engine/inverse_cyclic_ntt/aclk
    SLICE_X11Y18         FDRE                                         r  design_1_i/poly_mul256_axis_0/inst/polynomial_multiplier/inverse_engine/inverse_cyclic_ntt/current_value_a_reg[11]/C
  -------------------------------------------------------------------    -------------------
    SLICE_X11Y18         FDRE (Prop_fdre_C_Q)         0.141     0.730 r  design_1_i/poly_mul256_axis_0/inst/polynomial_multiplier/inverse_engine/inverse_cyclic_ntt/current_value_a_reg[11]/Q
                         net (fo=1, routed)           0.087     0.817    design_1_i/poly_mul256_axis_0/inst/polynomial_multiplier/inverse_engine/inverse_cyclic_ntt/butterfly/Q[11]
    SLICE_X10Y18         FDRE                                         r  design_1_i/poly_mul256_axis_0/inst/polynomial_multiplier/inverse_engine/inverse_cyclic_ntt/butterfly/a_hold_reg[11]/D
  -------------------------------------------------------------------    -------------------

                         (clock aclk rise edge)       0.000     0.000 r  
    BUFGCTRL_X0Y16       BUFG                         0.000     0.000 r  design_1_i/processing_system7_0/inst/buffer_fclk_clk_0.FCLK_CLK_0_BUFG/O
                         net (fo=10604, routed)       0.856     0.856    design_1_i/poly_mul256_axis_0/inst/polynomial_multiplier/inverse_engine/inverse_cyclic_ntt/butterfly/aclk
    SLICE_X10Y18         FDRE                                         r  design_1_i/poly_mul256_axis_0/inst/polynomial_multiplier/inverse_engine/inverse_cyclic_ntt/butterfly/a_hold_reg[11]/C
                         clock pessimism             -0.254     0.602    
    SLICE_X10Y18         FDRE (Hold_fdre_C_D)         0.085     0.687    design_1_i/poly_mul256_axis_0/inst/polynomial_multiplier/inverse_engine/inverse_cyclic_ntt/butterfly/a_hold_reg[11]
  -------------------------------------------------------------------
                         required time                         -0.687    
                         arrival time                           0.817    
  -------------------------------------------------------------------
                         slack                                  0.130    





Pulse Width Checks
--------------------------------------------------------------------------------------
Clock Name:         aclk
Waveform(ns):       { 0.000 5.000 }
Period(ns):         10.000
Sources:            { design_1_i/poly_mul256_axis_0/inst/aclk }

Check Type        Corner  Lib Pin             Reference Pin  Required(ns)  Actual(ns)  Slack(ns)  Location      Pin
Min Period        n/a     RAMB36E1/CLKARDCLK  n/a            2.944         10.000      7.056      RAMB36_X2Y4   design_1_i/poly_mul256_axis_0/inst/polynomial_multiplier/forward_engine/cyclic_ntt/coefficient_memory/memory_reg/CLKARDCLK
Low Pulse Width   Slow    FDSE/C              n/a            0.500         5.000       4.500      SLICE_X27Y29  design_1_i/poly_mul256_axis_0/inst/FSM_onehot_state_reg[0]/C
High Pulse Width  Slow    FDSE/C              n/a            0.500         5.000       4.500      SLICE_X27Y29  design_1_i/poly_mul256_axis_0/inst/FSM_onehot_state_reg[0]/C



---------------------------------------------------------------------------------------------------
From Clock:  clk_fpga_0
  To Clock:  clk_fpga_0

Setup :            0  Failing Endpoints,  Worst Slack        1.395ns,  Total Violation        0.000ns
Hold  :            0  Failing Endpoints,  Worst Slack        0.052ns,  Total Violation        0.000ns
PW    :            0  Failing Endpoints,  Worst Slack        3.750ns,  Total Violation        0.000ns
---------------------------------------------------------------------------------------------------


Max Delay Paths
--------------------------------------------------------------------------------------
Slack (MET) :             1.395ns  (required time - arrival time)
  Source:                 design_1_i/processing_system7_0/inst/PS7_i/SAXIHP0ACLK
                            (rising edge-triggered cell PS7 clocked by clk_fpga_0  {rise@0.000ns fall@5.000ns period=10.000ns})
  Destination:            design_1_i/axi_dma_mem_interconnect/s01_couplers/auto_us/inst/gen_upsizer.gen_full_upsizer.axi_upsizer_inst/USE_WRITE.gen_non_fifo_w_upsizer.write_data_inst/WORD_LANE[0].USE_ALWAYS_PACKER.BYTE_LANE[1].USE_RTL_DATA.USE_REGISTER.M_AXI_WDATA_I_reg[14]/CE
                            (rising edge-triggered cell FDRE clocked by clk_fpga_0  {rise@0.000ns fall@5.000ns period=10.000ns})
  Path Group:             clk_fpga_0
  Path Type:              Setup (Max at Slow Process Corner)
  Requirement:            10.000ns  (clk_fpga_0 rise@10.000ns - clk_fpga_0 rise@0.000ns)
  Data Path Delay:        8.006ns  (logic 2.427ns (30.313%)  route 5.579ns (69.687%))
  Logic Levels:           6  (LUT3=2 LUT4=2 LUT5=1 LUT6=1)
  Clock Path Skew:        -0.239ns (DCD - SCD + CPR)
    Destination Clock Delay (DCD):    2.760ns = ( 12.760 - 10.000 ) 
    Source Clock Delay      (SCD):    3.114ns
    Clock Pessimism Removal (CPR):    0.115ns
  Clock Uncertainty:      0.154ns  ((TSJ^2 + TIJ^2)^1/2 + DJ) / 2 + PE
    Total System Jitter     (TSJ):    0.071ns
    Total Input Jitter      (TIJ):    0.300ns
    Discrete Jitter          (DJ):    0.000ns
    Phase Error              (PE):    0.000ns

    Location             Delay type                Incr(ns)  Path(ns)    Netlist Resource(s)
  -------------------------------------------------------------------    -------------------
                         (clock clk_fpga_0 rise edge)
                                                      0.000     0.000 r  
    PS7_X0Y0             PS7                          0.000     0.000 r  design_1_i/processing_system7_0/inst/PS7_i/FCLKCLK[0]
                         net (fo=1, routed)           1.193     1.193    design_1_i/processing_system7_0/inst/FCLK_CLK_unbuffered[0]
    BUFGCTRL_X0Y16       BUFG (Prop_bufg_I_O)         0.101     1.294 r  design_1_i/processing_system7_0/inst/buffer_fclk_clk_0.FCLK_CLK_0_BUFG/O
                         net (fo=10604, routed)       1.820     3.114    design_1_i/processing_system7_0/inst/S_AXI_HP0_ACLK
    PS7_X0Y0             PS7                                          r  design_1_i/processing_system7_0/inst/PS7_i/SAXIHP0ACLK
  -------------------------------------------------------------------    -------------------
    PS7_X0Y0             PS7 (Prop_ps7_SAXIHP0ACLK_SAXIHP0WREADY)
                                                      1.277     4.391 r  design_1_i/processing_system7_0/inst/PS7_i/SAXIHP0WREADY
                         net (fo=5, routed)           1.408     5.799    design_1_i/axi_dma_mem_interconnect/m00_couplers/auto_pc/inst/gen_axi4_axi3.axi3_conv_inst/USE_WRITE.write_addr_inst/USE_BURSTS.cmd_queue/inst/m_axi_wready
    SLICE_X19Y43         LUT3 (Prop_lut3_I2_O)        0.119     5.918 r  design_1_i/axi_dma_mem_interconnect/m00_couplers/auto_pc/inst/gen_axi4_axi3.axi3_conv_inst/USE_WRITE.write_addr_inst/USE_BURSTS.cmd_queue/inst/s_axi_wready_INST_0/O
                         net (fo=8, routed)           1.006     6.924    design_1_i/axi_dma_mem_interconnect/xbar/inst/gen_samd.crossbar_samd/gen_master_slots[0].gen_mi_write.wdata_mux_w/gen_wmux.wmux_aw_fifo/m_axi_wready[0]
    SLICE_X27Y39         LUT4 (Prop_lut4_I2_O)        0.332     7.256 r  design_1_i/axi_dma_mem_interconnect/xbar/inst/gen_samd.crossbar_samd/gen_master_slots[0].gen_mi_write.wdata_mux_w/gen_wmux.wmux_aw_fifo/s_axi_wready[1]_INST_0_i_1/O
                         net (fo=2, routed)           0.161     7.417    design_1_i/axi_dma_mem_interconnect/xbar/inst/gen_samd.crossbar_samd/gen_master_slots[1].gen_mi_write.wdata_mux_w/gen_wmux.wmux_aw_fifo/s_axi_wready[1]
    SLICE_X27Y39         LUT6 (Prop_lut6_I0_O)        0.124     7.541 r  design_1_i/axi_dma_mem_interconnect/xbar/inst/gen_samd.crossbar_samd/gen_master_slots[1].gen_mi_write.wdata_mux_w/gen_wmux.wmux_aw_fifo/s_axi_wready[1]_INST_0/O
                         net (fo=22, routed)          0.642     8.183    design_1_i/axi_dma_mem_interconnect/s01_couplers/auto_us/inst/gen_upsizer.gen_full_upsizer.axi_upsizer_inst/USE_WRITE.write_addr_inst/GEN_CMD_QUEUE.cmd_queue/m_axi_wready
    SLICE_X27Y41         LUT4 (Prop_lut4_I2_O)        0.119     8.302 r  design_1_i/axi_dma_mem_interconnect/s01_couplers/auto_us/inst/gen_upsizer.gen_full_upsizer.axi_upsizer_inst/USE_WRITE.write_addr_inst/GEN_CMD_QUEUE.cmd_queue/USE_RTL_CURR_WORD.first_word_q_i_1/O
                         net (fo=8, routed)           0.573     8.874    design_1_i/axi_dma_mem_interconnect/s01_couplers/auto_us/inst/gen_upsizer.gen_full_upsizer.axi_upsizer_inst/USE_WRITE.write_addr_inst/GEN_CMD_QUEUE.cmd_queue/s_axi_wvalid_0[0]
    SLICE_X25Y41         LUT3 (Prop_lut3_I2_O)        0.332     9.206 r  design_1_i/axi_dma_mem_interconnect/s01_couplers/auto_us/inst/gen_upsizer.gen_full_upsizer.axi_upsizer_inst/USE_WRITE.write_addr_inst/GEN_CMD_QUEUE.cmd_queue/WORD_LANE[1].USE_ALWAYS_PACKER.BYTE_LANE[3].USE_RTL_DATA.USE_REGISTER.M_AXI_WDATA_I[63]_i_5/O
                         net (fo=72, routed)          1.053    10.259    design_1_i/axi_dma_mem_interconnect/s01_couplers/auto_us/inst/gen_upsizer.gen_full_upsizer.axi_upsizer_inst/USE_WRITE.gen_non_fifo_w_upsizer.write_data_inst/WORD_LANE[1].USE_ALWAYS_PACKER.BYTE_LANE[3].USE_RTL_DATA.USE_REGISTER.M_AXI_WDATA_I_reg[56]_0
    SLICE_X15Y45         LUT5 (Prop_lut5_I2_O)        0.124    10.383 r  design_1_i/axi_dma_mem_interconnect/s01_couplers/auto_us/inst/gen_upsizer.gen_full_upsizer.axi_upsizer_inst/USE_WRITE.gen_non_fifo_w_upsizer.write_data_inst/WORD_LANE[0].USE_ALWAYS_PACKER.BYTE_LANE[1].USE_RTL_DATA.USE_REGISTER.M_AXI_WDATA_I[15]_i_1/O
                         net (fo=8, routed)           0.738    11.121    design_1_i/axi_dma_mem_interconnect/s01_couplers/auto_us/inst/gen_upsizer.gen_full_upsizer.axi_upsizer_inst/USE_WRITE.gen_non_fifo_w_upsizer.write_data_inst/WORD_LANE[0].USE_ALWAYS_PACKER.BYTE_LANE[1].USE_RTL_DATA.USE_REGISTER.M_AXI_WDATA_I[15]_i_1_n_0
    SLICE_X15Y49         FDRE                                         r  design_1_i/axi_dma_mem_interconnect/s01_couplers/auto_us/inst/gen_upsizer.gen_full_upsizer.axi_upsizer_inst/USE_WRITE.gen_non_fifo_w_upsizer.write_data_inst/WORD_LANE[0].USE_ALWAYS_PACKER.BYTE_LANE[1].USE_RTL_DATA.USE_REGISTER.M_AXI_WDATA_I_reg[14]/CE
  -------------------------------------------------------------------    -------------------

                         (clock clk_fpga_0 rise edge)
                                                     10.000    10.000 r  
    PS7_X0Y0             PS7                          0.000    10.000 r  design_1_i/processing_system7_0/inst/PS7_i/FCLKCLK[0]
                         net (fo=1, routed)           1.088    11.088    design_1_i/processing_system7_0/inst/FCLK_CLK_unbuffered[0]
    BUFGCTRL_X0Y16       BUFG (Prop_bufg_I_O)         0.091    11.179 r  design_1_i/processing_system7_0/inst/buffer_fclk_clk_0.FCLK_CLK_0_BUFG/O
                         net (fo=10604, routed)       1.581    12.760    design_1_i/axi_dma_mem_interconnect/s01_couplers/auto_us/inst/gen_upsizer.gen_full_upsizer.axi_upsizer_inst/USE_WRITE.gen_non_fifo_w_upsizer.write_data_inst/out
    SLICE_X15Y49         FDRE                                         r  design_1_i/axi_dma_mem_interconnect/s01_couplers/auto_us/inst/gen_upsizer.gen_full_upsizer.axi_upsizer_inst/USE_WRITE.gen_non_fifo_w_upsizer.write_data_inst/WORD_LANE[0].USE_ALWAYS_PACKER.BYTE_LANE[1].USE_RTL_DATA.USE_REGISTER.M_AXI_WDATA_I_reg[14]/C
                         clock pessimism              0.115    12.875    
                         clock uncertainty           -0.154    12.721    
    SLICE_X15Y49         FDRE (Setup_fdre_C_CE)      -0.205    12.516    design_1_i/axi_dma_mem_interconnect/s01_couplers/auto_us/inst/gen_upsizer.gen_full_upsizer.axi_upsizer_inst/USE_WRITE.gen_non_fifo_w_upsizer.write_data_inst/WORD_LANE[0].USE_ALWAYS_PACKER.BYTE_LANE[1].USE_RTL_DATA.USE_REGISTER.M_AXI_WDATA_I_reg[14]
  -------------------------------------------------------------------
                         required time                         12.516    
                         arrival time                         -11.121    
  -------------------------------------------------------------------
                         slack                                  1.395    





Min Delay Paths
--------------------------------------------------------------------------------------
Slack (MET) :             0.052ns  (arrival time - required time)
  Source:                 design_1_i/axi_dma_0/U0/I_AXI_DMA_REG_MODULE/GEN_S2MM_REGISTERS.I_S2MM_DMA_REGISTER/dmacr_i_reg[2]/C
                            (rising edge-triggered cell FDRE clocked by clk_fpga_0  {rise@0.000ns fall@5.000ns period=10.000ns})
  Destination:            design_1_i/axi_dma_0/U0/I_AXI_DMA_REG_MODULE/GEN_S2MM_REGISTERS.I_S2MM_DMA_REGISTER/dmacr_i_reg[0]/D
                            (rising edge-triggered cell FDRE clocked by clk_fpga_0  {rise@0.000ns fall@5.000ns period=10.000ns})
  Path Group:             clk_fpga_0
  Path Type:              Hold (Min at Fast Process Corner)
  Requirement:            0.000ns  (clk_fpga_0 rise@0.000ns - clk_fpga_0 rise@0.000ns)
  Data Path Delay:        0.408ns  (logic 0.186ns (45.564%)  route 0.222ns (54.436%))
  Logic Levels:           1  (LUT6=1)
  Clock Path Skew:        0.264ns (DCD - SCD - CPR)
    Destination Clock Delay (DCD):    1.214ns
    Source Clock Delay      (SCD):    0.920ns
    Clock Pessimism Removal (CPR):    0.030ns

    Location             Delay type                Incr(ns)  Path(ns)    Netlist Resource(s)
  -------------------------------------------------------------------    -------------------
                         (clock clk_fpga_0 rise edge)
                                                      0.000     0.000 r  
    PS7_X0Y0             PS7                          0.000     0.000 r  design_1_i/processing_system7_0/inst/PS7_i/FCLKCLK[0]
                         net (fo=1, routed)           0.310     0.310    design_1_i/processing_system7_0/inst/FCLK_CLK_unbuffered[0]
    BUFGCTRL_X0Y16       BUFG (Prop_bufg_I_O)         0.026     0.336 r  design_1_i/processing_system7_0/inst/buffer_fclk_clk_0.FCLK_CLK_0_BUFG/O
                         net (fo=10604, routed)       0.584     0.920    design_1_i/axi_dma_0/U0/I_AXI_DMA_REG_MODULE/GEN_S2MM_REGISTERS.I_S2MM_DMA_REGISTER/s_axi_lite_aclk
    SLICE_X57Y49         FDRE                                         r  design_1_i/axi_dma_0/U0/I_AXI_DMA_REG_MODULE/GEN_S2MM_REGISTERS.I_S2MM_DMA_REGISTER/dmacr_i_reg[2]/C
  -------------------------------------------------------------------    -------------------
    SLICE_X57Y49         FDRE (Prop_fdre_C_Q)         0.141     1.061 f  design_1_i/axi_dma_0/U0/I_AXI_DMA_REG_MODULE/GEN_S2MM_REGISTERS.I_S2MM_DMA_REGISTER/dmacr_i_reg[2]/Q
                         net (fo=11, routed)          0.222     1.283    design_1_i/axi_dma_0/U0/I_AXI_DMA_REG_MODULE/GEN_S2MM_REGISTERS.I_S2MM_DMA_REGISTER/dmacr_i_reg[2]_0
    SLICE_X57Y50         LUT6 (Prop_lut6_I1_O)        0.045     1.328 r  design_1_i/axi_dma_0/U0/I_AXI_DMA_REG_MODULE/GEN_S2MM_REGISTERS.I_S2MM_DMA_REGISTER/dmacr_i[0]_i_1__0/O
                         net (fo=1, routed)           0.000     1.328    design_1_i/axi_dma_0/U0/I_AXI_DMA_REG_MODULE/GEN_S2MM_REGISTERS.I_S2MM_DMA_REGISTER/dmacr_i[0]_i_1__0_n_0
    SLICE_X57Y50         FDRE                                         r  design_1_i/axi_dma_0/U0/I_AXI_DMA_REG_MODULE/GEN_S2MM_REGISTERS.I_S2MM_DMA_REGISTER/dmacr_i_reg[0]/D
  -------------------------------------------------------------------    -------------------

                         (clock clk_fpga_0 rise edge)
                                                      0.000     0.000 r  
    PS7_X0Y0             PS7                          0.000     0.000 r  design_1_i/processing_system7_0/inst/PS7_i/FCLKCLK[0]
                         net (fo=1, routed)           0.337     0.337    design_1_i/processing_system7_0/inst/FCLK_CLK_unbuffered[0]
    BUFGCTRL_X0Y16       BUFG (Prop_bufg_I_O)         0.029     0.366 r  design_1_i/processing_system7_0/inst/buffer_fclk_clk_0.FCLK_CLK_0_BUFG/O
                         net (fo=10604, routed)       0.848     1.214    design_1_i/axi_dma_0/U0/I_AXI_DMA_REG_MODULE/GEN_S2MM_REGISTERS.I_S2MM_DMA_REGISTER/s_axi_lite_aclk
    SLICE_X57Y50         FDRE                                         r  design_1_i/axi_dma_0/U0/I_AXI_DMA_REG_MODULE/GEN_S2MM_REGISTERS.I_S2MM_DMA_REGISTER/dmacr_i_reg[0]/C
                         clock pessimism             -0.030     1.184    
    SLICE_X57Y50         FDRE (Hold_fdre_C_D)         0.092     1.276    design_1_i/axi_dma_0/U0/I_AXI_DMA_REG_MODULE/GEN_S2MM_REGISTERS.I_S2MM_DMA_REGISTER/dmacr_i_reg[0]
  -------------------------------------------------------------------
                         required time                         -1.276    
                         arrival time                           1.328    
  -------------------------------------------------------------------
                         slack                                  0.052    





Pulse Width Checks
--------------------------------------------------------------------------------------
Clock Name:         clk_fpga_0
Waveform(ns):       { 0.000 5.000 }
Period(ns):         10.000
Sources:            { design_1_i/processing_system7_0/inst/PS7_i/FCLKCLK[0] }

Check Type        Corner  Lib Pin             Reference Pin  Required(ns)  Actual(ns)  Slack(ns)  Location      Pin
Min Period        n/a     RAMB36E1/CLKARDCLK  n/a            2.576         10.000      7.424      RAMB36_X1Y7   design_1_i/axi_dma_0/U0/I_PRMRY_DATAMOVER/GEN_MM2S_FULL.I_MM2S_FULL_WRAPPER/GEN_INCLUDE_MM2S_SF.I_RD_SF/I_DATA_FIFO/BLK_MEM.I_SYNC_FIFOGEN_FIFO/xpm_fifo_instance.xpm_fifo_sync_inst/xpm_fifo_base_inst/gen_sdpram.xpm_memory_base_inst/gen_wr_a.gen_word_narrow.mem_reg/CLKARDCLK
Low Pulse Width   Slow    RAMD32/CLK          n/a            1.250         5.000       3.750      SLICE_X42Y35  design_1_i/axi_dma_0/U0/I_PRMRY_DATAMOVER/GEN_S2MM_FULL.I_S2MM_FULL_WRAPPER/GEN_ENABLE_INDET_BTT_SF.I_INDET_BTT/I_XD_FIFO/NON_BLK_MEM.I_SYNC_FIFOGEN_FIFO/xpm_fifo_instance.xpm_fifo_sync_inst/xpm_fifo_base_inst/gen_sdpram.xpm_memory_base_inst/gen_wr_a.gen_word_narrow.mem_reg_0_15_0_5/RAMA/CLK
High Pulse Width  Slow    RAMD32/CLK          n/a            1.250         5.000       3.750      SLICE_X42Y35  design_1_i/axi_dma_0/U0/I_PRMRY_DATAMOVER/GEN_S2MM_FULL.I_S2MM_FULL_WRAPPER/GEN_ENABLE_INDET_BTT_SF.I_INDET_BTT/I_XD_FIFO/NON_BLK_MEM.I_SYNC_FIFOGEN_FIFO/xpm_fifo_instance.xpm_fifo_sync_inst/xpm_fifo_base_inst/gen_sdpram.xpm_memory_base_inst/gen_wr_a.gen_word_narrow.mem_reg_0_15_0_5/RAMA/CLK



---------------------------------------------------------------------------------------------------
From Clock:  clk_fpga_0
  To Clock:  S_AXI_ACLK

Setup :            0  Failing Endpoints,  Worst Slack        1.665ns,  Total Violation        0.000ns
Hold  :            0  Failing Endpoints,  Worst Slack        0.557ns,  Total Violation        0.000ns
---------------------------------------------------------------------------------------------------


Max Delay Paths
--------------------------------------------------------------------------------------
Slack (MET) :             1.665ns  (required time - arrival time)
  Source:                 design_1_i/rst_ps7_0_100M/U0/ACTIVE_LOW_PR_OUT_DFF[0].FDRE_PER_N/C
                            (rising edge-triggered cell FDRE clocked by clk_fpga_0  {rise@0.000ns fall@5.000ns period=10.000ns})
  Destination:            design_1_i/poly_mul256_0/inst/polynomial_multiplier/forward_engine/preprocess_multiplier/y_reg[20]/R
                            (rising edge-triggered cell FDRE clocked by S_AXI_ACLK  {rise@0.000ns fall@5.000ns period=10.000ns})
  Path Group:             S_AXI_ACLK
  Path Type:              Setup (Max at Slow Process Corner)
  Requirement:            10.000ns  (S_AXI_ACLK rise@10.000ns - clk_fpga_0 rise@0.000ns)
  Data Path Delay:        6.131ns  (logic 0.767ns (12.511%)  route 5.364ns (87.489%))
  Logic Levels:           1  (LUT1=1)
  Clock Path Skew:        -1.325ns (DCD - SCD + CPR)
    Destination Clock Delay (DCD):    1.621ns = ( 11.621 - 10.000 ) 
    Source Clock Delay      (SCD):    2.946ns
    Clock Pessimism Removal (CPR):    0.000ns
  Clock Uncertainty:      0.154ns  ((TSJ^2 + TIJ^2)^1/2 + DJ) / 2 + PE
    Total System Jitter     (TSJ):    0.071ns
    Total Input Jitter      (TIJ):    0.300ns
    Discrete Jitter          (DJ):    0.000ns
    Phase Error              (PE):    0.000ns
  Clock Domain Crossing:  Inter clock paths are considered valid unless explicitly excluded by timing constraints such as set_clock_groups or set_false_path.

    Location             Delay type                Incr(ns)  Path(ns)    Netlist Resource(s)
  -------------------------------------------------------------------    -------------------
                         (clock clk_fpga_0 rise edge)
                                                      0.000     0.000 r  
    PS7_X0Y0             PS7                          0.000     0.000 r  design_1_i/processing_system7_0/inst/PS7_i/FCLKCLK[0]
                         net (fo=1, routed)           1.193     1.193    design_1_i/processing_system7_0/inst/FCLK_CLK_unbuffered[0]
    BUFGCTRL_X0Y16       BUFG (Prop_bufg_I_O)         0.101     1.294 r  design_1_i/processing_system7_0/inst/buffer_fclk_clk_0.FCLK_CLK_0_BUFG/O
                         net (fo=10604, routed)       1.652     2.946    design_1_i/rst_ps7_0_100M/U0/slowest_sync_clk
    SLICE_X34Y55         FDRE                                         r  design_1_i/rst_ps7_0_100M/U0/ACTIVE_LOW_PR_OUT_DFF[0].FDRE_PER_N/C
  -------------------------------------------------------------------    -------------------
    SLICE_X34Y55         FDRE (Prop_fdre_C_Q)         0.478     3.424 f  design_1_i/rst_ps7_0_100M/U0/ACTIVE_LOW_PR_OUT_DFF[0].FDRE_PER_N/Q
                         net (fo=1194, routed)        2.089     5.513    design_1_i/poly_mul256_0/inst/polynomial_multiplier/inverse_engine/inverse_cyclic_ntt/butterfly/multiplier/S_AXI_ARESETN
    SLICE_X55Y72         LUT1 (Prop_lut1_I0_O)        0.289     5.802 r  design_1_i/poly_mul256_0/inst/polynomial_multiplier/inverse_engine/inverse_cyclic_ntt/butterfly/multiplier/S_AXI_RVALID_i_1/O
                         net (fo=819, routed)         3.275     9.077    design_1_i/poly_mul256_0/inst/polynomial_multiplier/forward_engine/preprocess_multiplier/y_reg[0]_0
    SLICE_X90Y41         FDRE                                         r  design_1_i/poly_mul256_0/inst/polynomial_multiplier/forward_engine/preprocess_multiplier/y_reg[20]/R
  -------------------------------------------------------------------    -------------------

                         (clock S_AXI_ACLK rise edge)
                                                     10.000    10.000 r  
    BUFGCTRL_X0Y16       BUFG                         0.000    10.000 r  design_1_i/processing_system7_0/inst/buffer_fclk_clk_0.FCLK_CLK_0_BUFG/O
                         net (fo=10604, routed)       1.621    11.621    design_1_i/poly_mul256_0/inst/polynomial_multiplier/forward_engine/preprocess_multiplier/S_AXI_ACLK
    SLICE_X90Y41         FDRE                                         r  design_1_i/poly_mul256_0/inst/polynomial_multiplier/forward_engine/preprocess_multiplier/y_reg[20]/C
                         clock pessimism              0.000    11.621    
                         clock uncertainty           -0.154    11.467    
    SLICE_X90Y41         FDRE (Setup_fdre_C_R)       -0.726    10.741    design_1_i/poly_mul256_0/inst/polynomial_multiplier/forward_engine/preprocess_multiplier/y_reg[20]
  -------------------------------------------------------------------
                         required time                         10.741    
                         arrival time                          -9.077    
  -------------------------------------------------------------------
                         slack                                  1.665    





Min Delay Paths
--------------------------------------------------------------------------------------
Slack (MET) :             0.557ns  (arrival time - required time)
  Source:                 design_1_i/rst_ps7_0_100M/U0/ACTIVE_LOW_PR_OUT_DFF[0].FDRE_PER_N/C
                            (rising edge-triggered cell FDRE clocked by clk_fpga_0  {rise@0.000ns fall@5.000ns period=10.000ns})
  Destination:            design_1_i/poly_mul256_0/inst/polynomial_multiplier/inverse_engine/inverse_cyclic_ntt/twiddle_rom/data_reg/RSTREGARSTREG
                            (rising edge-triggered cell RAMB18E1 clocked by S_AXI_ACLK  {rise@0.000ns fall@5.000ns period=10.000ns})
  Path Group:             S_AXI_ACLK
  Path Type:              Hold (Min at Fast Process Corner)
  Requirement:            0.000ns  (S_AXI_ACLK rise@0.000ns - clk_fpga_0 rise@0.000ns)
  Data Path Delay:        0.418ns  (logic 0.148ns (35.435%)  route 0.270ns (64.565%))
  Logic Levels:           0  
  Clock Path Skew:        -0.261ns (DCD - SCD - CPR)
    Destination Clock Delay (DCD):    0.866ns
    Source Clock Delay      (SCD):    0.894ns
    Clock Pessimism Removal (CPR):    0.234ns
  Clock Uncertainty:      0.154ns  ((TSJ^2 + TIJ^2)^1/2 + DJ) / 2 + PE
    Total System Jitter     (TSJ):    0.071ns
    Total Input Jitter      (TIJ):    0.300ns
    Discrete Jitter          (DJ):    0.000ns
    Phase Error              (PE):    0.000ns
  Clock Domain Crossing:  Inter clock paths are considered valid unless explicitly excluded by timing constraints such as set_clock_groups or set_false_path.

    Location             Delay type                Incr(ns)  Path(ns)    Netlist Resource(s)
  -------------------------------------------------------------------    -------------------
                         (clock clk_fpga_0 rise edge)
                                                      0.000     0.000 r  
    PS7_X0Y0             PS7                          0.000     0.000 r  design_1_i/processing_system7_0/inst/PS7_i/FCLKCLK[0]
                         net (fo=1, routed)           0.310     0.310    design_1_i/processing_system7_0/inst/FCLK_CLK_unbuffered[0]
    BUFGCTRL_X0Y16       BUFG (Prop_bufg_I_O)         0.026     0.336 r  design_1_i/processing_system7_0/inst/buffer_fclk_clk_0.FCLK_CLK_0_BUFG/O
                         net (fo=10604, routed)       0.558     0.894    design_1_i/rst_ps7_0_100M/U0/slowest_sync_clk
    SLICE_X34Y55         FDRE                                         r  design_1_i/rst_ps7_0_100M/U0/ACTIVE_LOW_PR_OUT_DFF[0].FDRE_PER_N/C
  -------------------------------------------------------------------    -------------------
    SLICE_X34Y55         FDRE (Prop_fdre_C_Q)         0.148     1.042 f  design_1_i/rst_ps7_0_100M/U0/ACTIVE_LOW_PR_OUT_DFF[0].FDRE_PER_N/Q
                         net (fo=1194, routed)        0.270     1.311    design_1_i/poly_mul256_0/inst/polynomial_multiplier/inverse_engine/inverse_cyclic_ntt/twiddle_rom/lopt
    RAMB18_X2Y22         RAMB18E1                                     r  design_1_i/poly_mul256_0/inst/polynomial_multiplier/inverse_engine/inverse_cyclic_ntt/twiddle_rom/data_reg/RSTREGARSTREG  (IS_INVERTED)
  -------------------------------------------------------------------    -------------------

                         (clock S_AXI_ACLK rise edge)
                                                      0.000     0.000 r  
    BUFGCTRL_X0Y16       BUFG                         0.000     0.000 r  design_1_i/processing_system7_0/inst/buffer_fclk_clk_0.FCLK_CLK_0_BUFG/O
                         net (fo=10604, routed)       0.866     0.866    design_1_i/poly_mul256_0/inst/polynomial_multiplier/inverse_engine/inverse_cyclic_ntt/twiddle_rom/S_AXI_ACLK
    RAMB18_X2Y22         RAMB18E1                                     r  design_1_i/poly_mul256_0/inst/polynomial_multiplier/inverse_engine/inverse_cyclic_ntt/twiddle_rom/data_reg/CLKARDCLK
                         clock pessimism             -0.234     0.632    
                         clock uncertainty            0.154     0.786    
    RAMB18_X2Y22         RAMB18E1 (Hold_ramb18e1_CLKARDCLK_RSTREGARSTREG)
                                                     -0.032     0.754    design_1_i/poly_mul256_0/inst/polynomial_multiplier/inverse_engine/inverse_cyclic_ntt/twiddle_rom/data_reg
  -------------------------------------------------------------------
                         required time                         -0.754    
                         arrival time                           1.311    
  -------------------------------------------------------------------
                         slack                                  0.557    





---------------------------------------------------------------------------------------------------
From Clock:  clk_fpga_0
  To Clock:  aclk

Setup :            0  Failing Endpoints,  Worst Slack        1.505ns,  Total Violation        0.000ns
Hold  :            0  Failing Endpoints,  Worst Slack        0.597ns,  Total Violation        0.000ns
---------------------------------------------------------------------------------------------------


Max Delay Paths
--------------------------------------------------------------------------------------
Slack (MET) :             1.505ns  (required time - arrival time)
  Source:                 design_1_i/rst_ps7_0_100M/U0/ACTIVE_LOW_PR_OUT_DFF[0].FDRE_PER_N/C
                            (rising edge-triggered cell FDRE clocked by clk_fpga_0  {rise@0.000ns fall@5.000ns period=10.000ns})
  Destination:            design_1_i/poly_mul256_axis_0/inst/polynomial_multiplier/inverse_engine/inverse_cyclic_ntt/butterfly/multiplier/acc_reg[19]/R
                            (rising edge-triggered cell FDRE clocked by aclk  {rise@0.000ns fall@5.000ns period=10.000ns})
  Path Group:             aclk
  Path Type:              Setup (Max at Slow Process Corner)
  Requirement:            10.000ns  (aclk rise@10.000ns - clk_fpga_0 rise@0.000ns)
  Data Path Delay:        6.525ns  (logic 0.773ns (11.846%)  route 5.752ns (88.154%))
  Logic Levels:           1  (LUT6=1)
  Clock Path Skew:        -1.292ns (DCD - SCD + CPR)
    Destination Clock Delay (DCD):    1.654ns = ( 11.654 - 10.000 ) 
    Source Clock Delay      (SCD):    2.946ns
    Clock Pessimism Removal (CPR):    0.000ns
  Clock Uncertainty:      0.154ns  ((TSJ^2 + TIJ^2)^1/2 + DJ) / 2 + PE
    Total System Jitter     (TSJ):    0.071ns
    Total Input Jitter      (TIJ):    0.300ns
    Discrete Jitter          (DJ):    0.000ns
    Phase Error              (PE):    0.000ns
  Clock Domain Crossing:  Inter clock paths are considered valid unless explicitly excluded by timing constraints such as set_clock_groups or set_false_path.

    Location             Delay type                Incr(ns)  Path(ns)    Netlist Resource(s)
  -------------------------------------------------------------------    -------------------
                         (clock clk_fpga_0 rise edge)
                                                      0.000     0.000 r  
    PS7_X0Y0             PS7                          0.000     0.000 r  design_1_i/processing_system7_0/inst/PS7_i/FCLKCLK[0]
                         net (fo=1, routed)           1.193     1.193    design_1_i/processing_system7_0/inst/FCLK_CLK_unbuffered[0]
    BUFGCTRL_X0Y16       BUFG (Prop_bufg_I_O)         0.101     1.294 r  design_1_i/processing_system7_0/inst/buffer_fclk_clk_0.FCLK_CLK_0_BUFG/O
                         net (fo=10604, routed)       1.652     2.946    design_1_i/rst_ps7_0_100M/U0/slowest_sync_clk
    SLICE_X34Y55         FDRE                                         r  design_1_i/rst_ps7_0_100M/U0/ACTIVE_LOW_PR_OUT_DFF[0].FDRE_PER_N/C
  -------------------------------------------------------------------    -------------------
    SLICE_X34Y55         FDRE (Prop_fdre_C_Q)         0.478     3.424 f  design_1_i/rst_ps7_0_100M/U0/ACTIVE_LOW_PR_OUT_DFF[0].FDRE_PER_N/Q
                         net (fo=1194, routed)        4.544     7.968    design_1_i/poly_mul256_axis_0/inst/polynomial_multiplier/inverse_engine/inverse_cyclic_ntt/butterfly/multiplier/aresetn
    SLICE_X8Y13          LUT6 (Prop_lut6_I5_O)        0.295     8.263 r  design_1_i/poly_mul256_axis_0/inst/polynomial_multiplier/inverse_engine/inverse_cyclic_ntt/butterfly/multiplier/acc[31]_i_1__1/O
                         net (fo=70, routed)          1.209     9.471    design_1_i/poly_mul256_axis_0/inst/polynomial_multiplier/inverse_engine/inverse_cyclic_ntt/butterfly/multiplier/acc[31]_i_1__1_n_0
    SLICE_X2Y14          FDRE                                         r  design_1_i/poly_mul256_axis_0/inst/polynomial_multiplier/inverse_engine/inverse_cyclic_ntt/butterfly/multiplier/acc_reg[19]/R
  -------------------------------------------------------------------    -------------------

                         (clock aclk rise edge)      10.000    10.000 r  
    BUFGCTRL_X0Y16       BUFG                         0.000    10.000 r  design_1_i/processing_system7_0/inst/buffer_fclk_clk_0.FCLK_CLK_0_BUFG/O
                         net (fo=10604, routed)       1.654    11.654    design_1_i/poly_mul256_axis_0/inst/polynomial_multiplier/inverse_engine/inverse_cyclic_ntt/butterfly/multiplier/aclk
    SLICE_X2Y14          FDRE                                         r  design_1_i/poly_mul256_axis_0/inst/polynomial_multiplier/inverse_engine/inverse_cyclic_ntt/butterfly/multiplier/acc_reg[19]/C
                         clock pessimism              0.000    11.654    
                         clock uncertainty           -0.154    11.500    
    SLICE_X2Y14          FDRE (Setup_fdre_C_R)       -0.524    10.976    design_1_i/poly_mul256_axis_0/inst/polynomial_multiplier/inverse_engine/inverse_cyclic_ntt/butterfly/multiplier/acc_reg[19]
  -------------------------------------------------------------------
                         required time                         10.976    
                         arrival time                          -9.471    
  -------------------------------------------------------------------
                         slack                                  1.505    





Min Delay Paths
--------------------------------------------------------------------------------------
Slack (MET) :             0.597ns  (arrival time - required time)
  Source:                 design_1_i/axi_dma_0/U0/I_PRMRY_DATAMOVER/GEN_MM2S_FULL.I_MM2S_FULL_WRAPPER/ENABLE_AXIS_SKID.I_MM2S_SKID_BUF/sig_data_reg_out_reg[4]/C
                            (rising edge-triggered cell FDRE clocked by clk_fpga_0  {rise@0.000ns fall@5.000ns period=10.000ns})
  Destination:            design_1_i/poly_mul256_axis_0/inst/polynomial_multiplier/polynomial_a_memory/memory_reg/DIADI[4]
                            (rising edge-triggered cell RAMB18E1 clocked by aclk  {rise@0.000ns fall@5.000ns period=10.000ns})
  Path Group:             aclk
  Path Type:              Hold (Min at Fast Process Corner)
  Requirement:            0.000ns  (aclk rise@0.000ns - clk_fpga_0 rise@0.000ns)
  Data Path Delay:        0.624ns  (logic 0.186ns (29.786%)  route 0.438ns (70.214%))
  Logic Levels:           1  (LUT5=1)
  Clock Path Skew:        -0.281ns (DCD - SCD - CPR)
    Destination Clock Delay (DCD):    0.893ns
    Source Clock Delay      (SCD):    0.923ns
    Clock Pessimism Removal (CPR):    0.252ns
  Clock Uncertainty:      0.154ns  ((TSJ^2 + TIJ^2)^1/2 + DJ) / 2 + PE
    Total System Jitter     (TSJ):    0.071ns
    Total Input Jitter      (TIJ):    0.300ns
    Discrete Jitter          (DJ):    0.000ns
    Phase Error              (PE):    0.000ns
  Clock Domain Crossing:  Inter clock paths are considered valid unless explicitly excluded by timing constraints such as set_clock_groups or set_false_path.

    Location             Delay type                Incr(ns)  Path(ns)    Netlist Resource(s)
  -------------------------------------------------------------------    -------------------
                         (clock clk_fpga_0 rise edge)
                                                      0.000     0.000 r  
    PS7_X0Y0             PS7                          0.000     0.000 r  design_1_i/processing_system7_0/inst/PS7_i/FCLKCLK[0]
                         net (fo=1, routed)           0.310     0.310    design_1_i/processing_system7_0/inst/FCLK_CLK_unbuffered[0]
    BUFGCTRL_X0Y16       BUFG (Prop_bufg_I_O)         0.026     0.336 r  design_1_i/processing_system7_0/inst/buffer_fclk_clk_0.FCLK_CLK_0_BUFG/O
                         net (fo=10604, routed)       0.587     0.923    design_1_i/axi_dma_0/U0/I_PRMRY_DATAMOVER/GEN_MM2S_FULL.I_MM2S_FULL_WRAPPER/ENABLE_AXIS_SKID.I_MM2S_SKID_BUF/m_axi_mm2s_aclk
    SLICE_X23Y30         FDRE                                         r  design_1_i/axi_dma_0/U0/I_PRMRY_DATAMOVER/GEN_MM2S_FULL.I_MM2S_FULL_WRAPPER/ENABLE_AXIS_SKID.I_MM2S_SKID_BUF/sig_data_reg_out_reg[4]/C
  -------------------------------------------------------------------    -------------------
    SLICE_X23Y30         FDRE (Prop_fdre_C_Q)         0.141     1.064 r  design_1_i/axi_dma_0/U0/I_PRMRY_DATAMOVER/GEN_MM2S_FULL.I_MM2S_FULL_WRAPPER/ENABLE_AXIS_SKID.I_MM2S_SKID_BUF/sig_data_reg_out_reg[4]/Q
                         net (fo=2, routed)           0.212     1.276    design_1_i/poly_mul256_axis_0/inst/polynomial_multiplier/polynomial_a_memory/s_axis_tdata[4]
    SLICE_X23Y29         LUT5 (Prop_lut5_I4_O)        0.045     1.321 r  design_1_i/poly_mul256_axis_0/inst/polynomial_multiplier/polynomial_a_memory/memory_reg_i_21__8/O
                         net (fo=1, routed)           0.226     1.547    design_1_i/poly_mul256_axis_0/inst/polynomial_multiplier/polynomial_a_memory/source_a_write_data[4]
    RAMB18_X1Y10         RAMB18E1                                     r  design_1_i/poly_mul256_axis_0/inst/polynomial_multiplier/polynomial_a_memory/memory_reg/DIADI[4]
  -------------------------------------------------------------------    -------------------

                         (clock aclk rise edge)       0.000     0.000 r  
    BUFGCTRL_X0Y16       BUFG                         0.000     0.000 r  design_1_i/processing_system7_0/inst/buffer_fclk_clk_0.FCLK_CLK_0_BUFG/O
                         net (fo=10604, routed)       0.893     0.893    design_1_i/poly_mul256_axis_0/inst/polynomial_multiplier/polynomial_a_memory/aclk
    RAMB18_X1Y10         RAMB18E1                                     r  design_1_i/poly_mul256_axis_0/inst/polynomial_multiplier/polynomial_a_memory/memory_reg/CLKARDCLK
                         clock pessimism             -0.252     0.641    
                         clock uncertainty            0.154     0.795    
    RAMB18_X1Y10         RAMB18E1 (Hold_ramb18e1_CLKARDCLK_DIADI[4])
                                                      0.155     0.950    design_1_i/poly_mul256_axis_0/inst/polynomial_multiplier/polynomial_a_memory/memory_reg
  -------------------------------------------------------------------
                         required time                         -0.950    
                         arrival time                           1.547    
  -------------------------------------------------------------------
                         slack                                  0.597    





---------------------------------------------------------------------------------------------------
From Clock:  S_AXI_ACLK
  To Clock:  clk_fpga_0

Setup :            0  Failing Endpoints,  Worst Slack        6.245ns,  Total Violation        0.000ns
Hold  :            0  Failing Endpoints,  Worst Slack        0.065ns,  Total Violation        0.000ns
---------------------------------------------------------------------------------------------------


Max Delay Paths
--------------------------------------------------------------------------------------
Slack (MET) :             6.245ns  (required time - arrival time)
  Source:                 design_1_i/poly_mul256_0/inst/w_pending_reg/C
                            (rising edge-triggered cell FDRE clocked by S_AXI_ACLK  {rise@0.000ns fall@5.000ns period=10.000ns})
  Destination:            design_1_i/processing_system7_0/inst/PS7_i/MAXIGP0WREADY
                            (rising edge-triggered cell PS7 clocked by clk_fpga_0  {rise@0.000ns fall@5.000ns period=10.000ns})
  Path Group:             clk_fpga_0
  Path Type:              Setup (Max at Slow Process Corner)
  Requirement:            10.000ns  (clk_fpga_0 rise@10.000ns - S_AXI_ACLK rise@0.000ns)
  Data Path Delay:        3.930ns  (logic 0.890ns (22.646%)  route 3.040ns (77.354%))
  Logic Levels:           3  (LUT2=1 LUT5=1 LUT6=1)
  Clock Path Skew:        1.212ns (DCD - SCD + CPR)
    Destination Clock Delay (DCD):    2.742ns = ( 12.742 - 10.000 ) 
    Source Clock Delay      (SCD):    1.644ns
    Clock Pessimism Removal (CPR):    0.114ns
  Clock Uncertainty:      0.154ns  ((TSJ^2 + TIJ^2)^1/2 + DJ) / 2 + PE
    Total System Jitter     (TSJ):    0.071ns
    Total Input Jitter      (TIJ):    0.300ns
    Discrete Jitter          (DJ):    0.000ns
    Phase Error              (PE):    0.000ns
  Clock Domain Crossing:  Inter clock paths are considered valid unless explicitly excluded by timing constraints such as set_clock_groups or set_false_path.

    Location             Delay type                Incr(ns)  Path(ns)    Netlist Resource(s)
  -------------------------------------------------------------------    -------------------
                         (clock S_AXI_ACLK rise edge)
                                                      0.000     0.000 r  
    BUFGCTRL_X0Y16       BUFG                         0.000     0.000 r  design_1_i/processing_system7_0/inst/buffer_fclk_clk_0.FCLK_CLK_0_BUFG/O
                         net (fo=10604, routed)       1.644     1.644    design_1_i/poly_mul256_0/inst/S_AXI_ACLK
    SLICE_X34Y83         FDRE                                         r  design_1_i/poly_mul256_0/inst/w_pending_reg/C
  -------------------------------------------------------------------    -------------------
    SLICE_X34Y83         FDRE (Prop_fdre_C_Q)         0.518     2.162 f  design_1_i/poly_mul256_0/inst/w_pending_reg/Q
                         net (fo=8, routed)           0.702     2.864    design_1_i/poly_mul256_0/inst/w_pending_reg_n_0
    SLICE_X34Y83         LUT2 (Prop_lut2_I0_O)        0.124     2.988 r  design_1_i/poly_mul256_0/inst/S_AXI_WREADY_INST_0/O
                         net (fo=2, routed)           0.955     3.942    design_1_i/ps7_0_axi_periph/xbar/inst/gen_sasd.crossbar_sasd_0/gen_decerr.decerr_slave_inst/m_axi_wready[1]
    SLICE_X32Y85         LUT6 (Prop_lut6_I2_O)        0.124     4.066 r  design_1_i/ps7_0_axi_periph/xbar/inst/gen_sasd.crossbar_sasd_0/gen_decerr.decerr_slave_inst/s_axi_wready[0]_INST_0_i_1/O
                         net (fo=1, routed)           0.530     4.596    design_1_i/ps7_0_axi_periph/xbar/inst/gen_sasd.crossbar_sasd_0/addr_arbiter_inst/f_mux_return__1
    SLICE_X31Y86         LUT5 (Prop_lut5_I4_O)        0.124     4.720 r  design_1_i/ps7_0_axi_periph/xbar/inst/gen_sasd.crossbar_sasd_0/addr_arbiter_inst/s_axi_wready[0]_INST_0/O
                         net (fo=1, routed)           0.854     5.574    design_1_i/processing_system7_0/inst/M_AXI_GP0_WREADY
    PS7_X0Y0             PS7                                          r  design_1_i/processing_system7_0/inst/PS7_i/MAXIGP0WREADY
  -------------------------------------------------------------------    -------------------

                         (clock clk_fpga_0 rise edge)
                                                     10.000    10.000 r  
    PS7_X0Y0             PS7                          0.000    10.000 r  design_1_i/processing_system7_0/inst/PS7_i/FCLKCLK[0]
                         net (fo=1, routed)           1.088    11.088    design_1_i/processing_system7_0/inst/FCLK_CLK_unbuffered[0]
    BUFGCTRL_X0Y16       BUFG (Prop_bufg_I_O)         0.091    11.179 r  design_1_i/processing_system7_0/inst/buffer_fclk_clk_0.FCLK_CLK_0_BUFG/O
                         net (fo=10604, routed)       1.562    12.742    design_1_i/processing_system7_0/inst/M_AXI_GP0_ACLK
    PS7_X0Y0             PS7                                          r  design_1_i/processing_system7_0/inst/PS7_i/MAXIGP0ACLK
                         clock pessimism              0.114    12.856    
                         clock uncertainty           -0.154    12.702    
    PS7_X0Y0             PS7 (Setup_ps7_MAXIGP0ACLK_MAXIGP0WREADY)
                                                     -0.883    11.819    design_1_i/processing_system7_0/inst/PS7_i
  -------------------------------------------------------------------
                         required time                         11.819    
                         arrival time                          -5.574    
  -------------------------------------------------------------------
                         slack                                  6.245    





Min Delay Paths
--------------------------------------------------------------------------------------
Slack (MET) :             0.065ns  (arrival time - required time)
  Source:                 design_1_i/poly_mul256_0/inst/S_AXI_RDATA_reg[30]/C
                            (rising edge-triggered cell FDRE clocked by S_AXI_ACLK  {rise@0.000ns fall@5.000ns period=10.000ns})
  Destination:            design_1_i/ps7_0_axi_periph/xbar/inst/gen_sasd.crossbar_sasd_0/reg_slice_r/skid_buffer_reg[33]/D
                            (rising edge-triggered cell FDRE clocked by clk_fpga_0  {rise@0.000ns fall@5.000ns period=10.000ns})
  Path Group:             clk_fpga_0
  Path Type:              Hold (Min at Slow Process Corner)
  Requirement:            0.000ns  (clk_fpga_0 rise@0.000ns - S_AXI_ACLK rise@0.000ns)
  Data Path Delay:        1.825ns  (logic 0.618ns (33.856%)  route 1.207ns (66.144%))
  Logic Levels:           2  (LUT6=2)
  Clock Path Skew:        1.363ns (DCD - SCD - CPR)
    Destination Clock Delay (DCD):    2.939ns
    Source Clock Delay      (SCD):    1.462ns
    Clock Pessimism Removal (CPR):    0.114ns
  Clock Uncertainty:      0.154ns  ((TSJ^2 + TIJ^2)^1/2 + DJ) / 2 + PE
    Total System Jitter     (TSJ):    0.071ns
    Total Input Jitter      (TIJ):    0.300ns
    Discrete Jitter          (DJ):    0.000ns
    Phase Error              (PE):    0.000ns
  Clock Domain Crossing:  Inter clock paths are considered valid unless explicitly excluded by timing constraints such as set_clock_groups or set_false_path.

    Location             Delay type                Incr(ns)  Path(ns)    Netlist Resource(s)
  -------------------------------------------------------------------    -------------------
                         (clock S_AXI_ACLK rise edge)
                                                      0.000     0.000 r  
    BUFGCTRL_X0Y16       BUFG                         0.000     0.000 r  design_1_i/processing_system7_0/inst/buffer_fclk_clk_0.FCLK_CLK_0_BUFG/O
                         net (fo=10604, routed)       1.462     1.462    design_1_i/poly_mul256_0/inst/S_AXI_ACLK
    SLICE_X32Y74         FDRE                                         r  design_1_i/poly_mul256_0/inst/S_AXI_RDATA_reg[30]/C
  -------------------------------------------------------------------    -------------------
    SLICE_X32Y74         FDRE (Prop_fdre_C_Q)         0.418     1.880 r  design_1_i/poly_mul256_0/inst/S_AXI_RDATA_reg[30]/Q
                         net (fo=1, routed)           0.742     2.622    design_1_i/ps7_0_axi_periph/xbar/inst/gen_sasd.crossbar_sasd_0/reg_slice_r/m_axi_rdata[126]
    SLICE_X36Y84         LUT6 (Prop_lut6_I0_O)        0.100     2.722 r  design_1_i/ps7_0_axi_periph/xbar/inst/gen_sasd.crossbar_sasd_0/reg_slice_r/m_payload_i[33]_i_2/O
                         net (fo=1, routed)           0.136     2.858    design_1_i/ps7_0_axi_periph/xbar/inst/gen_sasd.crossbar_sasd_0/reg_slice_r/m_payload_i[33]_i_2_n_0
    SLICE_X36Y84         LUT6 (Prop_lut6_I0_O)        0.100     2.958 r  design_1_i/ps7_0_axi_periph/xbar/inst/gen_sasd.crossbar_sasd_0/reg_slice_r/m_payload_i[33]_i_1/O
                         net (fo=2, routed)           0.329     3.287    design_1_i/ps7_0_axi_periph/xbar/inst/gen_sasd.crossbar_sasd_0/reg_slice_r/skid_buffer[33]
    SLICE_X36Y84         FDRE                                         r  design_1_i/ps7_0_axi_periph/xbar/inst/gen_sasd.crossbar_sasd_0/reg_slice_r/skid_buffer_reg[33]/D
  -------------------------------------------------------------------    -------------------

                         (clock clk_fpga_0 rise edge)
                                                      0.000     0.000 r  
    PS7_X0Y0             PS7                          0.000     0.000 r  design_1_i/processing_system7_0/inst/PS7_i/FCLKCLK[0]
                         net (fo=1, routed)           1.193     1.193    design_1_i/processing_system7_0/inst/FCLK_CLK_unbuffered[0]
    BUFGCTRL_X0Y16       BUFG (Prop_bufg_I_O)         0.101     1.294 r  design_1_i/processing_system7_0/inst/buffer_fclk_clk_0.FCLK_CLK_0_BUFG/O
                         net (fo=10604, routed)       1.645     2.939    design_1_i/ps7_0_axi_periph/xbar/inst/gen_sasd.crossbar_sasd_0/reg_slice_r/aclk
    SLICE_X36Y84         FDRE                                         r  design_1_i/ps7_0_axi_periph/xbar/inst/gen_sasd.crossbar_sasd_0/reg_slice_r/skid_buffer_reg[33]/C
                         clock pessimism             -0.114     2.825    
                         clock uncertainty            0.154     2.979    
    SLICE_X36Y84         FDRE (Hold_fdre_C_D)         0.243     3.222    design_1_i/ps7_0_axi_periph/xbar/inst/gen_sasd.crossbar_sasd_0/reg_slice_r/skid_buffer_reg[33]
  -------------------------------------------------------------------
                         required time                         -3.222    
                         arrival time                           3.287    
  -------------------------------------------------------------------
                         slack                                  0.065    





---------------------------------------------------------------------------------------------------
From Clock:  aclk
  To Clock:  clk_fpga_0

Setup :            0  Failing Endpoints,  Worst Slack        5.783ns,  Total Violation        0.000ns
Hold  :            0  Failing Endpoints,  Worst Slack        0.053ns,  Total Violation        0.000ns
---------------------------------------------------------------------------------------------------


Max Delay Paths
--------------------------------------------------------------------------------------
Slack (MET) :             5.783ns  (required time - arrival time)
  Source:                 design_1_i/poly_mul256_axis_0/inst/FSM_onehot_state_reg[0]/C
                            (rising edge-triggered cell FDSE clocked by aclk  {rise@0.000ns fall@5.000ns period=10.000ns})
  Destination:            design_1_i/axi_dma_0/U0/I_PRMRY_DATAMOVER/GEN_MM2S_FULL.I_MM2S_FULL_WRAPPER/GEN_INCLUDE_MM2S_SF.I_RD_SF/I_DATA_FIFO/BLK_MEM.I_SYNC_FIFOGEN_FIFO/xpm_fifo_instance.xpm_fifo_sync_inst/xpm_fifo_base_inst/gen_sdpram.xpm_memory_base_inst/gen_wr_a.gen_word_narrow.mem_reg/REGCEAREGCE
                            (rising edge-triggered cell RAMB36E1 clocked by clk_fpga_0  {rise@0.000ns fall@5.000ns period=10.000ns})
  Path Group:             clk_fpga_0
  Path Type:              Setup (Max at Slow Process Corner)
  Requirement:            10.000ns  (clk_fpga_0 rise@10.000ns - aclk rise@0.000ns)
  Data Path Delay:        4.672ns  (logic 0.856ns (18.323%)  route 3.816ns (81.677%))
  Logic Levels:           3  (LUT4=1 LUT5=1 LUT6=1)
  Clock Path Skew:        1.170ns (DCD - SCD + CPR)
    Destination Clock Delay (DCD):    2.792ns = ( 12.792 - 10.000 ) 
    Source Clock Delay      (SCD):    1.736ns
    Clock Pessimism Removal (CPR):    0.115ns
  Clock Uncertainty:      0.154ns  ((TSJ^2 + TIJ^2)^1/2 + DJ) / 2 + PE
    Total System Jitter     (TSJ):    0.071ns
    Total Input Jitter      (TIJ):    0.300ns
    Discrete Jitter          (DJ):    0.000ns
    Phase Error              (PE):    0.000ns
  Clock Domain Crossing:  Inter clock paths are considered valid unless explicitly excluded by timing constraints such as set_clock_groups or set_false_path.

    Location             Delay type                Incr(ns)  Path(ns)    Netlist Resource(s)
  -------------------------------------------------------------------    -------------------
                         (clock aclk rise edge)       0.000     0.000 r  
    BUFGCTRL_X0Y16       BUFG                         0.000     0.000 r  design_1_i/processing_system7_0/inst/buffer_fclk_clk_0.FCLK_CLK_0_BUFG/O
                         net (fo=10604, routed)       1.736     1.736    design_1_i/poly_mul256_axis_0/inst/aclk
    SLICE_X27Y29         FDSE                                         r  design_1_i/poly_mul256_axis_0/inst/FSM_onehot_state_reg[0]/C
  -------------------------------------------------------------------    -------------------
    SLICE_X27Y29         FDSE (Prop_fdse_C_Q)         0.456     2.192 r  design_1_i/poly_mul256_axis_0/inst/FSM_onehot_state_reg[0]/Q
                         net (fo=84, routed)          1.461     3.653    design_1_i/axi_dma_0/U0/I_PRMRY_DATAMOVER/GEN_MM2S_FULL.I_MM2S_FULL_WRAPPER/GEN_INCLUDE_MM2S_SF.I_RD_SF/I_DATA_FIFO/BLK_MEM.I_SYNC_FIFOGEN_FIFO/m_axis_mm2s_tready
    SLICE_X32Y32         LUT6 (Prop_lut6_I3_O)        0.124     3.777 r  design_1_i/axi_dma_0/U0/I_PRMRY_DATAMOVER/GEN_MM2S_FULL.I_MM2S_FULL_WRAPPER/GEN_INCLUDE_MM2S_SF.I_RD_SF/I_DATA_FIFO/BLK_MEM.I_SYNC_FIFOGEN_FIFO/sig_s_ready_dup_i_2/O
                         net (fo=1, routed)           0.636     4.413    design_1_i/axi_dma_0/U0/I_PRMRY_DATAMOVER/GEN_MM2S_FULL.I_MM2S_FULL_WRAPPER/I_RD_DATA_CNTL/sig_s_ready_dup_reg
    SLICE_X32Y31         LUT5 (Prop_lut5_I0_O)        0.124     4.537 r  design_1_i/axi_dma_0/U0/I_PRMRY_DATAMOVER/GEN_MM2S_FULL.I_MM2S_FULL_WRAPPER/I_RD_DATA_CNTL/sig_s_ready_dup_i_1/O
                         net (fo=3, routed)           0.915     5.451    design_1_i/axi_dma_0/U0/I_PRMRY_DATAMOVER/GEN_MM2S_FULL.I_MM2S_FULL_WRAPPER/GEN_INCLUDE_MM2S_SF.I_RD_SF/I_DATA_FIFO/BLK_MEM.I_SYNC_FIFOGEN_FIFO/xpm_fifo_instance.xpm_fifo_sync_inst/xpm_fifo_base_inst/gen_sdpram.xpm_memory_base_inst/pwropt
    SLICE_X31Y31         LUT4 (Prop_lut4_I2_O)        0.152     5.603 r  design_1_i/axi_dma_0/U0/I_PRMRY_DATAMOVER/GEN_MM2S_FULL.I_MM2S_FULL_WRAPPER/GEN_INCLUDE_MM2S_SF.I_RD_SF/I_DATA_FIFO/BLK_MEM.I_SYNC_FIFOGEN_FIFO/xpm_fifo_instance.xpm_fifo_sync_inst/xpm_fifo_base_inst/gen_sdpram.xpm_memory_base_inst/gen_wr_a.gen_word_narrow.mem_reg_REGCEAREGCE_cooolgate_en_gate_85/O
                         net (fo=1, routed)           0.804     6.408    design_1_i/axi_dma_0/U0/I_PRMRY_DATAMOVER/GEN_MM2S_FULL.I_MM2S_FULL_WRAPPER/GEN_INCLUDE_MM2S_SF.I_RD_SF/I_DATA_FIFO/BLK_MEM.I_SYNC_FIFOGEN_FIFO/xpm_fifo_instance.xpm_fifo_sync_inst/xpm_fifo_base_inst/gen_sdpram.xpm_memory_base_inst/gen_wr_a.gen_word_narrow.mem_reg_REGCEAREGCE_cooolgate_en_sig_44
    RAMB36_X1Y7          RAMB36E1                                     r  design_1_i/axi_dma_0/U0/I_PRMRY_DATAMOVER/GEN_MM2S_FULL.I_MM2S_FULL_WRAPPER/GEN_INCLUDE_MM2S_SF.I_RD_SF/I_DATA_FIFO/BLK_MEM.I_SYNC_FIFOGEN_FIFO/xpm_fifo_instance.xpm_fifo_sync_inst/xpm_fifo_base_inst/gen_sdpram.xpm_memory_base_inst/gen_wr_a.gen_word_narrow.mem_reg/REGCEAREGCE
  -------------------------------------------------------------------    -------------------

                         (clock clk_fpga_0 rise edge)
                                                     10.000    10.000 r  
    PS7_X0Y0             PS7                          0.000    10.000 r  design_1_i/processing_system7_0/inst/PS7_i/FCLKCLK[0]
                         net (fo=1, routed)           1.088    11.088    design_1_i/processing_system7_0/inst/FCLK_CLK_unbuffered[0]
    BUFGCTRL_X0Y16       BUFG (Prop_bufg_I_O)         0.091    11.179 r  design_1_i/processing_system7_0/inst/buffer_fclk_clk_0.FCLK_CLK_0_BUFG/O
                         net (fo=10604, routed)       1.613    12.792    design_1_i/axi_dma_0/U0/I_PRMRY_DATAMOVER/GEN_MM2S_FULL.I_MM2S_FULL_WRAPPER/GEN_INCLUDE_MM2S_SF.I_RD_SF/I_DATA_FIFO/BLK_MEM.I_SYNC_FIFOGEN_FIFO/xpm_fifo_instance.xpm_fifo_sync_inst/xpm_fifo_base_inst/gen_sdpram.xpm_memory_base_inst/clka
    RAMB36_X1Y7          RAMB36E1                                     r  design_1_i/axi_dma_0/U0/I_PRMRY_DATAMOVER/GEN_MM2S_FULL.I_MM2S_FULL_WRAPPER/GEN_INCLUDE_MM2S_SF.I_RD_SF/I_DATA_FIFO/BLK_MEM.I_SYNC_FIFOGEN_FIFO/xpm_fifo_instance.xpm_fifo_sync_inst/xpm_fifo_base_inst/gen_sdpram.xpm_memory_base_inst/gen_wr_a.gen_word_narrow.mem_reg/CLKARDCLK
                         clock pessimism              0.115    12.906    
                         clock uncertainty           -0.154    12.752    
    RAMB36_X1Y7          RAMB36E1 (Setup_ramb36e1_CLKARDCLK_REGCEAREGCE)
                                                     -0.562    12.190    design_1_i/axi_dma_0/U0/I_PRMRY_DATAMOVER/GEN_MM2S_FULL.I_MM2S_FULL_WRAPPER/GEN_INCLUDE_MM2S_SF.I_RD_SF/I_DATA_FIFO/BLK_MEM.I_SYNC_FIFOGEN_FIFO/xpm_fifo_instance.xpm_fifo_sync_inst/xpm_fifo_base_inst/gen_sdpram.xpm_memory_base_inst/gen_wr_a.gen_word_narrow.mem_reg
  -------------------------------------------------------------------
                         required time                         12.190    
                         arrival time                          -6.408    
  -------------------------------------------------------------------
                         slack                                  5.783    





Min Delay Paths
--------------------------------------------------------------------------------------
Slack (MET) :             0.053ns  (arrival time - required time)
  Source:                 design_1_i/poly_mul256_axis_0/inst/polynomial_multiplier/inverse_engine/result_memory/memory_reg/CLKBWRCLK
                            (rising edge-triggered cell RAMB18E1 clocked by aclk  {rise@0.000ns fall@5.000ns period=10.000ns})
  Destination:            design_1_i/axi_dma_0/U0/I_PRMRY_DATAMOVER/GEN_S2MM_FULL.I_S2MM_FULL_WRAPPER/ENABLE_AXIS_SKID.I_S2MM_STRM_SKID_BUF/sig_data_skid_reg_reg[31]/D
                            (rising edge-triggered cell FDRE clocked by clk_fpga_0  {rise@0.000ns fall@5.000ns period=10.000ns})
  Path Group:             clk_fpga_0
  Path Type:              Hold (Min at Slow Process Corner)
  Requirement:            0.000ns  (clk_fpga_0 rise@0.000ns - aclk rise@0.000ns)
  Data Path Delay:        1.861ns  (logic 0.468ns (25.141%)  route 1.393ns (74.859%))
  Logic Levels:           0  
  Clock Path Skew:        1.409ns (DCD - SCD - CPR)
    Destination Clock Delay (DCD):    3.123ns
    Source Clock Delay      (SCD):    1.600ns
    Clock Pessimism Removal (CPR):    0.115ns
  Clock Uncertainty:      0.154ns  ((TSJ^2 + TIJ^2)^1/2 + DJ) / 2 + PE
    Total System Jitter     (TSJ):    0.071ns
    Total Input Jitter      (TIJ):    0.300ns
    Discrete Jitter          (DJ):    0.000ns
    Phase Error              (PE):    0.000ns
  Clock Domain Crossing:  Inter clock paths are considered valid unless explicitly excluded by timing constraints such as set_clock_groups or set_false_path.

    Location             Delay type                Incr(ns)  Path(ns)    Netlist Resource(s)
  -------------------------------------------------------------------    -------------------
                         (clock aclk rise edge)       0.000     0.000 r  
    BUFGCTRL_X0Y16       BUFG                         0.000     0.000 r  design_1_i/processing_system7_0/inst/buffer_fclk_clk_0.FCLK_CLK_0_BUFG/O
                         net (fo=10604, routed)       1.600     1.600    design_1_i/poly_mul256_axis_0/inst/polynomial_multiplier/inverse_engine/result_memory/aclk
    RAMB18_X0Y11         RAMB18E1                                     r  design_1_i/poly_mul256_axis_0/inst/polynomial_multiplier/inverse_engine/result_memory/memory_reg/CLKBWRCLK
  -------------------------------------------------------------------    -------------------
    RAMB18_X0Y11         RAMB18E1 (Prop_ramb18e1_CLKBWRCLK_DOBDO[13])
                                                      0.468     2.068 r  design_1_i/poly_mul256_axis_0/inst/polynomial_multiplier/inverse_engine/result_memory/memory_reg/DOBDO[13]
                         net (fo=2, routed)           1.393     3.461    design_1_i/axi_dma_0/U0/I_PRMRY_DATAMOVER/GEN_S2MM_FULL.I_S2MM_FULL_WRAPPER/ENABLE_AXIS_SKID.I_S2MM_STRM_SKID_BUF/s_axis_s2mm_tdata[31]
    SLICE_X4Y33          FDRE                                         r  design_1_i/axi_dma_0/U0/I_PRMRY_DATAMOVER/GEN_S2MM_FULL.I_S2MM_FULL_WRAPPER/ENABLE_AXIS_SKID.I_S2MM_STRM_SKID_BUF/sig_data_skid_reg_reg[31]/D
  -------------------------------------------------------------------    -------------------

                         (clock clk_fpga_0 rise edge)
                                                      0.000     0.000 r  
    PS7_X0Y0             PS7                          0.000     0.000 r  design_1_i/processing_system7_0/inst/PS7_i/FCLKCLK[0]
                         net (fo=1, routed)           1.193     1.193    design_1_i/processing_system7_0/inst/FCLK_CLK_unbuffered[0]
    BUFGCTRL_X0Y16       BUFG (Prop_bufg_I_O)         0.101     1.294 r  design_1_i/processing_system7_0/inst/buffer_fclk_clk_0.FCLK_CLK_0_BUFG/O
                         net (fo=10604, routed)       1.829     3.123    design_1_i/axi_dma_0/U0/I_PRMRY_DATAMOVER/GEN_S2MM_FULL.I_S2MM_FULL_WRAPPER/ENABLE_AXIS_SKID.I_S2MM_STRM_SKID_BUF/m_axi_s2mm_aclk
    SLICE_X4Y33          FDRE                                         r  design_1_i/axi_dma_0/U0/I_PRMRY_DATAMOVER/GEN_S2MM_FULL.I_S2MM_FULL_WRAPPER/ENABLE_AXIS_SKID.I_S2MM_STRM_SKID_BUF/sig_data_skid_reg_reg[31]/C
                         clock pessimism             -0.115     3.008    
                         clock uncertainty            0.154     3.163    
    SLICE_X4Y33          FDRE (Hold_fdre_C_D)         0.246     3.409    design_1_i/axi_dma_0/U0/I_PRMRY_DATAMOVER/GEN_S2MM_FULL.I_S2MM_FULL_WRAPPER/ENABLE_AXIS_SKID.I_S2MM_STRM_SKID_BUF/sig_data_skid_reg_reg[31]
  -------------------------------------------------------------------
                         required time                         -3.409    
                         arrival time                           3.461    
  -------------------------------------------------------------------
                         slack                                  0.053    





---------------------------------------------------------------------------------------------------
Path Group:  **async_default**
From Clock:  clk_fpga_0
  To Clock:  clk_fpga_0

Setup :            0  Failing Endpoints,  Worst Slack        6.686ns,  Total Violation        0.000ns
Hold  :            0  Failing Endpoints,  Worst Slack        0.566ns,  Total Violation        0.000ns
---------------------------------------------------------------------------------------------------


Max Delay Paths
--------------------------------------------------------------------------------------
Slack (MET) :             6.686ns  (required time - arrival time)
  Source:                 design_1_i/axi_dma_mem_interconnect/m00_couplers/auto_pc/inst/gen_axi4_axi3.axi3_conv_inst/USE_WRITE.write_addr_inst/USE_BURSTS.cmd_queue/inst/fifo_gen_inst/inst_fifo_gen/gconvfifo.rf/grf.rf/rstblk/ngwrdrst.grst.g7serrst.gnsckt_wrst.rst_wr_reg2_inst/arststages_ff_reg[1]/C
                            (rising edge-triggered cell FDPE clocked by clk_fpga_0  {rise@0.000ns fall@5.000ns period=10.000ns})
  Destination:            design_1_i/axi_dma_mem_interconnect/m00_couplers/auto_pc/inst/gen_axi4_axi3.axi3_conv_inst/USE_WRITE.write_addr_inst/USE_BURSTS.cmd_queue/inst/fifo_gen_inst/inst_fifo_gen/gconvfifo.rf/grf.rf/gntv_or_sync_fifo.gl0.wr/wpntr/gcc0.gc0.count_reg[0]/PRE
                            (recovery check against rising-edge clock clk_fpga_0  {rise@0.000ns fall@5.000ns period=10.000ns})
  Path Group:             **async_default**
  Path Type:              Recovery (Max at Slow Process Corner)
  Requirement:            10.000ns  (clk_fpga_0 rise@10.000ns - clk_fpga_0 rise@0.000ns)
  Data Path Delay:        2.775ns  (logic 0.715ns (25.763%)  route 2.060ns (74.237%))
  Logic Levels:           1  (LUT3=1)
  Clock Path Skew:        -0.024ns (DCD - SCD + CPR)
    Destination Clock Delay (DCD):    2.760ns = ( 12.760 - 10.000 ) 
    Source Clock Delay      (SCD):    3.051ns
    Clock Pessimism Removal (CPR):    0.267ns
  Clock Uncertainty:      0.154ns  ((TSJ^2 + TIJ^2)^1/2 + DJ) / 2 + PE
    Total System Jitter     (TSJ):    0.071ns
    Total Input Jitter      (TIJ):    0.300ns
    Discrete Jitter          (DJ):    0.000ns
    Phase Error              (PE):    0.000ns

    Location             Delay type                Incr(ns)  Path(ns)    Netlist Resource(s)
  -------------------------------------------------------------------    -------------------
                         (clock clk_fpga_0 rise edge)
                                                      0.000     0.000 r  
    PS7_X0Y0             PS7                          0.000     0.000 r  design_1_i/processing_system7_0/inst/PS7_i/FCLKCLK[0]
                         net (fo=1, routed)           1.193     1.193    design_1_i/processing_system7_0/inst/FCLK_CLK_unbuffered[0]
    BUFGCTRL_X0Y16       BUFG (Prop_bufg_I_O)         0.101     1.294 r  design_1_i/processing_system7_0/inst/buffer_fclk_clk_0.FCLK_CLK_0_BUFG/O
                         net (fo=10604, routed)       1.757     3.051    design_1_i/axi_dma_mem_interconnect/m00_couplers/auto_pc/inst/gen_axi4_axi3.axi3_conv_inst/USE_WRITE.write_addr_inst/USE_BURSTS.cmd_queue/inst/fifo_gen_inst/inst_fifo_gen/gconvfifo.rf/grf.rf/rstblk/ngwrdrst.grst.g7serrst.gnsckt_wrst.rst_wr_reg2_inst/dest_clk
    SLICE_X13Y44         FDPE                                         r  design_1_i/axi_dma_mem_interconnect/m00_couplers/auto_pc/inst/gen_axi4_axi3.axi3_conv_inst/USE_WRITE.write_addr_inst/USE_BURSTS.cmd_queue/inst/fifo_gen_inst/inst_fifo_gen/gconvfifo.rf/grf.rf/rstblk/ngwrdrst.grst.g7serrst.gnsckt_wrst.rst_wr_reg2_inst/arststages_ff_reg[1]/C
  -------------------------------------------------------------------    -------------------
    SLICE_X13Y44         FDPE (Prop_fdpe_C_Q)         0.419     3.470 f  design_1_i/axi_dma_mem_interconnect/m00_couplers/auto_pc/inst/gen_axi4_axi3.axi3_conv_inst/USE_WRITE.write_addr_inst/USE_BURSTS.cmd_queue/inst/fifo_gen_inst/inst_fifo_gen/gconvfifo.rf/grf.rf/rstblk/ngwrdrst.grst.g7serrst.gnsckt_wrst.rst_wr_reg2_inst/arststages_ff_reg[1]/Q
                         net (fo=3, routed)           0.699     4.169    design_1_i/axi_dma_mem_interconnect/m00_couplers/auto_pc/inst/gen_axi4_axi3.axi3_conv_inst/USE_WRITE.write_addr_inst/USE_BURSTS.cmd_queue/inst/fifo_gen_inst/inst_fifo_gen/gconvfifo.rf/grf.rf/rstblk/ngwrdrst.rst_wr_reg2
    SLICE_X13Y44         LUT3 (Prop_lut3_I2_O)        0.296     4.465 f  design_1_i/axi_dma_mem_interconnect/m00_couplers/auto_pc/inst/gen_axi4_axi3.axi3_conv_inst/USE_WRITE.write_addr_inst/USE_BURSTS.cmd_queue/inst/fifo_gen_inst/inst_fifo_gen/gconvfifo.rf/grf.rf/rstblk/gpregsm1.curr_fwft_state[1]_i_2/O
                         net (fo=32, routed)          1.361     5.826    design_1_i/axi_dma_mem_interconnect/m00_couplers/auto_pc/inst/gen_axi4_axi3.axi3_conv_inst/USE_WRITE.write_addr_inst/USE_BURSTS.cmd_queue/inst/fifo_gen_inst/inst_fifo_gen/gconvfifo.rf/grf.rf/gntv_or_sync_fifo.gl0.wr/wpntr/AR[0]
    SLICE_X12Y47         FDPE                                         f  design_1_i/axi_dma_mem_interconnect/m00_couplers/auto_pc/inst/gen_axi4_axi3.axi3_conv_inst/USE_WRITE.write_addr_inst/USE_BURSTS.cmd_queue/inst/fifo_gen_inst/inst_fifo_gen/gconvfifo.rf/grf.rf/gntv_or_sync_fifo.gl0.wr/wpntr/gcc0.gc0.count_reg[0]/PRE
  -------------------------------------------------------------------    -------------------

                         (clock clk_fpga_0 rise edge)
                                                     10.000    10.000 r  
    PS7_X0Y0             PS7                          0.000    10.000 r  design_1_i/processing_system7_0/inst/PS7_i/FCLKCLK[0]
                         net (fo=1, routed)           1.088    11.088    design_1_i/processing_system7_0/inst/FCLK_CLK_unbuffered[0]
    BUFGCTRL_X0Y16       BUFG (Prop_bufg_I_O)         0.091    11.179 r  design_1_i/processing_system7_0/inst/buffer_fclk_clk_0.FCLK_CLK_0_BUFG/O
                         net (fo=10604, routed)       1.581    12.760    design_1_i/axi_dma_mem_interconnect/m00_couplers/auto_pc/inst/gen_axi4_axi3.axi3_conv_inst/USE_WRITE.write_addr_inst/USE_BURSTS.cmd_queue/inst/fifo_gen_inst/inst_fifo_gen/gconvfifo.rf/grf.rf/gntv_or_sync_fifo.gl0.wr/wpntr/clk
    SLICE_X12Y47         FDPE                                         r  design_1_i/axi_dma_mem_interconnect/m00_couplers/auto_pc/inst/gen_axi4_axi3.axi3_conv_inst/USE_WRITE.write_addr_inst/USE_BURSTS.cmd_queue/inst/fifo_gen_inst/inst_fifo_gen/gconvfifo.rf/grf.rf/gntv_or_sync_fifo.gl0.wr/wpntr/gcc0.gc0.count_reg[0]/C
                         clock pessimism              0.267    13.027    
                         clock uncertainty           -0.154    12.873    
    SLICE_X12Y47         FDPE (Recov_fdpe_C_PRE)     -0.361    12.512    design_1_i/axi_dma_mem_interconnect/m00_couplers/auto_pc/inst/gen_axi4_axi3.axi3_conv_inst/USE_WRITE.write_addr_inst/USE_BURSTS.cmd_queue/inst/fifo_gen_inst/inst_fifo_gen/gconvfifo.rf/grf.rf/gntv_or_sync_fifo.gl0.wr/wpntr/gcc0.gc0.count_reg[0]
  -------------------------------------------------------------------
                         required time                         12.512    
                         arrival time                          -5.826    
  -------------------------------------------------------------------
                         slack                                  6.686    





Min Delay Paths
--------------------------------------------------------------------------------------
Slack (MET) :             0.566ns  (arrival time - required time)
  Source:                 design_1_i/axi_dma_mem_interconnect/m00_couplers/auto_pc/inst/gen_axi4_axi3.axi3_conv_inst/USE_READ.USE_SPLIT_R.read_addr_inst/USE_R_CHANNEL.cmd_queue/inst/fifo_gen_inst/inst_fifo_gen/gconvfifo.rf/grf.rf/rstblk/ngwrdrst.grst.g7serrst.gnsckt_wrst.gcc_rst.sckt_wr_rst_cc_reg[1]/C
                            (rising edge-triggered cell FDRE clocked by clk_fpga_0  {rise@0.000ns fall@5.000ns period=10.000ns})
  Destination:            design_1_i/axi_dma_mem_interconnect/m00_couplers/auto_pc/inst/gen_axi4_axi3.axi3_conv_inst/USE_READ.USE_SPLIT_R.read_addr_inst/USE_R_CHANNEL.cmd_queue/inst/fifo_gen_inst/inst_fifo_gen/gconvfifo.rf/grf.rf/gntv_or_sync_fifo.gl0.rd/gr1.gr1_int.rfwft/gpregsm1.curr_fwft_state_reg[0]/CLR
                            (removal check against rising-edge clock clk_fpga_0  {rise@0.000ns fall@5.000ns period=10.000ns})
  Path Group:             **async_default**
  Path Type:              Removal (Min at Fast Process Corner)
  Requirement:            0.000ns  (clk_fpga_0 rise@0.000ns - clk_fpga_0 rise@0.000ns)
  Data Path Delay:        0.515ns  (logic 0.226ns (43.891%)  route 0.289ns (56.109%))
  Logic Levels:           1  (LUT3=1)
  Clock Path Skew:        0.016ns (DCD - SCD - CPR)
    Destination Clock Delay (DCD):    1.231ns
    Source Clock Delay      (SCD):    0.932ns
    Clock Pessimism Removal (CPR):    0.283ns

    Location             Delay type                Incr(ns)  Path(ns)    Netlist Resource(s)
  -------------------------------------------------------------------    -------------------
                         (clock clk_fpga_0 rise edge)
                                                      0.000     0.000 r  
    PS7_X0Y0             PS7                          0.000     0.000 r  design_1_i/processing_system7_0/inst/PS7_i/FCLKCLK[0]
                         net (fo=1, routed)           0.310     0.310    design_1_i/processing_system7_0/inst/FCLK_CLK_unbuffered[0]
    BUFGCTRL_X0Y16       BUFG (Prop_bufg_I_O)         0.026     0.336 r  design_1_i/processing_system7_0/inst/buffer_fclk_clk_0.FCLK_CLK_0_BUFG/O
                         net (fo=10604, routed)       0.596     0.932    design_1_i/axi_dma_mem_interconnect/m00_couplers/auto_pc/inst/gen_axi4_axi3.axi3_conv_inst/USE_READ.USE_SPLIT_R.read_addr_inst/USE_R_CHANNEL.cmd_queue/inst/fifo_gen_inst/inst_fifo_gen/gconvfifo.rf/grf.rf/rstblk/clk
    SLICE_X13Y43         FDRE                                         r  design_1_i/axi_dma_mem_interconnect/m00_couplers/auto_pc/inst/gen_axi4_axi3.axi3_conv_inst/USE_READ.USE_SPLIT_R.read_addr_inst/USE_R_CHANNEL.cmd_queue/inst/fifo_gen_inst/inst_fifo_gen/gconvfifo.rf/grf.rf/rstblk/ngwrdrst.grst.g7serrst.gnsckt_wrst.gcc_rst.sckt_wr_rst_cc_reg[1]/C
  -------------------------------------------------------------------    -------------------
    SLICE_X13Y43         FDRE (Prop_fdre_C_Q)         0.128     1.059 f  design_1_i/axi_dma_mem_interconnect/m00_couplers/auto_pc/inst/gen_axi4_axi3.axi3_conv_inst/USE_READ.USE_SPLIT_R.read_addr_inst/USE_R_CHANNEL.cmd_queue/inst/fifo_gen_inst/inst_fifo_gen/gconvfifo.rf/grf.rf/rstblk/ngwrdrst.grst.g7serrst.gnsckt_wrst.gcc_rst.sckt_wr_rst_cc_reg[1]/Q
                         net (fo=1, routed)           0.086     1.145    design_1_i/axi_dma_mem_interconnect/m00_couplers/auto_pc/inst/gen_axi4_axi3.axi3_conv_inst/USE_READ.USE_SPLIT_R.read_addr_inst/USE_R_CHANNEL.cmd_queue/inst/fifo_gen_inst/inst_fifo_gen/gconvfifo.rf/grf.rf/rstblk/ngwrdrst.grst.g7serrst.gnsckt_wrst.gcc_rst.sckt_wr_rst_cc[1]
    SLICE_X13Y43         LUT3 (Prop_lut3_I0_O)        0.098     1.243 f  design_1_i/axi_dma_mem_interconnect/m00_couplers/auto_pc/inst/gen_axi4_axi3.axi3_conv_inst/USE_READ.USE_SPLIT_R.read_addr_inst/USE_R_CHANNEL.cmd_queue/inst/fifo_gen_inst/inst_fifo_gen/gconvfifo.rf/grf.rf/rstblk/gpregsm1.curr_fwft_state[1]_i_2/O
                         net (fo=33, routed)          0.203     1.446    design_1_i/axi_dma_mem_interconnect/m00_couplers/auto_pc/inst/gen_axi4_axi3.axi3_conv_inst/USE_READ.USE_SPLIT_R.read_addr_inst/USE_R_CHANNEL.cmd_queue/inst/fifo_gen_inst/inst_fifo_gen/gconvfifo.rf/grf.rf/gntv_or_sync_fifo.gl0.rd/gr1.gr1_int.rfwft/gpregsm1.user_valid_reg_0
    SLICE_X14Y43         FDCE                                         f  design_1_i/axi_dma_mem_interconnect/m00_couplers/auto_pc/inst/gen_axi4_axi3.axi3_conv_inst/USE_READ.USE_SPLIT_R.read_addr_inst/USE_R_CHANNEL.cmd_queue/inst/fifo_gen_inst/inst_fifo_gen/gconvfifo.rf/grf.rf/gntv_or_sync_fifo.gl0.rd/gr1.gr1_int.rfwft/gpregsm1.curr_fwft_state_reg[0]/CLR
  -------------------------------------------------------------------    -------------------

                         (clock clk_fpga_0 rise edge)
                                                      0.000     0.000 r  
    PS7_X0Y0             PS7                          0.000     0.000 r  design_1_i/processing_system7_0/inst/PS7_i/FCLKCLK[0]
                         net (fo=1, routed)           0.337     0.337    design_1_i/processing_system7_0/inst/FCLK_CLK_unbuffered[0]
    BUFGCTRL_X0Y16       BUFG (Prop_bufg_I_O)         0.029     0.366 r  design_1_i/processing_system7_0/inst/buffer_fclk_clk_0.FCLK_CLK_0_BUFG/O
                         net (fo=10604, routed)       0.865     1.231    design_1_i/axi_dma_mem_interconnect/m00_couplers/auto_pc/inst/gen_axi4_axi3.axi3_conv_inst/USE_READ.USE_SPLIT_R.read_addr_inst/USE_R_CHANNEL.cmd_queue/inst/fifo_gen_inst/inst_fifo_gen/gconvfifo.rf/grf.rf/gntv_or_sync_fifo.gl0.rd/gr1.gr1_int.rfwft/clk
    SLICE_X14Y43         FDCE                                         r  design_1_i/axi_dma_mem_interconnect/m00_couplers/auto_pc/inst/gen_axi4_axi3.axi3_conv_inst/USE_READ.USE_SPLIT_R.read_addr_inst/USE_R_CHANNEL.cmd_queue/inst/fifo_gen_inst/inst_fifo_gen/gconvfifo.rf/grf.rf/gntv_or_sync_fifo.gl0.rd/gr1.gr1_int.rfwft/gpregsm1.curr_fwft_state_reg[0]/C
                         clock pessimism             -0.283     0.947    
    SLICE_X14Y43         FDCE (Remov_fdce_C_CLR)     -0.067     0.880    design_1_i/axi_dma_mem_interconnect/m00_couplers/auto_pc/inst/gen_axi4_axi3.axi3_conv_inst/USE_READ.USE_SPLIT_R.read_addr_inst/USE_R_CHANNEL.cmd_queue/inst/fifo_gen_inst/inst_fifo_gen/gconvfifo.rf/grf.rf/gntv_or_sync_fifo.gl0.rd/gr1.gr1_int.rfwft/gpregsm1.curr_fwft_state_reg[0]
  -------------------------------------------------------------------
                         required time                         -0.881    
                         arrival time                           1.446    
  -------------------------------------------------------------------
                         slack                                  0.566    





